time(UTC),T2m,RH,G(h),Gb(n),Gd(h),IR(h),WS10m,WD10m,SP
1990-01-01 00:00:00+00:00,5.43,30.02,0.0,0.0,0.0,212.38,0.81,319.0,87660.0
1990-01-01 01:00:00+00:00,4.49,32.01,0.0,0.0,0.0,213.28,0.79,311.0,87620.0
1990-01-01 02:00:00+00:00,3.54,34.01,0.0,0.0,0.0,214.17,0.76,305.0,87560.0
1990-01-01 03:00:00+00:00,2.6,36.0,0.0,0.0,0.0,215.06,0.73,303.0,87550.0
1990-01-01 04:00:00+00:00,1.65,38.0,0.0,0.0,0.0,215.96,0.71,302.0,87500.0
1990-01-01 05:00:00+00:00,0.71,40.0,0.0,0.0,0.0,216.85,0.68,302.0,87520.0
1990-01-01 06:00:00+00:00,-0.24,41.99,0.0,0.0,0.0,217.75,0.65,298.0,87520.0
1990-01-01 07:00:00+00:00,-1.18,43.99,0.0,0.0,0.0,218.64,0.63,294.0,87570.0
1990-01-01 08:00:00+00:00,0.46,33.3,106.0,589.31,31.0,215.95,0.55,298.0,87580.0
1990-01-01 09:00:00+00:00,3.92,25.4,300.0,788.24,62.0,217.3,0.21,290.0,87630.0
1990-01-01 10:00:00+00:00,7.92,20.6,465.0,861.33,84.0,220.05,0.41,159.0,87660.0
1990-01-01 11:00:00+00:00,10.96,17.2,583.0,903.69,96.0,225.85,0.62,172.0,87650.0
1990-01-01 12:00:00+00:00,12.81,14.9,650.0,972.57,81.0,229.7,0.9,194.0,87580.0
1990-01-01 13:00:00+00:00,14.36,12.85,633.0,934.86,93.0,232.8,1.52,194.0,87480.0
1990-01-01 14:00:00+00:00,15.47,11.0,554.0,891.42,93.0,234.75,2.14,193.0,87400.0
1990-01-01 15:00:00+00:00,16.06,9.45,423.0,853.48,75.0,235.7,2.28,196.0,87350.0
1990-01-01 16:00:00+00:00,16.14,9.05,245.0,755.3,51.0,236.85,2.21,198.0,87340.0
1990-01-01 17:00:00+00:00,15.52,9.65,50.0,428.01,18.0,236.1,2.07,191.0,87360.0
1990-01-01 18:00:00+00:00,13.65,11.7,0.0,0.0,0.0,233.6,1.52,196.0,87400.0
1990-01-01 19:00:00+00:00,12.96,13.1,0.0,0.0,0.0,231.25,0.76,217.0,87450.0
1990-01-01 20:00:00+00:00,11.58,16.0,0.0,0.0,0.0,229.9,0.48,277.0,87480.0
1990-01-01 21:00:00+00:00,9.87,21.85,0.0,0.0,0.0,228.55,0.69,301.0,87540.0
1990-01-01 22:00:00+00:00,8.03,26.65,0.0,0.0,0.0,227.6,0.76,308.0,87550.0
1990-01-01 23:00:00+00:00,6.18,33.5,0.0,0.0,0.0,228.75,0.9,311.0,87580.0
1990-01-02 00:00:00+00:00,4.35,42.15,0.0,0.0,0.0,226.4,0.97,309.0,87580.0
1990-01-02 01:00:00+00:00,3.74,43.75,0.0,0.0,0.0,226.9,0.76,303.0,87580.0
1990-01-02 02:00:00+00:00,3.12,43.6,0.0,0.0,0.0,233.2,0.69,307.0,87540.0
1990-01-02 03:00:00+00:00,2.68,43.45,0.0,0.0,0.0,236.1,0.76,300.0,87520.0
1990-01-02 04:00:00+00:00,2.32,43.3,0.0,0.0,0.0,239.75,0.83,298.0,87500.0
1990-01-02 05:00:00+00:00,1.92,39.9,0.0,0.0,0.0,235.3,0.76,299.0,87500.0
1990-01-02 06:00:00+00:00,1.61,38.1,0.0,0.0,0.0,235.7,0.55,302.0,87500.0
1990-01-02 07:00:00+00:00,0.95,41.3,0.0,0.0,0.0,230.65,0.69,299.0,87570.0
1990-01-02 08:00:00+00:00,0.75,41.15,103.0,575.78,30.0,232.05,0.83,298.0,87610.0
1990-01-02 09:00:00+00:00,4.9,29.15,290.0,742.27,66.0,235.9,0.48,301.0,87660.0
1990-01-02 10:00:00+00:00,9.02,28.05,453.0,831.52,85.0,241.5,0.07,228.0,87690.0
1990-01-02 11:00:00+00:00,12.35,16.8,579.0,924.86,80.0,249.25,0.41,169.0,87670.0
1990-01-02 12:00:00+00:00,14.54,14.6,636.0,943.52,83.0,255.05,0.69,193.0,87590.0
1990-01-02 13:00:00+00:00,16.28,11.7,624.0,923.87,89.0,260.3,1.03,193.0,87520.0
1990-01-02 14:00:00+00:00,17.55,10.45,546.0,880.61,89.0,263.6,1.59,193.0,87430.0
1990-01-02 15:00:00+00:00,18.33,9.8,414.0,824.76,76.0,266.5,1.93,195.0,87410.0
1990-01-02 16:00:00+00:00,18.52,10.2,242.0,737.16,51.0,265.1,2.21,194.0,87450.0
1990-01-02 17:00:00+00:00,17.85,11.0,51.0,428.07,18.0,264.95,2.55,183.0,87480.0
1990-01-02 18:00:00+00:00,15.91,13.2,0.0,0.0,0.0,260.5,2.21,177.0,87540.0
1990-01-02 19:00:00+00:00,14.04,18.0,0.0,0.0,0.0,258.15,1.31,179.0,87570.0
1990-01-02 20:00:00+00:00,13.87,17.9,0.0,0.0,0.0,256.05,0.76,164.0,87620.0
1990-01-02 21:00:00+00:00,12.89,20.85,0.0,0.0,0.0,254.65,0.55,147.0,87670.0
1990-01-02 22:00:00+00:00,11.86,23.35,0.0,0.0,0.0,253.3,0.28,120.0,87710.0
1990-01-02 23:00:00+00:00,10.88,26.1,0.0,0.0,0.0,252.75,0.14,31.0,87740.0
1990-01-03 00:00:00+00:00,9.88,29.2,0.0,0.0,0.0,252.15,0.41,335.0,87730.0
1990-01-03 01:00:00+00:00,8.94,30.3,0.0,0.0,0.0,251.7,0.69,315.0,87730.0
1990-01-03 02:00:00+00:00,8.22,32.7,0.0,0.0,0.0,251.95,0.69,311.0,87700.0
1990-01-03 03:00:00+00:00,7.6,35.3,0.0,0.0,0.0,251.4,0.69,310.0,87700.0
1990-01-03 04:00:00+00:00,6.94,38.0,0.0,0.0,0.0,251.0,0.76,310.0,87710.0
1990-01-03 05:00:00+00:00,6.32,39.4,0.0,0.0,0.0,250.6,0.83,308.0,87720.0
1990-01-03 06:00:00+00:00,5.83,40.9,0.0,0.0,0.0,250.05,0.83,305.0,87740.0
1990-01-03 07:00:00+00:00,3.99,47.6,0.0,0.0,0.0,249.05,0.69,298.0,87780.0
1990-01-03 08:00:00+00:00,4.05,47.6,99.0,538.0,31.0,249.45,0.62,296.0,87850.0
1990-01-03 09:00:00+00:00,7.38,38.1,292.0,775.56,58.0,252.55,0.28,296.0,87910.0
1990-01-03 10:00:00+00:00,11.96,28.6,458.0,871.55,72.0,257.6,0.14,189.0,87940.0
1990-01-03 11:00:00+00:00,14.56,22.25,573.0,901.38,86.0,264.15,0.55,155.0,87920.0
1990-01-03 12:00:00+00:00,16.65,17.85,633.0,936.54,83.0,269.4,1.1,166.0,87820.0
1990-01-03 13:00:00+00:00,18.16,14.25,621.0,916.23,89.0,273.05,1.72,174.0,87720.0
1990-01-03 14:00:00+00:00,19.19,13.35,541.0,856.29,95.0,274.6,2.21,177.0,87630.0
1990-01-03 15:00:00+00:00,19.69,12.4,414.0,818.01,77.0,274.4,2.62,179.0,87580.0
1990-01-03 16:00:00+00:00,19.67,12.4,242.0,726.77,52.0,273.05,2.9,181.0,87610.0
1990-01-03 17:00:00+00:00,18.88,13.8,51.0,402.62,19.0,269.6,2.83,177.0,87630.0
1990-01-03 18:00:00+00:00,17.22,15.3,0.0,0.0,0.0,264.75,2.34,170.0,87670.0
1990-01-03 19:00:00+00:00,15.68,16.95,0.0,0.0,0.0,261.25,1.59,163.0,87700.0
1990-01-03 20:00:00+00:00,14.86,18.9,0.0,0.0,0.0,258.75,0.9,158.0,87740.0
1990-01-03 21:00:00+00:00,14.7,18.15,0.0,0.0,0.0,257.0,0.55,156.0,87780.0
1990-01-03 22:00:00+00:00,13.63,20.25,0.0,0.0,0.0,255.25,0.34,171.0,87810.0
1990-01-03 23:00:00+00:00,12.36,23.45,0.0,0.0,0.0,253.9,0.21,220.0,87810.0
1990-01-04 00:00:00+00:00,10.82,27.2,0.0,0.0,0.0,252.75,0.28,275.0,87820.0
1990-01-04 01:00:00+00:00,9.19,30.4,0.0,0.0,0.0,251.9,0.41,291.0,87770.0
1990-01-04 02:00:00+00:00,7.74,35.3,0.0,0.0,0.0,251.6,0.62,300.0,87730.0
1990-01-04 03:00:00+00:00,6.45,42.7,0.0,0.0,0.0,250.4,0.76,301.0,87720.0
1990-01-04 04:00:00+00:00,5.25,47.85,0.0,0.0,0.0,250.05,0.83,299.0,87710.0
1990-01-04 05:00:00+00:00,4.01,55.85,0.0,0.0,0.0,248.5,0.9,298.0,87720.0
1990-01-04 06:00:00+00:00,3.27,62.6,0.0,0.0,0.0,248.3,0.9,297.0,87720.0
1990-01-04 07:00:00+00:00,2.26,73.0,0.0,0.0,0.0,246.95,1.1,298.0,87770.0
1990-01-04 08:00:00+00:00,2.57,70.3,100.0,547.2,31.0,248.65,1.03,297.0,87790.0
1990-01-04 09:00:00+00:00,7.23,52.35,289.0,742.32,65.0,251.2,0.69,304.0,87870.0
1990-01-04 10:00:00+00:00,11.38,42.3,462.0,879.73,72.0,257.4,0.48,305.0,87880.0
1990-01-04 11:00:00+00:00,15.14,31.95,581.0,925.83,80.0,266.5,0.48,274.0,87870.0
1990-01-04 12:00:00+00:00,17.53,27.85,643.0,958.31,79.0,272.85,1.17,284.0,87770.0
1990-01-04 13:00:00+00:00,19.45,23.4,627.0,925.64,88.0,276.35,1.86,302.0,87720.0
1990-01-04 14:00:00+00:00,20.61,20.25,547.0,866.42,94.0,277.5,2.28,308.0,87610.0
1990-01-04 15:00:00+00:00,21.14,18.1,422.0,842.55,73.0,276.35,2.55,311.0,87560.0
1990-01-04 16:00:00+00:00,21.06,17.25,247.0,739.11,52.0,273.05,3.17,315.0,87570.0
1990-01-04 17:00:00+00:00,19.97,17.85,54.0,402.78,21.0,267.05,3.79,317.0,87590.0
1990-01-04 18:00:00+00:00,17.19,23.8,0.0,0.0,0.0,260.65,4.41,322.0,87660.0
1990-01-04 19:00:00+00:00,15.59,32.1,0.0,0.0,0.0,256.8,3.03,320.0,87670.0
1990-01-04 20:00:00+00:00,13.48,42.8,0.0,0.0,0.0,250.4,2.62,316.0,87700.0
1990-01-04 21:00:00+00:00,11.64,49.45,0.0,0.0,0.0,245.75,2.34,316.0,87720.0
1990-01-04 22:00:00+00:00,10.09,57.15,0.0,0.0,0.0,244.6,2.14,318.0,87760.0
1990-01-04 23:00:00+00:00,8.82,61.45,0.0,0.0,0.0,245.95,1.93,317.0,87780.0
1990-01-05 00:00:00+00:00,7.69,63.6,0.0,0.0,0.0,246.95,1.72,315.0,87780.0
1990-01-05 01:00:00+00:00,6.43,68.3,0.0,0.0,0.0,246.05,1.59,311.0,87770.0
1990-01-05 02:00:00+00:00,5.25,70.8,0.0,0.0,0.0,242.1,1.31,309.0,87730.0
1990-01-05 03:00:00+00:00,4.85,65.4,0.0,0.0,0.0,241.15,1.17,309.0,87720.0
1990-01-05 04:00:00+00:00,4.56,60.5,0.0,0.0,0.0,240.75,1.1,307.0,87710.0
1990-01-05 05:00:00+00:00,4.11,58.05,0.0,0.0,0.0,240.35,1.17,307.0,87700.0
1990-01-05 06:00:00+00:00,4.34,53.65,0.0,0.0,0.0,240.75,1.1,310.0,87720.0
1990-01-05 07:00:00+00:00,3.78,53.5,0.0,0.0,0.0,238.2,0.83,303.0,87740.0
1990-01-05 08:00:00+00:00,4.02,47.6,104.0,603.69,28.0,239.0,0.69,307.0,87820.0
1990-01-05 09:00:00+00:00,7.38,35.15,292.0,751.91,65.0,243.45,0.34,333.0,87880.0
1990-01-05 10:00:00+00:00,11.35,30.85,451.0,793.05,99.0,248.65,0.28,28.0,87920.0
1990-01-05 11:00:00+00:00,14.75,24.1,587.0,935.27,80.0,255.85,0.76,87.0,87910.0
1990-01-05 12:00:00+00:00,16.65,22.75,649.0,967.95,78.0,262.6,1.45,116.0,87810.0
1990-01-05 13:00:00+00:00,17.94,20.45,631.0,917.73,95.0,266.1,2.0,134.0,87710.0
1990-01-05 14:00:00+00:00,18.74,19.1,560.0,908.71,83.0,268.05,2.14,153.0,87640.0
1990-01-05 15:00:00+00:00,19.13,17.75,425.0,837.85,76.0,268.2,2.28,169.0,87600.0
1990-01-05 16:00:00+00:00,19.09,18.35,251.0,739.76,54.0,266.85,2.34,178.0,87620.0
1990-01-05 17:00:00+00:00,18.46,18.25,56.0,402.64,22.0,263.95,2.41,175.0,87620.0
1990-01-05 18:00:00+00:00,17.13,19.5,0.0,0.0,0.0,258.95,2.28,170.0,87650.0
1990-01-05 19:00:00+00:00,15.68,19.15,0.0,0.0,0.0,255.25,2.07,171.0,87680.0
1990-01-05 20:00:00+00:00,14.12,22.1,0.0,0.0,0.0,253.15,1.17,178.0,87700.0
1990-01-05 21:00:00+00:00,14.68,20.5,0.0,0.0,0.0,251.4,0.76,178.0,87730.0
1990-01-05 22:00:00+00:00,13.7,21.1,0.0,0.0,0.0,250.4,0.62,167.0,87720.0
1990-01-05 23:00:00+00:00,12.56,22.65,0.0,0.0,0.0,248.85,0.28,168.0,87710.0
1990-01-06 00:00:00+00:00,11.46,25.2,0.0,0.0,0.0,247.5,0.07,191.0,87690.0
1990-01-06 01:00:00+00:00,10.43,27.05,0.0,0.0,0.0,246.05,0.07,289.0,87670.0
1990-01-06 02:00:00+00:00,9.57,28.05,0.0,0.0,0.0,245.2,0.28,284.0,87640.0
1990-01-06 03:00:00+00:00,8.65,30.3,0.0,0.0,0.0,244.4,0.48,290.0,87640.0
1990-01-06 04:00:00+00:00,7.53,32.55,0.0,0.0,0.0,243.65,0.69,294.0,87620.0
1990-01-06 05:00:00+00:00,6.32,36.35,0.0,0.0,0.0,243.25,0.83,293.0,87630.0
1990-01-06 06:00:00+00:00,5.26,39.1,0.0,0.0,0.0,242.85,0.76,293.0,87630.0
1990-01-06 07:00:00+00:00,4.61,40.6,0.0,0.0,0.0,241.7,0.76,297.0,87610.0
1990-01-06 08:00:00+00:00,4.03,42.15,100.0,556.51,30.0,241.9,0.69,295.0,87660.0
1990-01-06 09:00:00+00:00,7.09,33.75,291.0,748.01,65.0,245.2,0.34,287.0,87690.0
1990-01-06 10:00:00+00:00,10.92,31.95,462.0,868.41,76.0,249.65,0.14,196.0,87700.0
1990-01-06 11:00:00+00:00,14.04,21.25,582.0,915.04,85.0,256.2,0.69,165.0,87690.0
1990-01-06 12:00:00+00:00,16.14,19.25,641.0,933.41,89.0,262.2,1.45,183.0,87600.0
1990-01-06 13:00:00+00:00,17.81,17.4,637.0,947.26,82.0,266.85,2.28,194.0,87510.0
1990-01-06 14:00:00+00:00,18.91,16.25,554.0,870.82,95.0,269.2,2.62,201.0,87410.0
1990-01-06 15:00:00+00:00,19.55,15.1,422.0,802.01,86.0,270.95,2.62,204.0,87360.0
1990-01-06 16:00:00+00:00,19.73,14.6,254.0,747.64,53.0,270.35,2.48,202.0,87370.0
1990-01-06 17:00:00+00:00,19.21,14.5,59.0,448.2,20.0,267.85,2.28,191.0,87380.0
1990-01-06 18:00:00+00:00,17.53,15.9,0.0,0.0,0.0,262.2,1.86,182.0,87410.0
1990-01-06 19:00:00+00:00,15.48,19.0,0.0,0.0,0.0,256.8,1.31,188.0,87440.0
1990-01-06 20:00:00+00:00,15.72,16.95,0.0,0.0,0.0,252.15,0.62,211.0,87490.0
1990-01-06 21:00:00+00:00,14.47,19.55,0.0,0.0,0.0,248.3,0.34,240.0,87510.0
1990-01-06 22:00:00+00:00,12.89,23.6,0.0,0.0,0.0,244.6,0.21,293.0,87550.0
1990-01-06 23:00:00+00:00,11.1,26.25,0.0,0.0,0.0,241.7,0.34,325.0,87550.0
1990-01-07 00:00:00+00:00,9.32,30.4,0.0,0.0,0.0,239.0,0.48,324.0,87560.0
1990-01-07 01:00:00+00:00,7.72,35.3,0.0,0.0,0.0,237.75,0.55,317.0,87540.0
1990-01-07 02:00:00+00:00,6.47,38.0,0.0,0.0,0.0,237.65,0.62,312.0,87530.0
1990-01-07 03:00:00+00:00,5.68,39.25,0.0,0.0,0.0,240.15,0.69,308.0,87520.0
1990-01-07 04:00:00+00:00,5.13,40.75,0.0,0.0,0.0,237.65,0.83,303.0,87500.0
1990-01-07 05:00:00+00:00,4.8,40.6,0.0,0.0,0.0,236.5,0.83,300.0,87520.0
1990-01-07 06:00:00+00:00,4.51,39.0,0.0,0.0,0.0,232.05,0.76,304.0,87520.0
1990-01-07 07:00:00+00:00,4.07,40.45,0.0,0.0,0.0,230.85,0.69,303.0,87590.0
1990-01-07 08:00:00+00:00,4.03,38.85,100.0,540.67,32.0,231.45,0.62,303.0,87630.0
1990-01-07 09:00:00+00:00,7.03,28.65,299.0,793.45,59.0,235.15,0.34,311.0,87700.0
1990-01-07 10:00:00+00:00,11.54,21.5,467.0,869.21,80.0,239.95,0.0,27.0,87730.0
1990-01-07 11:00:00+00:00,14.23,18.8,584.0,894.71,97.0,245.75,0.41,108.0,87720.0
1990-01-07 12:00:00+00:00,16.22,15.7,647.0,930.93,95.0,251.75,0.97,144.0,87650.0
1990-01-07 13:00:00+00:00,17.63,13.6,637.0,910.1,102.0,255.65,1.66,161.0,87550.0
1990-01-07 14:00:00+00:00,18.55,12.6,567.0,903.0,89.0,257.0,2.14,169.0,87480.0
1990-01-07 15:00:00+00:00,18.95,12.2,435.0,849.49,77.0,257.2,2.41,172.0,87440.0
1990-01-07 16:00:00+00:00,18.85,11.7,259.0,755.18,54.0,255.25,2.62,170.0,87440.0
1990-01-07 17:00:00+00:00,18.12,12.1,64.0,490.82,20.0,252.35,2.55,168.0,87450.0
1990-01-07 18:00:00+00:00,16.67,13.4,0.0,0.0,0.0,247.9,2.07,163.0,87480.0
1990-01-07 19:00:00+00:00,14.9,16.0,0.0,0.0,0.0,245.95,1.31,163.0,87490.0
1990-01-07 20:00:00+00:00,15.24,14.85,0.0,0.0,0.0,244.2,0.83,167.0,87530.0
1990-01-07 21:00:00+00:00,14.3,15.9,0.0,0.0,0.0,242.65,0.62,175.0,87550.0
1990-01-07 22:00:00+00:00,13.18,17.8,0.0,0.0,0.0,241.7,0.41,166.0,87600.0
1990-01-07 23:00:00+00:00,11.95,19.75,0.0,0.0,0.0,240.55,0.28,128.0,87610.0
1990-01-08 00:00:00+00:00,10.81,21.25,0.0,0.0,0.0,239.6,0.28,108.0,87610.0
1990-01-08 01:00:00+00:00,9.72,22.8,0.0,0.0,0.0,238.15,0.21,99.0,87590.0
1990-01-08 02:00:00+00:00,8.66,23.65,0.0,0.0,0.0,237.45,0.14,63.0,87580.0
1990-01-08 03:00:00+00:00,7.64,25.4,0.0,0.0,0.0,235.9,0.21,12.0,87560.0
1990-01-08 04:00:00+00:00,6.57,28.5,0.0,0.0,0.0,235.3,0.34,337.0,87550.0
1990-01-08 05:00:00+00:00,5.62,30.7,0.0,0.0,0.0,234.55,0.48,315.0,87570.0
1990-01-08 06:00:00+00:00,4.79,34.45,0.0,0.0,0.0,233.95,0.62,306.0,87580.0
1990-01-08 07:00:00+00:00,5.45,30.7,0.0,0.0,0.0,234.15,0.69,308.0,87630.0
1990-01-08 08:00:00+00:00,4.91,34.45,102.0,564.17,31.0,234.15,0.62,312.0,87670.0
1990-01-08 09:00:00+00:00,7.08,28.65,296.0,772.49,62.0,237.45,0.41,326.0,87710.0
1990-01-08 10:00:00+00:00,10.18,29.35,471.0,894.46,72.0,241.5,0.28,35.0,87730.0
1990-01-08 11:00:00+00:00,13.52,21.85,587.0,909.14,91.0,248.5,0.76,95.0,87720.0
1990-01-08 12:00:00+00:00,15.28,19.8,643.0,909.82,102.0,254.3,1.31,123.0,87650.0
1990-01-08 13:00:00+00:00,16.41,20.05,640.0,923.9,95.0,257.95,1.86,136.0,87550.0
1990-01-08 14:00:00+00:00,17.1,19.5,561.0,865.17,101.0,259.7,2.07,134.0,87470.0
1990-01-08 15:00:00+00:00,17.39,20.3,431.0,813.7,86.0,259.9,2.21,129.0,87390.0
1990-01-08 16:00:00+00:00,17.3,20.3,260.0,736.87,58.0,257.6,2.28,132.0,87380.0
1990-01-08 17:00:00+00:00,16.68,21.0,69.0,552.36,18.0,254.3,2.41,131.0,87380.0
1990-01-08 18:00:00+00:00,15.52,24.25,0.0,0.0,0.0,249.45,2.07,126.0,87410.0
1990-01-08 19:00:00+00:00,14.12,26.0,0.0,0.0,0.0,246.35,2.0,132.0,87430.0
1990-01-08 20:00:00+00:00,12.3,29.9,0.0,0.0,0.0,243.85,1.86,129.0,87490.0
1990-01-08 21:00:00+00:00,10.42,35.85,0.0,0.0,0.0,242.65,1.93,120.0,87520.0
1990-01-08 22:00:00+00:00,9.2,37.2,0.0,0.0,0.0,241.9,1.79,107.0,87560.0
1990-01-08 23:00:00+00:00,8.67,37.05,0.0,0.0,0.0,241.15,1.59,94.0,87550.0
1990-01-09 00:00:00+00:00,8.37,38.4,0.0,0.0,0.0,238.05,1.38,74.0,87540.0
1990-01-09 01:00:00+00:00,8.31,38.4,0.0,0.0,0.0,236.0,1.24,61.0,87480.0
1990-01-09 02:00:00+00:00,7.99,38.4,0.0,0.0,0.0,233.75,1.03,43.0,87460.0
1990-01-09 03:00:00+00:00,7.07,41.3,0.0,0.0,0.0,231.45,0.97,35.0,87430.0
1990-01-09 04:00:00+00:00,6.37,44.45,0.0,0.0,0.0,236.1,0.9,26.0,87430.0
1990-01-09 05:00:00+00:00,5.92,46.1,0.0,0.0,0.0,249.45,0.9,21.0,87430.0
1990-01-09 06:00:00+00:00,5.54,44.3,0.0,0.0,0.0,253.5,0.97,19.0,87400.0
1990-01-09 07:00:00+00:00,5.46,46.1,0.0,0.0,0.0,251.6,0.97,10.0,87440.0
1990-01-09 08:00:00+00:00,5.38,47.85,97.0,491.97,35.0,260.3,0.9,9.0,87460.0
1990-01-09 09:00:00+00:00,6.37,44.45,227.0,303.17,135.0,271.9,0.69,10.0,87500.0
1990-01-09 10:00:00+00:00,8.36,38.4,432.0,675.58,130.0,267.25,1.03,52.0,87500.0
1990-01-09 11:00:00+00:00,11.18,33.4,416.0,257.8,275.0,262.8,2.0,91.0,87460.0
1990-01-09 12:00:00+00:00,13.12,29.0,645.0,920.53,96.0,248.1,3.24,104.0,87340.0
1990-01-09 13:00:00+00:00,14.44,27.05,635.0,900.3,102.0,250.8,4.14,110.0,87230.0
1990-01-09 14:00:00+00:00,15.16,24.25,469.0,456.83,225.0,252.15,4.83,116.0,87120.0
1990-01-09 15:00:00+00:00,15.4,23.3,385.0,543.8,153.0,252.35,5.17,118.0,87040.0
1990-01-09 16:00:00+00:00,15.06,22.4,129.0,39.73,118.0,249.05,5.38,119.0,87030.0
1990-01-09 17:00:00+00:00,13.99,24.85,49.0,147.26,35.0,245.95,5.31,117.0,87040.0
1990-01-09 18:00:00+00:00,12.23,28.75,0.0,0.0,0.0,241.7,4.34,113.0,87070.0
1990-01-09 19:00:00+00:00,11.17,32.1,0.0,0.0,0.0,240.75,3.66,106.0,87070.0
1990-01-09 20:00:00+00:00,10.32,35.85,0.0,0.0,0.0,253.1,2.97,114.0,87110.0
1990-01-09 21:00:00+00:00,10.02,35.85,0.0,0.0,0.0,289.5,2.76,122.0,87140.0
1990-01-09 22:00:00+00:00,9.62,38.7,0.0,0.0,0.0,301.5,2.9,116.0,87180.0
1990-01-09 23:00:00+00:00,9.26,38.7,0.0,0.0,0.0,310.2,3.1,103.0,87150.0
1990-01-10 00:00:00+00:00,8.94,40.1,0.0,0.0,0.0,311.0,3.24,97.0,87110.0
1990-01-10 01:00:00+00:00,8.58,41.7,0.0,0.0,0.0,309.55,2.9,98.0,87070.0
1990-01-10 02:00:00+00:00,8.05,45.0,0.0,0.0,0.0,299.55,2.41,95.0,87040.0
1990-01-10 03:00:00+00:00,7.39,50.35,0.0,0.0,0.0,289.1,2.07,87.0,87040.0
1990-01-10 04:00:00+00:00,6.9,52.2,0.0,0.0,0.0,286.8,2.41,73.0,86980.0
1990-01-10 05:00:00+00:00,6.13,56.3,0.0,0.0,0.0,269.0,2.55,88.0,86950.0
1990-01-10 06:00:00+00:00,5.64,63.15,0.0,0.0,0.0,290.3,2.14,99.0,86940.0
1990-01-10 07:00:00+00:00,5.6,65.65,0.0,0.0,0.0,295.3,2.55,90.0,86980.0
1990-01-10 08:00:00+00:00,5.29,70.8,66.0,118.77,51.0,303.85,3.31,89.0,87050.0
1990-01-10 09:00:00+00:00,4.72,76.3,111.0,6.58,109.0,308.5,3.93,85.0,87100.0
1990-01-10 10:00:00+00:00,4.75,76.3,47.0,0.0,47.0,303.45,4.14,83.0,87150.0
1990-01-10 11:00:00+00:00,5.58,73.65,90.0,0.0,90.0,303.65,4.34,80.0,87130.0
1990-01-10 12:00:00+00:00,6.5,71.05,128.0,0.0,128.0,295.5,4.21,82.0,87030.0
1990-01-10 13:00:00+00:00,7.78,68.6,139.0,0.0,139.0,292.8,4.62,90.0,86920.0
1990-01-10 14:00:00+00:00,8.38,68.7,157.0,0.0,157.0,283.7,4.76,94.0,86840.0
1990-01-10 15:00:00+00:00,8.46,68.7,119.0,0.0,119.0,281.0,5.31,93.0,86770.0
1990-01-10 16:00:00+00:00,8.42,68.7,91.0,3.58,90.0,277.3,5.52,94.0,86780.0
1990-01-10 17:00:00+00:00,7.69,71.25,61.0,306.55,31.0,274.6,4.69,92.0,86780.0
1990-01-10 18:00:00+00:00,6.83,76.65,0.0,0.0,0.0,264.55,3.38,89.0,86830.0
1990-01-10 19:00:00+00:00,6.86,76.65,0.0,0.0,0.0,276.55,3.1,89.0,86840.0
1990-01-10 20:00:00+00:00,6.45,76.55,0.0,0.0,0.0,279.25,3.03,82.0,86900.0
1990-01-10 21:00:00+00:00,6.36,76.55,0.0,0.0,0.0,304.4,3.1,73.0,86940.0
1990-01-10 22:00:00+00:00,5.81,79.4,0.0,0.0,0.0,276.95,2.83,60.0,86990.0
1990-01-10 23:00:00+00:00,5.61,79.4,0.0,0.0,0.0,289.7,2.34,47.0,86990.0
1990-01-11 00:00:00+00:00,5.17,79.35,0.0,0.0,0.0,270.95,1.93,29.0,86980.0
1990-01-11 01:00:00+00:00,4.48,79.3,0.0,0.0,0.0,265.05,2.0,2.0,86950.0
1990-01-11 02:00:00+00:00,3.96,82.3,0.0,0.0,0.0,267.05,2.0,346.0,86920.0
1990-01-11 03:00:00+00:00,3.22,85.4,0.0,0.0,0.0,255.25,2.0,331.0,86900.0
1990-01-11 04:00:00+00:00,2.6,88.65,0.0,0.0,0.0,253.9,2.0,324.0,86900.0
1990-01-11 05:00:00+00:00,1.88,92.05,0.0,0.0,0.0,245.75,1.86,318.0,86900.0
1990-01-11 06:00:00+00:00,0.94,88.55,0.0,0.0,0.0,238.6,1.79,310.0,86910.0
1990-01-11 07:00:00+00:00,0.63,92.0,0.0,0.0,0.0,242.3,1.79,299.0,86910.0
1990-01-11 08:00:00+00:00,-0.06,92.0,106.0,631.6,26.0,231.05,1.52,300.0,86960.0
1990-01-11 09:00:00+00:00,3.39,88.7,312.0,885.72,42.0,233.2,1.1,310.0,87050.0
1990-01-11 10:00:00+00:00,7.39,65.95,491.0,992.83,45.0,246.15,1.1,318.0,87050.0
1990-01-11 11:00:00+00:00,9.31,57.05,620.0,1045.51,45.0,243.05,1.17,302.0,87090.0
1990-01-11 12:00:00+00:00,10.78,53.1,682.0,1057.94,47.0,245.75,1.45,297.0,87030.0
1990-01-11 13:00:00+00:00,11.91,49.45,666.0,1014.15,61.0,249.25,1.72,298.0,86980.0
1990-01-11 14:00:00+00:00,12.85,46.1,583.0,947.67,72.0,251.2,2.07,292.0,86970.0
1990-01-11 15:00:00+00:00,13.47,42.8,443.0,853.94,74.0,252.55,2.34,289.0,86980.0
1990-01-11 16:00:00+00:00,13.68,39.8,270.0,768.02,53.0,250.2,2.55,288.0,87040.0
1990-01-11 17:00:00+00:00,13.1,42.8,70.0,446.85,25.0,253.5,2.34,286.0,87100.0
1990-01-11 18:00:00+00:00,11.54,49.45,0.0,0.0,0.0,244.4,2.48,295.0,87160.0
1990-01-11 19:00:00+00:00,9.85,59.25,0.0,0.0,0.0,239.95,2.07,297.0,87190.0
1990-01-11 20:00:00+00:00,7.81,66.05,0.0,0.0,0.0,236.85,1.93,308.0,87260.0
1990-01-11 21:00:00+00:00,5.97,70.95,0.0,0.0,0.0,233.2,1.79,302.0,87320.0
1990-01-11 22:00:00+00:00,4.4,79.2,0.0,0.0,0.0,231.65,1.72,298.0,87390.0
1990-01-11 23:00:00+00:00,3.33,82.2,0.0,0.0,0.0,232.2,1.66,302.0,87440.0
1990-01-12 00:00:00+00:00,2.49,82.15,0.0,0.0,0.0,233.4,1.59,307.0,87460.0
1990-01-12 01:00:00+00:00,1.67,88.6,0.0,0.0,0.0,235.6,1.38,306.0,87460.0
1990-01-12 02:00:00+00:00,0.72,92.0,0.0,0.0,0.0,235.5,1.1,301.0,87460.0
1990-01-12 03:00:00+00:00,0.12,88.45,0.0,0.0,0.0,236.65,1.03,300.0,87480.0
1990-01-12 04:00:00+00:00,-0.29,88.45,0.0,0.0,0.0,226.6,0.97,303.0,87510.0
1990-01-12 05:00:00+00:00,-0.37,81.75,0.0,0.0,0.0,221.95,0.9,302.0,87540.0
1990-01-12 06:00:00+00:00,-0.18,81.75,0.0,0.0,0.0,222.75,0.83,301.0,87580.0
1990-01-12 07:00:00+00:00,-0.01,78.65,0.0,0.0,0.0,221.2,0.69,302.0,87670.0
1990-01-12 08:00:00+00:00,0.15,75.6,107.0,629.3,27.0,222.15,0.69,301.0,87740.0
1990-01-12 09:00:00+00:00,3.73,70.5,311.0,866.93,46.0,225.85,0.41,315.0,87820.0
1990-01-12 10:00:00+00:00,7.83,56.7,484.0,943.46,59.0,231.25,0.07,21.0,87870.0
1990-01-12 11:00:00+00:00,10.3,47.2,605.0,966.22,72.0,238.6,0.34,134.0,87880.0
1990-01-12 12:00:00+00:00,11.97,45.8,672.0,999.53,70.0,244.6,0.69,178.0,87790.0
1990-01-12 13:00:00+00:00,13.35,42.8,649.0,923.27,96.0,249.45,1.31,198.0,87720.0
1990-01-12 14:00:00+00:00,14.33,39.95,604.0,1011.28,56.0,252.95,1.79,207.0,87660.0
1990-01-12 15:00:00+00:00,14.92,37.15,450.0,864.44,74.0,254.85,2.07,210.0,87630.0
1990-01-12 16:00:00+00:00,15.04,37.15,273.0,760.15,56.0,255.85,2.21,204.0,87630.0
1990-01-12 17:00:00+00:00,14.34,43.1,69.0,366.81,31.0,254.5,2.21,185.0,87660.0
1990-01-12 18:00:00+00:00,12.84,51.65,0.0,0.0,0.0,250.6,1.79,168.0,87700.0
1990-01-12 19:00:00+00:00,12.01,55.4,0.0,0.0,0.0,247.15,0.76,167.0,87750.0
1990-01-12 20:00:00+00:00,11.42,55.3,0.0,0.0,0.0,245.4,0.14,151.0,87790.0
1990-01-12 21:00:00+00:00,10.29,59.35,0.0,0.0,0.0,243.85,0.07,331.0,87840.0
1990-01-12 22:00:00+00:00,8.89,61.45,0.0,0.0,0.0,242.85,0.21,316.0,87890.0
1990-01-12 23:00:00+00:00,7.36,65.95,0.0,0.0,0.0,242.1,0.41,308.0,87940.0
1990-01-13 00:00:00+00:00,5.71,70.85,0.0,0.0,0.0,241.3,0.62,310.0,87920.0
1990-01-13 01:00:00+00:00,4.21,76.25,0.0,0.0,0.0,240.05,0.76,310.0,87910.0
1990-01-13 02:00:00+00:00,3.08,79.1,0.0,0.0,0.0,238.8,0.76,308.0,87890.0
1990-01-13 03:00:00+00:00,2.34,82.05,0.0,0.0,0.0,237.05,0.83,305.0,87860.0
1990-01-13 04:00:00+00:00,1.76,82.0,0.0,0.0,0.0,236.1,0.83,304.0,87820.0
1990-01-13 05:00:00+00:00,1.54,78.9,0.0,0.0,0.0,235.15,0.76,305.0,87810.0
1990-01-13 06:00:00+00:00,1.37,78.8,0.0,0.0,0.0,237.25,0.76,305.0,87810.0
1990-01-13 07:00:00+00:00,1.26,78.8,0.0,0.0,0.0,242.5,0.69,305.0,87810.0
1990-01-13 08:00:00+00:00,1.59,75.85,102.0,571.72,29.0,248.85,0.69,300.0,87820.0
1990-01-13 09:00:00+00:00,4.52,70.7,303.0,815.35,53.0,256.6,0.55,294.0,87870.0
1990-01-13 10:00:00+00:00,8.57,61.45,473.0,891.95,70.0,251.95,0.41,254.0,87880.0
1990-01-13 11:00:00+00:00,11.42,49.3,622.0,1040.84,46.0,264.95,0.83,216.0,87830.0
1990-01-13 12:00:00+00:00,13.28,44.5,664.0,972.81,76.0,265.7,1.45,226.0,87700.0
1990-01-13 13:00:00+00:00,14.71,40.1,602.0,718.27,170.0,265.1,1.86,247.0,87600.0
1990-01-13 14:00:00+00:00,15.63,36.0,387.0,201.97,277.0,282.75,2.41,270.0,87520.0
1990-01-13 15:00:00+00:00,15.87,36.0,332.0,285.47,207.0,284.5,2.97,290.0,87470.0
1990-01-13 16:00:00+00:00,15.54,37.25,196.0,221.87,132.0,273.05,3.79,311.0,87460.0
1990-01-13 17:00:00+00:00,14.2,43.1,77.0,478.72,26.0,264.75,3.86,327.0,87460.0
1990-01-13 18:00:00+00:00,11.85,53.35,0.0,0.0,0.0,255.45,3.66,332.0,87490.0
1990-01-13 19:00:00+00:00,10.69,57.3,0.0,0.0,0.0,250.4,3.45,331.0,87490.0
1990-01-13 20:00:00+00:00,8.93,63.8,0.0,0.0,0.0,248.65,2.97,326.0,87480.0
1990-01-13 21:00:00+00:00,7.51,71.25,0.0,0.0,0.0,247.7,2.83,318.0,87510.0
1990-01-13 22:00:00+00:00,6.67,76.65,0.0,0.0,0.0,251.95,2.76,312.0,87550.0
1990-01-13 23:00:00+00:00,5.89,79.4,0.0,0.0,0.0,239.75,2.69,310.0,87540.0
1990-01-14 00:00:00+00:00,5.35,82.4,0.0,0.0,0.0,248.1,2.48,310.0,87520.0
1990-01-14 01:00:00+00:00,4.93,85.55,0.0,0.0,0.0,255.0,2.28,312.0,87470.0
1990-01-14 02:00:00+00:00,4.8,85.55,0.0,0.0,0.0,268.05,1.93,312.0,87420.0
1990-01-14 03:00:00+00:00,4.58,82.35,0.0,0.0,0.0,265.1,1.86,312.0,87410.0
1990-01-14 04:00:00+00:00,4.56,82.35,0.0,0.0,0.0,275.0,1.79,311.0,87390.0
1990-01-14 05:00:00+00:00,4.15,85.5,0.0,0.0,0.0,259.9,1.72,300.0,87380.0
1990-01-14 06:00:00+00:00,3.55,85.45,0.0,0.0,0.0,249.45,1.86,294.0,87380.0
1990-01-14 07:00:00+00:00,3.07,85.4,0.0,0.0,0.0,262.4,1.86,295.0,87400.0
1990-01-14 08:00:00+00:00,2.75,85.35,0.0,0.0,0.0,243.45,1.86,303.0,87420.0
1990-01-14 09:00:00+00:00,5.08,82.4,304.0,806.1,56.0,247.9,1.59,311.0,87490.0
1990-01-14 10:00:00+00:00,8.86,63.8,457.0,778.79,104.0,237.45,2.14,326.0,87540.0
1990-01-14 11:00:00+00:00,10.97,55.15,587.0,869.87,104.0,243.85,2.76,334.0,87540.0
1990-01-14 12:00:00+00:00,12.65,44.35,672.0,984.05,75.0,245.2,2.76,339.0,87450.0
1990-01-14 13:00:00+00:00,14.17,37.0,678.0,1021.5,61.0,253.9,2.69,336.0,87360.0
1990-01-14 14:00:00+00:00,15.15,31.95,599.0,969.93,68.0,255.25,2.48,329.0,87270.0
1990-01-14 15:00:00+00:00,15.7,29.7,465.0,914.12,62.0,256.6,2.48,320.0,87230.0
1990-01-14 16:00:00+00:00,15.66,29.7,288.0,826.79,47.0,257.4,2.55,314.0,87220.0
1990-01-14 17:00:00+00:00,14.91,34.35,82.0,529.61,24.0,254.85,2.14,320.0,87250.0
1990-01-14 18:00:00+00:00,13.3,41.2,0.0,0.0,0.0,251.75,1.72,333.0,87290.0
1990-01-14 19:00:00+00:00,11.95,49.45,0.0,0.0,0.0,250.05,0.83,310.0,87370.0
1990-01-14 20:00:00+00:00,10.78,49.2,0.0,0.0,0.0,248.1,0.76,312.0,87390.0
1990-01-14 21:00:00+00:00,8.43,61.3,0.0,0.0,0.0,245.2,0.9,300.0,87440.0
1990-01-14 22:00:00+00:00,6.75,68.4,0.0,0.0,0.0,244.05,0.97,297.0,87490.0
1990-01-14 23:00:00+00:00,6.09,70.95,0.0,0.0,0.0,241.3,0.69,302.0,87490.0
1990-01-15 00:00:00+00:00,5.15,73.55,0.0,0.0,0.0,240.35,0.28,317.0,87470.0
1990-01-15 01:00:00+00:00,4.6,73.45,0.0,0.0,0.0,239.5,0.21,315.0,87410.0
1990-01-15 02:00:00+00:00,4.46,73.45,0.0,0.0,0.0,239.6,0.41,288.0,87400.0
1990-01-15 03:00:00+00:00,4.12,73.4,0.0,0.0,0.0,238.8,0.48,281.0,87370.0
1990-01-15 04:00:00+00:00,3.68,73.3,0.0,0.0,0.0,238.2,0.34,281.0,87340.0
1990-01-15 05:00:00+00:00,3.27,73.2,0.0,0.0,0.0,237.45,0.34,270.0,87290.0
1990-01-15 06:00:00+00:00,3.01,73.2,0.0,0.0,0.0,236.65,0.41,259.0,87300.0
1990-01-15 07:00:00+00:00,2.63,73.1,0.0,0.0,0.0,235.5,0.28,284.0,87320.0
1990-01-15 08:00:00+00:00,2.63,73.1,101.0,526.76,33.0,235.7,0.14,273.0,87370.0
1990-01-15 09:00:00+00:00,5.12,68.1,294.0,728.65,69.0,238.4,0.21,173.0,87430.0
1990-01-15 10:00:00+00:00,8.32,59.0,466.0,833.31,87.0,243.25,0.97,152.0,87440.0
1990-01-15 11:00:00+00:00,10.57,53.1,592.0,895.53,93.0,248.85,1.52,170.0,87410.0
1990-01-15 12:00:00+00:00,12.32,49.6,676.0,999.99,67.0,254.1,2.21,186.0,87350.0
1990-01-15 13:00:00+00:00,13.67,46.35,680.0,1025.27,58.0,258.35,2.76,192.0,87290.0
1990-01-15 14:00:00+00:00,14.56,43.25,604.0,986.63,61.0,260.65,3.17,194.0,87230.0
1990-01-15 15:00:00+00:00,14.98,43.25,467.0,916.86,60.0,261.85,3.38,193.0,87200.0
1990-01-15 16:00:00+00:00,14.84,43.25,282.0,773.99,54.0,261.85,3.59,191.0,87180.0
1990-01-15 17:00:00+00:00,14.0,46.35,64.0,195.48,42.0,259.5,3.59,185.0,87210.0
1990-01-15 18:00:00+00:00,12.12,51.5,0.0,0.0,0.0,256.2,3.17,179.0,87250.0
1990-01-15 19:00:00+00:00,10.97,57.3,0.0,0.0,0.0,253.7,2.48,176.0,87230.0
1990-01-15 20:00:00+00:00,9.65,63.9,0.0,0.0,0.0,252.35,1.79,170.0,87260.0
1990-01-15 21:00:00+00:00,8.16,68.7,0.0,0.0,0.0,249.45,1.38,158.0,87250.0
1990-01-15 22:00:00+00:00,8.09,63.7,0.0,0.0,0.0,246.55,1.1,145.0,87280.0
1990-01-15 23:00:00+00:00,7.93,63.6,0.0,0.0,0.0,244.2,0.97,138.0,87260.0
1990-01-16 00:00:00+00:00,7.43,63.5,0.0,0.0,0.0,242.65,0.76,127.0,87250.0
1990-01-16 01:00:00+00:00,6.57,65.85,0.0,0.0,0.0,241.05,0.55,115.0,87190.0
1990-01-16 02:00:00+00:00,5.52,68.2,0.0,0.0,0.0,239.95,0.21,106.0,87150.0
1990-01-16 03:00:00+00:00,4.53,70.7,0.0,0.0,0.0,239.2,0.0,337.0,87130.0
1990-01-16 04:00:00+00:00,3.68,76.15,0.0,0.0,0.0,236.85,0.07,290.0,87110.0
1990-01-16 05:00:00+00:00,3.18,76.1,0.0,0.0,0.0,242.1,0.07,280.0,87090.0
1990-01-16 06:00:00+00:00,2.99,76.1,0.0,0.0,0.0,256.6,0.14,284.0,87080.0
1990-01-16 07:00:00+00:00,3.72,76.15,0.0,0.0,0.0,258.15,0.0,330.0,87090.0
1990-01-16 08:00:00+00:00,3.87,76.15,66.0,100.05,53.0,267.45,0.0,130.0,87130.0
1990-01-16 09:00:00+00:00,5.62,70.85,168.0,80.64,143.0,259.9,0.28,170.0,87140.0
1990-01-16 10:00:00+00:00,7.95,66.05,222.0,35.05,206.0,265.1,1.03,160.0,87160.0
1990-01-16 11:00:00+00:00,10.11,55.05,544.0,670.53,169.0,276.35,2.07,183.0,87120.0
1990-01-16 12:00:00+00:00,11.71,47.6,458.0,243.69,309.0,279.05,3.1,199.0,87030.0
1990-01-16 13:00:00+00:00,12.87,44.35,147.0,0.0,147.0,279.05,3.93,208.0,86930.0
1990-01-16 14:00:00+00:00,13.29,41.2,366.0,150.0,283.0,288.35,4.69,211.0,86830.0
1990-01-16 15:00:00+00:00,13.16,39.65,250.0,76.06,216.0,295.9,4.97,208.0,86760.0
1990-01-16 16:00:00+00:00,13.09,39.65,90.0,0.0,90.0,308.65,5.03,204.0,86750.0
1990-01-16 17:00:00+00:00,12.56,39.5,62.0,164.35,43.0,292.8,4.34,200.0,86760.0
1990-01-16 18:00:00+00:00,11.55,44.1,0.0,0.0,0.0,300.55,3.59,191.0,86780.0
1990-01-16 19:00:00+00:00,10.84,47.35,0.0,0.0,0.0,299.95,2.9,193.0,86780.0
1990-01-16 20:00:00+00:00,10.14,49.05,0.0,0.0,0.0,300.95,2.76,191.0,86830.0
1990-01-16 21:00:00+00:00,9.53,52.85,0.0,0.0,0.0,301.3,2.48,191.0,86820.0
1990-01-16 22:00:00+00:00,9.09,52.85,0.0,0.0,0.0,307.7,2.21,196.0,86830.0
1990-01-16 23:00:00+00:00,8.44,59.0,0.0,0.0,0.0,290.85,2.14,203.0,86830.0
1990-01-17 00:00:00+00:00,7.91,63.6,0.0,0.0,0.0,298.2,2.0,210.0,86790.0
1990-01-17 01:00:00+00:00,7.64,66.05,0.0,0.0,0.0,316.35,1.79,213.0,86740.0
1990-01-17 02:00:00+00:00,7.21,71.15,0.0,0.0,0.0,314.1,1.59,208.0,86690.0
1990-01-17 03:00:00+00:00,6.72,76.65,0.0,0.0,0.0,320.1,1.24,192.0,86640.0
1990-01-17 04:00:00+00:00,6.39,79.5,0.0,0.0,0.0,316.6,1.03,159.0,86600.0
1990-01-17 05:00:00+00:00,6.1,79.5,0.0,0.0,0.0,311.55,1.1,131.0,86570.0
1990-01-17 06:00:00+00:00,5.81,82.5,0.0,0.0,0.0,309.25,1.1,120.0,86530.0
1990-01-17 07:00:00+00:00,6.24,79.5,0.0,0.0,0.0,313.1,1.03,112.0,86490.0
1990-01-17 08:00:00+00:00,6.36,79.5,109.0,626.52,27.0,304.2,0.9,114.0,86490.0
1990-01-17 09:00:00+00:00,6.96,76.65,151.0,44.96,137.0,294.55,0.97,132.0,86490.0
1990-01-17 10:00:00+00:00,8.79,61.45,362.0,331.73,210.0,297.25,1.86,191.0,86500.0
1990-01-17 11:00:00+00:00,9.66,59.25,363.0,133.59,288.0,303.05,2.83,222.0,86430.0
1990-01-17 12:00:00+00:00,10.28,57.15,471.0,267.13,307.0,303.25,3.03,239.0,86320.0
1990-01-17 13:00:00+00:00,11.09,51.25,610.0,715.44,172.0,288.75,3.1,246.0,86200.0
1990-01-17 14:00:00+00:00,11.87,47.6,539.0,668.63,167.0,293.4,3.03,251.0,86060.0
1990-01-17 15:00:00+00:00,11.97,45.8,483.0,970.73,46.0,276.35,3.24,257.0,85990.0
1990-01-17 16:00:00+00:00,11.43,47.45,236.0,385.5,120.0,279.05,3.93,259.0,85960.0
1990-01-17 17:00:00+00:00,9.88,52.85,61.0,126.36,46.0,266.85,4.21,261.0,85950.0
1990-01-17 18:00:00+00:00,8.56,56.9,0.0,0.0,0.0,262.4,3.93,262.0,85970.0
1990-01-17 19:00:00+00:00,7.82,61.2,0.0,0.0,0.0,279.85,4.0,250.0,85930.0
1990-01-17 20:00:00+00:00,7.1,63.5,0.0,0.0,0.0,279.05,3.52,251.0,85960.0
1990-01-17 21:00:00+00:00,6.53,65.85,0.0,0.0,0.0,278.1,3.31,251.0,85940.0
1990-01-17 22:00:00+00:00,5.89,73.65,0.0,0.0,0.0,270.55,3.24,254.0,85940.0
1990-01-17 23:00:00+00:00,5.61,73.65,0.0,0.0,0.0,282.75,3.03,257.0,85910.0
1990-01-18 00:00:00+00:00,5.32,76.4,0.0,0.0,0.0,279.45,2.62,255.0,85860.0
1990-01-18 01:00:00+00:00,5.11,73.55,0.0,0.0,0.0,280.5,2.41,251.0,85800.0
1990-01-18 02:00:00+00:00,4.76,76.3,0.0,0.0,0.0,271.1,2.21,262.0,85750.0
1990-01-18 03:00:00+00:00,4.07,79.2,0.0,0.0,0.0,256.2,2.07,280.0,85720.0
1990-01-18 04:00:00+00:00,3.39,82.2,0.0,0.0,0.0,249.45,2.21,291.0,85710.0
1990-01-18 05:00:00+00:00,2.96,79.1,0.0,0.0,0.0,254.5,2.28,291.0,85710.0
1990-01-18 06:00:00+00:00,2.66,79.0,0.0,0.0,0.0,251.75,2.34,284.0,85730.0
1990-01-18 07:00:00+00:00,2.87,79.0,0.0,0.0,0.0,268.8,2.34,288.0,85730.0
1990-01-18 08:00:00+00:00,2.77,79.0,105.0,553.36,32.0,254.5,2.28,273.0,85770.0
1990-01-18 09:00:00+00:00,4.6,68.0,301.0,741.72,69.0,261.85,2.34,270.0,85830.0
1990-01-18 10:00:00+00:00,6.73,56.45,476.0,845.59,87.0,268.6,4.14,295.0,85900.0
1990-01-18 11:00:00+00:00,7.93,50.45,604.0,908.39,92.0,258.55,5.45,305.0,85910.0
1990-01-18 12:00:00+00:00,9.18,41.85,695.0,1028.34,61.0,268.05,6.62,310.0,85890.0
1990-01-18 13:00:00+00:00,9.69,40.25,692.0,1025.84,61.0,248.5,6.83,313.0,85870.0
1990-01-18 14:00:00+00:00,9.68,38.7,617.0,988.45,64.0,252.95,7.03,314.0,85880.0
1990-01-18 15:00:00+00:00,9.27,38.7,481.0,921.92,63.0,265.1,6.76,317.0,85930.0
1990-01-18 16:00:00+00:00,8.82,40.1,301.0,825.28,50.0,260.3,6.28,317.0,85980.0
1990-01-18 17:00:00+00:00,7.96,44.85,96.0,574.46,26.0,260.5,5.79,316.0,86070.0
1990-01-18 18:00:00+00:00,6.68,50.2,0.0,0.0,0.0,257.95,4.9,316.0,86140.0
1990-01-18 19:00:00+00:00,6.22,54.15,0.0,0.0,0.0,246.15,4.34,319.0,86170.0
1990-01-18 20:00:00+00:00,5.21,58.3,0.0,0.0,0.0,224.5,3.72,319.0,86220.0
1990-01-18 21:00:00+00:00,4.57,60.5,0.0,0.0,0.0,225.85,2.55,308.0,86240.0
1990-01-18 22:00:00+00:00,3.86,67.8,0.0,0.0,0.0,229.5,1.79,270.0,86310.0
1990-01-18 23:00:00+00:00,3.23,70.4,0.0,0.0,0.0,245.95,1.79,246.0,86320.0
1990-01-19 00:00:00+00:00,3.15,73.2,0.0,0.0,0.0,263.95,1.86,245.0,86300.0
1990-01-19 01:00:00+00:00,2.78,76.0,0.0,0.0,0.0,257.1,1.86,249.0,86280.0
1990-01-19 02:00:00+00:00,2.23,78.95,0.0,0.0,0.0,250.2,1.79,251.0,86220.0
1990-01-19 03:00:00+00:00,1.97,78.95,0.0,0.0,0.0,260.85,1.72,253.0,86200.0
1990-01-19 04:00:00+00:00,2.36,82.05,0.0,0.0,0.0,285.05,1.59,252.0,86180.0
1990-01-19 05:00:00+00:00,2.89,82.15,0.0,0.0,0.0,292.05,1.79,243.0,86180.0
1990-01-19 06:00:00+00:00,3.03,82.2,0.0,0.0,0.0,275.75,2.07,240.0,86160.0
1990-01-19 07:00:00+00:00,3.9,82.25,0.0,0.0,0.0,283.5,2.48,253.0,86180.0
1990-01-19 08:00:00+00:00,5.14,76.4,106.0,533.61,35.0,287.95,2.69,265.0,86220.0
1990-01-19 09:00:00+00:00,7.15,71.15,304.0,744.49,70.0,293.95,3.17,283.0,86290.0
1990-01-19 10:00:00+00:00,9.4,61.55,476.0,833.4,91.0,295.1,3.72,277.0,86360.0
1990-01-19 11:00:00+00:00,11.41,53.25,605.0,894.06,99.0,291.25,6.55,306.0,86390.0
1990-01-19 12:00:00+00:00,12.86,44.35,674.0,930.23,98.0,275.6,8.21,314.0,86350.0
1990-01-19 13:00:00+00:00,13.79,39.8,694.0,1016.07,66.0,267.25,8.62,313.0,86330.0
1990-01-19 14:00:00+00:00,13.93,38.3,619.0,979.33,68.0,279.45,8.34,311.0,86300.0
1990-01-19 15:00:00+00:00,13.91,38.3,500.0,998.52,44.0,270.75,8.14,309.0,86350.0
1990-01-19 16:00:00+00:00,13.43,39.65,299.0,787.2,57.0,270.35,7.59,307.0,86400.0
1990-01-19 17:00:00+00:00,12.38,44.2,98.0,567.86,27.0,256.2,6.28,298.0,86460.0
1990-01-19 18:00:00+00:00,10.94,51.1,0.0,0.0,0.0,264.35,5.24,294.0,86510.0
1990-01-19 19:00:00+00:00,10.11,59.35,0.0,0.0,0.0,266.65,4.97,298.0,86560.0
1990-01-19 20:00:00+00:00,9.5,63.9,0.0,0.0,0.0,285.05,4.55,294.0,86610.0
1990-01-19 21:00:00+00:00,8.94,66.25,0.0,0.0,0.0,285.05,4.28,290.0,86630.0
1990-01-19 22:00:00+00:00,8.5,66.25,0.0,0.0,0.0,286.6,4.0,293.0,86650.0
1990-01-19 23:00:00+00:00,8.22,68.7,0.0,0.0,0.0,292.6,3.52,297.0,86690.0
1990-01-20 00:00:00+00:00,8.12,68.7,0.0,0.0,0.0,309.05,2.97,304.0,86720.0
1990-01-20 01:00:00+00:00,7.39,73.9,0.0,0.0,0.0,288.45,2.28,321.0,86720.0
1990-01-20 02:00:00+00:00,6.64,76.65,0.0,0.0,0.0,274.2,1.93,351.0,86740.0
1990-01-20 03:00:00+00:00,5.39,85.6,0.0,0.0,0.0,260.1,1.66,6.0,86760.0
1990-01-20 04:00:00+00:00,4.74,85.55,0.0,0.0,0.0,266.3,1.52,350.0,86810.0
1990-01-20 05:00:00+00:00,3.9,88.75,0.0,0.0,0.0,242.1,1.86,330.0,86830.0
1990-01-20 06:00:00+00:00,3.37,88.7,0.0,0.0,0.0,254.1,2.07,321.0,86860.0
1990-01-20 07:00:00+00:00,3.42,88.7,0.0,0.0,0.0,258.75,2.28,307.0,86870.0
1990-01-20 08:00:00+00:00,3.41,88.7,47.0,14.89,45.0,257.75,1.72,298.0,86920.0
1990-01-20 09:00:00+00:00,4.91,85.55,178.0,91.79,149.0,261.45,1.03,291.0,86970.0
1990-01-20 10:00:00+00:00,8.53,56.9,280.0,101.3,233.0,275.75,0.62,280.0,87030.0
1990-01-20 11:00:00+00:00,10.61,45.55,597.0,842.76,118.0,271.5,0.28,255.0,87080.0
1990-01-20 12:00:00+00:00,12.5,37.9,643.0,779.8,158.0,276.95,0.14,210.0,87060.0
1990-01-20 13:00:00+00:00,13.77,31.55,141.0,0.0,141.0,280.8,0.83,156.0,87010.0
1990-01-20 14:00:00+00:00,14.65,28.25,334.0,83.06,287.0,283.3,1.59,149.0,86950.0
1990-01-20 15:00:00+00:00,15.01,29.4,431.0,608.69,151.0,266.85,2.34,137.0,86930.0
1990-01-20 16:00:00+00:00,14.91,29.4,301.0,778.79,59.0,266.65,3.03,129.0,86940.0
1990-01-20 17:00:00+00:00,14.18,30.45,100.0,561.45,28.0,257.2,3.52,124.0,86980.0
1990-01-20 18:00:00+00:00,12.65,32.5,0.0,0.0,0.0,249.65,3.31,117.0,87040.0
1990-01-20 19:00:00+00:00,11.34,36.15,0.0,0.0,0.0,251.4,3.03,113.0,87100.0
1990-01-20 20:00:00+00:00,10.25,40.4,0.0,0.0,0.0,251.0,2.21,110.0,87160.0
1990-01-20 21:00:00+00:00,9.0,48.95,0.0,0.0,0.0,243.85,1.24,104.0,87200.0
1990-01-20 22:00:00+00:00,9.96,35.75,0.0,0.0,0.0,233.4,0.48,88.0,87250.0
1990-01-20 23:00:00+00:00,9.38,35.75,0.0,0.0,0.0,232.05,0.07,294.0,87260.0
1990-01-21 00:00:00+00:00,8.8,37.05,0.0,0.0,0.0,230.1,0.34,294.0,87290.0
1990-01-21 01:00:00+00:00,8.2,38.4,0.0,0.0,0.0,228.65,0.34,320.0,87250.0
1990-01-21 02:00:00+00:00,7.62,39.85,0.0,0.0,0.0,230.85,0.48,329.0,87250.0
1990-01-21 03:00:00+00:00,7.16,41.3,0.0,0.0,0.0,239.4,0.76,326.0,87230.0
1990-01-21 04:00:00+00:00,5.88,46.1,0.0,0.0,0.0,238.2,1.17,323.0,87240.0
1990-01-21 05:00:00+00:00,5.75,46.1,0.0,0.0,0.0,245.4,1.03,324.0,87250.0
1990-01-21 06:00:00+00:00,4.75,49.65,0.0,0.0,0.0,239.6,0.55,331.0,87230.0
1990-01-21 07:00:00+00:00,3.08,55.55,0.0,0.0,0.0,224.3,0.76,320.0,87300.0
1990-01-21 08:00:00+00:00,2.16,59.95,105.0,501.43,37.0,222.75,0.55,318.0,87350.0
1990-01-21 09:00:00+00:00,4.91,49.65,314.0,802.77,59.0,225.65,0.21,18.0,87410.0
1990-01-21 10:00:00+00:00,8.36,41.6,491.0,896.79,73.0,230.65,0.55,112.0,87450.0
1990-01-21 11:00:00+00:00,10.5,35.85,617.0,928.41,87.0,237.85,0.9,151.0,87450.0
1990-01-21 12:00:00+00:00,12.13,29.9,680.0,929.91,99.0,244.2,1.17,172.0,87360.0
1990-01-21 13:00:00+00:00,13.52,27.85,682.0,946.8,91.0,248.1,1.38,189.0,87290.0
1990-01-21 14:00:00+00:00,14.6,24.1,606.0,890.8,99.0,251.4,1.72,203.0,87210.0
1990-01-21 15:00:00+00:00,15.28,23.3,480.0,858.9,82.0,253.7,1.86,211.0,87160.0
1990-01-21 16:00:00+00:00,15.55,23.3,303.0,764.09,63.0,258.15,1.93,210.0,87160.0
1990-01-21 17:00:00+00:00,15.31,23.3,105.0,578.03,29.0,257.2,1.79,212.0,87180.0
1990-01-21 18:00:00+00:00,14.35,28.15,0.0,0.0,0.0,260.1,1.45,209.0,87220.0
1990-01-21 19:00:00+00:00,13.65,30.3,0.0,0.0,0.0,252.35,0.69,269.0,87210.0
1990-01-21 20:00:00+00:00,11.72,40.8,0.0,0.0,0.0,255.45,0.9,287.0,87250.0
1990-01-21 21:00:00+00:00,10.01,47.2,0.0,0.0,0.0,249.65,1.03,293.0,87270.0
1990-01-21 22:00:00+00:00,8.35,54.65,0.0,0.0,0.0,245.6,1.03,297.0,87330.0
1990-01-21 23:00:00+00:00,6.41,63.25,0.0,0.0,0.0,242.1,1.03,298.0,87340.0
1990-01-22 00:00:00+00:00,4.54,70.7,0.0,0.0,0.0,246.95,1.17,296.0,87320.0
1990-01-22 01:00:00+00:00,3.28,79.1,0.0,0.0,0.0,246.25,1.31,294.0,87290.0
1990-01-22 02:00:00+00:00,2.47,79.0,0.0,0.0,0.0,245.75,1.38,293.0,87240.0
1990-01-22 03:00:00+00:00,1.52,82.0,0.0,0.0,0.0,244.05,1.45,295.0,87200.0
1990-01-22 04:00:00+00:00,1.16,85.2,0.0,0.0,0.0,246.95,1.45,295.0,87150.0
1990-01-22 05:00:00+00:00,0.73,85.15,0.0,0.0,0.0,240.95,1.52,294.0,87120.0
1990-01-22 06:00:00+00:00,0.49,81.9,0.0,0.0,0.0,247.3,1.66,293.0,87100.0
1990-01-22 07:00:00+00:00,0.46,81.9,0.0,0.0,0.0,254.5,1.66,292.0,87130.0
1990-01-22 08:00:00+00:00,0.81,81.9,80.0,182.44,55.0,253.15,1.59,291.0,87130.0
1990-01-22 09:00:00+00:00,4.06,70.6,259.0,422.59,124.0,250.8,1.38,289.0,87190.0
1990-01-22 10:00:00+00:00,9.28,43.55,506.0,980.12,47.0,257.0,1.38,295.0,87170.0
1990-01-22 11:00:00+00:00,12.22,36.45,447.0,294.71,278.0,262.6,1.86,311.0,87140.0
1990-01-22 12:00:00+00:00,14.26,35.6,253.0,6.37,249.0,272.1,2.76,318.0,87050.0
1990-01-22 13:00:00+00:00,15.66,34.65,300.0,25.5,284.0,272.3,3.17,320.0,86950.0
1990-01-22 14:00:00+00:00,16.24,34.8,482.0,400.0,253.0,290.65,3.66,321.0,86840.0
1990-01-22 15:00:00+00:00,16.09,36.15,156.0,2.14,155.0,303.45,4.34,325.0,86800.0
1990-01-22 16:00:00+00:00,15.07,41.75,164.0,66.14,143.0,312.15,5.17,333.0,86830.0
1990-01-22 17:00:00+00:00,13.02,51.65,55.0,44.53,49.0,325.5,5.45,341.0,86890.0
1990-01-22 18:00:00+00:00,11.34,59.6,0.0,0.0,0.0,323.55,4.21,344.0,86960.0
1990-01-22 19:00:00+00:00,10.28,66.45,0.0,0.0,0.0,310.05,3.31,339.0,87010.0
1990-01-22 20:00:00+00:00,9.6,66.35,0.0,0.0,0.0,304.4,2.48,332.0,87050.0
1990-01-22 21:00:00+00:00,8.9,68.8,0.0,0.0,0.0,280.6,2.21,324.0,87070.0
1990-01-22 22:00:00+00:00,8.3,71.35,0.0,0.0,0.0,284.85,2.34,324.0,87080.0
1990-01-22 23:00:00+00:00,7.51,73.95,0.0,0.0,0.0,270.95,2.34,326.0,87080.0
1990-01-23 00:00:00+00:00,6.52,76.65,0.0,0.0,0.0,265.9,2.34,328.0,87050.0
1990-01-23 01:00:00+00:00,5.56,82.5,0.0,0.0,0.0,263.5,2.48,328.0,87020.0
1990-01-23 02:00:00+00:00,4.74,88.85,0.0,0.0,0.0,270.95,2.34,325.0,86980.0
1990-01-23 03:00:00+00:00,4.16,85.5,0.0,0.0,0.0,261.65,2.34,322.0,86980.0
1990-01-23 04:00:00+00:00,3.66,85.45,0.0,0.0,0.0,257.2,2.34,323.0,86950.0
1990-01-23 05:00:00+00:00,3.21,85.4,0.0,0.0,0.0,245.2,2.28,323.0,86960.0
1990-01-23 06:00:00+00:00,2.95,82.2,0.0,0.0,0.0,251.75,2.21,326.0,86960.0
1990-01-23 07:00:00+00:00,2.68,85.35,0.0,0.0,0.0,247.5,2.14,330.0,87010.0
1990-01-23 08:00:00+00:00,2.54,82.15,114.0,591.84,32.0,238.2,1.86,334.0,87030.0
1990-01-23 09:00:00+00:00,4.74,73.45,318.0,805.94,59.0,236.85,1.59,335.0,87100.0
1990-01-23 10:00:00+00:00,7.94,58.9,496.0,896.71,74.0,239.95,1.79,342.0,87120.0
1990-01-23 11:00:00+00:00,10.26,49.05,623.0,928.63,88.0,262.2,2.28,346.0,87130.0
1990-01-23 12:00:00+00:00,11.71,42.4,682.0,913.28,106.0,262.6,2.28,355.0,87070.0
1990-01-23 13:00:00+00:00,12.8,38.0,685.0,930.83,98.0,281.4,2.28,358.0,87010.0
1990-01-23 14:00:00+00:00,13.16,35.3,634.0,981.06,69.0,298.4,2.48,346.0,86920.0
1990-01-23 15:00:00+00:00,13.06,35.3,491.0,878.2,78.0,287.6,3.03,334.0,86910.0
1990-01-23 16:00:00+00:00,12.6,36.55,319.0,828.83,53.0,293.4,3.93,328.0,86940.0
1990-01-23 17:00:00+00:00,11.21,42.3,100.0,420.14,42.0,296.5,4.62,326.0,87020.0
1990-01-23 18:00:00+00:00,9.71,47.05,0.0,0.0,0.0,276.75,4.41,324.0,87090.0
1990-01-23 19:00:00+00:00,8.77,52.7,0.0,0.0,0.0,263.4,3.38,334.0,87150.0
1990-01-23 20:00:00+00:00,7.92,56.7,0.0,0.0,0.0,275.75,2.34,337.0,87240.0
1990-01-23 21:00:00+00:00,7.28,61.1,0.0,0.0,0.0,279.65,2.0,348.0,87330.0
1990-01-23 22:00:00+00:00,6.88,63.35,0.0,0.0,0.0,291.05,2.0,354.0,87400.0
1990-01-23 23:00:00+00:00,6.56,63.35,0.0,0.0,0.0,297.85,1.93,0.0,87460.0
1990-01-24 00:00:00+00:00,6.24,68.3,0.0,0.0,0.0,305.2,1.72,22.0,87520.0
1990-01-24 01:00:00+00:00,6.11,70.95,0.0,0.0,0.0,312.05,1.59,27.0,87530.0
1990-01-24 02:00:00+00:00,5.98,70.95,0.0,0.0,0.0,309.85,1.52,24.0,87530.0
1990-01-24 03:00:00+00:00,5.82,76.5,0.0,0.0,0.0,308.85,1.31,15.0,87540.0
1990-01-24 04:00:00+00:00,5.35,79.35,0.0,0.0,0.0,287.95,1.31,7.0,87540.0
1990-01-24 05:00:00+00:00,4.73,82.35,0.0,0.0,0.0,275.75,1.24,349.0,87560.0
1990-01-24 06:00:00+00:00,4.02,82.3,0.0,0.0,0.0,250.6,1.31,319.0,87580.0
1990-01-24 07:00:00+00:00,3.29,85.4,0.0,0.0,0.0,239.6,1.45,316.0,87680.0
1990-01-24 08:00:00+00:00,3.03,82.2,115.0,592.18,32.0,227.4,1.45,320.0,87740.0
1990-01-24 09:00:00+00:00,5.38,76.4,318.0,800.96,59.0,242.1,0.9,326.0,87800.0
1990-01-24 10:00:00+00:00,7.71,58.9,497.0,894.3,74.0,233.0,0.34,33.0,87840.0
1990-01-24 11:00:00+00:00,9.43,50.85,617.0,891.4,101.0,234.55,0.9,95.0,87840.0
1990-01-24 12:00:00+00:00,10.85,43.8,687.0,927.8,99.0,239.6,0.76,101.0,87780.0
1990-01-24 13:00:00+00:00,12.11,36.45,687.0,927.55,99.0,243.85,0.55,81.0,87690.0
1990-01-24 14:00:00+00:00,13.16,31.4,616.0,888.9,101.0,247.15,0.62,72.0,87600.0
1990-01-24 15:00:00+00:00,13.9,29.15,487.0,842.14,88.0,248.1,0.76,71.0,87560.0
1990-01-24 16:00:00+00:00,14.16,27.05,317.0,795.32,59.0,247.3,0.83,72.0,87540.0
1990-01-24 17:00:00+00:00,13.91,26.9,113.0,572.97,32.0,245.2,0.55,77.0,87560.0
1990-01-24 18:00:00+00:00,13.28,27.85,0.0,0.0,0.0,241.3,0.21,85.0,87580.0
1990-01-24 19:00:00+00:00,11.17,47.45,0.0,0.0,0.0,238.4,0.97,341.0,87580.0
1990-01-24 20:00:00+00:00,9.52,48.95,0.0,0.0,0.0,236.1,1.24,325.0,87620.0
1990-01-24 21:00:00+00:00,8.78,43.4,0.0,0.0,0.0,233.75,1.03,306.0,87650.0
1990-01-24 22:00:00+00:00,7.42,46.55,0.0,0.0,0.0,231.45,0.9,304.0,87690.0
1990-01-24 23:00:00+00:00,5.68,54.05,0.0,0.0,0.0,229.3,0.97,305.0,87730.0
1990-01-25 00:00:00+00:00,4.42,60.4,0.0,0.0,0.0,228.35,1.03,310.0,87740.0
1990-01-25 01:00:00+00:00,3.52,60.3,0.0,0.0,0.0,227.3,1.03,310.0,87730.0
1990-01-25 02:00:00+00:00,2.83,65.0,0.0,0.0,0.0,226.6,1.03,305.0,87700.0
1990-01-25 03:00:00+00:00,2.24,64.9,0.0,0.0,0.0,226.05,0.97,301.0,87690.0
1990-01-25 04:00:00+00:00,1.51,64.8,0.0,0.0,0.0,225.85,1.03,300.0,87690.0
1990-01-25 05:00:00+00:00,0.64,69.95,0.0,0.0,0.0,225.85,1.1,300.0,87680.0
1990-01-25 06:00:00+00:00,0.09,69.85,0.0,0.0,0.0,225.45,1.03,298.0,87660.0
1990-01-25 07:00:00+00:00,0.22,69.85,0.0,0.0,0.0,224.85,0.97,295.0,87680.0
1990-01-25 08:00:00+00:00,0.51,67.2,116.0,585.07,33.0,225.05,0.9,299.0,87710.0
1990-01-25 09:00:00+00:00,5.1,46.0,321.0,801.97,60.0,228.95,0.62,312.0,87750.0
1990-01-25 10:00:00+00:00,9.01,35.75,500.0,895.96,74.0,235.5,0.41,323.0,87800.0
1990-01-25 11:00:00+00:00,11.69,28.6,624.0,909.41,95.0,243.85,0.28,348.0,87800.0
1990-01-25 12:00:00+00:00,13.89,23.85,691.0,929.52,99.0,251.2,0.41,340.0,87760.0
1990-01-25 13:00:00+00:00,15.66,19.15,695.0,946.19,92.0,257.0,0.41,325.0,87670.0
1990-01-25 14:00:00+00:00,16.92,17.15,624.0,907.57,95.0,261.45,0.28,322.0,87580.0
1990-01-25 15:00:00+00:00,17.58,15.4,495.0,861.01,84.0,264.15,0.21,28.0,87530.0
1990-01-25 16:00:00+00:00,17.76,14.75,319.0,783.78,62.0,264.95,0.62,64.0,87510.0
1990-01-25 17:00:00+00:00,17.48,15.9,117.0,587.37,32.0,262.8,0.97,72.0,87530.0
1990-01-25 18:00:00+00:00,16.39,32.2,0.0,0.0,0.0,259.1,0.83,76.0,87550.0
1990-01-25 19:00:00+00:00,14.44,28.15,0.0,0.0,0.0,256.6,1.72,353.0,87560.0
1990-01-25 20:00:00+00:00,12.23,35.05,0.0,0.0,0.0,254.1,2.14,342.0,87580.0
1990-01-25 21:00:00+00:00,9.7,48.95,0.0,0.0,0.0,251.95,1.86,334.0,87620.0
1990-01-25 22:00:00+00:00,8.05,52.6,0.0,0.0,0.0,249.65,1.52,321.0,87650.0
1990-01-25 23:00:00+00:00,6.95,56.45,0.0,0.0,0.0,248.3,1.45,314.0,87650.0
1990-01-26 00:00:00+00:00,6.19,58.55,0.0,0.0,0.0,246.95,1.38,311.0,87660.0
1990-01-26 01:00:00+00:00,5.89,58.45,0.0,0.0,0.0,246.25,1.17,306.0,87660.0
1990-01-26 02:00:00+00:00,5.62,56.2,0.0,0.0,0.0,245.95,1.03,301.0,87680.0
1990-01-26 03:00:00+00:00,5.71,54.05,0.0,0.0,0.0,246.15,0.9,302.0,87690.0
1990-01-26 04:00:00+00:00,5.39,53.9,0.0,0.0,0.0,245.75,0.83,306.0,87700.0
1990-01-26 05:00:00+00:00,5.05,51.8,0.0,0.0,0.0,245.4,0.83,311.0,87720.0
1990-01-26 06:00:00+00:00,4.81,53.8,0.0,0.0,0.0,244.8,0.76,310.0,87760.0
1990-01-26 07:00:00+00:00,3.54,60.3,0.0,0.0,0.0,242.85,0.62,306.0,87750.0
1990-01-26 08:00:00+00:00,3.87,60.3,117.0,584.72,33.0,242.5,0.48,307.0,87820.0
1990-01-26 09:00:00+00:00,7.77,43.1,323.0,802.73,60.0,245.75,0.21,330.0,87860.0
1990-01-26 10:00:00+00:00,11.2,49.3,499.0,880.7,78.0,250.4,0.34,118.0,87910.0
1990-01-26 11:00:00+00:00,14.35,28.15,626.0,908.31,95.0,257.2,1.1,152.0,87900.0
1990-01-26 12:00:00+00:00,16.33,24.5,694.0,927.99,100.0,263.0,1.72,178.0,87820.0
1990-01-26 13:00:00+00:00,17.76,22.1,694.0,927.08,100.0,267.65,1.93,195.0,87750.0
1990-01-26 14:00:00+00:00,18.83,20.7,630.0,924.23,88.0,270.55,1.93,211.0,87640.0
1990-01-26 15:00:00+00:00,19.54,20.0,501.0,877.45,79.0,271.9,1.59,222.0,87560.0
1990-01-26 16:00:00+00:00,19.84,18.6,321.0,769.4,66.0,271.9,1.1,229.0,87550.0
1990-01-26 17:00:00+00:00,19.64,19.35,120.0,587.52,33.0,269.0,0.69,245.0,87560.0
1990-01-26 18:00:00+00:00,18.55,29.2,0.0,0.0,0.0,263.0,0.55,238.0,87580.0
1990-01-26 19:00:00+00:00,17.47,22.0,0.0,0.0,0.0,256.8,0.97,181.0,87580.0
1990-01-26 20:00:00+00:00,16.09,24.5,0.0,0.0,0.0,252.15,0.21,229.0,87620.0
1990-01-26 21:00:00+00:00,14.11,30.45,0.0,0.0,0.0,247.7,0.41,315.0,87680.0
1990-01-26 22:00:00+00:00,11.85,39.25,0.0,0.0,0.0,244.05,0.62,315.0,87700.0
1990-01-26 23:00:00+00:00,9.62,47.05,0.0,0.0,0.0,240.15,0.83,306.0,87710.0
1990-01-27 00:00:00+00:00,7.43,56.55,0.0,0.0,0.0,237.45,0.97,303.0,87690.0
1990-01-27 01:00:00+00:00,5.44,65.55,0.0,0.0,0.0,235.45,1.03,299.0,87670.0
1990-01-27 02:00:00+00:00,4.03,70.6,0.0,0.0,0.0,233.6,1.1,296.0,87620.0
1990-01-27 03:00:00+00:00,2.99,70.4,0.0,0.0,0.0,231.85,1.17,297.0,87580.0
1990-01-27 04:00:00+00:00,2.14,73.0,0.0,0.0,0.0,230.1,1.31,298.0,87530.0
1990-01-27 05:00:00+00:00,1.65,72.95,0.0,0.0,0.0,228.35,1.24,297.0,87490.0
1990-01-27 06:00:00+00:00,1.22,72.85,0.0,0.0,0.0,227.2,1.24,297.0,87470.0
1990-01-27 07:00:00+00:00,0.78,72.75,0.0,0.0,0.0,224.85,1.52,294.0,87500.0
1990-01-27 08:00:00+00:00,1.36,70.05,122.0,611.48,33.0,224.5,1.45,296.0,87520.0
1990-01-27 09:00:00+00:00,6.34,48.15,330.0,803.27,65.0,227.75,1.17,303.0,87550.0
1990-01-27 10:00:00+00:00,11.76,31.0,517.0,921.63,74.0,233.95,1.03,309.0,87560.0
1990-01-27 11:00:00+00:00,15.85,19.15,643.0,934.33,94.0,242.85,0.97,305.0,87520.0
1990-01-27 12:00:00+00:00,18.69,14.4,708.0,935.7,106.0,250.2,1.45,295.0,87450.0
1990-01-27 13:00:00+00:00,20.98,11.95,713.0,953.12,99.0,255.85,2.21,298.0,87330.0
1990-01-27 14:00:00+00:00,22.45,9.55,641.0,915.19,101.0,259.7,2.83,305.0,87210.0
1990-01-27 15:00:00+00:00,23.02,8.85,514.0,887.39,84.0,262.05,3.72,319.0,87130.0
1990-01-27 16:00:00+00:00,22.6,9.95,335.0,814.98,62.0,261.65,4.69,326.0,87100.0
1990-01-27 17:00:00+00:00,21.09,13.55,126.0,614.01,33.0,259.3,4.97,325.0,87110.0
1990-01-27 18:00:00+00:00,18.25,19.75,0.0,0.0,0.0,255.85,4.55,327.0,87130.0
1990-01-27 19:00:00+00:00,15.7,25.35,0.0,0.0,0.0,248.65,3.52,330.0,87100.0
1990-01-27 20:00:00+00:00,13.34,36.7,0.0,0.0,0.0,242.85,3.1,328.0,87130.0
1990-01-27 21:00:00+00:00,11.42,45.7,0.0,0.0,0.0,238.05,2.97,321.0,87170.0
1990-01-27 22:00:00+00:00,9.81,52.85,0.0,0.0,0.0,235.15,2.83,311.0,87190.0
1990-01-27 23:00:00+00:00,8.49,54.8,0.0,0.0,0.0,235.5,2.69,304.0,87220.0
1990-01-28 00:00:00+00:00,7.4,58.8,0.0,0.0,0.0,233.75,2.62,303.0,87180.0
1990-01-28 01:00:00+00:00,6.53,61.0,0.0,0.0,0.0,231.95,2.55,305.0,87160.0
1990-01-28 02:00:00+00:00,5.82,63.15,0.0,0.0,0.0,231.85,2.48,308.0,87090.0
1990-01-28 03:00:00+00:00,5.2,63.05,0.0,0.0,0.0,230.3,2.34,308.0,87010.0
1990-01-28 04:00:00+00:00,4.61,65.4,0.0,0.0,0.0,229.3,2.28,307.0,86940.0
1990-01-28 05:00:00+00:00,4.04,65.3,0.0,0.0,0.0,227.4,2.14,306.0,86910.0
1990-01-28 06:00:00+00:00,3.32,67.7,0.0,0.0,0.0,226.2,1.93,306.0,86890.0
1990-01-28 07:00:00+00:00,2.56,73.1,0.0,0.0,0.0,223.3,1.79,302.0,86840.0
1990-01-28 08:00:00+00:00,2.7,73.1,123.0,596.49,35.0,224.1,1.45,302.0,86860.0
1990-01-28 09:00:00+00:00,7.06,52.35,327.0,779.51,68.0,231.65,0.97,316.0,86890.0
1990-01-28 10:00:00+00:00,11.85,37.75,510.0,881.26,84.0,235.5,0.55,331.0,86920.0
1990-01-28 11:00:00+00:00,14.97,28.25,642.0,926.1,95.0,245.75,0.28,13.0,86920.0
1990-01-28 12:00:00+00:00,17.25,21.15,707.0,927.78,107.0,254.85,0.41,56.0,86830.0
1990-01-28 13:00:00+00:00,18.95,16.95,712.0,944.82,100.0,261.65,0.34,73.0,86710.0
1990-01-28 14:00:00+00:00,20.18,14.6,640.0,907.89,101.0,266.3,0.14,267.0,86560.0
1990-01-28 15:00:00+00:00,20.91,14.1,511.0,862.3,90.0,267.85,0.62,282.0,86470.0
1990-01-28 16:00:00+00:00,21.02,14.1,336.0,806.36,63.0,269.2,1.31,303.0,86430.0
1990-01-28 17:00:00+00:00,20.17,15.85,131.0,632.81,33.0,265.5,2.21,329.0,86440.0
1990-01-28 18:00:00+00:00,18.04,21.25,0.0,0.0,0.0,259.1,2.9,348.0,86450.0
1990-01-28 19:00:00+00:00,16.95,25.6,0.0,0.0,0.0,260.65,1.38,340.0,86440.0
1990-01-28 20:00:00+00:00,14.58,33.05,0.0,0.0,0.0,254.3,1.79,339.0,86460.0
1990-01-28 21:00:00+00:00,12.64,41.1,0.0,0.0,0.0,262.05,2.0,328.0,86470.0
1990-01-28 22:00:00+00:00,10.96,51.1,0.0,0.0,0.0,268.4,2.48,321.0,86510.0
1990-01-28 23:00:00+00:00,9.35,59.25,0.0,0.0,0.0,267.45,2.62,321.0,86500.0
1990-01-29 00:00:00+00:00,8.2,66.15,0.0,0.0,0.0,267.45,2.48,319.0,86480.0
1990-01-29 01:00:00+00:00,7.26,71.15,0.0,0.0,0.0,259.6,2.34,315.0,86420.0
1990-01-29 02:00:00+00:00,6.47,73.8,0.0,0.0,0.0,256.8,2.28,310.0,86340.0
1990-01-29 03:00:00+00:00,5.86,76.5,0.0,0.0,0.0,253.15,2.21,305.0,86270.0
1990-01-29 04:00:00+00:00,5.38,76.4,0.0,0.0,0.0,250.2,2.21,302.0,86220.0
1990-01-29 05:00:00+00:00,4.95,76.3,0.0,0.0,0.0,248.1,2.14,301.0,86160.0
1990-01-29 06:00:00+00:00,4.63,73.45,0.0,0.0,0.0,249.25,2.21,301.0,86110.0
1990-01-29 07:00:00+00:00,4.36,76.25,0.0,0.0,0.0,242.65,2.21,301.0,86090.0
1990-01-29 08:00:00+00:00,4.39,73.4,125.0,608.28,34.0,242.1,2.28,305.0,86070.0
1990-01-29 09:00:00+00:00,7.13,56.55,327.0,779.79,66.0,248.3,2.41,308.0,86070.0
1990-01-29 10:00:00+00:00,10.43,47.2,512.0,898.8,75.0,259.9,3.72,318.0,86090.0
1990-01-29 11:00:00+00:00,12.17,44.2,674.0,1060.99,44.0,259.9,5.66,319.0,86050.0
1990-01-29 12:00:00+00:00,13.43,42.8,698.0,895.24,116.0,275.4,6.28,320.0,85940.0
1990-01-29 13:00:00+00:00,13.63,41.35,707.0,930.41,101.0,286.4,7.72,322.0,85840.0
1990-01-29 14:00:00+00:00,12.64,42.7,636.0,893.91,102.0,288.95,8.55,326.0,85780.0
1990-01-29 15:00:00+00:00,11.14,43.95,165.0,0.0,165.0,288.95,8.55,331.0,85750.0
1990-01-29 16:00:00+00:00,10.1,43.7,154.0,29.23,144.0,289.1,8.14,330.0,85750.0
1990-01-29 17:00:00+00:00,8.38,48.65,31.0,0.0,31.0,259.1,7.24,323.0,85780.0
1990-01-29 18:00:00+00:00,6.2,56.3,0.0,0.0,0.0,267.65,6.62,318.0,85870.0
1990-01-29 19:00:00+00:00,5.15,58.3,0.0,0.0,0.0,281.75,7.31,322.0,85820.0
1990-01-29 20:00:00+00:00,4.58,55.95,0.0,0.0,0.0,251.6,7.59,327.0,85850.0
1990-01-29 21:00:00+00:00,3.99,53.65,0.0,0.0,0.0,235.7,8.69,329.0,85870.0
1990-01-29 22:00:00+00:00,3.98,53.65,0.0,0.0,0.0,255.45,8.83,330.0,85880.0
1990-01-29 23:00:00+00:00,4.07,51.55,0.0,0.0,0.0,274.2,8.21,330.0,85920.0
1990-01-30 00:00:00+00:00,3.83,53.5,0.0,0.0,0.0,251.95,8.07,329.0,85930.0
1990-01-30 01:00:00+00:00,3.87,53.5,0.0,0.0,0.0,270.65,7.93,329.0,85960.0
1990-01-30 02:00:00+00:00,3.91,53.5,0.0,0.0,0.0,285.65,7.93,327.0,85940.0
1990-01-30 03:00:00+00:00,3.77,53.5,0.0,0.0,0.0,279.45,7.86,325.0,85920.0
1990-01-30 04:00:00+00:00,3.31,55.55,0.0,0.0,0.0,238.6,7.79,322.0,85920.0
1990-01-30 05:00:00+00:00,3.22,55.55,0.0,0.0,0.0,246.15,7.79,322.0,85950.0
1990-01-30 06:00:00+00:00,3.03,55.55,0.0,0.0,0.0,231.65,7.66,322.0,86010.0
1990-01-30 07:00:00+00:00,3.02,55.55,0.0,0.0,0.0,230.5,7.31,320.0,86090.0
1990-01-30 08:00:00+00:00,3.17,55.55,111.0,362.4,56.0,228.55,7.1,320.0,86170.0
1990-01-30 09:00:00+00:00,4.45,51.7,345.0,859.93,55.0,236.3,6.34,314.0,86270.0
1990-01-30 10:00:00+00:00,5.96,48.0,515.0,858.73,95.0,242.85,7.52,320.0,86360.0
1990-01-30 11:00:00+00:00,6.93,44.6,658.0,954.79,88.0,274.05,7.93,324.0,86390.0
1990-01-30 12:00:00+00:00,7.76,38.25,339.0,36.72,315.0,263.6,8.69,330.0,86380.0
1990-01-30 13:00:00+00:00,7.95,35.3,475.0,195.43,347.0,243.05,8.55,332.0,86360.0
1990-01-30 14:00:00+00:00,7.97,32.55,665.0,969.88,82.0,235.9,8.28,332.0,86350.0
1990-01-30 15:00:00+00:00,7.87,32.55,541.0,962.38,64.0,235.7,8.07,330.0,86380.0
1990-01-30 16:00:00+00:00,7.47,33.75,345.0,806.88,66.0,227.2,8.34,328.0,86450.0
1990-01-30 17:00:00+00:00,6.43,36.35,137.0,630.76,35.0,226.4,8.0,327.0,86570.0
1990-01-30 18:00:00+00:00,4.92,45.85,0.0,0.0,0.0,219.85,6.69,324.0,86710.0
1990-01-30 19:00:00+00:00,4.13,49.55,0.0,0.0,0.0,214.8,5.79,320.0,86670.0
1990-01-30 20:00:00+00:00,3.7,53.5,0.0,0.0,0.0,217.3,5.72,322.0,86700.0
1990-01-30 21:00:00+00:00,3.48,55.7,0.0,0.0,0.0,225.05,6.07,325.0,86770.0
1990-01-30 22:00:00+00:00,3.82,55.7,0.0,0.0,0.0,254.3,6.07,324.0,86800.0
1990-01-30 23:00:00+00:00,3.86,55.7,0.0,0.0,0.0,251.95,6.21,324.0,86800.0
1990-01-31 00:00:00+00:00,3.59,55.7,0.0,0.0,0.0,236.85,6.07,327.0,86810.0
1990-01-31 01:00:00+00:00,3.23,55.55,0.0,0.0,0.0,231.55,5.31,327.0,86790.0
1990-01-31 02:00:00+00:00,2.99,55.55,0.0,0.0,0.0,233.2,4.07,319.0,86780.0
1990-01-31 03:00:00+00:00,2.66,57.7,0.0,0.0,0.0,233.6,2.62,295.0,86730.0
1990-01-31 04:00:00+00:00,2.25,59.95,0.0,0.0,0.0,222.15,2.48,262.0,86740.0
1990-01-31 05:00:00+00:00,1.89,59.8,0.0,0.0,0.0,237.85,2.14,255.0,86730.0
1990-01-31 06:00:00+00:00,1.61,59.8,0.0,0.0,0.0,238.4,2.14,243.0,86780.0
1990-01-31 07:00:00+00:00,1.75,62.25,0.0,0.0,0.0,240.55,2.21,247.0,86790.0
1990-01-31 08:00:00+00:00,2.12,59.95,126.0,577.85,37.0,249.25,2.28,245.0,86860.0
1990-01-31 09:00:00+00:00,4.67,51.7,331.0,773.86,68.0,269.0,2.48,251.0,86900.0
1990-01-31 10:00:00+00:00,7.12,44.75,516.0,894.2,76.0,288.55,3.59,275.0,86940.0
1990-01-31 11:00:00+00:00,8.39,45.0,612.0,776.33,146.0,298.8,4.48,297.0,86980.0
1990-01-31 12:00:00+00:00,9.46,45.25,707.0,908.56,110.0,305.2,5.72,313.0,86940.0
1990-01-31 13:00:00+00:00,10.18,45.4,708.0,909.43,109.0,312.35,6.0,318.0,86900.0
1990-01-31 14:00:00+00:00,10.81,45.55,663.0,978.72,71.0,297.65,6.07,319.0,86840.0
1990-01-31 15:00:00+00:00,11.03,47.45,390.0,312.38,234.0,310.6,6.0,316.0,86830.0
1990-01-31 16:00:00+00:00,9.97,51.64,290.0,446.46,134.0,289.73,4.87,313.0,86870.0
1990-01-31 17:00:00+00:00,9.77,53.65,92.0,139.27,69.0,290.2,4.52,310.0,86940.0
1990-01-31 18:00:00+00:00,9.57,55.66,0.0,0.0,0.0,290.67,4.17,306.0,87010.0
1990-01-31 19:00:00+00:00,9.38,57.66,0.0,0.0,0.0,291.14,3.82,297.0,87040.0
1990-01-31 20:00:00+00:00,9.18,59.67,0.0,0.0,0.0,291.61,3.47,291.0,87080.0
1990-01-31 21:00:00+00:00,8.99,61.68,0.0,0.0,0.0,292.08,3.12,292.0,87120.0
1990-01-31 22:00:00+00:00,8.79,63.68,0.0,0.0,0.0,292.56,2.77,292.0,87150.0
1990-01-31 23:00:00+00:00,8.6,65.69,0.0,0.0,0.0,293.03,2.42,289.0,87170.0
1990-02-01 00:00:00+00:00,8.4,67.7,0.0,0.0,0.0,293.5,2.08,145.0,87660.0
1990-02-01 01:00:00+00:00,8.2,69.7,0.0,0.0,0.0,293.97,1.73,58.0,87680.0
1990-02-01 02:00:00+00:00,8.01,71.71,0.0,0.0,0.0,294.44,1.38,5.0,87620.0
1990-02-01 03:00:00+00:00,7.81,73.72,0.0,0.0,0.0,294.91,1.03,326.0,87600.0
1990-02-01 04:00:00+00:00,7.62,75.72,0.0,0.0,0.0,295.38,0.68,322.0,87530.0
1990-02-01 05:00:00+00:00,7.42,77.73,0.0,0.0,0.0,295.85,0.33,295.0,87540.0
1990-02-01 06:00:00+00:00,7.22,79.74,0.0,0.0,0.0,296.33,-0.02,298.0,87610.0
1990-02-01 07:00:00+00:00,7.03,81.74,0.0,0.0,0.0,296.8,-0.37,77.0,87600.0
1990-02-01 08:00:00+00:00,6.88,79.55,75.0,76.75,63.0,304.6,1.1,72.0,87610.0
1990-02-01 09:00:00+00:00,7.94,76.8,153.0,29.19,143.0,296.85,0.9,61.0,87620.0
1990-02-01 10:00:00+00:00,10.67,66.55,278.0,76.75,240.0,294.55,0.97,82.0,87660.0
1990-02-01 11:00:00+00:00,12.2,59.85,447.0,243.54,300.0,295.7,1.52,101.0,87670.0
1990-02-01 12:00:00+00:00,13.38,53.7,658.0,717.46,184.0,290.3,1.66,115.0,87610.0
1990-02-01 13:00:00+00:00,14.21,50.1,682.0,807.68,147.0,290.1,1.79,131.0,87520.0
1990-02-01 14:00:00+00:00,14.63,48.4,437.0,213.58,307.0,301.9,1.72,145.0,87450.0
1990-02-01 15:00:00+00:00,14.87,48.4,238.0,31.8,222.0,308.3,1.72,168.0,87410.0
1990-02-01 16:00:00+00:00,14.8,46.6,212.0,130.29,166.0,301.1,1.59,180.0,87400.0
1990-02-01 17:00:00+00:00,14.13,50.1,66.0,29.66,61.0,304.2,1.38,203.0,87410.0
1990-02-01 18:00:00+00:00,13.04,55.75,0.0,0.0,0.0,308.5,1.52,252.0,87430.0
1990-02-01 19:00:00+00:00,11.64,62.0,0.0,0.0,0.0,298.4,1.79,342.0,87430.0
1990-02-01 20:00:00+00:00,10.32,71.6,0.0,0.0,0.0,282.75,1.79,350.0,87460.0
1990-02-01 21:00:00+00:00,9.01,76.95,0.0,0.0,0.0,281.4,1.38,358.0,87470.0
1990-02-01 22:00:00+00:00,9.4,68.9,0.0,0.0,0.0,278.1,0.97,6.0,87450.0
1990-02-01 23:00:00+00:00,9.26,68.8,0.0,0.0,0.0,265.9,0.97,11.0,87440.0
1990-02-02 00:00:00+00:00,8.73,71.35,0.0,0.0,0.0,263.2,0.97,12.0,87430.0
1990-02-02 01:00:00+00:00,8.57,71.35,0.0,0.0,0.0,269.3,0.76,10.0,87410.0
1990-02-02 02:00:00+00:00,7.96,71.25,0.0,0.0,0.0,260.1,0.76,28.0,87360.0
1990-02-02 03:00:00+00:00,7.34,73.9,0.0,0.0,0.0,255.05,0.9,36.0,87320.0
1990-02-02 04:00:00+00:00,6.97,73.8,0.0,0.0,0.0,264.75,0.9,38.0,87290.0
1990-02-02 05:00:00+00:00,6.68,76.55,0.0,0.0,0.0,267.65,0.9,37.0,87280.0
1990-02-02 06:00:00+00:00,6.52,76.55,0.0,0.0,0.0,273.85,0.97,39.0,87300.0
1990-02-02 07:00:00+00:00,6.52,76.55,0.0,0.0,0.0,279.85,1.24,55.0,87300.0
1990-02-02 08:00:00+00:00,7.34,71.15,98.0,207.82,65.0,266.5,1.03,32.0,87320.0
1990-02-02 09:00:00+00:00,8.42,71.35,192.0,86.87,162.0,277.1,0.69,37.0,87390.0
1990-02-02 10:00:00+00:00,10.34,66.45,424.0,435.55,207.0,279.85,1.79,84.0,87410.0
1990-02-02 11:00:00+00:00,11.48,62.0,562.0,558.48,223.0,289.1,2.9,94.0,87400.0
1990-02-02 12:00:00+00:00,12.74,57.75,390.0,81.29,336.0,281.95,3.72,108.0,87350.0
1990-02-02 13:00:00+00:00,13.81,53.85,688.0,800.1,155.0,292.4,3.79,121.0,87270.0
1990-02-02 14:00:00+00:00,14.06,52.0,446.0,223.67,309.0,310.2,3.79,123.0,87170.0
1990-02-02 15:00:00+00:00,14.1,50.1,497.0,723.92,130.0,301.1,4.07,126.0,87130.0
1990-02-02 16:00:00+00:00,13.79,51.9,332.0,678.38,90.0,295.9,4.34,127.0,87130.0
1990-02-02 17:00:00+00:00,13.33,53.7,122.0,354.54,61.0,290.5,4.14,117.0,87120.0
1990-02-02 18:00:00+00:00,12.26,59.85,0.0,0.0,0.0,287.6,3.45,99.0,87130.0
1990-02-02 19:00:00+00:00,11.13,64.25,0.0,0.0,0.0,280.2,2.62,68.0,87120.0
1990-02-02 20:00:00+00:00,10.07,69.0,0.0,0.0,0.0,288.15,2.14,48.0,87160.0
1990-02-02 21:00:00+00:00,8.94,76.95,0.0,0.0,0.0,294.15,1.52,7.0,87220.0
1990-02-02 22:00:00+00:00,7.89,79.7,0.0,0.0,0.0,271.7,1.79,339.0,87240.0
1990-02-02 23:00:00+00:00,7.2,82.6,0.0,0.0,0.0,274.2,1.86,335.0,87270.0
1990-02-03 00:00:00+00:00,6.36,85.7,0.0,0.0,0.0,267.45,1.79,336.0,87270.0
1990-02-03 01:00:00+00:00,4.5,88.85,0.0,0.0,0.0,268.7,1.79,335.0,87250.0
1990-02-03 02:00:00+00:00,3.7,92.15,0.0,0.0,0.0,254.65,1.79,335.0,87190.0
1990-02-03 03:00:00+00:00,3.2,92.15,0.0,0.0,0.0,259.5,1.79,337.0,87150.0
1990-02-03 04:00:00+00:00,2.85,88.7,0.0,0.0,0.0,256.6,1.79,339.0,87100.0
1990-02-03 05:00:00+00:00,2.76,92.15,0.0,0.0,0.0,259.3,1.66,331.0,87100.0
1990-02-03 06:00:00+00:00,2.04,92.1,0.0,0.0,0.0,240.55,1.66,324.0,87130.0
1990-02-03 07:00:00+00:00,1.58,92.05,0.0,0.0,0.0,240.95,1.59,315.0,87110.0
1990-02-03 08:00:00+00:00,2.14,88.65,133.0,564.15,42.0,238.05,1.45,310.0,87150.0
1990-02-03 09:00:00+00:00,5.62,85.65,341.0,772.53,72.0,258.95,1.1,320.0,87200.0
1990-02-03 10:00:00+00:00,10.06,64.0,525.0,869.54,89.0,258.15,1.03,336.0,87250.0
1990-02-03 11:00:00+00:00,11.61,57.55,666.0,946.8,88.0,266.5,0.97,335.0,87230.0
1990-02-03 12:00:00+00:00,12.99,51.75,739.0,970.09,91.0,263.6,1.1,317.0,87200.0
1990-02-03 13:00:00+00:00,14.11,48.25,721.0,898.53,119.0,277.3,1.72,302.0,87100.0
1990-02-03 14:00:00+00:00,14.98,41.75,662.0,908.55,102.0,281.95,2.07,300.0,87050.0
1990-02-03 15:00:00+00:00,15.23,40.2,531.0,859.48,92.0,280.2,2.0,295.0,87000.0
1990-02-03 16:00:00+00:00,15.25,38.7,348.0,738.05,82.0,282.35,2.41,295.0,87020.0
1990-02-03 17:00:00+00:00,14.64,41.65,142.0,535.56,48.0,282.75,2.62,305.0,87070.0
1990-02-03 18:00:00+00:00,13.02,49.85,0.0,0.0,0.0,267.25,2.69,320.0,87120.0
1990-02-03 19:00:00+00:00,11.03,57.4,0.0,0.0,0.0,253.3,2.97,331.0,87130.0
1990-02-03 20:00:00+00:00,9.08,68.8,0.0,0.0,0.0,246.55,2.9,333.0,87190.0
1990-02-03 21:00:00+00:00,7.57,76.7,0.0,0.0,0.0,256.05,2.62,326.0,87230.0
1990-02-03 22:00:00+00:00,6.47,82.55,0.0,0.0,0.0,251.4,2.48,316.0,87290.0
1990-02-03 23:00:00+00:00,5.53,82.5,0.0,0.0,0.0,253.1,2.28,311.0,87330.0
1990-02-04 00:00:00+00:00,4.6,88.85,0.0,0.0,0.0,244.2,1.93,307.0,87350.0
1990-02-04 01:00:00+00:00,3.89,88.8,0.0,0.0,0.0,243.0,1.72,305.0,87340.0
1990-02-04 02:00:00+00:00,3.18,92.15,0.0,0.0,0.0,242.1,1.59,309.0,87330.0
1990-02-04 03:00:00+00:00,2.52,92.15,0.0,0.0,0.0,248.1,1.38,308.0,87310.0
1990-02-04 04:00:00+00:00,1.54,92.05,0.0,0.0,0.0,234.95,1.17,307.0,87280.0
1990-02-04 05:00:00+00:00,1.48,88.6,0.0,0.0,0.0,239.0,0.9,309.0,87290.0
1990-02-04 06:00:00+00:00,1.49,85.25,0.0,0.0,0.0,233.75,0.83,307.0,87310.0
1990-02-04 07:00:00+00:00,1.54,82.0,0.0,0.0,0.0,227.2,0.83,308.0,87330.0
1990-02-04 08:00:00+00:00,2.21,82.05,135.0,555.19,44.0,233.2,0.62,312.0,87370.0
1990-02-04 09:00:00+00:00,5.98,68.3,342.0,763.2,74.0,236.3,0.28,348.0,87430.0
1990-02-04 10:00:00+00:00,8.95,56.9,525.0,857.98,92.0,239.6,0.41,75.0,87470.0
1990-02-04 11:00:00+00:00,10.68,61.75,659.0,908.78,101.0,246.75,0.97,124.0,87470.0
1990-02-04 12:00:00+00:00,12.11,57.65,727.0,915.57,112.0,253.5,1.66,149.0,87440.0
1990-02-04 13:00:00+00:00,13.51,51.9,680.0,722.72,193.0,276.15,2.21,189.0,87360.0
1990-02-04 14:00:00+00:00,14.4,48.25,655.0,860.94,121.0,280.8,2.07,210.0,87290.0
1990-02-04 15:00:00+00:00,15.18,45.05,538.0,872.51,89.0,299.4,1.93,216.0,87230.0
1990-02-04 16:00:00+00:00,15.63,43.5,353.0,755.29,78.0,296.85,1.86,216.0,87220.0
1990-02-04 17:00:00+00:00,15.26,45.05,140.0,480.5,54.0,301.1,2.41,184.0,87210.0
1990-02-04 18:00:00+00:00,13.74,51.9,0.0,0.0,0.0,267.05,2.76,172.0,87230.0
1990-02-04 19:00:00+00:00,12.55,55.65,0.0,0.0,0.0,259.7,2.41,170.0,87250.0
1990-02-04 20:00:00+00:00,11.09,61.85,0.0,0.0,0.0,255.45,2.0,175.0,87320.0
1990-02-04 21:00:00+00:00,9.72,68.9,0.0,0.0,0.0,254.5,1.59,178.0,87350.0
1990-02-04 22:00:00+00:00,11.1,57.4,0.0,0.0,0.0,251.2,0.9,185.0,87380.0
1990-02-04 23:00:00+00:00,10.34,61.65,0.0,0.0,0.0,248.65,0.34,201.0,87390.0
1990-02-05 00:00:00+00:00,9.45,61.55,0.0,0.0,0.0,249.45,0.14,214.0,87410.0
1990-02-05 01:00:00+00:00,8.51,66.15,0.0,0.0,0.0,255.0,0.07,139.0,87380.0
1990-02-05 02:00:00+00:00,7.68,68.5,0.0,0.0,0.0,256.6,0.28,68.0,87360.0
1990-02-05 03:00:00+00:00,6.62,73.7,0.0,0.0,0.0,253.7,0.34,52.0,87320.0
1990-02-05 04:00:00+00:00,5.68,73.65,0.0,0.0,0.0,249.05,0.21,14.0,87300.0
1990-02-05 05:00:00+00:00,5.03,76.4,0.0,0.0,0.0,240.75,0.28,339.0,87290.0
1990-02-05 06:00:00+00:00,4.43,76.3,0.0,0.0,0.0,242.3,0.28,328.0,87310.0
1990-02-05 07:00:00+00:00,5.16,76.4,0.0,0.0,0.0,254.65,0.34,23.0,87350.0
1990-02-05 08:00:00+00:00,4.96,76.4,71.0,42.02,64.0,260.5,0.21,40.0,87380.0
1990-02-05 09:00:00+00:00,7.01,76.65,148.0,16.94,142.0,268.4,0.34,77.0,87410.0
1990-02-05 10:00:00+00:00,9.43,66.35,403.0,330.7,235.0,276.15,0.9,99.0,87450.0
1990-02-05 11:00:00+00:00,10.86,61.75,545.0,466.32,257.0,283.7,1.31,126.0,87440.0
1990-02-05 12:00:00+00:00,11.96,55.5,505.0,238.34,344.0,294.95,1.79,157.0,87390.0
1990-02-05 13:00:00+00:00,12.81,53.6,582.0,411.67,303.0,296.5,2.07,181.0,87300.0
1990-02-05 14:00:00+00:00,13.59,50.0,395.0,120.16,320.0,305.95,2.34,199.0,87190.0
1990-02-05 15:00:00+00:00,13.83,48.15,359.0,192.88,259.0,296.3,2.07,200.0,87120.0
1990-02-05 16:00:00+00:00,13.63,48.15,185.0,51.66,166.0,306.95,2.21,196.0,87090.0
1990-02-05 17:00:00+00:00,13.29,49.85,73.0,27.4,68.0,298.4,2.55,188.0,87080.0
1990-02-05 18:00:00+00:00,12.44,53.6,0.0,0.0,0.0,310.8,2.34,179.0,87070.0
1990-02-05 19:00:00+00:00,11.33,61.85,0.0,0.0,0.0,307.5,1.86,166.0,87030.0
1990-02-05 20:00:00+00:00,10.41,66.55,0.0,0.0,0.0,304.4,1.45,163.0,87030.0
1990-02-05 21:00:00+00:00,10.28,64.0,0.0,0.0,0.0,298.4,1.03,162.0,87040.0
1990-02-05 22:00:00+00:00,11.2,55.3,0.0,0.0,0.0,293.6,0.48,146.0,87030.0
1990-02-05 23:00:00+00:00,10.76,57.3,0.0,0.0,0.0,291.45,0.62,88.0,87010.0
1990-02-06 00:00:00+00:00,9.44,61.55,0.0,0.0,0.0,290.3,0.97,75.0,86950.0
1990-02-06 01:00:00+00:00,8.85,63.8,0.0,0.0,0.0,279.35,0.97,58.0,86880.0
1990-02-06 02:00:00+00:00,7.97,68.6,0.0,0.0,0.0,271.5,0.76,39.0,86820.0
1990-02-06 03:00:00+00:00,6.86,71.05,0.0,0.0,0.0,258.55,0.62,8.0,86740.0
1990-02-06 04:00:00+00:00,6.07,73.7,0.0,0.0,0.0,258.55,0.62,334.0,86710.0
1990-02-06 05:00:00+00:00,5.51,73.65,0.0,0.0,0.0,264.95,0.62,321.0,86690.0
1990-02-06 06:00:00+00:00,5.45,73.65,0.0,0.0,0.0,284.5,0.41,324.0,86690.0
1990-02-06 07:00:00+00:00,5.99,70.95,0.0,0.0,0.0,259.5,0.28,21.0,86660.0
1990-02-06 08:00:00+00:00,5.58,73.65,57.0,11.81,55.0,253.9,0.41,24.0,86670.0
1990-02-06 09:00:00+00:00,7.62,71.15,52.0,0.0,52.0,252.15,0.41,63.0,86710.0
1990-02-06 10:00:00+00:00,9.87,61.65,118.0,0.0,118.0,261.85,0.9,98.0,86740.0
1990-02-06 11:00:00+00:00,11.34,57.4,366.0,85.31,313.0,271.9,0.97,153.0,86750.0
1990-02-06 12:00:00+00:00,12.25,51.5,744.0,952.43,97.0,277.1,1.52,198.0,86700.0
1990-02-06 13:00:00+00:00,13.23,48.0,726.0,877.28,128.0,283.7,2.07,217.0,86610.0
1990-02-06 14:00:00+00:00,13.47,46.35,276.0,14.33,267.0,288.15,1.93,230.0,86510.0
1990-02-06 15:00:00+00:00,13.66,46.35,393.0,266.12,254.0,294.95,1.66,231.0,86410.0
1990-02-06 16:00:00+00:00,13.35,48.0,326.0,532.99,128.0,288.35,1.93,260.0,86390.0
1990-02-06 17:00:00+00:00,12.53,51.65,122.0,247.42,76.0,293.75,2.62,307.0,86440.0
1990-02-06 18:00:00+00:00,11.08,57.4,0.0,0.0,0.0,282.35,2.41,317.0,86480.0
1990-02-06 19:00:00+00:00,9.24,68.8,0.0,0.0,0.0,269.6,2.07,318.0,86510.0
1990-02-06 20:00:00+00:00,8.06,73.95,0.0,0.0,0.0,255.85,2.07,313.0,86530.0
1990-02-06 21:00:00+00:00,6.97,79.55,0.0,0.0,0.0,262.2,2.21,306.0,86580.0
1990-02-06 22:00:00+00:00,5.78,85.65,0.0,0.0,0.0,264.95,2.14,306.0,86620.0
1990-02-06 23:00:00+00:00,5.06,88.85,0.0,0.0,0.0,261.85,2.07,307.0,86650.0
1990-02-07 00:00:00+00:00,4.77,88.85,0.0,0.0,0.0,269.2,2.0,304.0,86690.0
1990-02-07 01:00:00+00:00,4.3,92.2,0.0,0.0,0.0,267.0,1.72,295.0,86650.0
1990-02-07 02:00:00+00:00,4.17,88.8,0.0,0.0,0.0,276.55,1.59,294.0,86630.0
1990-02-07 03:00:00+00:00,3.98,88.8,0.0,0.0,0.0,283.1,1.59,298.0,86590.0
1990-02-07 04:00:00+00:00,3.18,92.15,0.0,0.0,0.0,259.5,1.79,301.0,86570.0
1990-02-07 05:00:00+00:00,2.85,85.4,0.0,0.0,0.0,247.3,1.86,301.0,86600.0
1990-02-07 06:00:00+00:00,2.78,85.4,0.0,0.0,0.0,251.6,1.59,294.0,86630.0
1990-02-07 07:00:00+00:00,2.52,85.35,0.0,0.0,0.0,249.65,1.59,294.0,86690.0
1990-02-07 08:00:00+00:00,2.34,85.35,140.0,522.58,50.0,238.6,1.45,293.0,86740.0
1990-02-07 09:00:00+00:00,5.98,70.95,362.0,812.86,69.0,232.05,1.52,292.0,86820.0
1990-02-07 10:00:00+00:00,8.9,56.9,547.0,897.3,85.0,247.3,1.52,297.0,86880.0
1990-02-07 11:00:00+00:00,11.13,49.3,685.0,947.27,93.0,244.05,1.52,300.0,86890.0
1990-02-07 12:00:00+00:00,13.14,42.8,754.0,955.81,101.0,250.6,2.0,303.0,86870.0
1990-02-07 13:00:00+00:00,14.83,35.75,769.0,996.19,86.0,250.2,2.9,307.0,86830.0
1990-02-07 14:00:00+00:00,15.71,30.85,689.0,935.04,98.0,254.85,2.97,312.0,86750.0
1990-02-07 15:00:00+00:00,16.15,29.8,557.0,887.53,90.0,256.8,2.76,304.0,86710.0
1990-02-07 16:00:00+00:00,16.25,29.8,371.0,783.6,77.0,255.65,3.03,298.0,86770.0
1990-02-07 17:00:00+00:00,15.7,30.85,161.0,596.68,48.0,255.65,2.83,303.0,86820.0
1990-02-07 18:00:00+00:00,14.25,38.45,0.0,0.0,0.0,259.7,2.62,315.0,86870.0
1990-02-07 19:00:00+00:00,12.61,47.85,0.0,0.0,0.0,249.85,2.07,313.0,86900.0
1990-02-07 20:00:00+00:00,10.12,59.35,0.0,0.0,0.0,245.75,1.93,316.0,86980.0
1990-02-07 21:00:00+00:00,8.29,68.6,0.0,0.0,0.0,247.1,1.86,299.0,87030.0
1990-02-07 22:00:00+00:00,7.09,73.8,0.0,0.0,0.0,254.85,1.86,293.0,87110.0
1990-02-07 23:00:00+00:00,6.32,76.55,0.0,0.0,0.0,263.2,1.86,292.0,87150.0
1990-02-08 00:00:00+00:00,5.63,79.4,0.0,0.0,0.0,263.95,1.72,291.0,87200.0
1990-02-08 01:00:00+00:00,4.84,82.4,0.0,0.0,0.0,260.4,1.66,292.0,87200.0
1990-02-08 02:00:00+00:00,4.04,85.5,0.0,0.0,0.0,260.1,1.45,291.0,87180.0
1990-02-08 03:00:00+00:00,3.06,88.7,0.0,0.0,0.0,248.5,1.38,290.0,87160.0
1990-02-08 04:00:00+00:00,2.38,85.35,0.0,0.0,0.0,243.05,1.31,290.0,87130.0
1990-02-08 05:00:00+00:00,1.99,85.3,0.0,0.0,0.0,241.5,1.38,289.0,87130.0
1990-02-08 06:00:00+00:00,1.59,85.25,0.0,0.0,0.0,240.95,1.45,288.0,87160.0
1990-02-08 07:00:00+00:00,1.98,82.05,0.0,0.0,0.0,245.75,1.31,288.0,87210.0
1990-02-08 08:00:00+00:00,2.79,79.1,145.0,565.2,46.0,244.4,1.24,289.0,87280.0
1990-02-08 09:00:00+00:00,7.16,71.05,354.0,764.35,76.0,264.35,1.03,284.0,87330.0
1990-02-08 10:00:00+00:00,11.75,49.45,541.0,869.97,90.0,261.65,1.17,271.0,87360.0
1990-02-08 11:00:00+00:00,14.34,41.5,673.0,908.21,102.0,271.3,1.52,262.0,87380.0
1990-02-08 12:00:00+00:00,16.29,39.0,757.0,967.84,92.0,275.95,2.0,263.0,87330.0
1990-02-08 13:00:00+00:00,17.88,39.25,748.0,929.53,107.0,276.55,2.55,270.0,87260.0
1990-02-08 14:00:00+00:00,18.88,36.7,688.0,933.91,94.0,283.7,3.17,280.0,87180.0
1990-02-08 15:00:00+00:00,19.35,35.45,554.0,873.49,91.0,291.85,4.21,296.0,87130.0
1990-02-08 16:00:00+00:00,18.97,35.45,368.0,757.47,81.0,288.55,4.55,312.0,87140.0
1990-02-08 17:00:00+00:00,17.86,39.25,160.0,570.42,50.0,289.1,5.03,328.0,87180.0
1990-02-08 18:00:00+00:00,15.87,45.15,0.0,0.0,0.0,296.85,4.55,337.0,87250.0
1990-02-08 19:00:00+00:00,13.99,52.0,0.0,0.0,0.0,269.75,3.38,335.0,87270.0
1990-02-08 20:00:00+00:00,12.68,59.95,0.0,0.0,0.0,289.1,2.97,329.0,87340.0
1990-02-08 21:00:00+00:00,11.42,66.75,0.0,0.0,0.0,279.85,2.76,321.0,87390.0
1990-02-08 22:00:00+00:00,10.73,71.7,0.0,0.0,0.0,292.2,2.48,316.0,87430.0
1990-02-08 23:00:00+00:00,10.18,77.1,0.0,0.0,0.0,298.2,2.0,310.0,87450.0
1990-02-09 00:00:00+00:00,9.89,77.1,0.0,0.0,0.0,312.55,1.86,300.0,87440.0
1990-02-09 01:00:00+00:00,9.37,77.0,0.0,0.0,0.0,302.95,1.86,295.0,87440.0
1990-02-09 02:00:00+00:00,8.76,79.75,0.0,0.0,0.0,291.25,2.0,292.0,87420.0
1990-02-09 03:00:00+00:00,8.25,79.7,0.0,0.0,0.0,281.95,1.93,289.0,87410.0
1990-02-09 04:00:00+00:00,7.5,79.65,0.0,0.0,0.0,272.1,1.72,286.0,87400.0
1990-02-09 05:00:00+00:00,6.46,82.55,0.0,0.0,0.0,263.0,1.45,295.0,87410.0
1990-02-09 06:00:00+00:00,5.94,82.55,0.0,0.0,0.0,246.55,1.31,313.0,87460.0
1990-02-09 07:00:00+00:00,5.62,82.5,0.0,0.0,0.0,253.9,1.52,313.0,87530.0
1990-02-09 08:00:00+00:00,4.65,85.55,148.0,561.25,48.0,246.35,1.52,311.0,87590.0
1990-02-09 09:00:00+00:00,8.47,71.35,362.0,771.05,79.0,251.75,1.38,313.0,87670.0
1990-02-09 10:00:00+00:00,12.38,53.6,547.0,862.07,97.0,255.85,1.66,328.0,87710.0
1990-02-09 11:00:00+00:00,14.73,44.9,683.0,909.07,108.0,260.3,2.34,335.0,87750.0
1990-02-09 12:00:00+00:00,16.69,37.65,764.0,957.97,102.0,267.85,2.97,335.0,87720.0
1990-02-09 13:00:00+00:00,18.07,32.65,762.0,945.78,106.0,270.15,2.9,334.0,87640.0
1990-02-09 14:00:00+00:00,19.09,29.35,695.0,924.97,103.0,272.85,2.62,329.0,87550.0
1990-02-09 15:00:00+00:00,19.7,26.3,560.0,863.39,99.0,274.6,2.62,323.0,87510.0
1990-02-09 16:00:00+00:00,19.82,26.3,378.0,776.28,81.0,272.65,3.1,318.0,87530.0
1990-02-09 17:00:00+00:00,19.17,28.25,168.0,606.22,49.0,272.3,3.72,319.0,87560.0
1990-02-09 18:00:00+00:00,17.25,37.65,0.0,0.0,0.0,265.5,3.93,319.0,87630.0
1990-02-09 19:00:00+00:00,14.62,46.6,0.0,0.0,0.0,260.3,3.93,321.0,87650.0
1990-02-09 20:00:00+00:00,12.56,57.75,0.0,0.0,0.0,255.25,3.17,318.0,87740.0
1990-02-09 21:00:00+00:00,11.01,66.65,0.0,0.0,0.0,256.8,2.83,312.0,87810.0
1990-02-09 22:00:00+00:00,9.74,74.2,0.0,0.0,0.0,257.75,2.69,308.0,87850.0
1990-02-09 23:00:00+00:00,8.61,79.75,0.0,0.0,0.0,247.9,2.41,305.0,87900.0
1990-02-10 00:00:00+00:00,7.52,82.65,0.0,0.0,0.0,246.75,2.14,304.0,87900.0
1990-02-10 01:00:00+00:00,6.65,85.7,0.0,0.0,0.0,243.0,2.0,304.0,87890.0
1990-02-10 02:00:00+00:00,5.64,85.65,0.0,0.0,0.0,230.65,1.86,304.0,87860.0
1990-02-10 03:00:00+00:00,4.59,85.55,0.0,0.0,0.0,228.75,1.66,302.0,87820.0
1990-02-10 04:00:00+00:00,3.44,85.45,0.0,0.0,0.0,227.4,1.52,303.0,87780.0
1990-02-10 05:00:00+00:00,2.4,85.35,0.0,0.0,0.0,223.9,1.52,302.0,87790.0
1990-02-10 06:00:00+00:00,1.65,85.25,0.0,0.0,0.0,224.85,1.52,302.0,87830.0
1990-02-10 07:00:00+00:00,0.92,85.2,0.0,0.0,0.0,222.75,1.45,298.0,87880.0
1990-02-10 08:00:00+00:00,1.94,78.95,98.0,104.82,79.0,222.55,1.24,301.0,87910.0
1990-02-10 09:00:00+00:00,7.1,63.35,382.0,861.17,63.0,229.15,1.03,312.0,87960.0
1990-02-10 10:00:00+00:00,12.56,36.55,551.0,854.18,102.0,237.05,0.9,320.0,87970.0
1990-02-10 11:00:00+00:00,15.5,26.4,680.0,865.85,129.0,248.3,0.48,318.0,87980.0
1990-02-10 12:00:00+00:00,17.77,22.9,777.0,979.81,96.0,256.6,0.48,299.0,87950.0
1990-02-10 13:00:00+00:00,19.58,19.2,780.0,980.45,96.0,263.6,0.76,294.0,87880.0
1990-02-10 14:00:00+00:00,20.83,18.7,704.0,934.75,102.0,268.4,1.17,291.0,87800.0
1990-02-10 15:00:00+00:00,21.51,18.95,568.0,873.89,98.0,272.1,1.86,296.0,87750.0
1990-02-10 16:00:00+00:00,21.59,20.5,387.0,799.91,78.0,273.65,2.83,307.0,87760.0
1990-02-10 17:00:00+00:00,20.87,23.65,156.0,435.55,69.0,272.85,3.59,315.0,87790.0
1990-02-10 18:00:00+00:00,19.05,30.5,0.0,0.0,0.0,269.2,3.59,320.0,87820.0
1990-02-10 19:00:00+00:00,17.34,36.3,0.0,0.0,0.0,268.4,2.9,323.0,87830.0
1990-02-10 20:00:00+00:00,15.14,45.05,0.0,0.0,0.0,265.7,2.62,326.0,87880.0
1990-02-10 21:00:00+00:00,13.11,53.7,0.0,0.0,0.0,258.95,2.48,316.0,87930.0
1990-02-10 22:00:00+00:00,11.31,61.85,0.0,0.0,0.0,258.15,2.28,308.0,87950.0
1990-02-10 23:00:00+00:00,9.75,68.9,0.0,0.0,0.0,258.55,1.93,300.0,87970.0
1990-02-11 00:00:00+00:00,8.23,73.95,0.0,0.0,0.0,248.5,1.72,302.0,88000.0
1990-02-11 01:00:00+00:00,7.04,79.55,0.0,0.0,0.0,249.95,1.45,303.0,88010.0
1990-02-11 02:00:00+00:00,5.95,79.5,0.0,0.0,0.0,244.4,1.24,305.0,87990.0
1990-02-11 03:00:00+00:00,5.25,79.35,0.0,0.0,0.0,243.45,1.17,305.0,87980.0
1990-02-11 04:00:00+00:00,4.66,79.3,0.0,0.0,0.0,242.5,1.1,304.0,87940.0
1990-02-11 05:00:00+00:00,4.32,73.45,0.0,0.0,0.0,241.9,0.97,304.0,87940.0
1990-02-11 06:00:00+00:00,3.87,70.6,0.0,0.0,0.0,241.3,0.97,302.0,87960.0
1990-02-11 07:00:00+00:00,3.28,76.1,0.0,0.0,0.0,239.95,1.03,297.0,88010.0
1990-02-11 08:00:00+00:00,4.87,63.05,157.0,590.97,48.0,240.35,0.83,299.0,88050.0
1990-02-11 09:00:00+00:00,10.01,43.7,374.0,802.38,74.0,245.0,0.48,307.0,88070.0
1990-02-11 10:00:00+00:00,14.26,31.65,556.0,867.08,97.0,252.95,0.21,266.0,88070.0
1990-02-11 11:00:00+00:00,16.99,24.65,701.0,941.79,98.0,262.4,0.76,217.0,88070.0
1990-02-11 12:00:00+00:00,19.22,19.1,766.0,934.13,113.0,270.35,1.59,220.0,88030.0
1990-02-11 13:00:00+00:00,20.97,16.05,778.0,963.38,102.0,277.5,2.14,223.0,87950.0
1990-02-11 14:00:00+00:00,22.14,14.45,706.0,930.51,103.0,282.75,2.21,229.0,87850.0
1990-02-11 15:00:00+00:00,22.8,14.55,573.0,884.23,94.0,285.65,2.0,247.0,87780.0
1990-02-11 16:00:00+00:00,22.96,14.55,385.0,769.26,85.0,286.4,1.86,266.0,87760.0
1990-02-11 17:00:00+00:00,22.59,15.15,172.0,575.82,55.0,284.1,1.86,277.0,87760.0
1990-02-11 18:00:00+00:00,21.34,18.8,0.0,0.0,0.0,278.65,1.86,279.0,87770.0
1990-02-11 19:00:00+00:00,18.82,27.05,0.0,0.0,0.0,271.5,2.07,289.0,87800.0
1990-02-11 20:00:00+00:00,15.48,43.5,0.0,0.0,0.0,267.25,1.79,289.0,87850.0
1990-02-11 21:00:00+00:00,13.06,51.75,0.0,0.0,0.0,262.4,1.52,285.0,87880.0
1990-02-11 22:00:00+00:00,11.13,57.4,0.0,0.0,0.0,258.55,1.38,285.0,87920.0
1990-02-11 23:00:00+00:00,9.75,59.25,0.0,0.0,0.0,255.65,1.31,290.0,87950.0
1990-02-12 00:00:00+00:00,8.7,61.3,0.0,0.0,0.0,253.7,1.24,296.0,87970.0
1990-02-12 01:00:00+00:00,7.8,63.5,0.0,0.0,0.0,251.7,1.24,302.0,87980.0
1990-02-12 02:00:00+00:00,6.87,63.35,0.0,0.0,0.0,250.2,1.24,304.0,87970.0
1990-02-12 03:00:00+00:00,6.06,63.25,0.0,0.0,0.0,247.9,1.24,304.0,87940.0
1990-02-12 04:00:00+00:00,5.36,63.15,0.0,0.0,0.0,246.75,1.17,304.0,87900.0
1990-02-12 05:00:00+00:00,5.06,63.05,0.0,0.0,0.0,244.4,1.1,301.0,87900.0
1990-02-12 06:00:00+00:00,4.87,60.65,0.0,0.0,0.0,243.25,0.97,301.0,87920.0
1990-02-12 07:00:00+00:00,4.64,62.95,0.0,0.0,0.0,241.9,0.9,299.0,87950.0
1990-02-12 08:00:00+00:00,5.78,56.2,136.0,330.33,74.0,242.85,0.76,302.0,87990.0
1990-02-12 09:00:00+00:00,10.98,36.15,346.0,593.51,122.0,247.3,0.62,306.0,88010.0
1990-02-12 10:00:00+00:00,15.16,27.3,578.0,935.98,79.0,255.65,0.48,301.0,88050.0
1990-02-12 11:00:00+00:00,17.93,21.15,696.0,900.32,116.0,265.5,0.62,248.0,88040.0
1990-02-12 12:00:00+00:00,20.22,17.15,782.0,967.15,102.0,274.05,1.38,226.0,88000.0
1990-02-12 13:00:00+00:00,21.94,15.55,789.0,980.49,97.0,280.6,2.28,227.0,87900.0
1990-02-12 14:00:00+00:00,22.98,14.05,712.0,933.97,103.0,285.25,2.55,235.0,87810.0
1990-02-12 15:00:00+00:00,23.47,14.05,573.0,857.77,105.0,287.6,2.48,245.0,87740.0
1990-02-12 16:00:00+00:00,23.47,14.05,334.0,447.07,158.0,287.4,2.14,253.0,87720.0
1990-02-12 17:00:00+00:00,23.1,14.65,172.0,537.22,61.0,287.75,1.86,258.0,87710.0
1990-02-12 18:00:00+00:00,21.97,18.95,0.0,0.0,0.0,282.75,1.66,261.0,87730.0
1990-02-12 19:00:00+00:00,19.09,35.45,0.0,0.0,0.0,273.05,1.59,255.0,87730.0
1990-02-12 20:00:00+00:00,16.99,37.65,0.0,0.0,0.0,268.4,1.38,279.0,87780.0
1990-02-12 21:00:00+00:00,14.86,38.55,0.0,0.0,0.0,266.1,1.17,281.0,87820.0
1990-02-12 22:00:00+00:00,12.72,44.35,0.0,0.0,0.0,262.6,1.1,286.0,87860.0
1990-02-12 23:00:00+00:00,10.9,49.3,0.0,0.0,0.0,262.2,1.1,288.0,87910.0
1990-02-13 00:00:00+00:00,9.77,54.9,0.0,0.0,0.0,261.85,1.1,293.0,87920.0
1990-02-13 01:00:00+00:00,9.01,56.9,0.0,0.0,0.0,265.25,1.03,298.0,87910.0
1990-02-13 02:00:00+00:00,8.32,58.9,0.0,0.0,0.0,267.45,1.03,300.0,87870.0
1990-02-13 03:00:00+00:00,8.15,56.7,0.0,0.0,0.0,267.85,0.9,304.0,87840.0
1990-02-13 04:00:00+00:00,8.13,52.45,0.0,0.0,0.0,270.55,0.83,304.0,87810.0
1990-02-13 05:00:00+00:00,7.92,50.45,0.0,0.0,0.0,272.5,0.76,304.0,87800.0
1990-02-13 06:00:00+00:00,7.61,50.35,0.0,0.0,0.0,269.4,0.76,304.0,87840.0
1990-02-13 07:00:00+00:00,7.74,52.35,0.0,0.0,0.0,278.3,0.69,302.0,87880.0
1990-02-13 08:00:00+00:00,8.38,46.8,153.0,481.64,61.0,279.85,0.48,306.0,87920.0
1990-02-13 09:00:00+00:00,12.55,33.8,318.0,430.43,154.0,273.85,0.21,312.0,87970.0
1990-02-13 10:00:00+00:00,16.07,26.5,507.0,601.55,184.0,270.35,0.07,64.0,88010.0
1990-02-13 11:00:00+00:00,18.59,23.15,715.0,965.75,89.0,281.4,0.48,152.0,87990.0
1990-02-13 12:00:00+00:00,20.57,21.05,778.0,948.84,107.0,285.45,1.17,192.0,87940.0
1990-02-13 13:00:00+00:00,22.14,18.3,793.0,988.92,91.0,287.75,2.0,204.0,87850.0
1990-02-13 14:00:00+00:00,23.17,16.5,717.0,941.96,99.0,288.15,2.55,208.0,87740.0
1990-02-13 15:00:00+00:00,23.72,15.35,587.0,908.12,88.0,287.0,3.03,210.0,87670.0
1990-02-13 16:00:00+00:00,23.73,14.75,396.0,797.79,79.0,285.85,3.38,208.0,87630.0
1990-02-13 17:00:00+00:00,23.17,15.25,181.0,614.18,52.0,282.75,3.79,206.0,87630.0
1990-02-13 18:00:00+00:00,21.84,16.8,0.0,0.0,0.0,277.1,3.52,200.0,87650.0
1990-02-13 19:00:00+00:00,19.95,19.2,0.0,0.0,0.0,271.5,3.17,194.0,87690.0
1990-02-13 20:00:00+00:00,18.52,21.4,0.0,0.0,0.0,267.85,2.69,193.0,87720.0
1990-02-13 21:00:00+00:00,16.05,39.0,0.0,0.0,0.0,264.75,1.59,196.0,87760.0
1990-02-13 22:00:00+00:00,17.38,21.85,0.0,0.0,0.0,262.4,0.76,203.0,87780.0
1990-02-13 23:00:00+00:00,15.98,23.55,0.0,0.0,0.0,260.5,0.34,238.0,87800.0
1990-02-14 00:00:00+00:00,13.95,28.15,0.0,0.0,0.0,258.75,0.41,272.0,87800.0
1990-02-14 01:00:00+00:00,12.11,33.7,0.0,0.0,0.0,256.9,0.48,287.0,87770.0
1990-02-14 02:00:00+00:00,10.79,38.95,0.0,0.0,0.0,254.85,0.55,294.0,87740.0
1990-02-14 03:00:00+00:00,9.63,41.85,0.0,0.0,0.0,252.55,0.83,297.0,87710.0
1990-02-14 04:00:00+00:00,7.57,50.35,0.0,0.0,0.0,250.8,1.03,296.0,87700.0
1990-02-14 05:00:00+00:00,6.62,54.15,0.0,0.0,0.0,248.85,1.03,295.0,87710.0
1990-02-14 06:00:00+00:00,6.16,54.15,0.0,0.0,0.0,247.7,0.97,296.0,87720.0
1990-02-14 07:00:00+00:00,5.51,56.2,0.0,0.0,0.0,247.15,0.97,297.0,87740.0
1990-02-14 08:00:00+00:00,6.49,54.15,166.0,601.83,49.0,247.15,0.83,300.0,87770.0
1990-02-14 09:00:00+00:00,11.8,37.75,381.0,779.89,81.0,251.6,0.62,299.0,87810.0
1990-02-14 10:00:00+00:00,15.74,28.55,571.0,881.99,94.0,259.9,0.28,290.0,87840.0
1990-02-14 11:00:00+00:00,18.28,23.95,701.0,895.4,117.0,271.5,0.48,195.0,87830.0
1990-02-14 12:00:00+00:00,20.35,20.1,804.0,1016.48,81.0,277.7,1.24,198.0,87790.0
1990-02-14 13:00:00+00:00,21.95,17.5,777.0,917.41,122.0,282.95,2.0,203.0,87690.0
1990-02-14 14:00:00+00:00,23.02,14.65,718.0,930.15,104.0,287.95,2.69,209.0,87590.0
1990-02-14 15:00:00+00:00,23.58,13.6,328.0,90.36,278.0,288.95,3.03,216.0,87510.0
1990-02-14 16:00:00+00:00,23.69,13.1,225.0,82.29,192.0,289.7,3.1,217.0,87510.0
1990-02-14 17:00:00+00:00,23.28,13.5,195.0,702.77,45.0,291.65,2.9,214.0,87520.0
1990-02-14 18:00:00+00:00,22.33,15.0,0.0,0.0,0.0,281.2,2.28,210.0,87540.0
1990-02-14 19:00:00+00:00,20.09,23.5,0.0,0.0,0.0,275.2,1.52,240.0,87530.0
1990-02-14 20:00:00+00:00,17.25,37.65,0.0,0.0,0.0,271.7,1.17,246.0,87580.0
1990-02-14 21:00:00+00:00,15.41,37.4,0.0,0.0,0.0,267.05,1.03,249.0,87650.0
1990-02-14 22:00:00+00:00,15.17,31.95,0.0,0.0,0.0,263.6,0.69,246.0,87670.0
1990-02-14 23:00:00+00:00,13.98,34.25,0.0,0.0,0.0,259.5,0.41,242.0,87670.0
1990-02-15 00:00:00+00:00,12.93,36.7,0.0,0.0,0.0,257.95,0.21,260.0,87670.0
1990-02-15 01:00:00+00:00,11.81,40.8,0.0,0.0,0.0,260.4,0.28,296.0,87650.0
1990-02-15 02:00:00+00:00,10.64,42.15,0.0,0.0,0.0,259.9,0.41,300.0,87630.0
1990-02-15 03:00:00+00:00,9.51,45.25,0.0,0.0,0.0,252.95,0.41,302.0,87600.0
1990-02-15 04:00:00+00:00,8.59,46.8,0.0,0.0,0.0,251.75,0.41,303.0,87580.0
1990-02-15 05:00:00+00:00,7.76,50.35,0.0,0.0,0.0,249.85,0.41,306.0,87570.0
1990-02-15 06:00:00+00:00,7.1,50.2,0.0,0.0,0.0,250.6,0.55,304.0,87580.0
1990-02-15 07:00:00+00:00,6.87,54.3,0.0,0.0,0.0,256.4,0.62,302.0,87610.0
1990-02-15 08:00:00+00:00,7.66,50.35,94.0,55.59,83.0,265.1,0.41,301.0,87650.0
1990-02-15 09:00:00+00:00,11.62,36.3,260.0,180.23,190.0,276.15,0.14,326.0,87700.0
1990-02-15 10:00:00+00:00,14.26,38.45,292.0,55.07,262.0,287.95,0.41,92.0,87740.0
1990-02-15 11:00:00+00:00,17.07,22.75,370.0,64.0,328.0,287.95,0.97,117.0,87720.0
1990-02-15 12:00:00+00:00,19.09,19.1,563.0,279.56,363.0,298.6,1.45,163.0,87650.0
1990-02-15 13:00:00+00:00,20.34,16.5,770.0,867.58,147.0,305.0,2.14,186.0,87570.0
1990-02-15 14:00:00+00:00,21.54,14.3,656.0,665.52,214.0,293.95,2.69,196.0,87470.0
1990-02-15 15:00:00+00:00,22.18,13.3,376.0,163.31,285.0,294.55,3.1,199.0,87400.0
1990-02-15 16:00:00+00:00,22.28,12.8,424.0,901.97,59.0,285.85,3.59,199.0,87360.0
1990-02-15 17:00:00+00:00,21.83,12.7,185.0,576.48,60.0,271.1,4.0,198.0,87360.0
1990-02-15 18:00:00+00:00,20.55,13.55,0.0,0.0,0.0,263.95,3.72,192.0,87380.0
1990-02-15 19:00:00+00:00,18.83,16.15,0.0,0.0,0.0,259.3,3.66,183.0,87380.0
1990-02-15 20:00:00+00:00,17.37,18.6,0.0,0.0,0.0,255.05,3.24,179.0,87380.0
1990-02-15 21:00:00+00:00,16.07,20.05,0.0,0.0,0.0,250.8,2.28,175.0,87440.0
1990-02-15 22:00:00+00:00,15.06,28.4,0.0,0.0,0.0,248.65,1.17,151.0,87450.0
1990-02-15 23:00:00+00:00,14.84,24.1,0.0,0.0,0.0,247.5,0.97,108.0,87450.0
1990-02-16 00:00:00+00:00,14.13,22.1,0.0,0.0,0.0,245.0,0.97,91.0,87450.0
1990-02-16 01:00:00+00:00,12.54,24.55,0.0,0.0,0.0,245.9,0.76,77.0,87410.0
1990-02-16 02:00:00+00:00,10.87,27.3,0.0,0.0,0.0,251.0,0.48,70.0,87390.0
1990-02-16 03:00:00+00:00,9.67,30.4,0.0,0.0,0.0,247.3,0.41,57.0,87340.0
1990-02-16 04:00:00+00:00,8.85,31.55,0.0,0.0,0.0,245.6,0.48,58.0,87310.0
1990-02-16 05:00:00+00:00,8.33,35.3,0.0,0.0,0.0,248.65,0.62,63.0,87270.0
1990-02-16 06:00:00+00:00,7.99,35.3,0.0,0.0,0.0,254.3,0.69,67.0,87270.0
1990-02-16 07:00:00+00:00,8.05,35.3,0.0,0.0,0.0,250.8,0.62,52.0,87270.0
1990-02-16 08:00:00+00:00,8.19,35.3,178.0,640.48,49.0,238.6,0.34,33.0,87320.0
1990-02-16 09:00:00+00:00,12.06,26.5,394.0,798.13,81.0,242.85,0.69,90.0,87350.0
1990-02-16 10:00:00+00:00,15.67,20.75,583.0,882.06,99.0,250.05,1.79,122.0,87350.0
1990-02-16 11:00:00+00:00,18.27,18.1,730.0,955.51,99.0,256.8,3.31,163.0,87340.0
1990-02-16 12:00:00+00:00,20.28,15.2,805.0,976.99,102.0,261.85,5.1,191.0,87270.0
1990-02-16 13:00:00+00:00,21.61,12.7,804.0,963.7,108.0,265.3,6.55,205.0,87160.0
1990-02-16 14:00:00+00:00,22.22,11.75,739.0,957.84,99.0,266.65,7.31,210.0,87060.0
1990-02-16 15:00:00+00:00,22.26,11.75,600.0,900.02,95.0,266.65,7.59,214.0,87010.0
1990-02-16 16:00:00+00:00,21.78,12.7,411.0,803.31,83.0,265.9,7.24,219.0,86980.0
1990-02-16 17:00:00+00:00,20.85,14.1,194.0,626.67,56.0,264.95,6.62,222.0,86990.0
1990-02-16 18:00:00+00:00,19.31,16.25,0.0,0.0,0.0,260.5,5.03,222.0,87020.0
1990-02-16 19:00:00+00:00,17.49,18.75,0.0,0.0,0.0,258.95,4.0,230.0,87020.0
1990-02-16 20:00:00+00:00,16.0,20.9,0.0,0.0,0.0,255.45,3.38,230.0,87050.0
1990-02-16 21:00:00+00:00,14.78,23.15,0.0,0.0,0.0,257.0,3.03,233.0,87060.0
1990-02-16 22:00:00+00:00,13.71,24.85,0.0,0.0,0.0,258.15,2.83,235.0,87090.0
1990-02-16 23:00:00+00:00,12.73,25.6,0.0,0.0,0.0,258.75,2.83,236.0,87070.0
1990-02-17 00:00:00+00:00,11.81,26.35,0.0,0.0,0.0,256.2,2.83,230.0,87050.0
1990-02-17 01:00:00+00:00,10.67,28.3,0.0,0.0,0.0,248.2,2.55,233.0,87020.0
1990-02-17 02:00:00+00:00,9.78,31.7,0.0,0.0,0.0,255.65,2.14,247.0,86970.0
1990-02-17 03:00:00+00:00,8.78,36.9,0.0,0.0,0.0,253.9,1.93,268.0,86920.0
1990-02-17 04:00:00+00:00,7.66,44.75,0.0,0.0,0.0,252.15,2.0,289.0,86890.0
1990-02-17 05:00:00+00:00,6.87,50.2,0.0,0.0,0.0,256.4,2.21,298.0,86900.0
1990-02-17 06:00:00+00:00,6.25,58.55,0.0,0.0,0.0,258.35,2.62,302.0,86930.0
1990-02-17 07:00:00+00:00,5.68,68.2,0.0,0.0,0.0,255.05,2.69,301.0,86950.0
1990-02-17 08:00:00+00:00,6.43,70.95,182.0,634.1,52.0,265.9,2.55,309.0,86980.0
1990-02-17 09:00:00+00:00,8.66,61.3,404.0,815.65,81.0,259.5,3.59,322.0,87030.0
1990-02-17 10:00:00+00:00,10.94,42.3,596.0,899.17,99.0,242.1,4.69,328.0,87060.0
1990-02-17 11:00:00+00:00,13.34,27.85,740.0,958.6,103.0,244.8,5.45,328.0,87050.0
1990-02-17 12:00:00+00:00,15.46,19.15,802.0,927.14,131.0,237.85,5.38,326.0,87000.0
1990-02-17 13:00:00+00:00,17.12,15.8,823.0,994.01,101.0,236.3,5.1,325.0,86950.0
1990-02-17 14:00:00+00:00,18.2,14.15,749.0,961.03,103.0,238.6,4.83,323.0,86850.0
1990-02-17 15:00:00+00:00,18.67,14.25,599.0,851.4,118.0,241.3,5.03,322.0,86830.0
1990-02-17 16:00:00+00:00,18.22,15.4,400.0,689.43,116.0,243.25,5.66,326.0,86860.0
1990-02-17 17:00:00+00:00,16.61,18.6,195.0,585.95,64.0,245.75,6.41,332.0,86900.0
1990-02-17 18:00:00+00:00,13.91,26.0,0.0,0.0,0.0,242.3,5.86,336.0,86940.0
1990-02-17 19:00:00+00:00,11.55,37.75,0.0,0.0,0.0,236.1,4.97,334.0,86960.0
1990-02-17 20:00:00+00:00,10.03,45.4,0.0,0.0,0.0,238.05,3.45,326.0,87010.0
1990-02-17 21:00:00+00:00,8.96,52.7,0.0,0.0,0.0,243.65,3.17,324.0,87050.0
1990-02-17 22:00:00+00:00,8.13,58.9,0.0,0.0,0.0,251.0,2.9,324.0,87060.0
1990-02-17 23:00:00+00:00,7.56,61.1,0.0,0.0,0.0,255.65,2.28,321.0,87090.0
1990-02-18 00:00:00+00:00,6.97,63.35,0.0,0.0,0.0,254.3,1.79,319.0,87050.0
1990-02-18 01:00:00+00:00,6.27,65.75,0.0,0.0,0.0,246.45,1.93,320.0,87040.0
1990-02-18 02:00:00+00:00,5.42,68.2,0.0,0.0,0.0,235.7,1.86,315.0,87040.0
1990-02-18 03:00:00+00:00,4.54,70.7,0.0,0.0,0.0,229.7,1.66,311.0,87020.0
1990-02-18 04:00:00+00:00,3.2,76.1,0.0,0.0,0.0,218.85,1.52,313.0,87000.0
1990-02-18 05:00:00+00:00,2.53,76.0,0.0,0.0,0.0,219.85,1.24,316.0,87020.0
1990-02-18 06:00:00+00:00,2.27,73.0,0.0,0.0,0.0,221.0,1.17,322.0,87050.0
1990-02-18 07:00:00+00:00,1.97,70.2,0.0,0.0,0.0,219.05,1.1,317.0,87100.0
1990-02-18 08:00:00+00:00,3.42,60.3,185.0,632.53,53.0,219.05,0.83,311.0,87110.0
1990-02-18 09:00:00+00:00,7.14,48.25,407.0,815.21,81.0,223.7,0.69,340.0,87170.0
1990-02-18 10:00:00+00:00,10.89,32.1,599.0,898.01,99.0,231.85,0.41,59.0,87220.0
1990-02-18 11:00:00+00:00,13.24,29.0,739.0,942.17,109.0,239.0,0.97,118.0,87220.0
1990-02-18 12:00:00+00:00,15.17,24.25,819.0,978.13,107.0,246.95,1.17,146.0,87160.0
1990-02-18 13:00:00+00:00,16.75,20.2,830.0,1004.8,96.0,253.7,0.97,180.0,87060.0
1990-02-18 14:00:00+00:00,18.06,17.4,752.0,959.75,103.0,264.75,0.97,238.0,86970.0
1990-02-18 15:00:00+00:00,19.06,15.6,616.0,915.97,95.0,262.4,1.31,256.0,86900.0
1990-02-18 16:00:00+00:00,19.64,14.5,429.0,847.08,77.0,262.2,1.66,280.0,86870.0
1990-02-18 17:00:00+00:00,19.4,15.6,205.0,661.05,55.0,260.1,2.48,309.0,86860.0
1990-02-18 18:00:00+00:00,17.96,18.1,0.0,0.0,0.0,254.85,2.97,322.0,86870.0
1990-02-18 19:00:00+00:00,16.42,19.4,0.0,0.0,0.0,248.5,2.48,321.0,86910.0
1990-02-18 20:00:00+00:00,14.41,25.1,0.0,0.0,0.0,243.45,2.0,316.0,86950.0
1990-02-18 21:00:00+00:00,12.11,33.7,0.0,0.0,0.0,236.3,1.66,302.0,86980.0
1990-02-18 22:00:00+00:00,9.93,42.0,0.0,0.0,0.0,231.85,1.59,308.0,87040.0
1990-02-18 23:00:00+00:00,7.96,52.45,0.0,0.0,0.0,229.5,1.45,307.0,87090.0
1990-02-19 00:00:00+00:00,7.07,52.2,0.0,0.0,0.0,227.4,1.1,302.0,87060.0
1990-02-19 01:00:00+00:00,6.26,50.05,0.0,0.0,0.0,225.35,0.97,308.0,87020.0
1990-02-19 02:00:00+00:00,5.74,49.95,0.0,0.0,0.0,223.9,0.9,312.0,86960.0
1990-02-19 03:00:00+00:00,5.16,47.85,0.0,0.0,0.0,222.35,0.9,313.0,86950.0
1990-02-19 04:00:00+00:00,4.17,49.55,0.0,0.0,0.0,222.55,0.97,312.0,86920.0
1990-02-19 05:00:00+00:00,3.65,47.45,0.0,0.0,0.0,222.35,0.83,307.0,86930.0
1990-02-19 06:00:00+00:00,3.0,47.3,0.0,0.0,0.0,223.15,0.83,305.0,86950.0
1990-02-19 07:00:00+00:00,2.64,49.15,0.0,0.0,0.0,231.85,0.83,298.0,86930.0
1990-02-19 08:00:00+00:00,3.85,43.9,192.0,673.2,49.0,228.55,0.55,309.0,86970.0
1990-02-19 09:00:00+00:00,8.97,30.3,405.0,787.44,87.0,230.1,0.14,39.0,87010.0
1990-02-19 10:00:00+00:00,12.57,22.65,598.0,886.1,101.0,239.2,0.83,130.0,87020.0
1990-02-19 11:00:00+00:00,15.19,18.25,741.0,946.71,104.0,249.25,1.31,153.0,86990.0
1990-02-19 12:00:00+00:00,17.3,14.55,820.0,980.72,102.0,258.15,2.0,166.0,86930.0
1990-02-19 13:00:00+00:00,18.93,11.6,832.0,1007.3,92.0,263.4,2.48,178.0,86850.0
1990-02-19 14:00:00+00:00,20.05,10.5,757.0,974.67,94.0,267.25,2.83,187.0,86740.0
1990-02-19 15:00:00+00:00,20.68,10.15,621.0,930.81,88.0,269.4,3.1,193.0,86670.0
1990-02-19 16:00:00+00:00,20.77,11.0,424.0,808.81,85.0,269.4,3.38,191.0,86660.0
1990-02-19 17:00:00+00:00,20.22,12.4,203.0,625.46,59.0,268.4,3.72,185.0,86630.0
1990-02-19 18:00:00+00:00,18.95,13.8,0.0,0.0,0.0,277.7,3.79,177.0,86630.0
1990-02-19 19:00:00+00:00,17.24,15.8,0.0,0.0,0.0,268.4,3.52,175.0,86650.0
1990-02-19 20:00:00+00:00,15.93,17.05,0.0,0.0,0.0,283.5,3.31,176.0,86670.0
1990-02-19 21:00:00+00:00,14.91,18.25,0.0,0.0,0.0,290.1,2.76,180.0,86700.0
1990-02-19 22:00:00+00:00,14.04,21.25,0.0,0.0,0.0,297.65,1.86,197.0,86710.0
1990-02-19 23:00:00+00:00,12.92,32.65,0.0,0.0,0.0,310.4,1.24,221.0,86730.0
1990-02-20 00:00:00+00:00,12.66,35.15,0.0,0.0,0.0,323.0,0.9,234.0,86710.0
1990-02-20 01:00:00+00:00,13.01,30.15,0.0,0.0,0.0,319.45,0.34,229.0,86640.0
1990-02-20 02:00:00+00:00,12.51,33.8,0.0,0.0,0.0,313.7,0.34,187.0,86570.0
1990-02-20 03:00:00+00:00,11.82,36.3,0.0,0.0,0.0,296.3,0.28,110.0,86510.0
1990-02-20 04:00:00+00:00,11.11,39.1,0.0,0.0,0.0,299.2,0.07,16.0,86460.0
1990-02-20 05:00:00+00:00,9.25,48.8,0.0,0.0,0.0,280.2,0.55,270.0,86430.0
1990-02-20 06:00:00+00:00,8.06,56.7,0.0,0.0,0.0,295.5,0.97,260.0,86430.0
1990-02-20 07:00:00+00:00,8.64,63.7,0.0,0.0,0.0,293.2,0.41,231.0,86340.0
1990-02-20 08:00:00+00:00,7.75,71.15,81.0,13.87,78.0,305.0,0.83,255.0,86340.0
1990-02-20 09:00:00+00:00,8.84,66.15,71.0,0.0,71.0,310.4,2.0,278.0,86340.0
1990-02-20 10:00:00+00:00,9.51,61.55,53.0,0.0,53.0,299.2,3.1,313.0,86360.0
1990-02-20 11:00:00+00:00,10.03,55.05,597.0,454.9,289.0,284.65,5.1,333.0,86340.0
1990-02-20 12:00:00+00:00,9.52,50.85,114.0,0.0,114.0,283.3,6.41,329.0,86320.0
1990-02-20 13:00:00+00:00,9.46,47.05,288.0,4.06,285.0,304.8,7.1,327.0,86210.0
1990-02-20 14:00:00+00:00,10.28,42.0,180.0,0.0,180.0,282.55,7.66,332.0,86120.0
1990-02-20 15:00:00+00:00,9.94,43.7,314.0,60.72,279.0,288.55,7.86,334.0,86120.0
1990-02-20 16:00:00+00:00,9.43,45.25,350.0,423.46,171.0,274.05,8.14,334.0,86150.0
1990-02-20 17:00:00+00:00,8.24,52.45,150.0,209.82,101.0,277.5,7.59,331.0,86200.0
1990-02-20 18:00:00+00:00,7.01,56.45,0.0,0.0,0.0,274.4,6.41,326.0,86240.0
1990-02-20 19:00:00+00:00,5.77,58.45,0.0,0.0,0.0,258.95,4.9,326.0,86290.0
1990-02-20 20:00:00+00:00,4.92,58.3,0.0,0.0,0.0,235.15,5.59,327.0,86360.0
1990-02-20 21:00:00+00:00,4.47,58.2,0.0,0.0,0.0,238.2,5.17,324.0,86420.0
1990-02-20 22:00:00+00:00,4.18,60.4,0.0,0.0,0.0,242.65,4.97,321.0,86470.0
1990-02-20 23:00:00+00:00,4.05,60.4,0.0,0.0,0.0,249.85,4.97,320.0,86510.0
1990-02-21 00:00:00+00:00,3.85,60.4,0.0,0.0,0.0,246.15,4.97,318.0,86510.0
1990-02-21 01:00:00+00:00,3.75,60.3,0.0,0.0,0.0,257.1,5.45,318.0,86510.0
1990-02-21 02:00:00+00:00,3.5,57.95,0.0,0.0,0.0,251.2,6.07,321.0,86490.0
1990-02-21 03:00:00+00:00,3.1,55.55,0.0,0.0,0.0,242.65,6.62,321.0,86490.0
1990-02-21 04:00:00+00:00,2.72,57.7,0.0,0.0,0.0,235.15,6.97,322.0,86470.0
1990-02-21 05:00:00+00:00,2.43,55.45,0.0,0.0,0.0,231.25,7.1,322.0,86510.0
1990-02-21 06:00:00+00:00,2.07,57.6,0.0,0.0,0.0,223.15,7.1,321.0,86550.0
1990-02-21 07:00:00+00:00,2.04,57.6,0.0,0.0,0.0,213.85,6.83,324.0,86570.0
1990-02-21 08:00:00+00:00,2.63,55.45,200.0,667.96,53.0,218.85,5.72,325.0,86680.0
1990-02-21 09:00:00+00:00,4.33,47.7,416.0,789.06,91.0,223.15,6.76,327.0,86740.0
1990-02-21 10:00:00+00:00,6.27,39.4,617.0,917.08,95.0,212.3,6.97,333.0,86840.0
1990-02-21 11:00:00+00:00,8.04,33.9,758.0,961.39,103.0,218.85,6.69,337.0,86880.0
1990-02-21 12:00:00+00:00,9.54,28.05,820.0,927.68,133.0,223.3,6.14,339.0,86880.0
1990-02-21 13:00:00+00:00,10.72,24.05,827.0,946.26,124.0,224.3,5.45,337.0,86830.0
1990-02-21 14:00:00+00:00,11.54,22.4,762.0,945.9,111.0,224.65,5.1,330.0,86830.0
1990-02-21 15:00:00+00:00,11.79,22.4,626.0,904.82,101.0,226.05,5.24,324.0,86840.0
1990-02-21 16:00:00+00:00,11.51,23.35,437.0,825.8,85.0,225.85,5.38,322.0,86890.0
1990-02-21 17:00:00+00:00,10.62,26.1,217.0,684.09,55.0,223.5,5.59,320.0,86960.0
1990-02-21 18:00:00+00:00,9.04,32.85,0.0,0.0,0.0,221.4,4.83,320.0,87030.0
1990-02-21 19:00:00+00:00,7.39,38.1,0.0,0.0,0.0,216.35,3.52,322.0,87060.0
1990-02-21 20:00:00+00:00,6.13,44.45,0.0,0.0,0.0,214.4,2.41,320.0,87120.0
1990-02-21 21:00:00+00:00,4.91,49.8,0.0,0.0,0.0,211.3,1.93,311.0,87180.0
1990-02-21 22:00:00+00:00,3.62,57.95,0.0,0.0,0.0,209.6,1.79,309.0,87260.0
1990-02-21 23:00:00+00:00,2.38,62.5,0.0,0.0,0.0,209.95,1.66,307.0,87300.0
1990-02-22 00:00:00+00:00,1.27,67.4,0.0,0.0,0.0,210.95,1.59,305.0,87310.0
1990-02-22 01:00:00+00:00,0.32,69.95,0.0,0.0,0.0,212.4,1.45,299.0,87270.0
1990-02-22 02:00:00+00:00,-0.21,67.1,0.0,0.0,0.0,213.25,1.31,294.0,87250.0
1990-02-22 03:00:00+00:00,-0.52,67.0,0.0,0.0,0.0,215.2,1.24,294.0,87230.0
1990-02-22 04:00:00+00:00,-0.81,66.9,0.0,0.0,0.0,215.75,1.17,295.0,87190.0
1990-02-22 05:00:00+00:00,-1.12,64.25,0.0,0.0,0.0,216.35,1.17,295.0,87190.0
1990-02-22 06:00:00+00:00,-1.25,66.8,0.0,0.0,0.0,218.3,1.17,294.0,87220.0
1990-02-22 07:00:00+00:00,-0.8,64.25,0.0,0.0,0.0,217.15,0.9,296.0,87300.0
1990-02-22 08:00:00+00:00,0.7,59.6,204.0,674.14,53.0,218.1,0.76,298.0,87370.0
1990-02-22 09:00:00+00:00,5.24,49.8,421.0,800.53,88.0,222.95,0.62,287.0,87420.0
1990-02-22 10:00:00+00:00,9.8,33.0,604.0,845.82,119.0,231.65,0.76,256.0,87470.0
1990-02-22 11:00:00+00:00,12.94,23.7,755.0,939.38,111.0,240.75,1.38,254.0,87470.0
1990-02-22 12:00:00+00:00,15.46,20.75,834.0,974.77,108.0,248.3,2.0,278.0,87440.0
1990-02-22 13:00:00+00:00,17.39,21.0,846.0,1002.6,97.0,254.85,2.83,295.0,87370.0
1990-02-22 14:00:00+00:00,18.59,19.0,771.0,969.35,100.0,259.3,3.93,308.0,87300.0
1990-02-22 15:00:00+00:00,18.96,19.1,634.0,926.37,93.0,261.45,4.9,319.0,87260.0
1990-02-22 16:00:00+00:00,18.45,20.55,441.0,835.31,82.0,260.85,5.79,330.0,87270.0
1990-02-22 17:00:00+00:00,16.93,25.6,219.0,678.97,56.0,258.35,6.21,338.0,87340.0
1990-02-22 18:00:00+00:00,14.63,34.35,0.0,0.0,0.0,252.95,5.24,343.0,87410.0
1990-02-22 19:00:00+00:00,12.88,41.1,0.0,0.0,0.0,249.05,3.72,342.0,87440.0
1990-02-22 20:00:00+00:00,10.93,49.3,0.0,0.0,0.0,245.75,2.83,339.0,87480.0
1990-02-22 21:00:00+00:00,9.36,54.9,0.0,0.0,0.0,241.9,2.48,332.0,87550.0
1990-02-22 22:00:00+00:00,8.08,61.2,0.0,0.0,0.0,239.4,2.21,321.0,87600.0
1990-02-22 23:00:00+00:00,6.85,65.85,0.0,0.0,0.0,235.9,2.07,311.0,87630.0
1990-02-23 00:00:00+00:00,5.67,70.85,0.0,0.0,0.0,233.75,2.0,309.0,87620.0
1990-02-23 01:00:00+00:00,4.61,73.45,0.0,0.0,0.0,232.7,1.86,306.0,87600.0
1990-02-23 02:00:00+00:00,3.67,76.15,0.0,0.0,0.0,233.0,1.72,306.0,87580.0
1990-02-23 03:00:00+00:00,2.62,79.0,0.0,0.0,0.0,227.95,1.59,304.0,87530.0
1990-02-23 04:00:00+00:00,1.64,82.0,0.0,0.0,0.0,224.85,1.52,300.0,87490.0
1990-02-23 05:00:00+00:00,0.88,81.95,0.0,0.0,0.0,223.5,1.59,299.0,87490.0
1990-02-23 06:00:00+00:00,0.32,78.75,0.0,0.0,0.0,223.15,1.59,298.0,87520.0
1990-02-23 07:00:00+00:00,0.15,78.65,0.0,0.0,0.0,221.4,1.72,298.0,87500.0
1990-02-23 08:00:00+00:00,1.67,70.1,204.0,649.23,56.0,218.5,1.45,303.0,87550.0
1990-02-23 09:00:00+00:00,7.19,52.2,425.0,809.32,85.0,229.7,1.38,312.0,87580.0
1990-02-23 10:00:00+00:00,11.44,36.3,612.0,872.51,108.0,237.65,1.24,328.0,87620.0
1990-02-23 11:00:00+00:00,13.88,31.55,763.0,962.55,99.0,242.65,0.83,330.0,87600.0
1990-02-23 12:00:00+00:00,15.95,25.5,797.0,831.75,174.0,250.8,0.34,286.0,87540.0
1990-02-23 13:00:00+00:00,17.6,22.0,809.0,865.29,159.0,255.25,0.83,220.0,87430.0
1990-02-23 14:00:00+00:00,18.85,19.0,771.0,963.82,100.0,260.65,1.31,221.0,87320.0
1990-02-23 15:00:00+00:00,19.56,17.05,634.0,920.46,93.0,262.8,1.31,235.0,87230.0
1990-02-23 16:00:00+00:00,19.67,17.75,442.0,828.56,83.0,267.85,1.03,250.0,87200.0
1990-02-23 17:00:00+00:00,19.18,19.1,231.0,756.27,47.0,267.05,0.76,284.0,87190.0
1990-02-23 18:00:00+00:00,17.93,23.8,4.0,0.0,4.0,260.65,1.17,333.0,87220.0
1990-02-23 19:00:00+00:00,16.81,23.7,0.0,0.0,0.0,262.6,0.28,296.0,87260.0
1990-02-23 20:00:00+00:00,15.4,28.4,0.0,0.0,0.0,257.6,0.48,323.0,87310.0
1990-02-23 21:00:00+00:00,12.66,42.7,0.0,0.0,0.0,257.4,1.03,327.0,87370.0
1990-02-23 22:00:00+00:00,10.27,52.95,0.0,0.0,0.0,257.0,1.52,327.0,87430.0
1990-02-23 23:00:00+00:00,8.43,61.3,0.0,0.0,0.0,260.5,1.72,321.0,87440.0
1990-02-24 00:00:00+00:00,7.22,68.4,0.0,0.0,0.0,259.3,1.86,318.0,87450.0
1990-02-24 01:00:00+00:00,6.13,70.95,0.0,0.0,0.0,253.45,1.79,319.0,87410.0
1990-02-24 02:00:00+00:00,5.32,73.65,0.0,0.0,0.0,256.4,1.72,319.0,87380.0
1990-02-24 03:00:00+00:00,4.56,79.3,0.0,0.0,0.0,250.05,1.59,319.0,87350.0
1990-02-24 04:00:00+00:00,3.97,79.2,0.0,0.0,0.0,247.7,1.59,320.0,87330.0
1990-02-24 05:00:00+00:00,3.3,79.15,0.0,0.0,0.0,244.6,1.59,323.0,87330.0
1990-02-24 06:00:00+00:00,2.78,79.1,0.0,0.0,0.0,245.2,1.66,324.0,87390.0
1990-02-24 07:00:00+00:00,3.12,82.2,0.0,0.0,0.0,262.4,1.86,316.0,87390.0
1990-02-24 08:00:00+00:00,4.15,79.2,208.0,672.45,52.0,272.65,1.59,316.0,87460.0
1990-02-24 09:00:00+00:00,7.33,65.95,390.0,608.08,132.0,267.05,1.52,329.0,87520.0
1990-02-24 10:00:00+00:00,10.87,45.7,484.0,383.22,261.0,275.4,1.38,360.0,87560.0
1990-02-24 11:00:00+00:00,13.16,36.7,717.0,796.69,164.0,283.5,1.79,62.0,87580.0
1990-02-24 12:00:00+00:00,15.08,29.55,814.0,913.36,126.0,289.3,2.69,88.0,87540.0
1990-02-24 13:00:00+00:00,16.07,26.5,839.0,986.34,94.0,294.75,2.48,109.0,87480.0
1990-02-24 14:00:00+00:00,16.43,25.6,723.0,796.99,165.0,299.95,2.21,129.0,87420.0
1990-02-24 15:00:00+00:00,16.45,24.65,568.0,645.84,186.0,315.05,2.0,126.0,87380.0
1990-02-24 16:00:00+00:00,16.36,25.5,421.0,718.93,107.0,316.8,2.28,107.0,87410.0
1990-02-24 17:00:00+00:00,15.9,26.4,191.0,405.66,91.0,313.1,2.41,94.0,87460.0
1990-02-24 18:00:00+00:00,15.13,28.4,6.0,0.0,6.0,309.05,2.62,82.0,87530.0
1990-02-24 19:00:00+00:00,14.86,27.2,0.0,0.0,0.0,303.85,2.55,71.0,87550.0
1990-02-24 20:00:00+00:00,13.99,29.25,0.0,0.0,0.0,298.05,2.55,59.0,87590.0
1990-02-24 21:00:00+00:00,12.92,31.4,0.0,0.0,0.0,286.6,2.55,51.0,87650.0
1990-02-24 22:00:00+00:00,11.86,36.3,0.0,0.0,0.0,277.7,2.34,48.0,87690.0
1990-02-24 23:00:00+00:00,10.62,40.55,0.0,0.0,0.0,256.4,2.14,44.0,87720.0
1990-02-25 00:00:00+00:00,9.21,50.7,0.0,0.0,0.0,255.65,1.93,34.0,87740.0
1990-02-25 01:00:00+00:00,7.82,58.8,0.0,0.0,0.0,243.35,1.66,22.0,87730.0
1990-02-25 02:00:00+00:00,7.45,54.4,0.0,0.0,0.0,243.45,1.45,6.0,87710.0
1990-02-25 03:00:00+00:00,6.78,56.3,0.0,0.0,0.0,239.2,1.45,344.0,87700.0
1990-02-25 04:00:00+00:00,5.62,58.45,0.0,0.0,0.0,237.45,1.52,330.0,87680.0
1990-02-25 05:00:00+00:00,4.65,60.5,0.0,0.0,0.0,237.65,1.59,324.0,87700.0
1990-02-25 06:00:00+00:00,4.17,62.8,0.0,0.0,0.0,234.55,1.52,321.0,87740.0
1990-02-25 07:00:00+00:00,4.02,60.4,0.0,0.0,0.0,234.15,1.45,319.0,87800.0
1990-02-25 08:00:00+00:00,4.91,56.05,213.0,669.31,55.0,233.0,1.17,312.0,87840.0
1990-02-25 09:00:00+00:00,8.91,46.95,435.0,828.46,80.0,237.65,0.9,322.0,87890.0
1990-02-25 10:00:00+00:00,12.35,33.7,628.0,910.94,94.0,245.95,0.62,311.0,87920.0
1990-02-25 11:00:00+00:00,14.4,27.2,768.0,955.01,101.0,253.3,0.48,239.0,87930.0
1990-02-25 12:00:00+00:00,16.06,23.55,838.0,961.05,110.0,259.5,1.1,220.0,87880.0
1990-02-25 13:00:00+00:00,17.38,21.85,854.0,1002.06,93.0,265.1,1.59,227.0,87800.0
1990-02-25 14:00:00+00:00,18.33,19.65,774.0,955.87,101.0,269.2,1.72,231.0,87700.0
1990-02-25 15:00:00+00:00,18.87,18.25,641.0,925.76,90.0,276.55,1.66,230.0,87620.0
1990-02-25 16:00:00+00:00,19.09,17.6,443.0,808.71,87.0,272.85,1.52,228.0,87590.0
1990-02-25 17:00:00+00:00,18.92,18.25,225.0,668.82,58.0,270.95,1.38,224.0,87590.0
1990-02-25 18:00:00+00:00,18.36,18.85,9.0,0.0,9.0,263.75,1.1,223.0,87610.0
1990-02-25 19:00:00+00:00,16.93,32.35,0.0,0.0,0.0,258.95,0.97,227.0,87610.0
1990-02-25 20:00:00+00:00,15.18,33.2,0.0,0.0,0.0,256.05,1.03,271.0,87670.0
1990-02-25 21:00:00+00:00,12.75,39.5,0.0,0.0,0.0,252.35,1.31,301.0,87740.0
1990-02-25 22:00:00+00:00,10.49,47.35,0.0,0.0,0.0,249.85,1.52,308.0,87810.0
1990-02-25 23:00:00+00:00,8.64,54.65,0.0,0.0,0.0,246.95,1.59,300.0,87840.0
1990-02-26 00:00:00+00:00,6.97,61.0,0.0,0.0,0.0,245.95,1.72,295.0,87860.0
1990-02-26 01:00:00+00:00,5.71,63.15,0.0,0.0,0.0,244.15,1.79,295.0,87830.0
1990-02-26 02:00:00+00:00,4.76,68.0,0.0,0.0,0.0,239.95,1.79,298.0,87810.0
1990-02-26 03:00:00+00:00,3.87,70.6,0.0,0.0,0.0,237.85,1.79,300.0,87790.0
1990-02-26 04:00:00+00:00,3.17,76.1,0.0,0.0,0.0,234.75,1.72,302.0,87760.0
1990-02-26 05:00:00+00:00,2.57,76.0,0.0,0.0,0.0,232.8,1.66,302.0,87780.0
1990-02-26 06:00:00+00:00,2.25,78.95,0.0,0.0,0.0,230.85,1.59,304.0,87810.0
1990-02-26 07:00:00+00:00,2.35,73.1,0.0,0.0,0.0,229.15,1.38,302.0,87860.0
1990-02-26 08:00:00+00:00,4.67,62.95,222.0,699.44,54.0,229.5,1.1,306.0,87920.0
1990-02-26 09:00:00+00:00,9.13,50.7,443.0,834.18,82.0,233.6,0.97,313.0,87970.0
1990-02-26 10:00:00+00:00,13.74,30.3,633.0,899.2,102.0,242.5,0.83,336.0,88000.0
1990-02-26 11:00:00+00:00,16.25,20.9,786.0,983.3,95.0,251.2,0.48,349.0,87990.0
1990-02-26 12:00:00+00:00,18.31,16.7,852.0,975.39,109.0,258.75,0.28,340.0,87930.0
1990-02-26 13:00:00+00:00,19.86,13.35,859.0,988.82,104.0,264.55,0.28,281.0,87850.0
1990-02-26 14:00:00+00:00,20.95,11.0,783.0,957.65,105.0,268.8,0.76,289.0,87760.0
1990-02-26 15:00:00+00:00,21.7,9.9,646.0,915.06,98.0,270.15,1.38,296.0,87690.0
1990-02-26 16:00:00+00:00,22.01,9.95,455.0,838.54,83.0,269.4,2.14,304.0,87660.0
1990-02-26 17:00:00+00:00,21.67,11.7,233.0,696.07,57.0,266.5,2.9,313.0,87670.0
1990-02-26 18:00:00+00:00,20.36,15.85,10.0,0.0,10.0,261.05,3.31,321.0,87700.0
1990-02-26 19:00:00+00:00,18.45,19.75,0.0,0.0,0.0,256.2,2.9,322.0,87720.0
1990-02-26 20:00:00+00:00,16.2,27.6,0.0,0.0,0.0,253.5,2.76,328.0,87770.0
1990-02-26 21:00:00+00:00,14.22,35.6,0.0,0.0,0.0,249.85,2.28,321.0,87800.0
1990-02-26 22:00:00+00:00,12.33,44.2,0.0,0.0,0.0,245.6,2.0,315.0,87850.0
1990-02-26 23:00:00+00:00,10.6,49.2,0.0,0.0,0.0,241.5,1.93,313.0,87860.0
1990-02-27 00:00:00+00:00,9.13,54.8,0.0,0.0,0.0,239.0,1.93,313.0,87870.0
1990-02-27 01:00:00+00:00,7.88,58.9,0.0,0.0,0.0,237.35,2.07,312.0,87850.0
1990-02-27 02:00:00+00:00,6.81,63.25,0.0,0.0,0.0,235.3,2.0,310.0,87820.0
1990-02-27 03:00:00+00:00,5.73,60.75,0.0,0.0,0.0,233.2,1.79,307.0,87790.0
1990-02-27 04:00:00+00:00,4.48,65.4,0.0,0.0,0.0,231.45,1.59,305.0,87760.0
1990-02-27 05:00:00+00:00,3.55,65.2,0.0,0.0,0.0,228.35,1.45,304.0,87770.0
1990-02-27 06:00:00+00:00,3.02,65.1,0.0,0.0,0.0,225.85,1.38,306.0,87810.0
1990-02-27 07:00:00+00:00,2.95,62.6,7.0,0.0,7.0,224.3,1.38,303.0,87860.0
1990-02-27 08:00:00+00:00,5.42,49.95,229.0,712.04,55.0,224.1,0.97,306.0,87920.0
1990-02-27 09:00:00+00:00,9.93,45.4,458.0,864.88,80.0,228.95,0.69,318.0,87960.0
1990-02-27 10:00:00+00:00,15.12,20.65,658.0,956.51,89.0,237.45,0.28,7.0,87990.0
1990-02-27 11:00:00+00:00,17.79,16.6,793.0,973.04,105.0,246.15,0.55,103.0,87980.0
1990-02-27 12:00:00+00:00,19.9,14.5,859.0,956.94,126.0,253.7,1.31,126.0,87950.0
1990-02-27 13:00:00+00:00,21.41,12.05,870.0,992.67,108.0,261.25,1.59,150.0,87870.0
1990-02-27 14:00:00+00:00,22.41,10.85,798.0,973.49,105.0,266.85,1.59,171.0,87770.0
1990-02-27 15:00:00+00:00,23.04,9.35,666.0,959.3,88.0,270.75,1.59,185.0,87710.0
1990-02-27 16:00:00+00:00,23.21,8.95,466.0,856.78,83.0,270.75,1.59,188.0,87670.0
1990-02-27 17:00:00+00:00,22.92,9.25,240.0,710.99,58.0,269.2,1.59,178.0,87660.0
1990-02-27 18:00:00+00:00,22.23,9.95,17.0,117.9,12.0,264.95,1.72,161.0,87680.0
1990-02-27 19:00:00+00:00,20.45,12.4,0.0,0.0,0.0,257.75,2.34,155.0,87690.0
1990-02-27 20:00:00+00:00,18.92,15.5,0.0,0.0,0.0,254.85,2.41,159.0,87740.0
1990-02-27 21:00:00+00:00,16.89,19.4,0.0,0.0,0.0,251.75,2.21,160.0,87800.0
1990-02-27 22:00:00+00:00,14.97,27.3,0.0,0.0,0.0,249.45,1.66,143.0,87870.0
1990-02-27 23:00:00+00:00,14.25,27.05,0.0,0.0,0.0,247.7,1.45,105.0,87890.0
1990-02-28 00:00:00+00:00,13.57,25.85,0.0,0.0,0.0,246.55,1.31,77.0,87900.0
1990-02-28 01:00:00+00:00,13.21,24.7,0.0,0.0,0.0,245.1,0.76,50.0,87880.0
1990-02-28 02:00:00+00:00,11.86,26.35,0.0,0.0,0.0,243.85,0.62,348.0,87840.0
1990-02-28 03:00:00+00:00,10.6,28.3,0.0,0.0,0.0,242.1,0.83,320.0,87810.0
1990-02-28 04:00:00+00:00,9.45,30.4,0.0,0.0,0.0,240.55,0.97,314.0,87760.0
1990-02-28 05:00:00+00:00,7.94,35.3,0.0,0.0,0.0,239.0,1.1,310.0,87770.0
1990-02-28 06:00:00+00:00,6.94,38.0,0.0,0.0,0.0,237.45,1.1,310.0,87790.0
1990-02-28 07:00:00+00:00,5.06,44.15,9.0,0.0,9.0,235.9,1.17,303.0,87810.0
1990-02-28 08:00:00+00:00,7.43,36.6,228.0,679.83,59.0,236.5,0.83,306.0,87850.0
1990-02-28 09:00:00+00:00,10.97,42.3,455.0,842.82,83.0,240.75,0.62,317.0,87900.0
1990-02-28 10:00:00+00:00,15.7,19.95,656.0,944.55,90.0,249.25,0.14,331.0,87930.0
1990-02-28 11:00:00+00:00,18.12,18.1,790.0,961.5,106.0,257.95,0.62,178.0,87920.0
1990-02-28 12:00:00+00:00,20.27,15.2,845.0,910.13,144.0,265.5,1.66,192.0,87870.0
1990-02-28 13:00:00+00:00,21.87,13.75,857.0,945.96,127.0,271.9,2.21,204.0,87770.0
1990-02-28 14:00:00+00:00,22.93,11.85,803.0,989.19,95.0,276.15,2.41,210.0,87670.0
1990-02-28 15:00:00+00:00,23.52,10.65,657.0,920.57,99.0,278.1,2.41,211.0,87600.0
1990-02-28 16:00:00+00:00,24.15,5.14,462.0,830.4,88.0,276.89,1.62,211.0,87550.0
1990-02-28 17:00:00+00:00,22.71,8.91,240.0,698.62,59.0,274.15,1.56,206.0,87520.0
1990-02-28 18:00:00+00:00,21.28,12.68,17.0,110.46,12.0,271.41,1.5,197.0,87540.0
1990-02-28 19:00:00+00:00,19.84,16.44,0.0,0.0,0.0,268.67,1.44,190.0,87560.0
1990-02-28 20:00:00+00:00,18.4,20.21,0.0,0.0,0.0,265.92,1.38,190.0,87600.0
1990-02-28 21:00:00+00:00,16.97,23.98,0.0,0.0,0.0,263.18,1.33,204.0,87670.0
1990-02-28 22:00:00+00:00,15.53,27.75,0.0,0.0,0.0,260.44,1.27,220.0,87710.0
1990-02-28 23:00:00+00:00,14.09,31.52,0.0,0.0,0.0,257.7,1.21,243.0,87740.0
1990-03-01 00:00:00+00:00,12.66,35.29,0.0,0.0,0.0,254.95,1.15,15.0,87880.0
1990-03-01 01:00:00+00:00,11.22,39.06,0.0,0.0,0.0,252.21,1.09,335.0,87870.0
1990-03-01 02:00:00+00:00,9.78,42.82,0.0,0.0,0.0,249.47,1.04,323.0,87830.0
1990-03-01 03:00:00+00:00,8.35,46.59,0.0,0.0,0.0,246.73,0.98,315.0,87820.0
1990-03-01 04:00:00+00:00,6.91,50.36,0.0,0.0,0.0,243.98,0.92,308.0,87810.0
1990-03-01 05:00:00+00:00,5.47,54.13,0.0,0.0,0.0,241.24,0.86,306.0,87820.0
1990-03-01 06:00:00+00:00,4.04,57.9,0.0,0.0,0.0,238.5,0.8,303.0,87840.0
1990-03-01 07:00:00+00:00,2.6,61.67,9.0,0.0,9.0,235.76,0.74,300.0,87880.0
1990-03-01 08:00:00+00:00,7.14,54.3,220.0,577.41,74.0,242.1,0.76,300.0,87920.0
1990-03-01 09:00:00+00:00,10.96,42.3,441.0,744.84,109.0,246.95,0.48,305.0,87940.0
1990-03-01 10:00:00+00:00,14.96,28.4,632.0,830.01,131.0,256.8,0.14,222.0,87960.0
1990-03-01 11:00:00+00:00,17.4,23.8,762.0,843.9,158.0,265.1,0.97,167.0,87940.0
1990-03-01 12:00:00+00:00,19.3,20.7,840.0,881.92,157.0,271.5,1.93,178.0,87880.0
1990-03-01 13:00:00+00:00,20.69,17.95,855.0,926.84,136.0,276.55,2.41,190.0,87800.0
1990-03-01 14:00:00+00:00,21.66,16.15,792.0,929.71,123.0,279.45,2.69,198.0,87680.0
1990-03-01 15:00:00+00:00,22.3,15.0,631.0,800.34,143.0,280.8,2.76,200.0,87610.0
1990-03-01 16:00:00+00:00,22.48,14.55,450.0,749.36,110.0,281.2,2.62,200.0,87570.0
1990-03-01 17:00:00+00:00,22.21,14.45,225.0,549.29,81.0,280.6,2.62,190.0,87540.0
1990-03-01 18:00:00+00:00,21.31,16.05,18.0,103.94,13.0,275.2,2.76,182.0,87540.0
1990-03-01 19:00:00+00:00,19.88,17.85,0.0,0.0,0.0,271.5,2.48,181.0,87610.0
1990-03-01 20:00:00+00:00,18.1,21.25,0.0,0.0,0.0,267.45,1.86,200.0,87670.0
1990-03-01 21:00:00+00:00,15.5,29.55,0.0,0.0,0.0,263.4,1.24,248.0,87730.0
1990-03-01 22:00:00+00:00,13.42,32.8,0.0,0.0,0.0,259.1,1.45,286.0,87770.0
1990-03-01 23:00:00+00:00,11.6,39.25,0.0,0.0,0.0,257.6,1.59,296.0,87770.0
1990-03-02 00:00:00+00:00,9.93,45.4,0.0,0.0,0.0,253.5,1.66,301.0,87780.0
1990-03-02 01:00:00+00:00,8.44,50.6,0.0,0.0,0.0,251.3,1.66,302.0,87750.0
1990-03-02 02:00:00+00:00,7.31,56.55,0.0,0.0,0.0,250.2,1.66,302.0,87730.0
1990-03-02 03:00:00+00:00,6.69,60.85,0.0,0.0,0.0,251.2,1.45,300.0,87690.0
1990-03-02 04:00:00+00:00,6.32,60.85,0.0,0.0,0.0,249.65,1.31,301.0,87670.0
1990-03-02 05:00:00+00:00,6.12,63.15,0.0,0.0,0.0,246.75,1.1,303.0,87660.0
1990-03-02 06:00:00+00:00,5.81,63.15,0.0,0.0,0.0,245.0,1.03,305.0,87670.0
1990-03-02 07:00:00+00:00,6.01,63.15,14.0,47.3,12.0,243.45,0.9,304.0,87730.0
1990-03-02 08:00:00+00:00,7.71,54.4,226.0,591.07,74.0,244.4,0.55,317.0,87760.0
1990-03-02 09:00:00+00:00,11.51,45.8,451.0,770.91,104.0,248.85,0.21,351.0,87790.0
1990-03-02 10:00:00+00:00,15.56,30.7,633.0,815.79,137.0,258.55,0.62,109.0,87800.0
1990-03-02 11:00:00+00:00,17.99,26.9,759.0,813.82,173.0,266.1,1.24,141.0,87800.0
1990-03-02 12:00:00+00:00,19.9,20.9,821.0,800.1,198.0,271.1,2.07,168.0,87720.0
1990-03-02 13:00:00+00:00,21.41,15.55,841.0,865.61,166.0,274.4,3.1,183.0,87660.0
1990-03-02 14:00:00+00:00,22.19,13.3,784.0,894.39,137.0,275.0,3.72,191.0,87540.0
1990-03-02 15:00:00+00:00,22.58,11.85,628.0,771.23,155.0,276.15,4.07,194.0,87460.0
1990-03-02 16:00:00+00:00,22.47,11.4,426.0,603.91,150.0,278.65,4.28,194.0,87420.0
1990-03-02 17:00:00+00:00,21.8,11.7,226.0,531.67,85.0,279.05,4.48,191.0,87410.0
1990-03-02 18:00:00+00:00,20.7,12.5,20.0,98.2,15.0,276.75,4.41,185.0,87430.0
1990-03-02 19:00:00+00:00,19.4,13.35,0.0,0.0,0.0,265.3,3.66,175.0,87450.0
1990-03-02 20:00:00+00:00,17.98,15.4,0.0,0.0,0.0,258.35,3.24,173.0,87500.0
1990-03-02 21:00:00+00:00,16.61,17.05,0.0,0.0,0.0,254.85,2.41,177.0,87560.0
1990-03-02 22:00:00+00:00,14.81,21.35,0.0,0.0,0.0,251.75,1.24,178.0,87600.0
1990-03-02 23:00:00+00:00,15.14,19.8,0.0,0.0,0.0,248.65,0.62,156.0,87620.0
1990-03-03 00:00:00+00:00,13.85,21.25,0.0,0.0,0.0,249.25,0.48,113.0,87630.0
1990-03-03 01:00:00+00:00,12.38,23.6,0.0,0.0,0.0,248.4,0.48,85.0,87600.0
1990-03-03 02:00:00+00:00,10.89,25.2,0.0,0.0,0.0,249.05,0.28,27.0,87590.0
1990-03-03 03:00:00+00:00,9.6,28.05,0.0,0.0,0.0,250.4,0.41,324.0,87560.0
1990-03-03 04:00:00+00:00,8.6,30.15,0.0,0.0,0.0,259.3,0.55,307.0,87550.0
1990-03-03 05:00:00+00:00,7.77,30.0,0.0,0.0,0.0,256.4,0.62,303.0,87590.0
1990-03-03 06:00:00+00:00,7.1,32.25,0.0,0.0,0.0,256.4,0.62,301.0,87600.0
1990-03-03 07:00:00+00:00,6.78,33.6,17.0,86.02,13.0,250.4,0.55,303.0,87690.0
1990-03-03 08:00:00+00:00,8.14,31.25,152.0,126.19,119.0,244.2,0.34,317.0,87730.0
1990-03-03 09:00:00+00:00,12.77,21.75,428.0,622.63,145.0,247.9,0.0,76.0,87760.0
1990-03-03 10:00:00+00:00,15.59,18.25,673.0,937.28,99.0,255.65,0.76,127.0,87770.0
1990-03-03 11:00:00+00:00,17.87,16.05,754.0,773.06,194.0,268.4,1.45,163.0,87770.0
1990-03-03 12:00:00+00:00,19.58,13.9,834.0,822.63,190.0,273.45,2.28,180.0,87700.0
1990-03-03 13:00:00+00:00,20.85,11.95,555.0,174.79,418.0,276.75,3.1,183.0,87630.0
1990-03-03 14:00:00+00:00,21.63,10.3,829.0,1010.75,94.0,270.55,3.66,184.0,87510.0
1990-03-03 15:00:00+00:00,22.04,9.55,628.0,747.36,167.0,265.7,4.07,186.0,87440.0
1990-03-03 16:00:00+00:00,21.95,9.55,472.0,812.52,98.0,263.0,4.62,190.0,87410.0
1990-03-03 17:00:00+00:00,21.29,10.65,251.0,693.46,65.0,266.85,4.97,194.0,87400.0
1990-03-03 18:00:00+00:00,20.13,12.4,21.0,93.09,16.0,263.95,4.55,198.0,87440.0
1990-03-03 19:00:00+00:00,18.69,14.25,0.0,0.0,0.0,255.45,3.52,187.0,87490.0
1990-03-03 20:00:00+00:00,17.43,16.6,0.0,0.0,0.0,254.65,2.76,188.0,87540.0
1990-03-03 21:00:00+00:00,15.87,19.95,0.0,0.0,0.0,253.3,1.72,201.0,87600.0
1990-03-03 22:00:00+00:00,15.33,21.5,0.0,0.0,0.0,251.6,0.83,239.0,87630.0
1990-03-03 23:00:00+00:00,13.88,24.0,0.0,0.0,0.0,250.8,0.76,290.0,87650.0
1990-03-04 00:00:00+00:00,12.09,28.75,0.0,0.0,0.0,249.05,0.76,302.0,87630.0
1990-03-04 01:00:00+00:00,10.09,35.85,0.0,0.0,0.0,247.45,0.9,304.0,87600.0
1990-03-04 02:00:00+00:00,7.85,43.1,0.0,0.0,0.0,244.8,1.1,302.0,87540.0
1990-03-04 03:00:00+00:00,6.28,50.05,0.0,0.0,0.0,242.65,1.24,302.0,87510.0
1990-03-04 04:00:00+00:00,5.15,55.95,0.0,0.0,0.0,240.75,1.31,303.0,87520.0
1990-03-04 05:00:00+00:00,4.59,55.95,0.0,0.0,0.0,239.2,1.24,302.0,87520.0
1990-03-04 06:00:00+00:00,4.2,60.4,0.0,0.0,0.0,238.6,1.17,300.0,87560.0
1990-03-04 07:00:00+00:00,3.97,67.9,19.0,78.8,15.0,237.25,1.17,300.0,87580.0
1990-03-04 08:00:00+00:00,7.06,56.45,232.0,567.92,81.0,239.95,0.9,308.0,87630.0
1990-03-04 09:00:00+00:00,11.55,44.1,452.0,727.74,118.0,245.75,0.76,316.0,87670.0
1990-03-04 10:00:00+00:00,15.37,35.85,637.0,791.15,149.0,254.85,0.41,326.0,87690.0
1990-03-04 11:00:00+00:00,17.69,27.85,783.0,865.89,152.0,263.2,0.28,202.0,87680.0
1990-03-04 12:00:00+00:00,19.59,20.0,822.0,773.78,213.0,269.4,1.1,176.0,87630.0
1990-03-04 13:00:00+00:00,20.9,14.8,866.0,919.01,142.0,275.75,1.93,177.0,87560.0
1990-03-04 14:00:00+00:00,21.7,13.75,790.0,883.8,144.0,280.2,2.48,183.0,87470.0
1990-03-04 15:00:00+00:00,22.11,12.25,656.0,852.76,127.0,284.65,2.69,186.0,87400.0
1990-03-04 16:00:00+00:00,22.09,11.75,464.0,768.02,108.0,291.25,2.76,189.0,87360.0
1990-03-04 17:00:00+00:00,21.76,12.15,239.0,593.64,78.0,281.2,2.9,191.0,87350.0
1990-03-04 18:00:00+00:00,21.03,12.6,25.0,141.65,17.0,282.95,2.97,192.0,87360.0
1990-03-04 19:00:00+00:00,19.65,14.5,0.0,0.0,0.0,266.65,3.17,177.0,87360.0
1990-03-04 20:00:00+00:00,18.46,16.15,0.0,0.0,0.0,262.05,3.31,187.0,87430.0
1990-03-04 21:00:00+00:00,17.2,17.85,0.0,0.0,0.0,258.55,2.9,201.0,87490.0
1990-03-04 22:00:00+00:00,15.7,20.65,0.0,0.0,0.0,256.2,1.93,225.0,87550.0
1990-03-04 23:00:00+00:00,14.0,23.05,0.0,0.0,0.0,253.7,1.17,259.0,87560.0
1990-03-05 00:00:00+00:00,13.09,25.7,0.0,0.0,0.0,251.4,0.76,278.0,87540.0
1990-03-05 01:00:00+00:00,12.04,28.75,0.0,0.0,0.0,249.35,0.62,288.0,87490.0
1990-03-05 02:00:00+00:00,10.78,32.1,0.0,0.0,0.0,247.9,0.69,294.0,87440.0
1990-03-05 03:00:00+00:00,8.89,38.55,0.0,0.0,0.0,245.95,0.97,298.0,87410.0
1990-03-05 04:00:00+00:00,7.2,46.4,0.0,0.0,0.0,244.6,1.17,299.0,87400.0
1990-03-05 05:00:00+00:00,6.29,50.05,0.0,0.0,0.0,243.85,1.17,298.0,87440.0
1990-03-05 06:00:00+00:00,5.92,54.05,0.0,0.0,0.0,242.85,1.03,296.0,87460.0
1990-03-05 07:00:00+00:00,6.0,56.2,23.0,108.96,17.0,243.05,0.76,299.0,87500.0
1990-03-05 08:00:00+00:00,8.16,48.55,237.0,580.85,80.0,245.4,0.41,311.0,87530.0
1990-03-05 09:00:00+00:00,12.13,44.2,462.0,755.27,112.0,251.0,0.0,31.0,87560.0
1990-03-05 10:00:00+00:00,16.07,25.35,642.0,790.34,151.0,259.7,0.69,146.0,87560.0
1990-03-05 11:00:00+00:00,18.72,20.55,787.0,866.23,152.0,268.05,1.93,182.0,87560.0
1990-03-05 12:00:00+00:00,20.77,17.25,831.0,788.66,207.0,274.2,3.17,197.0,87480.0
1990-03-05 13:00:00+00:00,22.27,13.85,875.0,930.83,138.0,277.1,4.41,201.0,87390.0
1990-03-05 14:00:00+00:00,23.05,12.45,797.0,897.01,138.0,278.1,5.24,202.0,87270.0
1990-03-05 15:00:00+00:00,23.24,11.95,648.0,806.35,145.0,279.25,6.0,202.0,87210.0
1990-03-05 16:00:00+00:00,22.96,11.95,465.0,756.32,112.0,275.75,6.69,201.0,87180.0
1990-03-05 17:00:00+00:00,22.18,12.8,238.0,561.7,84.0,271.5,7.1,200.0,87150.0
1990-03-05 18:00:00+00:00,20.97,14.2,26.0,135.08,18.0,279.45,6.48,198.0,87170.0
1990-03-05 19:00:00+00:00,19.46,15.7,0.0,0.0,0.0,264.35,5.31,198.0,87230.0
1990-03-05 20:00:00+00:00,18.05,18.1,0.0,0.0,0.0,262.05,4.83,198.0,87270.0
1990-03-05 21:00:00+00:00,16.84,20.05,0.0,0.0,0.0,258.55,4.07,198.0,87310.0
1990-03-05 22:00:00+00:00,15.86,20.75,0.0,0.0,0.0,254.65,3.17,196.0,87330.0
1990-03-05 23:00:00+00:00,14.82,21.5,0.0,0.0,0.0,251.95,2.28,195.0,87340.0
1990-03-06 00:00:00+00:00,13.43,25.85,0.0,0.0,0.0,251.0,1.31,189.0,87310.0
1990-03-06 01:00:00+00:00,14.15,24.0,0.0,0.0,0.0,250.55,0.83,166.0,87270.0
1990-03-06 02:00:00+00:00,13.38,24.85,0.0,0.0,0.0,250.4,0.55,146.0,87230.0
1990-03-06 03:00:00+00:00,12.58,26.65,0.0,0.0,0.0,251.2,0.48,137.0,87180.0
1990-03-06 04:00:00+00:00,11.78,28.6,0.0,0.0,0.0,249.85,0.62,131.0,87150.0
1990-03-06 05:00:00+00:00,11.0,29.6,0.0,0.0,0.0,251.4,0.69,125.0,87150.0
1990-03-06 06:00:00+00:00,10.09,31.8,0.0,0.0,0.0,248.1,0.62,111.0,87150.0
1990-03-06 07:00:00+00:00,9.49,35.75,23.0,84.15,18.0,252.15,0.07,43.0,87190.0
1990-03-06 08:00:00+00:00,9.69,35.75,257.0,691.57,67.0,257.95,0.07,4.0,87230.0
1990-03-06 09:00:00+00:00,12.85,27.85,445.0,647.6,142.0,260.85,0.41,134.0,87280.0
1990-03-06 10:00:00+00:00,15.23,24.25,646.0,791.14,151.0,272.3,0.9,160.0,87290.0
1990-03-06 11:00:00+00:00,17.45,20.3,610.0,341.75,358.0,278.85,2.34,198.0,87290.0
1990-03-06 12:00:00+00:00,19.15,17.6,570.0,187.33,421.0,285.45,4.28,205.0,87220.0
1990-03-06 13:00:00+00:00,19.98,15.2,518.0,123.16,420.0,292.8,5.66,208.0,87140.0
1990-03-06 14:00:00+00:00,20.53,13.55,699.0,560.7,285.0,295.7,6.28,207.0,87020.0
1990-03-06 15:00:00+00:00,20.88,12.6,665.0,862.52,124.0,293.55,6.69,205.0,86930.0
1990-03-06 16:00:00+00:00,20.59,13.0,462.0,727.81,120.0,294.35,6.69,206.0,86890.0
1990-03-06 17:00:00+00:00,19.87,14.0,259.0,692.9,67.0,289.5,6.48,208.0,86850.0
1990-03-06 18:00:00+00:00,18.66,16.8,10.0,0.0,10.0,293.6,5.38,211.0,86850.0
1990-03-06 19:00:00+00:00,17.5,18.75,0.0,0.0,0.0,275.0,3.93,261.0,86930.0
1990-03-06 20:00:00+00:00,15.72,27.3,0.0,0.0,0.0,285.45,4.0,289.0,87000.0
1990-03-06 21:00:00+00:00,14.12,37.0,0.0,0.0,0.0,282.75,3.72,306.0,87080.0
1990-03-06 22:00:00+00:00,12.49,47.85,0.0,0.0,0.0,262.8,3.45,317.0,87080.0
1990-03-06 23:00:00+00:00,11.31,55.4,0.0,0.0,0.0,264.55,2.9,319.0,87100.0
1990-03-07 00:00:00+00:00,10.38,61.75,0.0,0.0,0.0,266.5,2.62,317.0,87090.0
1990-03-07 01:00:00+00:00,9.74,66.35,0.0,0.0,0.0,274.7,2.41,316.0,87070.0
1990-03-07 02:00:00+00:00,9.26,68.8,0.0,0.0,0.0,281.6,2.34,317.0,86970.0
1990-03-07 03:00:00+00:00,8.85,68.8,0.0,0.0,0.0,285.25,2.34,318.0,86890.0
1990-03-07 04:00:00+00:00,8.32,71.35,0.0,0.0,0.0,275.6,2.55,318.0,86850.0
1990-03-07 05:00:00+00:00,7.79,73.95,0.0,0.0,0.0,267.05,2.83,318.0,86860.0
1990-03-07 06:00:00+00:00,7.4,76.7,0.0,0.0,0.0,270.15,3.03,321.0,86840.0
1990-03-07 07:00:00+00:00,7.0,79.55,30.0,141.05,21.0,264.35,3.17,321.0,86890.0
1990-03-07 08:00:00+00:00,8.11,71.25,228.0,451.27,102.0,282.75,3.38,325.0,86900.0
1990-03-07 09:00:00+00:00,10.17,57.15,447.0,635.1,147.0,268.2,4.9,333.0,86940.0
1990-03-07 10:00:00+00:00,12.18,44.2,467.0,234.88,319.0,260.85,5.86,335.0,86910.0
1990-03-07 11:00:00+00:00,14.0,34.25,662.0,454.37,325.0,269.4,6.21,335.0,86910.0
1990-03-07 12:00:00+00:00,15.24,28.4,814.0,711.69,245.0,267.65,6.48,334.0,86850.0
1990-03-07 13:00:00+00:00,15.56,25.25,891.0,955.45,127.0,269.75,6.9,336.0,86800.0
1990-03-07 14:00:00+00:00,15.25,25.25,812.0,921.81,128.0,277.5,7.72,331.0,86720.0
1990-03-07 15:00:00+00:00,14.67,27.2,657.0,821.41,139.0,273.85,8.55,332.0,86670.0
1990-03-07 16:00:00+00:00,13.75,29.15,473.0,769.49,109.0,274.2,8.34,334.0,86670.0
1990-03-07 17:00:00+00:00,12.76,32.5,251.0,625.01,76.0,251.4,7.45,336.0,86700.0
1990-03-07 18:00:00+00:00,11.32,36.3,16.0,0.0,16.0,247.3,6.41,337.0,86740.0
1990-03-07 19:00:00+00:00,9.89,45.4,0.0,0.0,0.0,241.7,6.41,332.0,86800.0
1990-03-07 20:00:00+00:00,8.57,52.6,0.0,0.0,0.0,241.3,6.07,332.0,86870.0
1990-03-07 21:00:00+00:00,7.67,56.55,0.0,0.0,0.0,239.2,5.86,331.0,86920.0
1990-03-07 22:00:00+00:00,6.96,58.65,0.0,0.0,0.0,230.85,5.31,327.0,86920.0
1990-03-07 23:00:00+00:00,6.39,58.55,0.0,0.0,0.0,226.8,5.38,325.0,86910.0
1990-03-08 00:00:00+00:00,5.88,58.45,0.0,0.0,0.0,221.95,5.45,324.0,86890.0
1990-03-08 01:00:00+00:00,5.4,60.65,0.0,0.0,0.0,218.6,5.59,324.0,86850.0
1990-03-08 02:00:00+00:00,5.08,60.5,0.0,0.0,0.0,223.9,5.52,324.0,86810.0
1990-03-08 03:00:00+00:00,4.79,60.5,0.0,0.0,0.0,228.35,5.31,326.0,86790.0
1990-03-08 04:00:00+00:00,4.69,60.5,0.0,0.0,0.0,241.15,4.9,328.0,86770.0
1990-03-08 05:00:00+00:00,4.28,60.5,0.0,0.0,0.0,224.5,4.14,328.0,86810.0
1990-03-08 06:00:00+00:00,3.91,62.8,0.0,0.0,0.0,225.85,3.79,329.0,86840.0
1990-03-08 07:00:00+00:00,4.15,60.4,34.0,175.86,22.0,239.0,4.0,328.0,86910.0
1990-03-08 08:00:00+00:00,5.57,56.05,251.0,581.58,86.0,223.9,3.52,326.0,86920.0
1990-03-08 09:00:00+00:00,8.57,43.25,468.0,702.5,133.0,225.05,4.83,331.0,86960.0
1990-03-08 10:00:00+00:00,11.36,33.55,662.0,803.73,152.0,233.6,5.38,337.0,86940.0
1990-03-08 11:00:00+00:00,13.7,28.0,799.0,845.85,168.0,243.05,5.72,344.0,86960.0
1990-03-08 12:00:00+00:00,15.46,25.25,822.0,708.04,253.0,251.95,5.93,350.0,86900.0
1990-03-08 13:00:00+00:00,16.57,22.65,891.0,930.92,143.0,256.6,6.21,349.0,86860.0
1990-03-08 14:00:00+00:00,16.93,21.85,803.0,861.0,161.0,266.85,6.48,346.0,86800.0
1990-03-08 15:00:00+00:00,16.57,23.55,672.0,850.18,133.0,277.7,6.9,341.0,86770.0
1990-03-08 16:00:00+00:00,15.79,26.25,480.0,770.78,113.0,268.2,7.31,338.0,86790.0
1990-03-08 17:00:00+00:00,14.45,28.25,259.0,654.03,74.0,275.75,7.52,335.0,86810.0
1990-03-08 18:00:00+00:00,12.72,35.15,36.0,237.66,20.0,252.35,7.17,333.0,86890.0
1990-03-08 19:00:00+00:00,11.46,40.8,0.0,0.0,0.0,249.65,5.93,332.0,87010.0
1990-03-08 20:00:00+00:00,10.11,47.2,0.0,0.0,0.0,238.2,5.03,333.0,87090.0
1990-03-08 21:00:00+00:00,9.18,54.8,0.0,0.0,0.0,241.9,3.38,331.0,87170.0
1990-03-08 22:00:00+00:00,8.32,56.8,0.0,0.0,0.0,239.95,2.55,325.0,87200.0
1990-03-08 23:00:00+00:00,7.42,63.5,0.0,0.0,0.0,240.35,2.21,322.0,87250.0
1990-03-09 00:00:00+00:00,6.41,68.3,0.0,0.0,0.0,234.95,2.07,326.0,87270.0
1990-03-09 01:00:00+00:00,5.54,73.55,0.0,0.0,0.0,236.4,2.0,326.0,87290.0
1990-03-09 02:00:00+00:00,4.78,76.3,0.0,0.0,0.0,235.15,2.21,324.0,87280.0
1990-03-09 03:00:00+00:00,4.13,79.2,0.0,0.0,0.0,234.35,2.28,322.0,87270.0
1990-03-09 04:00:00+00:00,3.47,79.15,0.0,0.0,0.0,228.15,2.34,321.0,87270.0
1990-03-09 05:00:00+00:00,2.88,82.2,0.0,0.0,0.0,227.95,2.28,319.0,87280.0
1990-03-09 06:00:00+00:00,2.45,82.15,0.0,0.0,0.0,230.5,2.21,315.0,87340.0
1990-03-09 07:00:00+00:00,2.41,82.15,39.0,206.33,24.0,228.75,1.86,310.0,87360.0
1990-03-09 08:00:00+00:00,4.09,70.6,256.0,582.87,88.0,221.95,1.66,314.0,87440.0
1990-03-09 09:00:00+00:00,8.64,46.8,480.0,743.7,122.0,227.95,1.66,327.0,87480.0
1990-03-09 10:00:00+00:00,12.41,26.65,674.0,835.72,140.0,233.0,1.59,340.0,87480.0
1990-03-09 11:00:00+00:00,15.2,19.0,799.0,829.02,177.0,240.95,1.45,16.0,87480.0
1990-03-09 12:00:00+00:00,17.44,14.65,830.0,721.79,247.0,247.5,2.21,57.0,87430.0
1990-03-09 13:00:00+00:00,19.25,12.7,894.0,930.2,143.0,253.15,3.38,72.0,87380.0
1990-03-09 14:00:00+00:00,20.35,11.4,811.0,876.9,154.0,257.0,4.14,76.0,87320.0
1990-03-09 15:00:00+00:00,20.92,11.1,672.0,834.77,140.0,260.1,4.76,80.0,87270.0
1990-03-09 16:00:00+00:00,20.67,13.0,472.0,713.69,130.0,267.25,5.31,86.0,87300.0
1990-03-09 17:00:00+00:00,19.88,15.85,248.0,546.03,92.0,278.3,5.93,89.0,87320.0
1990-03-09 18:00:00+00:00,18.57,20.55,32.0,128.61,23.0,289.9,5.93,89.0,87420.0
1990-03-09 19:00:00+00:00,17.34,21.85,0.0,0.0,0.0,265.9,4.07,85.0,87550.0
1990-03-09 20:00:00+00:00,16.12,23.4,0.0,0.0,0.0,260.3,3.38,68.0,87670.0
1990-03-09 21:00:00+00:00,14.99,23.3,0.0,0.0,0.0,254.3,3.24,52.0,87750.0
1990-03-09 22:00:00+00:00,13.92,23.05,0.0,0.0,0.0,250.8,3.24,45.0,87820.0
1990-03-09 23:00:00+00:00,12.91,24.7,0.0,0.0,0.0,247.9,2.97,36.0,87840.0
1990-03-10 00:00:00+00:00,11.93,25.45,0.0,0.0,0.0,244.8,2.62,17.0,87850.0
1990-03-10 01:00:00+00:00,10.91,27.3,0.0,0.0,0.0,241.8,2.48,354.0,87820.0
1990-03-10 02:00:00+00:00,9.83,30.55,0.0,0.0,0.0,239.75,2.69,340.0,87790.0
1990-03-10 03:00:00+00:00,8.67,32.7,0.0,0.0,0.0,238.4,2.9,333.0,87760.0
1990-03-10 04:00:00+00:00,7.53,35.15,0.0,0.0,0.0,238.2,2.9,328.0,87780.0
1990-03-10 05:00:00+00:00,6.62,37.85,0.0,0.0,0.0,237.45,2.9,324.0,87790.0
1990-03-10 06:00:00+00:00,5.91,39.25,0.0,0.0,0.0,236.85,2.76,320.0,87810.0
1990-03-10 07:00:00+00:00,6.0,39.25,38.0,142.5,27.0,236.3,2.48,317.0,87860.0
1990-03-10 08:00:00+00:00,7.94,33.9,254.0,546.5,94.0,238.4,1.79,318.0,87930.0
1990-03-10 09:00:00+00:00,13.06,23.7,480.0,726.49,127.0,244.2,1.59,323.0,87970.0
1990-03-10 10:00:00+00:00,16.33,18.5,668.0,798.88,154.0,252.15,1.38,347.0,88000.0
1990-03-10 11:00:00+00:00,18.26,16.05,808.0,856.14,162.0,258.15,2.21,57.0,87990.0
1990-03-10 12:00:00+00:00,19.68,14.5,835.0,732.96,240.0,262.8,2.62,68.0,87930.0
1990-03-10 13:00:00+00:00,20.74,13.0,889.0,908.56,152.0,267.25,2.28,74.0,87850.0
1990-03-10 14:00:00+00:00,21.48,12.15,801.0,838.22,170.0,271.1,1.66,81.0,87740.0
1990-03-10 15:00:00+00:00,21.92,11.75,671.0,828.93,140.0,283.9,1.03,96.0,87670.0
1990-03-10 16:00:00+00:00,22.17,11.75,477.0,736.16,122.0,285.65,0.28,140.0,87630.0
1990-03-10 17:00:00+00:00,21.91,12.25,252.0,561.52,90.0,277.9,0.83,275.0,87620.0
1990-03-10 18:00:00+00:00,21.23,14.2,34.0,137.72,24.0,271.3,2.28,299.0,87640.0
1990-03-10 19:00:00+00:00,19.7,17.05,0.0,0.0,0.0,268.4,2.9,309.0,87720.0
1990-03-10 20:00:00+00:00,17.94,20.45,0.0,0.0,0.0,271.5,3.24,312.0,87780.0
1990-03-10 21:00:00+00:00,16.39,23.55,0.0,0.0,0.0,269.6,2.34,308.0,87870.0
1990-03-10 22:00:00+00:00,14.87,25.25,0.0,0.0,0.0,264.75,1.17,293.0,87910.0
1990-03-10 23:00:00+00:00,14.02,27.05,0.0,0.0,0.0,265.9,0.62,290.0,87950.0
1990-03-11 00:00:00+00:00,13.01,27.85,0.0,0.0,0.0,256.4,0.41,318.0,87940.0
1990-03-11 01:00:00+00:00,11.66,31.0,0.0,0.0,0.0,254.2,0.69,319.0,87920.0
1990-03-11 02:00:00+00:00,9.86,34.45,0.0,0.0,0.0,252.15,0.9,309.0,87880.0
1990-03-11 03:00:00+00:00,7.96,39.85,0.0,0.0,0.0,249.65,1.1,301.0,87830.0
1990-03-11 04:00:00+00:00,6.6,42.7,0.0,0.0,0.0,246.95,1.24,298.0,87830.0
1990-03-11 05:00:00+00:00,5.57,46.0,0.0,0.0,0.0,244.2,1.31,298.0,87820.0
1990-03-11 06:00:00+00:00,4.97,47.7,0.0,0.0,0.0,241.3,1.31,297.0,87830.0
1990-03-11 07:00:00+00:00,5.12,45.85,43.0,183.55,28.0,239.6,1.1,295.0,87880.0
1990-03-11 08:00:00+00:00,8.96,34.2,267.0,602.01,88.0,240.15,0.69,299.0,87900.0
1990-03-11 09:00:00+00:00,13.31,25.85,488.0,736.1,127.0,243.45,0.34,277.0,87940.0
1990-03-11 10:00:00+00:00,16.92,19.4,689.0,855.18,135.0,251.0,0.55,210.0,87950.0
1990-03-11 11:00:00+00:00,19.26,16.25,818.0,864.52,162.0,257.0,0.83,216.0,87960.0
1990-03-11 12:00:00+00:00,21.08,12.6,845.0,739.14,242.0,262.8,1.03,206.0,87910.0
1990-03-11 13:00:00+00:00,22.51,10.05,903.0,932.57,143.0,267.65,1.1,199.0,87840.0
1990-03-11 14:00:00+00:00,23.54,8.3,824.0,896.47,146.0,271.1,1.17,192.0,87740.0
1990-03-11 15:00:00+00:00,24.16,7.1,691.0,879.11,125.0,272.5,1.31,186.0,87680.0
1990-03-11 16:00:00+00:00,24.36,6.5,490.0,774.9,114.0,272.3,1.45,184.0,87660.0
1990-03-11 17:00:00+00:00,24.07,6.5,266.0,641.99,79.0,270.15,1.59,191.0,87660.0
1990-03-11 18:00:00+00:00,23.29,7.25,40.0,199.41,25.0,266.65,1.66,197.0,87680.0
1990-03-11 19:00:00+00:00,21.8,9.5,0.0,0.0,0.0,264.75,1.72,219.0,87720.0
1990-03-11 20:00:00+00:00,19.25,14.4,0.0,0.0,0.0,262.4,1.52,221.0,87810.0
1990-03-11 21:00:00+00:00,18.48,16.15,0.0,0.0,0.0,259.1,0.76,190.0,87920.0
1990-03-11 22:00:00+00:00,16.02,19.95,0.0,0.0,0.0,256.2,1.17,102.0,88000.0
1990-03-11 23:00:00+00:00,13.37,23.85,0.0,0.0,0.0,254.65,1.52,85.0,88070.0
1990-03-12 00:00:00+00:00,12.41,25.6,0.0,0.0,0.0,253.1,1.52,71.0,88090.0
1990-03-12 01:00:00+00:00,13.75,22.9,0.0,0.0,0.0,252.45,1.03,53.0,88100.0
1990-03-12 02:00:00+00:00,12.66,24.55,0.0,0.0,0.0,251.95,0.76,2.0,88070.0
1990-03-12 03:00:00+00:00,11.13,27.3,0.0,0.0,0.0,250.6,1.03,328.0,88060.0
1990-03-12 04:00:00+00:00,9.16,31.55,0.0,0.0,0.0,248.5,1.24,323.0,88070.0
1990-03-12 05:00:00+00:00,8.35,32.7,0.0,0.0,0.0,246.55,1.24,324.0,88080.0
1990-03-12 06:00:00+00:00,7.89,33.9,0.0,0.0,0.0,243.65,1.24,326.0,88110.0
1990-03-12 07:00:00+00:00,8.5,32.7,47.0,185.46,31.0,243.65,1.38,330.0,88150.0
1990-03-12 08:00:00+00:00,10.98,28.45,266.0,566.39,95.0,245.2,0.97,317.0,88190.0
1990-03-12 09:00:00+00:00,14.02,24.0,491.0,731.39,129.0,250.2,0.69,334.0,88250.0
1990-03-12 10:00:00+00:00,16.85,21.0,679.0,803.4,155.0,257.6,0.9,77.0,88260.0
1990-03-12 11:00:00+00:00,18.71,19.75,815.0,843.99,171.0,264.55,1.66,113.0,88250.0
1990-03-12 12:00:00+00:00,20.09,17.15,850.0,751.39,234.0,270.15,1.38,148.0,88210.0
1990-03-12 13:00:00+00:00,21.25,15.4,151.0,0.0,151.0,275.95,1.31,180.0,88120.0
1990-03-12 14:00:00+00:00,22.17,14.45,824.0,892.37,146.0,279.85,1.52,193.0,88040.0
1990-03-12 15:00:00+00:00,22.76,13.4,676.0,816.03,148.0,282.15,1.86,194.0,87960.0
1990-03-12 16:00:00+00:00,22.99,12.45,493.0,782.5,111.0,283.1,2.41,193.0,87900.0
1990-03-12 17:00:00+00:00,22.67,12.9,264.0,615.59,83.0,289.7,2.76,195.0,87890.0
1990-03-12 18:00:00+00:00,22.06,13.3,43.0,244.19,24.0,277.9,2.83,199.0,87890.0
1990-03-12 19:00:00+00:00,21.39,14.3,0.0,0.0,0.0,272.65,2.07,199.0,87880.0
1990-03-12 20:00:00+00:00,19.74,17.05,0.0,0.0,0.0,269.0,1.79,219.0,87940.0
1990-03-12 21:00:00+00:00,17.15,22.75,0.0,0.0,0.0,265.9,1.45,233.0,88010.0
1990-03-12 22:00:00+00:00,17.21,21.0,0.0,0.0,0.0,262.6,0.83,240.0,88060.0
1990-03-12 23:00:00+00:00,16.12,22.5,0.0,0.0,0.0,259.9,0.34,222.0,88070.0
1990-03-13 00:00:00+00:00,14.67,24.1,0.0,0.0,0.0,257.2,0.0,348.0,88030.0
1990-03-13 01:00:00+00:00,13.18,26.75,0.0,0.0,0.0,255.0,0.21,15.0,88020.0
1990-03-13 02:00:00+00:00,11.68,29.75,0.0,0.0,0.0,252.95,0.41,337.0,87980.0
1990-03-13 03:00:00+00:00,10.28,31.95,0.0,0.0,0.0,251.2,0.62,308.0,87940.0
1990-03-13 04:00:00+00:00,9.05,35.6,0.0,0.0,0.0,249.65,0.83,300.0,87900.0
1990-03-13 05:00:00+00:00,7.64,39.7,0.0,0.0,0.0,248.3,0.97,298.0,87890.0
1990-03-13 06:00:00+00:00,6.65,42.7,0.0,0.0,0.0,247.5,1.03,298.0,87890.0
1990-03-13 07:00:00+00:00,6.24,46.25,53.0,242.15,31.0,246.35,1.03,296.0,87940.0
1990-03-13 08:00:00+00:00,10.08,35.85,278.0,626.42,86.0,248.65,0.76,297.0,87960.0
1990-03-13 09:00:00+00:00,14.29,28.15,506.0,786.82,113.0,254.1,0.62,286.0,87990.0
1990-03-13 10:00:00+00:00,17.66,22.9,690.0,834.56,142.0,263.0,0.83,254.0,87970.0
1990-03-13 11:00:00+00:00,19.95,19.35,822.0,858.91,163.0,270.15,1.03,246.0,87940.0
1990-03-13 12:00:00+00:00,21.66,16.15,883.0,843.66,188.0,276.95,1.17,237.0,87840.0
1990-03-13 13:00:00+00:00,22.95,13.5,891.0,876.68,170.0,281.6,1.38,232.0,87730.0
1990-03-13 14:00:00+00:00,23.87,12.05,822.0,873.95,155.0,284.3,1.52,236.0,87600.0
1990-03-13 15:00:00+00:00,24.37,11.2,685.0,845.9,135.0,292.4,1.59,246.0,87500.0
1990-03-13 16:00:00+00:00,24.43,10.4,498.0,792.11,109.0,289.7,1.79,271.0,87450.0
1990-03-13 17:00:00+00:00,24.03,10.75,266.0,613.33,84.0,288.95,2.48,301.0,87440.0
1990-03-13 18:00:00+00:00,22.9,12.45,43.0,211.51,26.0,284.5,3.45,321.0,87470.0
1990-03-13 19:00:00+00:00,20.71,16.6,0.0,0.0,0.0,280.4,4.55,335.0,87540.0
1990-03-13 20:00:00+00:00,18.76,22.25,0.0,0.0,0.0,272.5,4.28,333.0,87580.0
1990-03-13 21:00:00+00:00,17.08,26.65,0.0,0.0,0.0,268.2,2.62,318.0,87630.0
1990-03-13 22:00:00+00:00,15.51,30.7,0.0,0.0,0.0,260.85,2.0,306.0,87650.0
1990-03-13 23:00:00+00:00,13.97,34.25,0.0,0.0,0.0,257.6,1.79,310.0,87700.0
1990-03-14 00:00:00+00:00,12.46,38.0,0.0,0.0,0.0,255.25,1.79,319.0,87690.0
1990-03-14 01:00:00+00:00,11.07,42.3,0.0,0.0,0.0,253.6,1.79,319.0,87680.0
1990-03-14 02:00:00+00:00,9.71,47.05,0.0,0.0,0.0,252.75,1.66,316.0,87630.0
1990-03-14 03:00:00+00:00,8.45,50.6,0.0,0.0,0.0,251.0,1.52,313.0,87600.0
1990-03-14 04:00:00+00:00,7.46,54.4,0.0,0.0,0.0,249.45,1.38,313.0,87550.0
1990-03-14 05:00:00+00:00,6.91,54.3,0.0,0.0,0.0,247.9,1.38,312.0,87580.0
1990-03-14 06:00:00+00:00,6.45,56.3,0.0,0.0,0.0,247.3,1.31,311.0,87600.0
1990-03-14 07:00:00+00:00,6.73,58.55,58.0,272.38,32.0,246.55,1.03,307.0,87660.0
1990-03-14 08:00:00+00:00,10.56,43.8,282.0,626.8,87.0,249.25,0.48,336.0,87720.0
1990-03-14 09:00:00+00:00,14.32,31.8,510.0,787.69,113.0,256.05,0.97,61.0,87770.0
1990-03-14 10:00:00+00:00,17.44,25.75,698.0,850.21,136.0,264.15,2.76,92.0,87800.0
1990-03-14 11:00:00+00:00,19.44,20.8,844.0,919.06,135.0,270.35,3.45,108.0,87790.0
1990-03-14 12:00:00+00:00,20.9,17.4,886.0,842.05,189.0,276.35,3.38,126.0,87740.0
1990-03-14 13:00:00+00:00,21.99,15.0,904.0,909.1,153.0,281.0,3.24,147.0,87670.0
1990-03-14 14:00:00+00:00,22.55,13.95,838.0,917.04,135.0,292.4,3.17,164.0,87590.0
1990-03-14 15:00:00+00:00,22.92,13.0,650.0,694.91,196.0,291.05,3.24,172.0,87530.0
1990-03-14 16:00:00+00:00,22.88,13.4,503.0,801.66,107.0,304.8,3.1,174.0,87500.0
1990-03-14 17:00:00+00:00,22.56,12.9,264.0,581.12,90.0,289.9,2.76,176.0,87510.0
1990-03-14 18:00:00+00:00,21.89,13.75,47.0,253.25,26.0,309.45,3.03,178.0,87520.0
1990-03-14 19:00:00+00:00,20.77,13.55,0.0,0.0,0.0,273.65,3.24,187.0,87560.0
1990-03-14 20:00:00+00:00,19.5,15.1,0.0,0.0,0.0,265.1,3.24,192.0,87630.0
1990-03-14 21:00:00+00:00,18.37,16.8,0.0,0.0,0.0,262.8,2.83,198.0,87680.0
1990-03-14 22:00:00+00:00,16.97,18.6,0.0,0.0,0.0,259.5,1.79,195.0,87760.0
1990-03-14 23:00:00+00:00,17.63,18.0,0.0,0.0,0.0,257.6,0.62,156.0,87780.0
1990-03-15 00:00:00+00:00,16.68,19.25,0.0,0.0,0.0,255.85,0.69,82.0,87800.0
1990-03-15 01:00:00+00:00,15.39,20.65,0.0,0.0,0.0,254.6,0.62,58.0,87780.0
1990-03-15 02:00:00+00:00,13.93,22.1,0.0,0.0,0.0,253.15,0.41,17.0,87750.0
1990-03-15 03:00:00+00:00,12.38,24.55,0.0,0.0,0.0,251.95,0.62,332.0,87730.0
1990-03-15 04:00:00+00:00,10.77,28.3,0.0,0.0,0.0,250.6,0.76,320.0,87720.0
1990-03-15 05:00:00+00:00,9.33,30.4,0.0,0.0,0.0,249.05,0.9,315.0,87750.0
1990-03-15 06:00:00+00:00,7.94,33.9,0.0,0.0,0.0,247.9,0.97,312.0,87770.0
1990-03-15 07:00:00+00:00,7.38,35.15,62.0,289.78,33.0,246.55,1.03,311.0,87830.0
1990-03-15 08:00:00+00:00,10.77,28.3,289.0,639.82,87.0,248.5,0.62,311.0,87850.0
1990-03-15 09:00:00+00:00,14.65,21.35,516.0,784.62,117.0,253.7,0.34,318.0,87880.0
1990-03-15 10:00:00+00:00,17.42,18.0,707.0,858.15,136.0,261.25,0.28,158.0,87890.0
1990-03-15 11:00:00+00:00,19.58,16.35,840.0,883.19,155.0,269.0,1.03,181.0,87840.0
1990-03-15 12:00:00+00:00,21.31,14.8,906.0,883.78,171.0,274.8,1.79,197.0,87780.0
1990-03-15 13:00:00+00:00,22.55,12.9,898.0,865.35,180.0,279.85,2.21,198.0,87700.0
1990-03-15 14:00:00+00:00,23.36,12.45,842.0,913.05,139.0,282.75,2.62,192.0,87580.0
1990-03-15 15:00:00+00:00,23.61,11.6,696.0,854.66,135.0,284.3,2.62,196.0,87520.0
1990-03-15 16:00:00+00:00,23.43,10.65,504.0,789.02,112.0,286.05,2.14,213.0,87490.0
1990-03-15 17:00:00+00:00,23.17,10.6,275.0,638.91,82.0,294.15,1.52,241.0,87520.0
1990-03-15 18:00:00+00:00,22.54,11.4,52.0,304.29,26.0,292.05,1.52,281.0,87510.0
1990-03-15 19:00:00+00:00,21.71,10.3,0.0,0.0,0.0,272.3,1.38,216.0,87530.0
1990-03-15 20:00:00+00:00,19.04,15.0,0.0,0.0,0.0,266.1,1.38,237.0,87560.0
1990-03-15 21:00:00+00:00,16.64,19.25,0.0,0.0,0.0,265.5,1.66,243.0,87650.0
1990-03-15 22:00:00+00:00,14.8,22.25,0.0,0.0,0.0,268.8,1.66,255.0,87690.0
1990-03-15 23:00:00+00:00,13.75,24.85,0.0,0.0,0.0,266.1,1.45,276.0,87700.0
1990-03-16 00:00:00+00:00,12.94,26.75,0.0,0.0,0.0,257.6,1.24,294.0,87690.0
1990-03-16 01:00:00+00:00,11.65,31.0,0.0,0.0,0.0,255.95,1.1,298.0,87660.0
1990-03-16 02:00:00+00:00,10.41,34.6,0.0,0.0,0.0,253.7,1.03,300.0,87620.0
1990-03-16 03:00:00+00:00,9.21,38.55,0.0,0.0,0.0,251.2,1.1,303.0,87580.0
1990-03-16 04:00:00+00:00,8.4,39.95,0.0,0.0,0.0,248.85,1.03,305.0,87580.0
1990-03-16 05:00:00+00:00,7.8,43.1,0.0,0.0,0.0,247.3,0.97,307.0,87620.0
1990-03-16 06:00:00+00:00,7.3,44.75,0.0,0.0,0.0,246.55,0.97,306.0,87650.0
1990-03-16 07:00:00+00:00,7.15,48.25,66.0,286.49,36.0,246.55,1.03,306.0,87690.0
1990-03-16 08:00:00+00:00,10.9,36.15,291.0,627.49,90.0,249.25,0.62,306.0,87720.0
1990-03-16 09:00:00+00:00,14.71,29.4,519.0,781.61,118.0,254.85,0.28,305.0,87740.0
1990-03-16 10:00:00+00:00,17.5,22.9,710.0,855.56,137.0,262.8,0.55,146.0,87730.0
1990-03-16 11:00:00+00:00,19.72,18.45,866.0,950.33,125.0,270.75,1.72,156.0,87700.0
1990-03-16 12:00:00+00:00,21.28,15.4,923.0,929.95,146.0,276.15,2.28,160.0,87650.0
1990-03-16 13:00:00+00:00,22.29,13.3,894.0,846.02,189.0,281.2,2.48,171.0,87570.0
1990-03-16 14:00:00+00:00,22.65,12.9,810.0,795.33,195.0,291.85,2.48,185.0,87470.0
1990-03-16 15:00:00+00:00,22.56,12.9,733.0,972.03,92.0,293.6,2.69,193.0,87400.0
1990-03-16 16:00:00+00:00,22.32,13.3,529.0,884.66,87.0,294.35,3.03,192.0,87370.0
1990-03-16 17:00:00+00:00,21.91,13.3,291.0,725.3,70.0,286.6,3.1,194.0,87380.0
1990-03-16 18:00:00+00:00,21.09,14.2,50.0,238.78,29.0,289.7,2.62,205.0,87380.0
1990-03-16 19:00:00+00:00,20.2,14.6,0.0,0.0,0.0,274.2,3.24,200.0,87380.0
1990-03-16 20:00:00+00:00,19.06,16.25,0.0,0.0,0.0,265.3,3.17,203.0,87430.0
1990-03-16 21:00:00+00:00,17.83,18.0,0.0,0.0,0.0,258.15,2.62,209.0,87480.0
1990-03-16 22:00:00+00:00,15.92,20.75,0.0,0.0,0.0,255.45,1.59,237.0,87520.0
1990-03-16 23:00:00+00:00,14.33,23.15,0.0,0.0,0.0,256.2,1.17,287.0,87520.0
1990-03-17 00:00:00+00:00,12.66,27.75,0.0,0.0,0.0,268.6,1.1,305.0,87500.0
1990-03-17 01:00:00+00:00,11.11,32.1,0.0,0.0,0.0,274.35,1.17,302.0,87460.0
1990-03-17 02:00:00+00:00,9.71,37.2,0.0,0.0,0.0,261.65,1.31,300.0,87410.0
1990-03-17 03:00:00+00:00,8.64,41.6,0.0,0.0,0.0,257.6,1.38,303.0,87370.0
1990-03-17 04:00:00+00:00,7.73,44.75,0.0,0.0,0.0,256.2,1.45,307.0,87360.0
1990-03-17 05:00:00+00:00,6.93,48.25,0.0,0.0,0.0,256.8,1.79,313.0,87400.0
1990-03-17 06:00:00+00:00,6.71,52.1,0.0,0.0,0.0,265.9,2.0,319.0,87440.0
1990-03-17 07:00:00+00:00,6.31,58.55,76.0,393.17,33.0,255.05,2.0,306.0,87480.0
1990-03-17 08:00:00+00:00,9.04,48.8,314.0,741.67,73.0,264.55,1.72,310.0,87520.0
1990-03-17 09:00:00+00:00,14.04,34.25,522.0,778.67,119.0,272.3,1.79,320.0,87550.0
1990-03-17 10:00:00+00:00,17.0,26.65,692.0,772.91,171.0,279.85,2.41,322.0,87540.0
1990-03-17 11:00:00+00:00,18.69,19.75,853.0,908.35,141.0,284.1,2.83,314.0,87520.0
1990-03-17 12:00:00+00:00,19.74,17.05,836.0,661.22,281.0,293.75,2.97,305.0,87440.0
1990-03-17 13:00:00+00:00,20.73,15.3,849.0,703.81,260.0,288.75,2.9,291.0,87370.0
1990-03-17 14:00:00+00:00,20.92,14.2,332.0,10.3,324.0,310.6,2.76,283.0,87260.0
1990-03-17 15:00:00+00:00,20.82,14.7,212.0,0.0,212.0,311.4,2.34,276.0,87170.0
1990-03-17 16:00:00+00:00,20.51,14.1,270.0,63.69,238.0,316.2,1.72,260.0,87120.0
1990-03-17 17:00:00+00:00,20.28,14.6,167.0,91.12,139.0,325.5,2.14,266.0,87110.0
1990-03-17 18:00:00+00:00,18.38,20.55,58.0,342.8,27.0,298.6,4.0,287.0,87150.0
1990-03-17 19:00:00+00:00,18.22,16.7,0.0,0.0,0.0,290.3,2.41,25.0,87270.0
1990-03-17 20:00:00+00:00,16.82,20.05,0.0,0.0,0.0,284.65,2.55,14.0,87320.0
1990-03-17 21:00:00+00:00,15.44,24.25,0.0,0.0,0.0,278.1,2.69,360.0,87400.0
1990-03-17 22:00:00+00:00,14.16,28.15,0.0,0.0,0.0,271.1,2.83,344.0,87440.0
1990-03-17 23:00:00+00:00,12.86,31.4,0.0,0.0,0.0,265.7,2.55,334.0,87430.0
1990-03-18 00:00:00+00:00,11.46,34.9,0.0,0.0,0.0,250.2,2.21,336.0,87390.0
1990-03-18 01:00:00+00:00,10.03,40.4,0.0,0.0,0.0,247.6,1.93,335.0,87360.0
1990-03-18 02:00:00+00:00,8.82,43.4,0.0,0.0,0.0,245.4,1.79,327.0,87310.0
1990-03-18 03:00:00+00:00,7.87,46.65,0.0,0.0,0.0,243.45,1.66,321.0,87270.0
1990-03-18 04:00:00+00:00,6.8,50.2,0.0,0.0,0.0,241.15,1.59,315.0,87230.0
1990-03-18 05:00:00+00:00,5.78,56.2,0.0,0.0,0.0,239.6,1.59,314.0,87250.0
1990-03-18 06:00:00+00:00,4.94,60.5,0.0,0.0,0.0,238.6,1.52,313.0,87260.0
1990-03-18 07:00:00+00:00,5.04,58.2,77.0,359.54,36.0,237.25,1.38,310.0,87300.0
1990-03-18 08:00:00+00:00,9.24,43.4,306.0,667.56,86.0,240.15,0.83,317.0,87320.0
1990-03-18 09:00:00+00:00,13.46,29.15,532.0,798.78,115.0,247.3,0.62,334.0,87380.0
1990-03-18 10:00:00+00:00,16.19,23.4,720.0,857.92,138.0,256.8,0.28,356.0,87380.0
1990-03-18 11:00:00+00:00,18.35,17.5,865.0,925.23,136.0,264.15,0.34,159.0,87370.0
1990-03-18 12:00:00+00:00,19.94,14.6,936.0,944.06,140.0,270.15,1.31,189.0,87300.0
1990-03-18 13:00:00+00:00,20.84,13.55,912.0,880.55,172.0,285.05,2.07,197.0,87220.0
1990-03-18 14:00:00+00:00,21.47,12.15,855.0,922.09,136.0,302.65,2.48,199.0,87120.0
1990-03-18 15:00:00+00:00,22.09,10.85,699.0,835.58,143.0,307.3,2.41,205.0,87030.0
1990-03-18 16:00:00+00:00,22.26,9.95,514.0,799.79,110.0,303.25,1.72,230.0,86980.0
1990-03-18 17:00:00+00:00,22.25,9.55,282.0,639.0,84.0,307.9,1.72,288.0,86960.0
1990-03-18 18:00:00+00:00,21.45,10.75,60.0,344.48,28.0,282.95,3.31,325.0,87000.0
1990-03-18 19:00:00+00:00,20.04,13.45,0.0,0.0,0.0,297.65,4.0,333.0,87040.0
1990-03-18 20:00:00+00:00,17.94,18.1,0.0,0.0,0.0,271.3,4.62,334.0,87110.0
1990-03-18 21:00:00+00:00,16.14,23.4,0.0,0.0,0.0,259.3,3.86,328.0,87190.0
1990-03-18 22:00:00+00:00,14.51,26.1,0.0,0.0,0.0,256.05,2.97,322.0,87220.0
1990-03-18 23:00:00+00:00,13.03,30.15,0.0,0.0,0.0,253.3,2.48,318.0,87250.0
1990-03-19 00:00:00+00:00,11.59,34.9,0.0,0.0,0.0,250.2,2.28,313.0,87210.0
1990-03-19 01:00:00+00:00,10.33,37.45,0.0,0.0,0.0,248.0,2.21,310.0,87200.0
1990-03-19 02:00:00+00:00,9.26,41.7,0.0,0.0,0.0,247.3,2.21,312.0,87160.0
1990-03-19 03:00:00+00:00,8.39,43.25,0.0,0.0,0.0,245.2,2.07,313.0,87140.0
1990-03-19 04:00:00+00:00,7.71,46.55,0.0,0.0,0.0,244.4,1.86,312.0,87120.0
1990-03-19 05:00:00+00:00,7.04,48.25,0.0,0.0,0.0,243.25,1.72,309.0,87130.0
1990-03-19 06:00:00+00:00,6.18,51.95,0.0,0.0,0.0,242.85,1.59,306.0,87140.0
1990-03-19 07:00:00+00:00,5.68,58.3,79.0,336.96,39.0,242.65,1.45,306.0,87180.0
1990-03-19 08:00:00+00:00,9.91,42.0,305.0,631.41,94.0,245.6,0.83,312.0,87210.0
1990-03-19 09:00:00+00:00,14.37,29.4,526.0,753.99,129.0,252.35,0.48,348.0,87250.0
1990-03-19 10:00:00+00:00,17.01,23.7,722.0,855.47,138.0,261.05,0.83,90.0,87250.0
1990-03-19 11:00:00+00:00,18.96,18.35,863.0,910.41,142.0,267.25,1.52,122.0,87240.0
1990-03-19 12:00:00+00:00,20.4,15.95,927.0,912.72,154.0,273.25,1.52,174.0,87170.0
1990-03-19 13:00:00+00:00,21.79,14.3,913.0,878.12,172.0,277.7,2.41,209.0,87100.0
1990-03-19 14:00:00+00:00,22.84,12.9,847.0,891.53,149.0,280.6,3.03,224.0,86970.0
1990-03-19 15:00:00+00:00,23.49,11.1,708.0,863.36,131.0,281.4,3.1,236.0,86880.0
1990-03-19 16:00:00+00:00,23.7,10.25,515.0,797.51,110.0,287.0,2.83,253.0,86820.0
1990-03-19 17:00:00+00:00,23.27,10.6,283.0,637.01,84.0,298.2,3.24,290.0,86810.0
1990-03-19 18:00:00+00:00,22.01,13.3,58.0,283.2,31.0,282.95,5.03,321.0,86850.0
1990-03-19 19:00:00+00:00,19.31,22.35,0.0,0.0,0.0,265.7,5.86,330.0,86950.0
1990-03-19 20:00:00+00:00,17.17,27.7,0.0,0.0,0.0,261.65,5.52,333.0,87000.0
1990-03-19 21:00:00+00:00,15.7,30.7,0.0,0.0,0.0,257.6,4.21,328.0,87060.0
1990-03-19 22:00:00+00:00,14.33,31.8,0.0,0.0,0.0,253.9,3.17,322.0,87070.0
1990-03-19 23:00:00+00:00,12.93,35.3,0.0,0.0,0.0,247.9,2.55,318.0,87100.0
1990-03-20 00:00:00+00:00,11.56,39.25,0.0,0.0,0.0,242.5,2.21,313.0,87060.0
1990-03-20 01:00:00+00:00,10.15,43.7,0.0,0.0,0.0,238.55,1.86,311.0,87030.0
1990-03-20 02:00:00+00:00,8.86,45.15,0.0,0.0,0.0,235.9,1.72,315.0,87000.0
1990-03-20 03:00:00+00:00,7.62,50.35,0.0,0.0,0.0,233.95,1.59,318.0,86970.0
1990-03-20 04:00:00+00:00,6.43,54.15,0.0,0.0,0.0,232.8,1.45,314.0,86950.0
1990-03-20 05:00:00+00:00,5.98,54.05,0.0,0.0,0.0,231.65,1.1,311.0,86970.0
1990-03-20 06:00:00+00:00,6.54,48.15,0.0,0.0,0.0,232.4,0.76,320.0,86980.0
1990-03-20 07:00:00+00:00,6.31,48.15,89.0,413.33,38.0,230.85,0.41,347.0,87050.0
1990-03-20 08:00:00+00:00,9.5,37.2,317.0,667.1,91.0,235.9,0.48,64.0,87100.0
1990-03-20 09:00:00+00:00,12.96,30.15,546.0,802.27,120.0,242.85,1.66,110.0,87150.0
1990-03-20 10:00:00+00:00,15.15,30.7,750.0,912.76,123.0,250.05,2.76,121.0,87140.0
1990-03-20 11:00:00+00:00,16.98,26.65,880.0,927.19,142.0,256.8,2.97,134.0,87130.0
1990-03-20 12:00:00+00:00,18.59,22.25,944.0,929.89,153.0,263.75,2.97,157.0,87060.0
1990-03-20 13:00:00+00:00,20.07,18.6,940.0,928.87,153.0,269.4,3.45,178.0,86980.0
1990-03-20 14:00:00+00:00,21.23,16.05,867.0,923.59,141.0,273.05,4.07,189.0,86860.0
1990-03-20 15:00:00+00:00,21.99,14.45,721.0,880.52,130.0,274.6,4.55,192.0,86780.0
1990-03-20 16:00:00+00:00,22.22,14.45,526.0,814.91,110.0,277.7,4.55,188.0,86700.0
1990-03-20 17:00:00+00:00,21.73,14.9,280.0,574.78,99.0,276.15,4.48,182.0,86690.0
1990-03-20 18:00:00+00:00,20.49,17.25,63.0,327.32,31.0,274.05,4.48,171.0,86730.0
1990-03-20 19:00:00+00:00,18.7,19.75,0.0,0.0,0.0,264.35,4.34,167.0,86830.0
1990-03-20 20:00:00+00:00,16.96,22.75,0.0,0.0,0.0,261.45,3.93,159.0,86920.0
1990-03-20 21:00:00+00:00,15.69,25.25,0.0,0.0,0.0,258.95,3.17,143.0,87020.0
1990-03-20 22:00:00+00:00,14.49,27.2,0.0,0.0,0.0,255.85,2.97,124.0,87070.0
1990-03-20 23:00:00+00:00,13.33,30.3,0.0,0.0,0.0,252.55,2.76,107.0,87100.0
1990-03-21 00:00:00+00:00,12.22,33.7,0.0,0.0,0.0,249.85,2.62,95.0,87090.0
1990-03-21 01:00:00+00:00,11.24,36.15,0.0,0.0,0.0,247.25,2.41,94.0,87090.0
1990-03-21 02:00:00+00:00,10.37,37.45,0.0,0.0,0.0,245.0,2.34,99.0,87070.0
1990-03-21 03:00:00+00:00,9.63,38.7,0.0,0.0,0.0,241.9,2.21,109.0,87050.0
1990-03-21 04:00:00+00:00,8.89,38.55,0.0,0.0,0.0,238.6,2.07,120.0,87050.0
1990-03-21 05:00:00+00:00,7.8,39.85,0.0,0.0,0.0,235.7,1.59,125.0,87070.0
1990-03-21 06:00:00+00:00,7.66,39.7,0.0,0.0,0.0,232.6,1.17,128.0,87070.0
1990-03-21 07:00:00+00:00,8.46,35.45,88.0,359.17,42.0,230.1,0.83,123.0,87090.0
1990-03-21 08:00:00+00:00,8.54,34.05,320.0,666.89,91.0,232.2,0.9,119.0,87120.0
1990-03-21 09:00:00+00:00,10.75,25.05,538.0,761.99,130.0,236.1,2.34,135.0,87180.0
1990-03-21 10:00:00+00:00,12.34,22.65,742.0,888.37,128.0,240.55,2.83,150.0,87160.0
1990-03-21 11:00:00+00:00,13.96,21.25,875.0,916.34,142.0,245.75,3.03,165.0,87140.0
1990-03-21 12:00:00+00:00,15.48,19.8,949.0,946.95,140.0,251.4,3.03,179.0,87070.0
1990-03-21 13:00:00+00:00,16.87,18.6,934.0,916.95,154.0,257.2,3.24,186.0,87000.0
1990-03-21 14:00:00+00:00,17.97,17.4,861.0,912.37,141.0,262.2,3.72,189.0,86890.0
1990-03-21 15:00:00+00:00,18.7,16.8,724.0,893.14,122.0,275.6,4.41,187.0,86780.0
1990-03-21 16:00:00+00:00,18.93,16.25,523.0,802.94,111.0,272.3,4.69,186.0,86720.0
1990-03-21 17:00:00+00:00,18.78,16.8,285.0,608.1,92.0,277.3,4.62,184.0,86690.0
1990-03-21 18:00:00+00:00,17.9,17.4,64.0,329.44,31.0,265.7,4.69,175.0,86720.0
1990-03-21 19:00:00+00:00,16.36,19.25,0.0,0.0,0.0,256.8,4.76,168.0,86820.0
1990-03-21 20:00:00+00:00,14.62,21.35,0.0,0.0,0.0,252.55,4.69,160.0,86930.0
1990-03-21 21:00:00+00:00,13.36,22.9,0.0,0.0,0.0,249.25,3.86,150.0,87050.0
1990-03-21 22:00:00+00:00,12.41,24.55,0.0,0.0,0.0,247.5,2.97,125.0,87120.0
1990-03-21 23:00:00+00:00,11.34,26.35,0.0,0.0,0.0,243.05,2.28,91.0,87170.0
1990-03-22 00:00:00+00:00,10.14,30.55,0.0,0.0,0.0,240.15,1.79,72.0,87170.0
1990-03-22 01:00:00+00:00,8.64,35.45,0.0,0.0,0.0,239.5,1.38,57.0,87170.0
1990-03-22 02:00:00+00:00,7.61,38.1,0.0,0.0,0.0,235.7,1.31,47.0,87130.0
1990-03-22 03:00:00+00:00,6.94,39.55,0.0,0.0,0.0,233.75,1.31,47.0,87120.0
1990-03-22 04:00:00+00:00,6.44,41.0,0.0,0.0,0.0,232.2,1.31,55.0,87120.0
1990-03-22 05:00:00+00:00,6.41,41.0,0.0,0.0,0.0,230.65,1.24,57.0,87150.0
1990-03-22 06:00:00+00:00,6.7,41.0,0.0,0.0,0.0,229.5,1.1,52.0,87190.0
1990-03-22 07:00:00+00:00,7.7,39.7,94.0,384.15,43.0,228.75,1.03,48.0,87230.0
1990-03-22 08:00:00+00:00,8.87,35.6,320.0,643.73,96.0,231.25,0.34,70.0,87280.0
1990-03-22 09:00:00+00:00,10.74,33.25,548.0,790.94,121.0,236.65,1.59,136.0,87340.0
1990-03-22 10:00:00+00:00,12.55,28.85,725.0,811.1,161.0,243.05,2.69,147.0,87360.0
1990-03-22 11:00:00+00:00,14.09,26.0,867.0,882.01,158.0,248.85,2.69,152.0,87360.0
1990-03-22 12:00:00+00:00,15.55,24.25,930.0,881.17,174.0,255.65,2.41,155.0,87290.0
1990-03-22 13:00:00+00:00,16.83,21.75,925.0,880.59,173.0,261.25,2.14,156.0,87210.0
1990-03-22 14:00:00+00:00,17.83,19.5,852.0,877.31,157.0,265.7,2.28,163.0,87110.0
1990-03-22 15:00:00+00:00,18.53,17.5,722.0,877.64,128.0,276.75,2.97,173.0,87040.0
1990-03-22 16:00:00+00:00,18.83,16.8,521.0,789.22,114.0,274.4,3.72,185.0,87010.0
1990-03-22 17:00:00+00:00,18.27,18.1,301.0,700.37,77.0,269.6,4.28,183.0,86990.0
1990-03-22 18:00:00+00:00,17.42,18.75,47.0,97.5,37.0,291.45,4.62,184.0,87000.0
1990-03-22 19:00:00+00:00,16.34,20.9,0.0,0.0,0.0,265.1,4.34,194.0,87090.0
1990-03-22 20:00:00+00:00,15.42,22.4,0.0,0.0,0.0,272.65,3.66,190.0,87160.0
1990-03-22 21:00:00+00:00,14.59,22.25,0.0,0.0,0.0,269.6,3.03,172.0,87240.0
1990-03-22 22:00:00+00:00,13.79,23.85,0.0,0.0,0.0,268.2,2.76,151.0,87280.0
1990-03-22 23:00:00+00:00,12.88,24.7,0.0,0.0,0.0,264.95,2.34,126.0,87300.0
1990-03-23 00:00:00+00:00,11.64,27.45,0.0,0.0,0.0,250.4,2.14,101.0,87280.0
1990-03-23 01:00:00+00:00,10.25,30.55,0.0,0.0,0.0,245.7,1.66,83.0,87300.0
1990-03-23 02:00:00+00:00,8.8,34.2,0.0,0.0,0.0,240.95,1.38,55.0,87260.0
1990-03-23 03:00:00+00:00,7.8,36.75,0.0,0.0,0.0,238.4,1.31,38.0,87220.0
1990-03-23 04:00:00+00:00,7.21,39.55,0.0,0.0,0.0,237.65,1.17,39.0,87210.0
1990-03-23 05:00:00+00:00,7.67,38.1,0.0,0.0,0.0,238.05,0.97,45.0,87230.0
1990-03-23 06:00:00+00:00,7.45,38.1,0.0,0.0,0.0,246.95,0.83,48.0,87260.0
1990-03-23 07:00:00+00:00,7.96,36.75,93.0,327.41,48.0,258.15,0.76,53.0,87290.0
1990-03-23 08:00:00+00:00,8.93,35.6,97.0,0.0,97.0,281.0,0.97,78.0,87310.0
1990-03-23 09:00:00+00:00,11.74,32.25,225.0,12.86,218.0,278.1,2.55,114.0,87330.0
1990-03-23 10:00:00+00:00,13.2,32.65,215.0,0.0,215.0,277.3,3.72,130.0,87340.0
1990-03-23 11:00:00+00:00,13.54,34.1,390.0,27.24,368.0,290.5,3.93,131.0,87330.0
1990-03-23 12:00:00+00:00,14.85,30.7,340.0,4.64,336.0,299.0,4.83,144.0,87280.0
1990-03-23 13:00:00+00:00,14.35,33.05,358.0,9.33,350.0,316.4,4.97,141.0,87210.0
1990-03-23 14:00:00+00:00,13.77,38.3,273.0,1.26,272.0,324.15,4.76,141.0,87160.0
1990-03-23 15:00:00+00:00,13.28,42.8,189.0,0.0,189.0,330.55,3.86,139.0,87100.0
1990-03-23 16:00:00+00:00,13.19,44.5,140.0,0.0,140.0,310.2,3.17,137.0,87080.0
1990-03-23 17:00:00+00:00,12.51,49.7,108.0,6.21,106.0,304.4,2.62,128.0,87070.0
1990-03-23 18:00:00+00:00,11.39,57.55,11.0,0.0,11.0,317.4,2.0,116.0,87090.0
1990-03-23 19:00:00+00:00,11.49,51.35,0.0,0.0,0.0,305.2,2.69,140.0,87180.0
1990-03-23 20:00:00+00:00,10.73,57.3,0.0,0.0,0.0,295.3,1.93,126.0,87210.0
1990-03-23 21:00:00+00:00,10.07,64.0,0.0,0.0,0.0,303.85,1.79,121.0,87250.0
1990-03-23 22:00:00+00:00,8.95,71.4,0.0,0.0,0.0,310.8,0.76,105.0,87310.0
1990-03-23 23:00:00+00:00,8.29,74.05,0.0,0.0,0.0,310.4,1.03,50.0,87310.0
1990-03-24 00:00:00+00:00,7.3,89.0,0.0,0.0,0.0,310.6,1.52,85.0,87270.0
1990-03-24 01:00:00+00:00,6.98,89.0,0.0,0.0,0.0,308.0,2.0,100.0,87230.0
1990-03-24 02:00:00+00:00,6.87,89.0,0.0,0.0,0.0,322.2,2.76,104.0,87170.0
1990-03-24 03:00:00+00:00,6.47,88.95,0.0,0.0,0.0,323.2,2.9,114.0,87180.0
1990-03-24 04:00:00+00:00,6.02,92.3,0.0,0.0,0.0,323.55,2.76,111.0,87210.0
1990-03-24 05:00:00+00:00,5.66,92.25,0.0,0.0,0.0,321.65,2.34,95.0,87240.0
1990-03-24 06:00:00+00:00,5.3,92.25,0.0,0.0,0.0,308.65,2.48,75.0,87240.0
1990-03-24 07:00:00+00:00,5.97,85.65,27.0,0.0,27.0,287.75,2.28,57.0,87220.0
1990-03-24 08:00:00+00:00,6.97,79.55,234.0,196.02,164.0,274.8,2.0,68.0,87270.0
1990-03-24 09:00:00+00:00,8.71,74.05,286.0,56.5,255.0,293.4,1.86,76.0,87330.0
1990-03-24 10:00:00+00:00,10.58,66.55,559.0,321.18,333.0,282.35,2.34,100.0,87350.0
1990-03-24 11:00:00+00:00,12.63,57.75,740.0,517.51,320.0,291.85,3.59,124.0,87340.0
1990-03-24 12:00:00+00:00,13.79,53.85,183.0,0.0,183.0,314.5,4.0,132.0,87290.0
1990-03-24 13:00:00+00:00,15.01,50.35,967.0,1012.21,96.0,311.0,4.14,131.0,87210.0
1990-03-24 14:00:00+00:00,15.55,54.25,874.0,954.72,112.0,297.85,4.55,132.0,87140.0
1990-03-24 15:00:00+00:00,15.88,52.4,723.0,894.08,113.0,311.55,4.9,127.0,87060.0
1990-03-24 16:00:00+00:00,15.77,54.25,509.0,746.97,120.0,304.2,4.76,122.0,87050.0
1990-03-24 17:00:00+00:00,15.3,52.25,285.0,597.56,91.0,297.25,4.41,121.0,87020.0
1990-03-24 18:00:00+00:00,14.76,54.1,56.0,167.77,38.0,293.0,3.86,111.0,87060.0
1990-03-24 19:00:00+00:00,13.46,62.45,0.0,0.0,0.0,281.75,2.97,86.0,87100.0
1990-03-24 20:00:00+00:00,12.4,64.55,0.0,0.0,0.0,279.65,3.1,76.0,87140.0
1990-03-24 21:00:00+00:00,11.57,69.25,0.0,0.0,0.0,278.5,3.1,64.0,87180.0
1990-03-24 22:00:00+00:00,10.66,71.7,0.0,0.0,0.0,262.4,2.97,50.0,87190.0
1990-03-24 23:00:00+00:00,10.11,74.3,0.0,0.0,0.0,269.95,2.55,38.0,87190.0
1990-03-25 00:00:00+00:00,9.72,74.2,0.0,0.0,0.0,277.1,2.28,35.0,87180.0
1990-03-25 01:00:00+00:00,9.48,74.2,0.0,0.0,0.0,279.15,2.41,35.0,87180.0
1990-03-25 02:00:00+00:00,9.26,74.15,0.0,0.0,0.0,280.2,2.69,38.0,87140.0
1990-03-25 03:00:00+00:00,9.08,71.4,0.0,0.0,0.0,280.05,2.9,40.0,87120.0
1990-03-25 04:00:00+00:00,8.74,71.35,0.0,0.0,0.0,265.7,2.83,36.0,87100.0
1990-03-25 05:00:00+00:00,8.42,71.35,0.0,0.0,0.0,268.05,2.41,30.0,87100.0
1990-03-25 06:00:00+00:00,7.61,76.7,0.0,0.0,0.0,254.5,2.0,21.0,87100.0
1990-03-25 07:00:00+00:00,7.2,79.55,108.0,435.98,44.0,260.85,1.79,15.0,87090.0
1990-03-25 08:00:00+00:00,10.01,69.0,344.0,724.44,82.0,262.2,1.59,31.0,87120.0
1990-03-25 09:00:00+00:00,13.31,50.0,580.0,878.86,94.0,259.9,2.9,62.0,87110.0
1990-03-25 10:00:00+00:00,15.23,45.05,775.0,955.14,99.0,263.2,4.69,84.0,87090.0
1990-03-25 11:00:00+00:00,16.61,42.05,917.0,1008.11,95.0,271.5,5.17,98.0,87060.0
1990-03-25 12:00:00+00:00,17.62,39.25,987.0,1026.97,95.0,270.55,5.24,106.0,86980.0
1990-03-25 13:00:00+00:00,18.23,37.95,961.0,977.21,117.0,274.4,5.17,113.0,86900.0
1990-03-25 14:00:00+00:00,18.58,36.7,886.0,967.49,111.0,280.4,5.1,122.0,86790.0
1990-03-25 15:00:00+00:00,18.58,36.7,730.0,896.45,116.0,290.85,5.24,132.0,86700.0
1990-03-25 16:00:00+00:00,18.12,37.95,480.0,586.72,173.0,279.45,5.1,130.0,86710.0
1990-03-25 17:00:00+00:00,17.48,39.25,220.0,223.23,147.0,280.2,4.69,122.0,86700.0
1990-03-25 18:00:00+00:00,16.56,45.3,72.0,355.75,33.0,289.9,3.79,104.0,86730.0
1990-03-25 19:00:00+00:00,15.26,50.35,0.0,0.0,0.0,279.65,3.17,66.0,86730.0
1990-03-25 20:00:00+00:00,14.06,53.95,0.0,0.0,0.0,280.05,3.03,40.0,86720.0
1990-03-25 21:00:00+00:00,13.03,57.9,0.0,0.0,0.0,273.25,2.76,24.0,86730.0
1990-03-25 22:00:00+00:00,12.3,59.95,0.0,0.0,0.0,292.05,2.21,18.0,86730.0
1990-03-25 23:00:00+00:00,11.28,69.15,0.0,0.0,0.0,287.95,1.72,11.0,86710.0
1990-03-26 00:00:00+00:00,10.62,71.7,0.0,0.0,0.0,300.15,1.66,12.0,86690.0
1990-03-26 01:00:00+00:00,10.08,71.6,0.0,0.0,0.0,296.6,1.59,20.0,86650.0
1990-03-26 02:00:00+00:00,9.74,68.9,0.0,0.0,0.0,275.4,1.45,23.0,86590.0
1990-03-26 03:00:00+00:00,10.13,64.0,0.0,0.0,0.0,263.95,1.17,23.0,86550.0
1990-03-26 04:00:00+00:00,9.25,68.8,0.0,0.0,0.0,275.2,1.38,24.0,86530.0
1990-03-26 05:00:00+00:00,8.25,71.25,0.0,0.0,0.0,259.9,1.59,30.0,86520.0
1990-03-26 06:00:00+00:00,7.96,68.6,0.0,0.0,0.0,254.5,1.45,33.0,86520.0
1990-03-26 07:00:00+00:00,8.13,66.05,112.0,435.76,46.0,245.2,1.45,37.0,86510.0
1990-03-26 08:00:00+00:00,10.02,66.45,350.0,723.68,85.0,251.75,1.31,57.0,86520.0
1990-03-26 09:00:00+00:00,14.34,44.9,573.0,830.78,110.0,255.65,2.28,79.0,86520.0
1990-03-26 10:00:00+00:00,16.43,40.5,768.0,914.57,117.0,269.95,2.9,114.0,86540.0
1990-03-26 11:00:00+00:00,17.34,40.6,397.0,26.86,375.0,282.55,3.38,149.0,86550.0
1990-03-26 12:00:00+00:00,17.77,37.8,794.0,489.67,367.0,322.6,4.14,166.0,86490.0
1990-03-26 13:00:00+00:00,16.61,42.05,151.0,0.0,151.0,316.8,5.52,181.0,86450.0
1990-03-26 14:00:00+00:00,16.21,43.5,846.0,834.68,175.0,322.2,3.66,166.0,86390.0
1990-03-26 15:00:00+00:00,17.4,37.8,690.0,734.49,185.0,309.65,3.52,127.0,86240.0
1990-03-26 16:00:00+00:00,17.76,35.05,531.0,800.85,110.0,299.2,2.48,126.0,86190.0
1990-03-26 17:00:00+00:00,17.05,34.9,292.0,598.11,95.0,286.4,0.55,137.0,86180.0
1990-03-26 18:00:00+00:00,16.15,38.85,74.0,357.3,34.0,281.2,0.14,187.0,86210.0
1990-03-26 19:00:00+00:00,14.6,44.9,0.0,0.0,0.0,263.0,2.28,57.0,86230.0
1990-03-26 20:00:00+00:00,12.28,62.1,0.0,0.0,0.0,256.6,1.66,67.0,86270.0
1990-03-26 21:00:00+00:00,11.71,57.55,0.0,0.0,0.0,258.35,1.1,73.0,86350.0
1990-03-26 22:00:00+00:00,11.04,57.4,0.0,0.0,0.0,257.0,1.03,83.0,86420.0
1990-03-26 23:00:00+00:00,10.69,57.3,0.0,0.0,0.0,261.65,0.97,89.0,86450.0
1990-03-27 00:00:00+00:00,9.63,61.55,0.0,0.0,0.0,260.1,1.03,95.0,86470.0
1990-03-27 01:00:00+00:00,9.32,61.55,0.0,0.0,0.0,256.7,1.03,88.0,86480.0
1990-03-27 02:00:00+00:00,8.92,63.8,0.0,0.0,0.0,251.4,0.76,75.0,86440.0
1990-03-27 03:00:00+00:00,8.33,66.15,0.0,0.0,0.0,254.3,0.55,63.0,86440.0
1990-03-27 04:00:00+00:00,7.79,68.6,0.0,0.0,0.0,250.6,0.28,34.0,86430.0
1990-03-27 05:00:00+00:00,7.39,68.5,0.0,0.0,0.0,251.0,0.34,348.0,86470.0
1990-03-27 06:00:00+00:00,6.7,73.7,0.0,0.0,0.0,240.35,0.62,322.0,86490.0
1990-03-27 07:00:00+00:00,6.39,76.55,122.0,499.65,44.0,249.05,0.9,314.0,86530.0
1990-03-27 08:00:00+00:00,8.6,71.35,357.0,739.17,83.0,252.75,0.69,311.0,86590.0
1990-03-27 09:00:00+00:00,11.87,55.5,590.0,877.86,97.0,259.1,0.55,338.0,86630.0
1990-03-27 10:00:00+00:00,13.7,50.0,777.0,927.6,113.0,268.6,0.34,42.0,86670.0
1990-03-27 11:00:00+00:00,14.98,45.05,909.0,956.42,122.0,275.6,0.69,139.0,86700.0
1990-03-27 12:00:00+00:00,16.06,43.5,981.0,986.96,117.0,289.1,1.52,178.0,86690.0
1990-03-27 13:00:00+00:00,16.47,42.05,948.0,920.79,147.0,291.65,2.0,204.0,86690.0
1990-03-27 14:00:00+00:00,17.03,39.15,716.0,454.93,349.0,314.65,2.34,229.0,86650.0
1990-03-27 15:00:00+00:00,17.38,36.4,657.0,611.48,235.0,312.75,2.28,235.0,86630.0
1990-03-27 16:00:00+00:00,17.58,36.4,511.0,696.83,143.0,307.1,2.07,230.0,86610.0
1990-03-27 17:00:00+00:00,17.67,35.05,132.0,15.07,127.0,292.8,1.86,242.0,86640.0
1990-03-27 18:00:00+00:00,17.25,36.3,54.0,96.27,43.0,281.4,1.66,266.0,86700.0
1990-03-27 19:00:00+00:00,15.95,41.9,0.0,0.0,0.0,288.35,2.0,336.0,86760.0
1990-03-27 20:00:00+00:00,13.94,50.1,0.0,0.0,0.0,263.2,2.0,342.0,86850.0
1990-03-27 21:00:00+00:00,12.2,62.1,0.0,0.0,0.0,269.95,1.86,339.0,86920.0
1990-03-27 22:00:00+00:00,11.13,66.65,0.0,0.0,0.0,280.8,1.79,330.0,86990.0
1990-03-27 23:00:00+00:00,9.97,71.6,0.0,0.0,0.0,272.5,1.72,324.0,87030.0
1990-03-28 00:00:00+00:00,8.74,79.75,0.0,0.0,0.0,261.85,1.72,327.0,87060.0
1990-03-28 01:00:00+00:00,7.68,82.65,0.0,0.0,0.0,259.6,1.59,326.0,87060.0
1990-03-28 02:00:00+00:00,7.05,82.6,0.0,0.0,0.0,262.2,1.45,324.0,87030.0
1990-03-28 03:00:00+00:00,6.71,82.55,0.0,0.0,0.0,260.5,1.31,317.0,87030.0
1990-03-28 04:00:00+00:00,6.86,79.55,0.0,0.0,0.0,263.6,0.97,325.0,87040.0
1990-03-28 05:00:00+00:00,7.36,76.7,0.0,0.0,0.0,262.2,0.76,348.0,87080.0
1990-03-28 06:00:00+00:00,7.57,76.7,0.0,0.0,0.0,271.1,0.69,15.0,87140.0
1990-03-28 07:00:00+00:00,7.14,79.55,74.0,68.43,63.0,268.2,1.52,68.0,87170.0
1990-03-28 08:00:00+00:00,8.79,76.95,300.0,399.83,150.0,266.65,1.38,79.0,87240.0
1990-03-28 09:00:00+00:00,12.49,59.95,598.0,892.47,93.0,274.8,3.03,99.0,87290.0
1990-03-28 10:00:00+00:00,14.0,53.95,677.0,580.72,259.0,277.5,4.07,111.0,87310.0
1990-03-28 11:00:00+00:00,15.38,48.55,716.0,414.99,373.0,287.4,4.14,133.0,87300.0
1990-03-28 12:00:00+00:00,15.94,43.5,906.0,761.29,237.0,309.65,3.93,150.0,87260.0
1990-03-28 13:00:00+00:00,16.94,40.6,726.0,350.54,420.0,315.85,3.79,163.0,87230.0
1990-03-28 14:00:00+00:00,17.64,36.4,847.0,819.05,184.0,324.95,3.93,174.0,87170.0
1990-03-28 15:00:00+00:00,18.07,33.9,727.0,857.56,133.0,306.75,4.14,174.0,87100.0
1990-03-28 16:00:00+00:00,18.06,32.65,434.0,386.44,229.0,291.45,4.0,167.0,87070.0
1990-03-28 17:00:00+00:00,18.15,31.4,233.0,254.5,148.0,295.5,3.86,164.0,87060.0
1990-03-28 18:00:00+00:00,17.5,33.75,82.0,411.82,34.0,287.2,2.76,152.0,87100.0
1990-03-28 19:00:00+00:00,16.24,38.85,0.0,0.0,0.0,294.75,2.62,123.0,87150.0
1990-03-28 20:00:00+00:00,14.77,44.9,0.0,0.0,0.0,276.15,2.21,91.0,87200.0
1990-03-28 21:00:00+00:00,13.45,50.0,0.0,0.0,0.0,275.0,2.28,77.0,87250.0
1990-03-28 22:00:00+00:00,12.41,53.6,0.0,0.0,0.0,277.3,2.34,67.0,87270.0
1990-03-28 23:00:00+00:00,11.29,57.55,0.0,0.0,0.0,270.75,2.21,63.0,87280.0
1990-03-29 00:00:00+00:00,10.06,64.0,0.0,0.0,0.0,270.15,2.0,60.0,87270.0
1990-03-29 01:00:00+00:00,9.34,66.35,0.0,0.0,0.0,278.6,1.59,57.0,87250.0
1990-03-29 02:00:00+00:00,9.76,66.35,0.0,0.0,0.0,273.45,1.17,54.0,87220.0
1990-03-29 03:00:00+00:00,10.56,57.3,0.0,0.0,0.0,275.4,0.97,47.0,87200.0
1990-03-29 04:00:00+00:00,9.57,61.55,0.0,0.0,0.0,251.75,0.97,46.0,87210.0
1990-03-29 05:00:00+00:00,8.27,66.15,0.0,0.0,0.0,257.4,1.17,52.0,87230.0
1990-03-29 06:00:00+00:00,6.74,73.8,0.0,0.0,0.0,252.75,1.45,57.0,87270.0
1990-03-29 07:00:00+00:00,6.86,71.05,132.0,520.06,46.0,248.65,1.45,57.0,87330.0
1990-03-29 08:00:00+00:00,9.06,71.4,361.0,711.25,91.0,250.2,1.52,68.0,87360.0
1990-03-29 09:00:00+00:00,13.46,51.9,593.0,850.79,108.0,258.15,3.17,85.0,87380.0
1990-03-29 10:00:00+00:00,15.23,48.55,780.0,909.18,122.0,262.6,4.0,103.0,87370.0
1990-03-29 11:00:00+00:00,16.74,42.05,510.0,97.57,429.0,268.2,3.86,127.0,87360.0
1990-03-29 12:00:00+00:00,17.86,35.2,976.0,952.31,136.0,283.7,3.93,146.0,87280.0
1990-03-29 13:00:00+00:00,18.81,31.55,920.0,809.42,211.0,296.85,4.21,158.0,87220.0
1990-03-29 14:00:00+00:00,19.61,28.4,679.0,363.22,384.0,294.95,4.14,163.0,87130.0
1990-03-29 15:00:00+00:00,20.03,24.45,535.0,276.2,343.0,296.65,4.48,170.0,87040.0
1990-03-29 16:00:00+00:00,20.36,22.65,294.0,73.19,255.0,285.45,5.03,179.0,86980.0
1990-03-29 17:00:00+00:00,20.14,20.9,253.0,330.11,142.0,285.65,4.83,184.0,86950.0
1990-03-29 18:00:00+00:00,19.41,21.65,72.0,252.44,42.0,275.75,4.34,183.0,86960.0
1990-03-29 19:00:00+00:00,17.98,29.1,0.0,0.0,0.0,273.85,2.55,142.0,87010.0
1990-03-29 20:00:00+00:00,16.54,37.55,0.0,0.0,0.0,270.35,2.0,118.0,87070.0
1990-03-29 21:00:00+00:00,14.62,44.9,0.0,0.0,0.0,265.1,2.07,90.0,87110.0
1990-03-29 22:00:00+00:00,13.45,44.65,0.0,0.0,0.0,265.5,2.48,75.0,87140.0
1990-03-29 23:00:00+00:00,11.93,53.5,0.0,0.0,0.0,272.5,2.28,65.0,87160.0
1990-03-30 00:00:00+00:00,11.28,55.3,0.0,0.0,0.0,274.4,2.62,54.0,87140.0
1990-03-30 01:00:00+00:00,10.94,53.25,0.0,0.0,0.0,278.4,2.69,50.0,87080.0
1990-03-30 02:00:00+00:00,10.32,57.3,0.0,0.0,0.0,273.25,2.48,50.0,87020.0
1990-03-30 03:00:00+00:00,10.04,61.65,0.0,0.0,0.0,285.25,2.55,61.0,87010.0
1990-03-30 04:00:00+00:00,9.49,68.9,0.0,0.0,0.0,297.45,2.28,74.0,87010.0
1990-03-30 05:00:00+00:00,8.24,79.7,0.0,0.0,0.0,295.9,2.0,57.0,87020.0
1990-03-30 06:00:00+00:00,8.14,82.7,0.0,0.0,0.0,304.8,2.07,48.0,87010.0
1990-03-30 07:00:00+00:00,9.35,71.5,46.0,0.0,46.0,317.95,2.83,63.0,87000.0
1990-03-30 08:00:00+00:00,10.8,69.15,330.0,523.39,129.0,320.85,2.76,69.0,87010.0
1990-03-30 09:00:00+00:00,12.52,62.2,572.0,776.68,126.0,297.85,4.0,76.0,87000.0
1990-03-30 10:00:00+00:00,14.22,58.1,631.0,443.92,308.0,315.05,5.31,91.0,87000.0
1990-03-30 11:00:00+00:00,15.5,56.25,564.0,157.13,433.0,326.65,5.24,101.0,86940.0
1990-03-30 12:00:00+00:00,16.33,54.45,871.0,663.05,284.0,329.0,5.24,110.0,86900.0
1990-03-30 13:00:00+00:00,16.38,56.5,610.0,172.95,458.0,350.85,5.03,123.0,86810.0
1990-03-30 14:00:00+00:00,16.19,60.65,833.0,775.6,201.0,327.85,5.52,129.0,86720.0
1990-03-30 15:00:00+00:00,16.0,60.65,356.0,43.0,326.0,333.05,5.38,120.0,86650.0
1990-03-30 16:00:00+00:00,16.12,60.65,86.0,0.0,86.0,329.2,5.24,115.0,86590.0
1990-03-30 17:00:00+00:00,15.38,62.75,27.0,0.0,27.0,329.4,4.0,131.0,86570.0
1990-03-30 18:00:00+00:00,14.34,67.35,58.0,107.34,45.0,333.85,2.28,157.0,86630.0
1990-03-30 19:00:00+00:00,12.63,80.3,0.0,0.0,0.0,316.05,1.45,67.0,86700.0
1990-03-30 20:00:00+00:00,11.87,83.15,0.0,0.0,0.0,306.75,2.34,47.0,86740.0
1990-03-30 21:00:00+00:00,10.29,92.5,0.0,0.0,0.0,292.05,2.41,50.0,86780.0
1990-03-30 22:00:00+00:00,9.39,92.45,0.0,0.0,0.0,280.05,1.72,46.0,86780.0
1990-03-30 23:00:00+00:00,8.2,95.8,0.0,0.0,0.0,282.75,1.38,20.0,86740.0
1990-03-31 00:00:00+00:00,7.73,95.8,0.0,0.0,0.0,286.6,1.17,344.0,86690.0
1990-03-31 01:00:00+00:00,7.01,95.8,0.0,0.0,0.0,296.4,1.45,305.0,86640.0
1990-03-31 02:00:00+00:00,6.64,99.4,0.0,0.0,0.0,297.65,1.66,301.0,86590.0
1990-03-31 03:00:00+00:00,6.6,99.4,0.0,0.0,0.0,303.25,1.52,310.0,86530.0
1990-03-31 04:00:00+00:00,6.52,95.8,0.0,0.0,0.0,304.6,1.38,313.0,86490.0
1990-03-31 05:00:00+00:00,6.22,99.4,0.0,0.0,0.0,297.65,1.31,305.0,86460.0
1990-03-31 06:00:00+00:00,6.22,99.4,0.0,0.0,0.0,306.55,1.72,301.0,86440.0
1990-03-31 07:00:00+00:00,6.31,95.8,49.0,5.73,48.0,289.1,1.66,297.0,86490.0
1990-03-31 08:00:00+00:00,8.81,85.95,42.0,0.0,42.0,282.35,2.34,292.0,86520.0
1990-03-31 09:00:00+00:00,9.51,71.5,162.0,0.0,162.0,293.2,2.9,302.0,86580.0
1990-03-31 10:00:00+00:00,10.9,64.25,808.0,976.14,94.0,295.7,3.66,314.0,86590.0
1990-03-31 11:00:00+00:00,12.27,59.85,945.0,1016.44,94.0,281.6,4.28,316.0,86550.0
1990-03-31 12:00:00+00:00,13.71,51.9,1013.0,1034.33,94.0,293.75,4.76,312.0,86530.0
1990-03-31 13:00:00+00:00,14.83,46.75,1004.0,1032.02,94.0,281.0,4.76,312.0,86500.0
1990-03-31 14:00:00+00:00,15.38,45.05,919.0,1009.2,94.0,290.1,4.34,316.0,86460.0
1990-03-31 15:00:00+00:00,15.8,45.05,745.0,891.39,121.0,279.65,4.07,315.0,86420.0
1990-03-31 16:00:00+00:00,14.76,46.51,375.0,208.4,263.0,279.46,3.4,316.0,86430.0
1990-03-31 17:00:00+00:00,14.23,48.52,315.0,677.96,84.0,279.23,3.33,324.0,86460.0
1990-03-31 18:00:00+00:00,13.69,50.52,87.0,413.41,36.0,278.99,3.27,343.0,86500.0
1990-03-31 19:00:00+00:00,13.16,52.53,0.0,0.0,0.0,278.76,3.21,339.0,86500.0
1990-03-31 20:00:00+00:00,12.63,54.54,0.0,0.0,0.0,278.53,3.15,333.0,86590.0
1990-03-31 21:00:00+00:00,12.1,56.55,0.0,0.0,0.0,278.3,3.08,327.0,86670.0
1990-03-31 22:00:00+00:00,11.57,58.55,0.0,0.0,0.0,278.06,3.02,321.0,86730.0
1990-03-31 23:00:00+00:00,11.04,60.56,0.0,0.0,0.0,277.83,2.96,312.0,86720.0
1990-04-01 00:00:00+00:00,10.51,62.57,0.0,0.0,0.0,277.6,2.9,312.0,86380.0
1990-04-01 01:00:00+00:00,9.98,64.57,0.0,0.0,0.0,277.37,2.83,316.0,86360.0
1990-04-01 02:00:00+00:00,9.45,66.58,0.0,0.0,0.0,277.13,2.77,318.0,86290.0
1990-04-01 03:00:00+00:00,8.92,68.59,0.0,0.0,0.0,276.9,2.71,319.0,86250.0
1990-04-01 04:00:00+00:00,8.39,70.59,0.0,0.0,0.0,276.67,2.65,321.0,86220.0
1990-04-01 05:00:00+00:00,7.86,72.6,0.0,0.0,0.0,276.44,2.58,322.0,86240.0
1990-04-01 06:00:00+00:00,7.32,74.61,0.0,0.0,0.0,276.2,2.52,321.0,86250.0
1990-04-01 07:00:00+00:00,6.79,76.61,142.0,462.92,57.0,275.97,2.46,319.0,86240.0
1990-04-01 08:00:00+00:00,9.88,63.9,370.0,672.39,103.0,267.25,3.1,326.0,86260.0
1990-04-01 09:00:00+00:00,11.72,53.35,501.0,439.89,243.0,284.65,3.45,332.0,86270.0
1990-04-01 10:00:00+00:00,13.43,44.65,764.0,809.22,166.0,280.4,3.66,334.0,86280.0
1990-04-01 11:00:00+00:00,14.67,41.65,892.0,842.31,181.0,300.75,3.17,332.0,86260.0
1990-04-01 12:00:00+00:00,16.15,37.55,868.0,616.95,316.0,304.8,2.28,315.0,86210.0
1990-04-01 13:00:00+00:00,17.16,35.05,881.0,671.64,285.0,313.5,2.69,312.0,86140.0
1990-04-01 14:00:00+00:00,17.91,33.75,875.0,868.0,161.0,305.95,3.24,318.0,86100.0
1990-04-01 15:00:00+00:00,18.06,32.65,649.0,549.14,262.0,301.3,4.28,322.0,86050.0
1990-04-01 16:00:00+00:00,16.59,36.3,316.0,95.96,264.0,300.95,5.24,322.0,86070.0
1990-04-01 17:00:00+00:00,15.53,37.4,311.0,631.67,93.0,295.5,6.07,325.0,86120.0
1990-04-01 18:00:00+00:00,14.1,41.5,86.0,344.17,42.0,287.75,6.28,331.0,86150.0
1990-04-01 19:00:00+00:00,12.28,51.5,0.0,0.0,0.0,260.85,5.52,328.0,86160.0
1990-04-01 20:00:00+00:00,10.92,55.3,0.0,0.0,0.0,263.4,5.1,327.0,86230.0
1990-04-01 21:00:00+00:00,9.93,59.35,0.0,0.0,0.0,258.15,4.41,326.0,86300.0
1990-04-01 22:00:00+00:00,9.24,63.8,0.0,0.0,0.0,266.5,3.93,322.0,86350.0
1990-04-01 23:00:00+00:00,8.54,66.15,0.0,0.0,0.0,260.65,3.31,318.0,86340.0
1990-04-02 00:00:00+00:00,7.8,71.15,0.0,0.0,0.0,252.75,2.9,314.0,86340.0
1990-04-02 01:00:00+00:00,7.17,73.8,0.0,0.0,0.0,246.25,2.62,312.0,86330.0
1990-04-02 02:00:00+00:00,6.71,73.8,0.0,0.0,0.0,250.05,2.34,312.0,86300.0
1990-04-02 03:00:00+00:00,6.44,71.05,0.0,0.0,0.0,259.7,2.14,316.0,86280.0
1990-04-02 04:00:00+00:00,6.12,73.7,0.0,0.0,0.0,262.05,2.07,319.0,86270.0
1990-04-02 05:00:00+00:00,5.87,73.7,0.0,0.0,0.0,260.5,2.0,319.0,86290.0
1990-04-02 06:00:00+00:00,5.55,73.65,0.0,0.0,0.0,254.3,2.0,321.0,86330.0
1990-04-02 07:00:00+00:00,5.95,73.7,146.0,462.49,59.0,263.75,1.93,315.0,86350.0
1990-04-02 08:00:00+00:00,7.8,65.95,384.0,715.06,97.0,253.9,2.14,316.0,86410.0
1990-04-02 09:00:00+00:00,10.22,52.95,601.0,794.22,132.0,250.05,2.0,324.0,86420.0
1990-04-02 10:00:00+00:00,12.55,41.1,786.0,855.02,151.0,252.75,1.59,333.0,86420.0
1990-04-02 11:00:00+00:00,14.49,31.8,890.0,805.93,207.0,263.2,0.55,330.0,86400.0
1990-04-02 12:00:00+00:00,15.89,27.45,886.0,640.48,311.0,282.35,0.62,234.0,86360.0
1990-04-02 13:00:00+00:00,17.5,22.0,915.0,740.35,256.0,293.4,1.59,245.0,86260.0
1990-04-02 14:00:00+00:00,18.48,19.0,631.0,252.1,423.0,285.85,1.93,243.0,86160.0
1990-04-02 15:00:00+00:00,18.85,18.25,461.0,137.19,364.0,295.9,2.21,256.0,86070.0
1990-04-02 16:00:00+00:00,18.76,17.5,421.0,303.27,256.0,296.5,3.1,271.0,86040.0
1990-04-02 17:00:00+00:00,17.95,21.15,194.0,97.9,160.0,292.2,4.41,288.0,86050.0
1990-04-02 18:00:00+00:00,15.84,30.85,75.0,199.9,49.0,295.5,5.93,311.0,86120.0
1990-04-02 19:00:00+00:00,13.98,38.45,0.0,0.0,0.0,268.05,6.0,322.0,86100.0
1990-04-02 20:00:00+00:00,12.12,51.5,0.0,0.0,0.0,263.0,5.45,325.0,86160.0
1990-04-02 21:00:00+00:00,11.05,57.4,0.0,0.0,0.0,276.35,4.83,321.0,86240.0
1990-04-02 22:00:00+00:00,10.35,61.65,0.0,0.0,0.0,283.9,3.93,317.0,86270.0
1990-04-02 23:00:00+00:00,9.78,63.9,0.0,0.0,0.0,276.75,3.79,316.0,86290.0
1990-04-03 00:00:00+00:00,9.21,66.25,0.0,0.0,0.0,272.1,3.31,317.0,86270.0
1990-04-03 01:00:00+00:00,8.92,66.25,0.0,0.0,0.0,281.7,2.9,318.0,86240.0
1990-04-03 02:00:00+00:00,8.58,68.7,0.0,0.0,0.0,283.1,2.76,322.0,86200.0
1990-04-03 03:00:00+00:00,8.01,71.25,0.0,0.0,0.0,266.5,2.55,323.0,86160.0
1990-04-03 04:00:00+00:00,7.47,73.9,0.0,0.0,0.0,268.05,2.41,326.0,86140.0
1990-04-03 05:00:00+00:00,7.02,73.8,0.0,0.0,0.0,265.7,2.34,324.0,86140.0
1990-04-03 06:00:00+00:00,6.51,73.8,0.0,0.0,0.0,256.05,2.34,320.0,86180.0
1990-04-03 07:00:00+00:00,6.98,73.8,143.0,399.85,66.0,282.95,2.0,321.0,86180.0
1990-04-03 08:00:00+00:00,8.66,63.7,338.0,451.18,155.0,282.35,2.07,331.0,86250.0
1990-04-03 09:00:00+00:00,10.02,57.15,364.0,112.7,297.0,278.5,1.79,341.0,86280.0
1990-04-03 10:00:00+00:00,11.62,49.45,350.0,24.12,332.0,283.5,0.69,351.0,86310.0
1990-04-03 11:00:00+00:00,12.69,46.1,663.0,275.04,429.0,308.5,0.14,138.0,86300.0
1990-04-03 12:00:00+00:00,13.55,42.95,735.0,324.18,443.0,327.85,0.55,161.0,86240.0
1990-04-03 13:00:00+00:00,13.71,42.95,733.0,332.66,436.0,331.5,0.62,213.0,86190.0
1990-04-03 14:00:00+00:00,13.77,42.95,140.0,0.0,140.0,336.35,1.17,270.0,86150.0
1990-04-03 15:00:00+00:00,14.07,39.95,174.0,0.0,174.0,332.3,2.62,303.0,86110.0
1990-04-03 16:00:00+00:00,13.3,42.8,122.0,0.0,122.0,325.5,4.21,325.0,86110.0
1990-04-03 17:00:00+00:00,12.58,44.35,136.0,14.31,131.0,323.2,5.1,325.0,86110.0
1990-04-03 18:00:00+00:00,11.74,45.8,57.0,60.48,49.0,275.75,5.03,322.0,86130.0
1990-04-03 19:00:00+00:00,10.66,53.1,0.0,0.0,0.0,276.35,4.34,323.0,86160.0
1990-04-03 20:00:00+00:00,9.66,57.05,0.0,0.0,0.0,252.55,4.21,322.0,86260.0
1990-04-03 21:00:00+00:00,8.9,59.15,0.0,0.0,0.0,263.0,4.07,322.0,86330.0
1990-04-03 22:00:00+00:00,8.23,63.6,0.0,0.0,0.0,263.6,3.38,317.0,86390.0
1990-04-03 23:00:00+00:00,7.42,63.5,0.0,0.0,0.0,249.45,3.1,310.0,86400.0
1990-04-04 00:00:00+00:00,6.77,65.85,0.0,0.0,0.0,246.95,2.9,307.0,86400.0
1990-04-04 01:00:00+00:00,6.25,68.3,0.0,0.0,0.0,248.2,2.76,304.0,86350.0
1990-04-04 02:00:00+00:00,5.86,68.3,0.0,0.0,0.0,251.4,2.76,305.0,86310.0
1990-04-04 03:00:00+00:00,5.37,70.85,0.0,0.0,0.0,244.8,2.69,308.0,86270.0
1990-04-04 04:00:00+00:00,4.94,73.55,0.0,0.0,0.0,246.75,2.34,310.0,86270.0
1990-04-04 05:00:00+00:00,4.56,76.3,0.0,0.0,0.0,246.55,2.14,309.0,86300.0
1990-04-04 06:00:00+00:00,4.17,76.25,0.0,0.0,0.0,243.25,2.0,307.0,86340.0
1990-04-04 07:00:00+00:00,4.33,76.3,165.0,568.53,53.0,244.2,1.59,310.0,86360.0
1990-04-04 08:00:00+00:00,6.67,65.85,402.0,763.8,89.0,253.9,1.66,314.0,86420.0
1990-04-04 09:00:00+00:00,9.12,52.7,627.0,865.67,109.0,247.9,1.59,321.0,86470.0
1990-04-04 10:00:00+00:00,11.16,43.95,808.0,906.79,128.0,251.2,1.1,316.0,86530.0
1990-04-04 11:00:00+00:00,12.79,36.55,929.0,916.84,146.0,255.25,0.55,253.0,86500.0
1990-04-04 12:00:00+00:00,14.09,29.25,920.0,723.72,266.0,286.4,1.24,216.0,86410.0
1990-04-04 13:00:00+00:00,15.75,23.4,916.0,735.96,257.0,276.95,2.14,232.0,86310.0
1990-04-04 14:00:00+00:00,16.52,21.0,859.0,780.82,211.0,305.0,2.83,246.0,86210.0
1990-04-04 15:00:00+00:00,16.55,21.85,685.0,632.46,235.0,301.9,3.31,256.0,86160.0
1990-04-04 16:00:00+00:00,16.15,24.5,553.0,795.11,117.0,287.0,4.28,266.0,86150.0
1990-04-04 17:00:00+00:00,14.86,30.6,335.0,725.38,80.0,301.9,5.03,285.0,86190.0
1990-04-04 18:00:00+00:00,13.01,38.15,94.0,379.22,43.0,295.7,5.59,313.0,86260.0
1990-04-04 19:00:00+00:00,11.16,47.45,0.0,0.0,0.0,281.6,5.72,332.0,86270.0
1990-04-04 20:00:00+00:00,9.88,54.9,0.0,0.0,0.0,275.75,5.03,335.0,86340.0
1990-04-04 21:00:00+00:00,9.07,59.15,0.0,0.0,0.0,274.05,4.14,332.0,86410.0
1990-04-04 22:00:00+00:00,8.56,61.3,0.0,0.0,0.0,271.7,3.52,328.0,86460.0
1990-04-04 23:00:00+00:00,8.08,61.2,0.0,0.0,0.0,269.2,3.17,324.0,86470.0
1990-04-05 00:00:00+00:00,7.29,65.85,0.0,0.0,0.0,247.9,2.69,317.0,86450.0
1990-04-05 01:00:00+00:00,6.72,65.85,0.0,0.0,0.0,255.95,2.83,319.0,86430.0
1990-04-05 02:00:00+00:00,6.05,65.75,0.0,0.0,0.0,248.3,2.97,323.0,86360.0
1990-04-05 03:00:00+00:00,5.34,70.8,0.0,0.0,0.0,240.15,2.62,325.0,86340.0
1990-04-05 04:00:00+00:00,4.71,73.45,0.0,0.0,0.0,233.95,2.34,323.0,86330.0
1990-04-05 05:00:00+00:00,4.18,73.4,0.0,0.0,0.0,231.45,2.0,317.0,86370.0
1990-04-05 06:00:00+00:00,3.58,76.15,0.0,0.0,0.0,227.2,1.72,307.0,86390.0
1990-04-05 07:00:00+00:00,3.91,73.4,166.0,541.24,57.0,230.5,1.72,309.0,86430.0
1990-04-05 08:00:00+00:00,6.65,61.0,406.0,756.14,93.0,231.85,1.93,317.0,86480.0
1990-04-05 09:00:00+00:00,8.98,48.8,629.0,851.83,116.0,230.5,2.0,333.0,86510.0
1990-04-05 10:00:00+00:00,11.02,39.1,817.0,915.82,127.0,239.6,1.72,337.0,86550.0
1990-04-05 11:00:00+00:00,12.83,32.5,943.0,937.92,139.0,244.6,0.9,324.0,86520.0
1990-04-05 12:00:00+00:00,14.22,27.05,1001.0,939.85,149.0,258.95,0.55,221.0,86450.0
1990-04-05 13:00:00+00:00,15.68,22.5,995.0,949.88,142.0,269.75,1.59,202.0,86390.0
1990-04-05 14:00:00+00:00,17.13,18.0,911.0,930.02,137.0,273.25,2.28,215.0,86290.0
1990-04-05 15:00:00+00:00,17.62,17.3,759.0,875.73,134.0,292.4,2.48,221.0,86190.0
1990-04-05 16:00:00+00:00,17.96,17.3,553.0,775.72,126.0,293.75,3.03,239.0,86130.0
1990-04-05 17:00:00+00:00,17.57,18.75,344.0,760.65,75.0,294.55,3.93,267.0,86130.0
1990-04-05 18:00:00+00:00,15.44,27.45,75.0,160.96,53.0,280.8,5.66,300.0,86180.0
1990-04-05 19:00:00+00:00,12.34,44.2,0.0,0.0,0.0,278.1,6.69,324.0,86270.0
1990-04-05 20:00:00+00:00,10.18,52.95,0.0,0.0,0.0,258.55,6.0,329.0,86380.0
1990-04-05 21:00:00+00:00,9.12,56.9,0.0,0.0,0.0,261.65,4.97,324.0,86440.0
1990-04-05 22:00:00+00:00,8.32,61.2,0.0,0.0,0.0,249.45,4.28,319.0,86490.0
1990-04-05 23:00:00+00:00,7.6,61.1,0.0,0.0,0.0,247.7,3.86,316.0,86480.0
1990-04-06 00:00:00+00:00,7.07,63.35,0.0,0.0,0.0,250.6,3.79,316.0,86470.0
1990-04-06 01:00:00+00:00,6.56,63.35,0.0,0.0,0.0,249.75,3.86,319.0,86430.0
1990-04-06 02:00:00+00:00,5.99,63.25,0.0,0.0,0.0,242.1,4.07,321.0,86410.0
1990-04-06 03:00:00+00:00,5.33,68.1,0.0,0.0,0.0,237.65,3.93,323.0,86360.0
1990-04-06 04:00:00+00:00,4.59,68.0,0.0,0.0,0.0,230.65,3.38,324.0,86370.0
1990-04-06 05:00:00+00:00,3.85,67.9,0.0,0.0,0.0,230.85,2.97,325.0,86370.0
1990-04-06 06:00:00+00:00,3.18,73.2,0.0,0.0,0.0,225.05,2.62,324.0,86420.0
1990-04-06 07:00:00+00:00,3.43,67.8,173.0,554.1,59.0,219.25,2.0,315.0,86470.0
1990-04-06 08:00:00+00:00,6.21,54.15,409.0,741.55,99.0,216.95,2.14,322.0,86530.0
1990-04-06 09:00:00+00:00,8.77,41.6,631.0,831.64,127.0,219.45,2.48,335.0,86560.0
1990-04-06 10:00:00+00:00,11.22,30.85,817.0,890.48,143.0,224.3,2.48,335.0,86600.0
1990-04-06 11:00:00+00:00,13.37,23.7,942.0,905.45,163.0,233.4,2.21,328.0,86590.0
1990-04-06 12:00:00+00:00,15.06,19.8,1009.0,936.94,157.0,237.45,1.72,307.0,86570.0
1990-04-06 13:00:00+00:00,16.49,16.45,1003.0,950.54,147.0,246.55,1.59,272.0,86520.0
1990-04-06 14:00:00+00:00,17.61,15.3,924.0,943.04,137.0,256.05,1.93,260.0,86450.0
1990-04-06 15:00:00+00:00,18.64,13.15,774.0,901.05,129.0,256.4,2.55,277.0,86370.0
1990-04-06 16:00:00+00:00,18.94,13.15,572.0,828.92,114.0,256.4,3.31,294.0,86350.0
1990-04-06 17:00:00+00:00,18.22,14.75,338.0,705.59,87.0,267.85,3.93,311.0,86350.0
1990-04-06 18:00:00+00:00,16.57,18.6,106.0,475.26,40.0,256.4,4.97,326.0,86410.0
1990-04-06 19:00:00+00:00,14.79,25.1,0.0,0.0,0.0,248.85,4.9,332.0,86430.0
1990-04-06 20:00:00+00:00,12.48,33.8,0.0,0.0,0.0,243.85,4.76,333.0,86530.0
1990-04-06 21:00:00+00:00,10.7,42.15,0.0,0.0,0.0,240.35,3.59,328.0,86620.0
1990-04-06 22:00:00+00:00,9.46,48.95,0.0,0.0,0.0,239.0,2.9,319.0,86690.0
1990-04-06 23:00:00+00:00,8.38,52.6,0.0,0.0,0.0,236.1,2.55,315.0,86700.0
1990-04-07 00:00:00+00:00,7.4,58.8,0.0,0.0,0.0,232.05,2.21,314.0,86710.0
1990-04-07 01:00:00+00:00,6.47,61.0,0.0,0.0,0.0,231.15,1.93,315.0,86690.0
1990-04-07 02:00:00+00:00,5.51,65.65,0.0,0.0,0.0,227.95,1.66,314.0,86680.0
1990-04-07 03:00:00+00:00,4.58,70.7,0.0,0.0,0.0,232.4,1.52,314.0,86650.0
1990-04-07 04:00:00+00:00,3.55,76.15,0.0,0.0,0.0,226.6,1.38,314.0,86630.0
1990-04-07 05:00:00+00:00,2.86,76.1,0.0,0.0,0.0,227.0,1.24,314.0,86620.0
1990-04-07 06:00:00+00:00,2.58,73.1,0.0,0.0,0.0,225.25,1.03,311.0,86650.0
1990-04-07 07:00:00+00:00,4.57,62.95,175.0,552.25,59.0,225.25,0.69,317.0,86730.0
1990-04-07 08:00:00+00:00,7.52,56.55,411.0,741.53,98.0,229.7,0.55,28.0,86780.0
1990-04-07 09:00:00+00:00,11.12,43.95,636.0,846.21,120.0,239.6,2.21,82.0,86800.0
1990-04-07 10:00:00+00:00,13.47,35.45,835.0,944.35,117.0,249.85,3.03,101.0,86810.0
1990-04-07 11:00:00+00:00,15.45,27.45,962.0,965.92,128.0,256.8,2.83,123.0,86780.0
1990-04-07 12:00:00+00:00,17.25,21.15,1024.0,981.26,129.0,261.65,2.97,149.0,86720.0
1990-04-07 13:00:00+00:00,18.78,16.8,1018.0,992.23,122.0,264.55,3.52,166.0,86640.0
1990-04-07 14:00:00+00:00,19.87,13.9,882.0,819.8,196.0,267.65,4.0,179.0,86580.0
1990-04-07 15:00:00+00:00,20.35,12.4,772.0,902.58,124.0,271.5,4.48,185.0,86500.0
1990-04-07 16:00:00+00:00,20.44,11.4,568.0,816.85,115.0,276.35,4.97,190.0,86460.0
1990-04-07 17:00:00+00:00,20.0,11.4,301.0,477.92,130.0,276.55,5.03,194.0,86450.0
1990-04-07 18:00:00+00:00,19.21,12.7,108.0,489.19,39.0,272.85,4.83,195.0,86470.0
1990-04-07 19:00:00+00:00,17.99,13.6,0.0,0.0,0.0,256.6,3.93,180.0,86500.0
1990-04-07 20:00:00+00:00,16.74,14.55,0.0,0.0,0.0,254.1,3.79,170.0,86580.0
1990-04-07 21:00:00+00:00,15.55,14.95,0.0,0.0,0.0,249.85,3.66,167.0,86650.0
1990-04-07 22:00:00+00:00,14.49,15.35,0.0,0.0,0.0,249.05,3.24,164.0,86740.0
1990-04-07 23:00:00+00:00,13.42,16.45,0.0,0.0,0.0,247.15,2.48,155.0,86790.0
1990-04-08 00:00:00+00:00,12.32,19.9,0.0,0.0,0.0,241.5,1.66,122.0,86820.0
1990-04-08 01:00:00+00:00,10.53,27.2,0.0,0.0,0.0,238.15,1.45,87.0,86810.0
1990-04-08 02:00:00+00:00,9.53,26.9,0.0,0.0,0.0,234.55,1.17,69.0,86790.0
1990-04-08 03:00:00+00:00,9.63,22.8,0.0,0.0,0.0,231.45,0.83,60.0,86780.0
1990-04-08 04:00:00+00:00,8.6,24.5,0.0,0.0,0.0,227.95,0.62,50.0,86770.0
1990-04-08 05:00:00+00:00,7.71,26.35,0.0,0.0,0.0,225.65,0.48,35.0,86810.0
1990-04-08 06:00:00+00:00,6.98,28.5,0.0,0.0,0.0,224.1,0.48,26.0,86860.0
1990-04-08 07:00:00+00:00,7.77,28.65,182.0,569.25,60.0,224.85,0.28,37.0,86920.0
1990-04-08 08:00:00+00:00,11.16,22.25,421.0,758.04,98.0,228.95,0.41,74.0,86980.0
1990-04-08 09:00:00+00:00,14.13,18.0,636.0,818.29,134.0,234.95,1.38,100.0,87010.0
1990-04-08 10:00:00+00:00,16.46,14.55,811.0,841.99,168.0,243.25,1.93,126.0,87030.0
1990-04-08 11:00:00+00:00,18.49,12.6,938.0,873.69,181.0,250.05,2.21,155.0,87030.0
1990-04-08 12:00:00+00:00,20.35,10.9,1004.0,904.03,177.0,257.0,2.69,180.0,86970.0
1990-04-08 13:00:00+00:00,21.97,9.1,1009.0,952.03,147.0,261.25,3.52,196.0,86910.0
1990-04-08 14:00:00+00:00,23.12,8.25,930.0,943.98,138.0,264.55,4.28,205.0,86830.0
1990-04-08 15:00:00+00:00,23.73,7.95,787.0,927.76,119.0,266.85,4.9,208.0,86770.0
1990-04-08 16:00:00+00:00,23.75,8.3,576.0,831.86,113.0,268.4,5.31,211.0,86740.0
1990-04-08 17:00:00+00:00,23.28,9.35,343.0,708.62,88.0,266.5,5.45,213.0,86740.0
1990-04-08 18:00:00+00:00,22.3,10.85,108.0,460.82,42.0,263.75,5.1,213.0,86760.0
1990-04-08 19:00:00+00:00,20.71,13.55,0.0,0.0,0.0,262.2,4.07,209.0,86830.0
1990-04-08 20:00:00+00:00,19.31,15.6,0.0,0.0,0.0,260.65,3.45,205.0,86880.0
1990-04-08 21:00:00+00:00,18.15,18.85,0.0,0.0,0.0,258.55,2.76,198.0,86980.0
1990-04-08 22:00:00+00:00,16.9,21.0,0.0,0.0,0.0,257.2,2.28,191.0,87040.0
1990-04-08 23:00:00+00:00,15.2,26.25,0.0,0.0,0.0,257.0,1.86,184.0,87080.0
1990-04-09 00:00:00+00:00,14.41,31.65,0.0,0.0,0.0,257.2,1.31,171.0,87120.0
1990-04-09 01:00:00+00:00,15.43,27.3,0.0,0.0,0.0,257.9,0.83,110.0,87110.0
1990-04-09 02:00:00+00:00,13.4,31.4,0.0,0.0,0.0,258.75,1.1,62.0,87050.0
1990-04-09 03:00:00+00:00,12.11,33.7,0.0,0.0,0.0,261.85,0.83,25.0,86990.0
1990-04-09 04:00:00+00:00,11.14,36.15,0.0,0.0,0.0,262.2,0.69,352.0,86970.0
1990-04-09 05:00:00+00:00,10.52,37.45,0.0,0.0,0.0,262.4,0.69,335.0,86960.0
1990-04-09 06:00:00+00:00,10.08,40.4,0.0,0.0,0.0,262.4,0.48,342.0,86980.0
1990-04-09 07:00:00+00:00,11.12,39.1,179.0,530.81,63.0,262.8,0.34,12.0,87040.0
1990-04-09 08:00:00+00:00,13.66,35.45,414.0,727.82,101.0,267.85,0.83,59.0,87070.0
1990-04-09 09:00:00+00:00,17.78,26.8,632.0,813.47,130.0,273.85,1.66,81.0,87070.0
1990-04-09 10:00:00+00:00,20.48,21.75,819.0,886.62,139.0,281.4,2.97,113.0,87070.0
1990-04-09 11:00:00+00:00,22.66,18.45,941.0,905.22,154.0,289.7,3.86,140.0,87030.0
1990-04-09 12:00:00+00:00,24.53,16.7,1001.0,918.86,158.0,294.75,4.48,160.0,86930.0
1990-04-09 13:00:00+00:00,26.0,12.95,989.0,916.49,157.0,300.95,5.31,177.0,86830.0
1990-04-09 14:00:00+00:00,26.71,9.95,850.0,721.62,243.0,300.95,5.93,188.0,86760.0
1990-04-09 15:00:00+00:00,26.79,8.45,746.0,807.43,163.0,301.1,6.28,194.0,86690.0
1990-04-09 16:00:00+00:00,26.41,7.35,514.0,581.84,189.0,299.0,6.34,196.0,86650.0
1990-04-09 17:00:00+00:00,25.78,7.3,308.0,502.92,126.0,298.8,6.55,198.0,86650.0
1990-04-09 18:00:00+00:00,24.53,8.85,27.0,0.0,27.0,291.05,6.07,199.0,86660.0
1990-04-09 19:00:00+00:00,23.09,10.15,0.0,0.0,0.0,298.2,5.24,195.0,86680.0
1990-04-09 20:00:00+00:00,21.67,12.7,0.0,0.0,0.0,283.5,4.14,199.0,86720.0
1990-04-09 21:00:00+00:00,20.66,14.1,0.0,0.0,0.0,290.65,3.24,202.0,86760.0
1990-04-09 22:00:00+00:00,19.49,15.7,0.0,0.0,0.0,294.35,2.62,213.0,86780.0
1990-04-09 23:00:00+00:00,18.08,18.1,0.0,0.0,0.0,286.4,2.55,228.0,86830.0
1990-04-10 00:00:00+00:00,16.68,20.2,0.0,0.0,0.0,282.75,2.48,234.0,86850.0
1990-04-10 01:00:00+00:00,15.55,22.5,0.0,0.0,0.0,291.35,2.07,238.0,86820.0
1990-04-10 02:00:00+00:00,14.44,24.1,0.0,0.0,0.0,286.8,1.72,239.0,86760.0
1990-04-10 03:00:00+00:00,13.1,27.85,0.0,0.0,0.0,283.1,1.45,236.0,86710.0
1990-04-10 04:00:00+00:00,11.83,29.75,0.0,0.0,0.0,272.85,1.52,240.0,86690.0
1990-04-10 05:00:00+00:00,10.87,30.7,0.0,0.0,0.0,271.7,1.79,259.0,86710.0
1990-04-10 06:00:00+00:00,10.1,31.8,0.0,0.0,0.0,278.1,1.93,277.0,86730.0
1990-04-10 07:00:00+00:00,9.93,33.1,135.0,179.61,95.0,274.8,1.72,277.0,86750.0
1990-04-10 08:00:00+00:00,13.23,26.75,402.0,636.03,126.0,277.9,2.0,275.0,86760.0
1990-04-10 09:00:00+00:00,15.99,21.75,621.0,754.01,153.0,291.65,2.62,281.0,86800.0
1990-04-10 10:00:00+00:00,18.55,19.0,812.0,855.63,153.0,289.1,2.9,286.0,86810.0
1990-04-10 11:00:00+00:00,20.76,16.6,933.0,870.12,174.0,293.2,3.1,280.0,86820.0
1990-04-10 12:00:00+00:00,22.43,13.85,892.0,610.85,330.0,306.35,3.72,270.0,86750.0
1990-04-10 13:00:00+00:00,24.1,11.2,711.0,272.49,463.0,301.5,4.55,265.0,86690.0
1990-04-10 14:00:00+00:00,25.08,10.5,384.0,17.79,369.0,299.0,5.17,259.0,86630.0
1990-04-10 15:00:00+00:00,25.26,10.1,219.0,0.0,219.0,299.2,5.93,255.0,86610.0
1990-04-10 16:00:00+00:00,24.59,10.4,290.0,51.74,261.0,310.4,6.21,253.0,86630.0
1990-04-10 17:00:00+00:00,23.23,11.95,142.0,13.74,137.0,325.1,6.07,252.0,86640.0
1990-04-10 18:00:00+00:00,21.74,14.9,43.0,6.78,42.0,325.3,5.66,251.0,86690.0
1990-04-10 19:00:00+00:00,20.61,17.95,0.0,0.0,0.0,312.75,4.34,256.0,86720.0
1990-04-10 20:00:00+00:00,19.32,23.25,0.0,0.0,0.0,313.9,3.93,259.0,86750.0
1990-04-10 21:00:00+00:00,18.16,26.9,0.0,0.0,0.0,311.2,3.45,263.0,86830.0
1990-04-10 22:00:00+00:00,17.1,30.1,0.0,0.0,0.0,312.35,3.03,264.0,86870.0
1990-04-10 23:00:00+00:00,16.2,34.8,0.0,0.0,0.0,314.5,2.62,264.0,86880.0
1990-04-11 00:00:00+00:00,15.24,38.7,0.0,0.0,0.0,304.6,2.21,265.0,86870.0
1990-04-11 01:00:00+00:00,14.54,41.65,0.0,0.0,0.0,312.65,1.86,269.0,86860.0
1990-04-11 02:00:00+00:00,13.85,46.35,0.0,0.0,0.0,311.55,1.52,272.0,86790.0
1990-04-11 03:00:00+00:00,13.21,48.0,0.0,0.0,0.0,309.65,1.31,265.0,86760.0
1990-04-11 04:00:00+00:00,12.25,53.5,0.0,0.0,0.0,297.05,1.24,263.0,86730.0
1990-04-11 05:00:00+00:00,11.23,57.4,0.0,0.0,0.0,286.8,1.24,279.0,86730.0
1990-04-11 06:00:00+00:00,10.02,61.65,0.0,0.0,0.0,261.65,1.31,290.0,86740.0
1990-04-11 07:00:00+00:00,12.87,51.65,89.0,22.04,84.0,294.15,0.07,108.0,86750.0
1990-04-11 08:00:00+00:00,13.66,48.15,162.0,6.85,159.0,295.9,0.97,168.0,86800.0
1990-04-11 09:00:00+00:00,15.81,38.85,463.0,261.14,300.0,306.35,1.38,184.0,86850.0
1990-04-11 10:00:00+00:00,17.23,30.1,573.0,240.51,387.0,318.35,1.31,192.0,86870.0
1990-04-11 11:00:00+00:00,18.12,28.0,646.0,226.25,448.0,327.45,1.45,174.0,86840.0
1990-04-11 12:00:00+00:00,18.73,27.05,513.0,59.62,458.0,330.55,2.62,173.0,86760.0
1990-04-11 13:00:00+00:00,18.99,28.25,715.0,284.96,455.0,332.5,4.21,181.0,86710.0
1990-04-11 14:00:00+00:00,18.76,32.75,473.0,65.06,418.0,332.3,4.97,190.0,86670.0
1990-04-11 15:00:00+00:00,18.55,34.05,351.0,31.68,328.0,329.4,5.1,197.0,86630.0
1990-04-11 16:00:00+00:00,17.86,37.8,336.0,108.45,275.0,329.75,4.76,191.0,86570.0
1990-04-11 17:00:00+00:00,17.41,39.25,164.0,32.79,152.0,313.3,4.41,188.0,86540.0
1990-04-11 18:00:00+00:00,16.99,40.75,46.0,6.68,45.0,315.45,5.1,192.0,86600.0
1990-04-11 19:00:00+00:00,16.69,40.6,0.0,0.0,0.0,325.5,4.97,191.0,86540.0
1990-04-11 20:00:00+00:00,15.58,46.9,0.0,0.0,0.0,323.55,4.0,176.0,86490.0
1990-04-11 21:00:00+00:00,14.62,54.1,0.0,0.0,0.0,316.2,2.62,152.0,86430.0
1990-04-11 22:00:00+00:00,13.75,60.2,0.0,0.0,0.0,293.2,3.38,180.0,86510.0
1990-04-11 23:00:00+00:00,12.78,66.95,0.0,0.0,0.0,316.0,4.34,178.0,86490.0
1990-04-12 00:00:00+00:00,11.97,71.95,0.0,0.0,0.0,312.35,3.72,181.0,86440.0
1990-04-12 01:00:00+00:00,11.29,77.2,0.0,0.0,0.0,303.35,3.45,184.0,86380.0
1990-04-12 02:00:00+00:00,10.71,80.05,0.0,0.0,0.0,305.55,3.1,187.0,86270.0
1990-04-12 03:00:00+00:00,10.71,77.15,0.0,0.0,0.0,343.7,2.9,202.0,86180.0
1990-04-12 04:00:00+00:00,10.53,74.4,0.0,0.0,0.0,326.5,2.69,223.0,86110.0
1990-04-12 05:00:00+00:00,10.34,71.6,0.0,0.0,0.0,329.55,2.69,254.0,86050.0
1990-04-12 06:00:00+00:00,9.71,68.9,0.0,0.0,0.0,306.15,3.66,287.0,86050.0
1990-04-12 07:00:00+00:00,9.3,66.25,105.0,51.97,93.0,316.8,4.28,297.0,86100.0
1990-04-12 08:00:00+00:00,9.48,59.25,413.0,670.34,117.0,288.15,5.24,311.0,86140.0
1990-04-12 09:00:00+00:00,10.17,52.95,574.0,560.82,222.0,298.4,6.34,317.0,86200.0
1990-04-12 10:00:00+00:00,11.05,45.7,691.0,479.08,319.0,296.5,7.1,316.0,86230.0
1990-04-12 11:00:00+00:00,12.19,39.4,932.0,863.41,174.0,297.25,7.93,314.0,86270.0
1990-04-12 12:00:00+00:00,13.15,36.7,1001.0,910.24,159.0,294.35,8.76,315.0,86250.0
1990-04-12 13:00:00+00:00,14.16,32.95,988.0,907.48,158.0,296.1,9.59,319.0,86250.0
1990-04-12 14:00:00+00:00,14.83,29.4,904.0,887.42,152.0,293.0,9.72,321.0,86230.0
1990-04-12 15:00:00+00:00,14.86,27.2,754.0,831.11,149.0,295.1,9.1,321.0,86240.0
1990-04-12 16:00:00+00:00,14.43,30.45,556.0,747.7,134.0,273.05,8.34,319.0,86260.0
1990-04-12 17:00:00+00:00,13.74,34.1,334.0,644.19,97.0,271.9,7.38,316.0,86300.0
1990-04-12 18:00:00+00:00,12.79,38.0,110.0,421.46,46.0,256.6,6.41,316.0,86340.0
1990-04-12 19:00:00+00:00,10.99,51.25,0.0,0.0,0.0,251.2,5.17,324.0,86410.0
1990-04-12 20:00:00+00:00,9.87,59.25,0.0,0.0,0.0,269.95,4.9,323.0,86450.0
1990-04-12 21:00:00+00:00,9.16,61.45,0.0,0.0,0.0,270.95,4.62,320.0,86520.0
1990-04-12 22:00:00+00:00,8.74,63.7,0.0,0.0,0.0,263.95,5.1,316.0,86560.0
1990-04-12 23:00:00+00:00,8.61,63.7,0.0,0.0,0.0,270.75,5.31,312.0,86580.0
1990-04-13 00:00:00+00:00,8.49,63.7,0.0,0.0,0.0,273.25,5.72,311.0,86590.0
1990-04-13 01:00:00+00:00,8.33,63.6,0.0,0.0,0.0,284.4,5.86,312.0,86580.0
1990-04-13 02:00:00+00:00,7.83,63.5,0.0,0.0,0.0,265.9,5.86,314.0,86550.0
1990-04-13 03:00:00+00:00,7.28,63.35,0.0,0.0,0.0,259.7,5.72,315.0,86540.0
1990-04-13 04:00:00+00:00,6.7,61.0,0.0,0.0,0.0,249.85,5.59,318.0,86540.0
1990-04-13 05:00:00+00:00,6.4,58.65,0.0,0.0,0.0,255.25,5.52,321.0,86590.0
1990-04-13 06:00:00+00:00,6.23,58.55,0.0,0.0,0.0,257.2,5.24,321.0,86630.0
1990-04-13 07:00:00+00:00,6.88,56.45,201.0,574.67,66.0,247.5,4.97,319.0,86690.0
1990-04-13 08:00:00+00:00,8.23,48.55,0.0,0.0,0.0,253.9,6.34,321.0,86770.0
1990-04-13 09:00:00+00:00,10.33,35.85,660.0,839.88,130.0,243.25,6.34,324.0,86870.0
1990-04-13 10:00:00+00:00,12.4,28.75,843.0,895.41,145.0,232.05,6.0,328.0,86930.0
1990-04-13 11:00:00+00:00,14.22,24.0,970.0,926.61,154.0,258.95,5.86,329.0,87000.0
1990-04-13 12:00:00+00:00,15.76,20.75,1035.0,955.31,149.0,258.35,5.79,328.0,87000.0
1990-04-13 13:00:00+00:00,16.9,19.4,1027.0,965.32,142.0,256.2,5.86,327.0,86990.0
1990-04-13 14:00:00+00:00,17.83,18.0,945.0,958.33,131.0,255.25,5.93,327.0,86960.0
1990-04-13 15:00:00+00:00,18.23,16.7,785.0,891.97,134.0,255.65,6.14,329.0,86920.0
1990-04-13 16:00:00+00:00,18.0,17.4,580.0,808.77,122.0,260.85,6.28,333.0,86880.0
1990-04-13 17:00:00+00:00,17.04,19.5,351.0,702.93,91.0,252.35,6.48,337.0,86900.0
1990-04-13 18:00:00+00:00,15.21,26.25,118.0,474.04,45.0,250.2,6.69,342.0,86940.0
1990-04-13 19:00:00+00:00,12.74,36.55,0.0,0.0,0.0,244.4,5.93,338.0,87020.0
1990-04-13 20:00:00+00:00,10.91,45.7,0.0,0.0,0.0,243.25,5.45,338.0,87090.0
1990-04-13 21:00:00+00:00,9.8,52.85,0.0,0.0,0.0,239.2,4.34,335.0,87160.0
1990-04-13 22:00:00+00:00,9.23,54.8,0.0,0.0,0.0,251.95,3.31,331.0,87230.0
1990-04-13 23:00:00+00:00,8.35,61.2,0.0,0.0,0.0,239.4,2.62,326.0,87230.0
1990-04-14 00:00:00+00:00,7.49,63.5,0.0,0.0,0.0,233.6,2.28,321.0,87240.0
1990-04-14 01:00:00+00:00,6.52,65.85,0.0,0.0,0.0,224.6,2.28,319.0,87210.0
1990-04-14 02:00:00+00:00,5.63,68.2,0.0,0.0,0.0,221.6,2.14,313.0,87160.0
1990-04-14 03:00:00+00:00,4.87,68.1,0.0,0.0,0.0,220.6,1.86,310.0,87130.0
1990-04-14 04:00:00+00:00,3.99,70.6,0.0,0.0,0.0,220.05,1.66,312.0,87120.0
1990-04-14 05:00:00+00:00,2.92,73.2,0.0,0.0,0.0,216.75,1.59,312.0,87130.0
1990-04-14 06:00:00+00:00,2.21,73.0,0.0,0.0,0.0,216.15,1.52,309.0,87160.0
1990-04-14 07:00:00+00:00,3.19,65.1,210.0,607.0,65.0,215.75,1.52,308.0,87230.0
1990-04-14 08:00:00+00:00,8.61,39.95,453.0,790.73,98.0,222.15,1.52,319.0,87250.0
1990-04-14 09:00:00+00:00,12.8,23.6,676.0,876.45,120.0,231.45,1.79,329.0,87280.0
1990-04-14 10:00:00+00:00,16.01,16.35,862.0,932.89,132.0,240.55,2.28,328.0,87270.0
1990-04-14 11:00:00+00:00,18.77,12.6,996.0,978.17,132.0,248.85,2.76,321.0,87240.0
1990-04-14 12:00:00+00:00,20.89,10.15,1056.0,991.61,134.0,255.05,3.24,311.0,87160.0
1990-04-14 13:00:00+00:00,22.37,8.8,1042.0,988.13,134.0,259.3,4.07,309.0,87090.0
1990-04-14 14:00:00+00:00,23.1,8.6,949.0,953.79,137.0,263.0,5.03,315.0,87010.0
1990-04-14 15:00:00+00:00,23.05,9.35,797.0,912.93,129.0,264.15,5.93,323.0,86940.0
1990-04-14 16:00:00+00:00,22.28,11.3,584.0,802.59,128.0,263.6,6.83,331.0,86920.0
1990-04-14 17:00:00+00:00,20.67,14.7,355.0,704.6,93.0,261.25,7.38,336.0,86890.0
1990-04-14 18:00:00+00:00,18.37,21.25,121.0,486.76,45.0,257.2,7.38,340.0,86890.0
1990-04-14 19:00:00+00:00,15.92,29.7,0.0,0.0,0.0,250.6,6.14,340.0,86890.0
1990-04-14 20:00:00+00:00,13.56,41.35,0.0,0.0,0.0,248.65,6.21,338.0,86950.0
1990-04-14 21:00:00+00:00,11.91,51.5,0.0,0.0,0.0,255.05,6.0,333.0,87030.0
1990-04-14 22:00:00+00:00,10.81,57.3,0.0,0.0,0.0,260.85,5.52,331.0,87090.0
1990-04-14 23:00:00+00:00,10.0,59.35,0.0,0.0,0.0,270.95,4.97,328.0,87080.0
1990-04-15 00:00:00+00:00,9.28,61.45,0.0,0.0,0.0,268.4,4.41,326.0,87040.0
1990-04-15 01:00:00+00:00,8.57,61.3,0.0,0.0,0.0,254.8,4.34,324.0,86970.0
1990-04-15 02:00:00+00:00,8.33,61.2,0.0,0.0,0.0,265.1,4.83,323.0,86910.0
1990-04-15 03:00:00+00:00,8.06,58.9,0.0,0.0,0.0,261.25,5.17,320.0,86820.0
1990-04-15 04:00:00+00:00,7.74,58.8,0.0,0.0,0.0,249.85,5.52,319.0,86760.0
1990-04-15 05:00:00+00:00,7.66,56.55,0.0,0.0,0.0,254.65,5.52,320.0,86740.0
1990-04-15 06:00:00+00:00,7.58,56.55,0.0,0.0,0.0,255.65,5.17,319.0,86740.0
1990-04-15 07:00:00+00:00,8.37,56.7,206.0,564.28,69.0,272.85,4.41,311.0,86710.0
1990-04-15 08:00:00+00:00,9.98,49.05,439.0,733.62,107.0,271.5,6.28,313.0,86720.0
1990-04-15 09:00:00+00:00,11.81,42.4,658.0,826.48,131.0,262.8,7.45,318.0,86730.0
1990-04-15 10:00:00+00:00,13.58,35.45,834.0,864.48,155.0,277.3,7.66,318.0,86780.0
1990-04-15 11:00:00+00:00,14.99,30.7,952.0,878.23,174.0,281.95,7.79,316.0,86810.0
1990-04-15 12:00:00+00:00,16.17,27.6,1009.0,890.46,179.0,290.3,8.0,317.0,86830.0
1990-04-15 13:00:00+00:00,16.76,26.65,1012.0,937.04,149.0,283.1,8.14,317.0,86810.0
1990-04-15 14:00:00+00:00,17.07,25.75,922.0,902.43,152.0,283.3,8.48,319.0,86780.0
1990-04-15 15:00:00+00:00,16.54,27.7,769.0,845.21,149.0,287.4,8.69,322.0,86750.0
1990-04-15 16:00:00+00:00,15.98,29.8,569.0,763.14,134.0,280.4,8.55,322.0,86750.0
1990-04-15 17:00:00+00:00,14.82,34.35,344.0,652.76,100.0,279.65,8.28,322.0,86740.0
1990-04-15 18:00:00+00:00,13.18,39.65,116.0,423.33,49.0,272.1,7.66,320.0,86750.0
1990-04-15 19:00:00+00:00,11.52,47.6,0.0,0.0,0.0,260.65,6.07,313.0,86710.0
1990-04-15 20:00:00+00:00,10.25,55.05,0.0,0.0,0.0,269.6,5.38,306.0,86700.0
1990-04-15 21:00:00+00:00,9.39,59.25,0.0,0.0,0.0,274.6,5.38,306.0,86720.0
1990-04-15 22:00:00+00:00,8.71,61.3,0.0,0.0,0.0,267.05,5.52,310.0,86710.0
1990-04-15 23:00:00+00:00,8.18,61.2,0.0,0.0,0.0,256.6,5.72,314.0,86690.0
1990-04-16 00:00:00+00:00,7.69,61.1,0.0,0.0,0.0,256.6,5.52,321.0,86690.0
1990-04-16 01:00:00+00:00,7.25,61.0,0.0,0.0,0.0,263.1,5.17,328.0,86620.0
1990-04-16 02:00:00+00:00,6.7,58.65,0.0,0.0,0.0,244.8,4.34,328.0,86570.0
1990-04-16 03:00:00+00:00,6.26,58.55,0.0,0.0,0.0,238.05,3.31,327.0,86540.0
1990-04-16 04:00:00+00:00,5.75,60.75,0.0,0.0,0.0,237.05,2.69,331.0,86570.0
1990-04-16 05:00:00+00:00,5.43,58.45,0.0,0.0,0.0,241.15,2.28,338.0,86630.0
1990-04-16 06:00:00+00:00,4.89,60.65,0.0,0.0,0.0,231.05,1.93,335.0,86750.0
1990-04-16 07:00:00+00:00,5.53,58.45,214.0,587.92,69.0,239.75,2.28,338.0,86820.0
1990-04-16 08:00:00+00:00,7.71,48.4,451.0,754.24,107.0,257.2,2.97,336.0,86870.0
1990-04-16 09:00:00+00:00,10.16,35.85,673.0,845.76,131.0,240.15,3.17,330.0,86920.0
1990-04-16 10:00:00+00:00,12.58,24.55,855.0,900.68,145.0,241.5,2.83,321.0,86930.0
1990-04-16 11:00:00+00:00,14.95,18.25,981.0,930.88,154.0,245.2,3.31,320.0,86930.0
1990-04-16 12:00:00+00:00,16.94,14.55,1045.0,960.02,148.0,249.45,4.0,322.0,86910.0
1990-04-16 13:00:00+00:00,18.33,12.5,1036.0,969.66,141.0,255.85,4.83,322.0,86830.0
1990-04-16 14:00:00+00:00,19.18,11.2,949.0,949.57,137.0,254.85,5.86,323.0,86810.0
1990-04-16 15:00:00+00:00,19.18,12.2,793.0,896.17,134.0,251.4,6.9,326.0,86790.0
1990-04-16 16:00:00+00:00,18.4,14.15,585.0,799.18,128.0,249.65,7.1,328.0,86810.0
1990-04-16 17:00:00+00:00,17.15,16.6,357.0,699.96,94.0,248.5,7.03,330.0,86840.0
1990-04-16 18:00:00+00:00,15.46,19.95,124.0,473.81,48.0,244.4,6.55,329.0,86910.0
1990-04-16 19:00:00+00:00,13.71,24.85,0.0,0.0,0.0,239.95,4.9,328.0,86990.0
1990-04-16 20:00:00+00:00,12.13,31.1,0.0,0.0,0.0,235.9,4.41,330.0,87090.0
1990-04-16 21:00:00+00:00,10.85,36.0,0.0,0.0,0.0,231.85,3.1,329.0,87180.0
1990-04-16 22:00:00+00:00,9.65,38.7,0.0,0.0,0.0,227.75,2.34,334.0,87250.0
1990-04-16 23:00:00+00:00,8.38,43.25,0.0,0.0,0.0,224.65,1.66,329.0,87300.0
1990-04-17 00:00:00+00:00,7.0,50.2,0.0,0.0,0.0,222.15,1.1,322.0,87310.0
1990-04-17 01:00:00+00:00,6.53,48.25,0.0,0.0,0.0,220.15,0.97,320.0,87300.0
1990-04-17 02:00:00+00:00,4.94,51.8,0.0,0.0,0.0,219.85,1.24,318.0,87250.0
1990-04-17 03:00:00+00:00,3.79,55.7,0.0,0.0,0.0,219.85,1.45,316.0,87230.0
1990-04-17 04:00:00+00:00,3.5,53.5,0.0,0.0,0.0,219.85,1.31,312.0,87210.0
1990-04-17 05:00:00+00:00,4.35,45.85,0.0,0.0,0.0,219.85,0.97,304.0,87230.0
1990-04-17 06:00:00+00:00,4.2,45.7,7.0,0.0,7.0,220.2,0.48,307.0,87290.0
1990-04-17 07:00:00+00:00,5.61,40.9,215.0,567.05,73.0,222.35,0.34,329.0,87380.0
1990-04-17 08:00:00+00:00,8.7,39.95,451.0,739.83,111.0,228.55,0.34,135.0,87440.0
1990-04-17 09:00:00+00:00,12.33,24.45,667.0,812.14,144.0,237.65,1.52,162.0,87470.0
1990-04-17 10:00:00+00:00,14.89,19.7,847.0,864.63,163.0,246.15,2.0,178.0,87480.0
1990-04-17 11:00:00+00:00,17.25,15.3,982.0,929.42,154.0,255.25,2.28,190.0,87450.0
1990-04-17 12:00:00+00:00,19.41,13.25,1028.0,906.52,179.0,264.15,2.55,194.0,87390.0
1990-04-17 13:00:00+00:00,21.25,11.1,1025.0,938.4,157.0,271.7,2.9,196.0,87310.0
1990-04-17 14:00:00+00:00,22.68,10.05,938.0,918.37,151.0,277.1,3.17,198.0,87230.0
1990-04-17 15:00:00+00:00,23.57,9.4,789.0,879.09,141.0,280.05,3.59,198.0,87140.0
1990-04-17 16:00:00+00:00,23.86,9.8,585.0,796.66,128.0,281.0,3.86,198.0,87100.0
1990-04-17 17:00:00+00:00,23.45,10.6,352.0,659.32,103.0,279.85,4.0,197.0,87080.0
1990-04-17 18:00:00+00:00,22.31,12.25,122.0,443.0,50.0,276.35,3.79,198.0,87100.0
1990-04-17 19:00:00+00:00,20.43,13.45,0.0,0.0,0.0,270.35,3.72,188.0,87130.0
1990-04-17 20:00:00+00:00,18.55,14.85,0.0,0.0,0.0,265.9,3.24,191.0,87220.0
1990-04-17 21:00:00+00:00,16.94,17.85,0.0,0.0,0.0,261.85,2.28,195.0,87290.0
1990-04-17 22:00:00+00:00,14.91,23.15,0.0,0.0,0.0,257.95,1.31,191.0,87330.0
1990-04-17 23:00:00+00:00,14.51,22.25,0.0,0.0,0.0,255.25,0.62,176.0,87340.0
1990-04-18 00:00:00+00:00,13.41,25.7,0.0,0.0,0.0,252.55,0.07,193.0,87310.0
1990-04-18 01:00:00+00:00,12.38,29.9,0.0,0.0,0.0,249.95,0.41,319.0,87270.0
1990-04-18 02:00:00+00:00,11.34,33.4,0.0,0.0,0.0,248.3,0.83,317.0,87190.0
1990-04-18 03:00:00+00:00,9.43,40.25,0.0,0.0,0.0,246.75,1.03,304.0,87140.0
1990-04-18 04:00:00+00:00,8.15,46.65,0.0,0.0,0.0,246.35,1.1,294.0,87140.0
1990-04-18 05:00:00+00:00,7.22,50.2,0.0,0.0,0.0,246.55,1.1,287.0,87150.0
1990-04-18 06:00:00+00:00,6.56,50.2,8.0,0.0,8.0,247.9,1.1,286.0,87170.0
1990-04-18 07:00:00+00:00,8.36,48.55,213.0,546.94,74.0,255.85,1.03,282.0,87230.0
1990-04-18 08:00:00+00:00,12.14,36.45,440.0,691.19,120.0,262.4,1.1,269.0,87260.0
1990-04-18 09:00:00+00:00,16.13,26.5,654.0,777.38,151.0,263.4,1.38,274.0,87250.0
1990-04-18 10:00:00+00:00,18.72,22.25,839.0,860.4,156.0,269.4,1.38,268.0,87250.0
1990-04-18 11:00:00+00:00,20.85,17.25,982.0,948.18,135.0,282.75,1.79,248.0,87180.0
1990-04-18 12:00:00+00:00,22.75,13.95,1006.0,869.3,190.0,290.3,2.28,247.0,87090.0
1990-04-18 13:00:00+00:00,24.02,12.55,969.0,800.52,227.0,291.65,2.62,252.0,86990.0
1990-04-18 14:00:00+00:00,24.97,11.3,913.0,862.89,172.0,295.7,2.69,259.0,86860.0
1990-04-18 15:00:00+00:00,24.84,11.3,784.0,883.78,131.0,297.25,2.9,278.0,86780.0
1990-04-18 16:00:00+00:00,25.08,11.85,603.0,882.82,95.0,293.75,3.79,298.0,86710.0
1990-04-18 17:00:00+00:00,24.1,14.25,348.0,648.09,102.0,289.1,5.24,315.0,86700.0
1990-04-18 18:00:00+00:00,21.75,20.5,118.0,382.63,55.0,283.7,6.83,326.0,86700.0
1990-04-18 19:00:00+00:00,19.83,26.3,0.0,0.0,0.0,274.4,6.0,319.0,86700.0
1990-04-18 20:00:00+00:00,17.39,33.75,0.0,0.0,0.0,269.4,6.07,327.0,86780.0
1990-04-18 21:00:00+00:00,15.7,38.85,0.0,0.0,0.0,265.9,4.69,325.0,86850.0
1990-04-18 22:00:00+00:00,14.49,43.25,0.0,0.0,0.0,265.3,3.52,314.0,86850.0
1990-04-18 23:00:00+00:00,13.3,48.0,0.0,0.0,0.0,258.15,2.9,301.0,86860.0
1990-04-19 00:00:00+00:00,12.15,51.5,0.0,0.0,0.0,254.85,2.76,299.0,86840.0
1990-04-19 01:00:00+00:00,11.02,55.3,0.0,0.0,0.0,252.85,2.69,304.0,86770.0
1990-04-19 02:00:00+00:00,9.98,59.35,0.0,0.0,0.0,249.65,2.48,307.0,86700.0
1990-04-19 03:00:00+00:00,9.01,63.8,0.0,0.0,0.0,248.65,2.48,307.0,86630.0
1990-04-19 04:00:00+00:00,8.26,68.6,0.0,0.0,0.0,248.1,2.48,304.0,86590.0
1990-04-19 05:00:00+00:00,7.52,68.5,0.0,0.0,0.0,242.5,2.41,301.0,86580.0
1990-04-19 06:00:00+00:00,6.92,68.4,10.0,0.0,10.0,239.95,2.41,300.0,86620.0
1990-04-19 07:00:00+00:00,8.29,66.05,212.0,508.14,81.0,235.3,2.28,300.0,86650.0
1990-04-19 08:00:00+00:00,12.18,45.95,302.0,162.98,226.0,243.45,2.48,306.0,86650.0
1990-04-19 09:00:00+00:00,15.55,32.1,683.0,873.79,115.0,250.8,3.24,322.0,86660.0
1990-04-19 10:00:00+00:00,18.43,23.95,847.0,878.87,147.0,259.9,4.21,328.0,86660.0
1990-04-19 11:00:00+00:00,20.74,17.25,969.0,908.85,155.0,269.0,4.41,330.0,86650.0
1990-04-19 12:00:00+00:00,22.45,13.85,1031.0,936.48,150.0,277.3,4.34,330.0,86600.0
1990-04-19 13:00:00+00:00,23.72,12.55,1027.0,959.33,136.0,282.15,4.41,331.0,86560.0
1990-04-19 14:00:00+00:00,24.45,12.15,930.0,912.26,145.0,285.85,4.83,332.0,86510.0
1990-04-19 15:00:00+00:00,24.57,12.75,786.0,884.44,131.0,287.75,5.52,334.0,86470.0
1990-04-19 16:00:00+00:00,23.94,15.35,587.0,814.28,117.0,288.15,6.55,336.0,86470.0
1990-04-19 17:00:00+00:00,22.4,19.8,356.0,686.8,94.0,285.65,7.38,338.0,86490.0
1990-04-19 18:00:00+00:00,20.29,25.4,127.0,473.71,48.0,283.7,7.45,336.0,86500.0
1990-04-19 19:00:00+00:00,17.56,33.75,0.0,0.0,0.0,273.85,6.07,332.0,86510.0
1990-04-19 20:00:00+00:00,15.77,41.9,0.0,0.0,0.0,269.0,4.48,324.0,86580.0
1990-04-19 21:00:00+00:00,14.47,44.9,0.0,0.0,0.0,261.45,3.86,321.0,86650.0
1990-04-19 22:00:00+00:00,13.23,49.85,0.0,0.0,0.0,257.75,3.38,318.0,86700.0
1990-04-19 23:00:00+00:00,12.16,55.5,0.0,0.0,0.0,254.5,2.76,317.0,86720.0
1990-04-20 00:00:00+00:00,11.26,57.4,0.0,0.0,0.0,252.55,2.34,318.0,86730.0
1990-04-20 01:00:00+00:00,10.5,59.5,0.0,0.0,0.0,251.9,2.14,317.0,86700.0
1990-04-20 02:00:00+00:00,9.75,63.9,0.0,0.0,0.0,251.2,2.14,317.0,86670.0
1990-04-20 03:00:00+00:00,9.09,63.8,0.0,0.0,0.0,250.6,2.14,316.0,86650.0
1990-04-20 04:00:00+00:00,8.57,63.7,0.0,0.0,0.0,249.85,2.07,318.0,86660.0
1990-04-20 05:00:00+00:00,8.01,63.6,0.0,0.0,0.0,249.25,1.86,318.0,86670.0
1990-04-20 06:00:00+00:00,7.2,65.85,14.0,70.41,11.0,248.3,1.66,316.0,86710.0
1990-04-20 07:00:00+00:00,8.43,59.0,224.0,577.66,73.0,248.5,1.38,316.0,86750.0
1990-04-20 08:00:00+00:00,13.53,38.3,459.0,749.6,107.0,255.65,1.03,333.0,86810.0
1990-04-20 09:00:00+00:00,17.32,26.8,673.0,826.98,133.0,266.1,0.83,29.0,86830.0
1990-04-20 10:00:00+00:00,20.1,22.65,856.0,896.04,140.0,275.4,1.93,93.0,86860.0
1990-04-20 11:00:00+00:00,22.23,19.05,984.0,938.83,141.0,283.9,2.62,114.0,86850.0
1990-04-20 12:00:00+00:00,23.86,16.6,1040.0,951.44,143.0,291.25,2.9,135.0,86800.0
1990-04-20 13:00:00+00:00,25.09,15.05,1030.0,960.66,136.0,296.85,3.17,153.0,86750.0
1990-04-20 14:00:00+00:00,25.91,14.0,928.0,900.01,152.0,300.15,3.66,165.0,86690.0
1990-04-20 15:00:00+00:00,26.26,13.6,793.0,898.6,126.0,300.75,3.93,169.0,86630.0
1990-04-20 16:00:00+00:00,26.17,13.05,580.0,777.27,130.0,305.55,3.86,169.0,86590.0
1990-04-20 17:00:00+00:00,25.64,13.5,352.0,654.71,101.0,307.7,3.59,167.0,86590.0
1990-04-20 18:00:00+00:00,24.92,14.4,124.0,414.48,54.0,324.55,3.59,160.0,86600.0
1990-04-20 19:00:00+00:00,23.82,15.35,0.0,0.0,0.0,312.75,3.38,153.0,86630.0
1990-04-20 20:00:00+00:00,22.47,16.95,0.0,0.0,0.0,293.0,2.69,143.0,86680.0
1990-04-20 21:00:00+00:00,20.88,19.45,0.0,0.0,0.0,296.3,1.66,143.0,86770.0
1990-04-20 22:00:00+00:00,19.74,22.5,0.0,0.0,0.0,278.5,0.41,124.0,86790.0
1990-04-20 23:00:00+00:00,18.19,26.9,0.0,0.0,0.0,277.7,0.83,344.0,86840.0
1990-04-21 00:00:00+00:00,14.97,35.85,0.0,0.0,0.0,275.0,1.45,332.0,86830.0
1990-04-21 01:00:00+00:00,13.14,44.5,0.0,0.0,0.0,274.9,1.59,322.0,86810.0
1990-04-21 02:00:00+00:00,11.53,51.35,0.0,0.0,0.0,274.2,1.52,314.0,86750.0
1990-04-21 03:00:00+00:00,10.56,57.3,0.0,0.0,0.0,269.2,1.38,311.0,86740.0
1990-04-21 04:00:00+00:00,10.0,59.35,0.0,0.0,0.0,267.65,1.24,310.0,86730.0
1990-04-21 05:00:00+00:00,9.48,61.55,0.0,0.0,0.0,262.4,1.17,310.0,86740.0
1990-04-21 06:00:00+00:00,8.94,63.8,16.0,86.17,12.0,261.25,1.24,312.0,86780.0
1990-04-21 07:00:00+00:00,10.92,55.3,227.0,585.07,72.0,263.75,1.1,317.0,86830.0
1990-04-21 08:00:00+00:00,15.56,40.35,459.0,748.75,105.0,268.6,1.03,328.0,86900.0
1990-04-21 09:00:00+00:00,19.31,28.25,673.0,829.47,129.0,280.05,0.76,17.0,86920.0
1990-04-21 10:00:00+00:00,21.71,19.7,850.0,884.48,141.0,285.05,0.9,106.0,86950.0
1990-04-21 11:00:00+00:00,23.55,16.6,982.0,939.85,136.0,293.4,1.72,156.0,86960.0
1990-04-21 12:00:00+00:00,25.03,14.5,1021.0,912.4,159.0,299.0,2.62,180.0,86890.0
1990-04-21 13:00:00+00:00,26.21,13.05,1006.0,908.42,159.0,311.4,3.45,193.0,86820.0
1990-04-21 14:00:00+00:00,26.71,12.65,788.0,515.11,343.0,321.05,4.14,203.0,86730.0
1990-04-21 15:00:00+00:00,26.73,12.15,408.0,63.18,361.0,329.0,4.14,216.0,86680.0
1990-04-21 16:00:00+00:00,26.01,12.95,609.0,892.06,91.0,324.95,4.0,254.0,86660.0
1990-04-21 17:00:00+00:00,24.19,18.8,258.0,210.25,177.0,319.3,6.0,305.0,86740.0
1990-04-21 18:00:00+00:00,21.56,31.15,59.0,17.54,56.0,314.3,6.97,331.0,86780.0
1990-04-21 19:00:00+00:00,19.65,42.85,0.0,0.0,0.0,294.55,5.38,332.0,86840.0
1990-04-21 20:00:00+00:00,17.8,54.7,0.0,0.0,0.0,277.7,4.07,327.0,86900.0
1990-04-21 21:00:00+00:00,16.63,56.6,0.0,0.0,0.0,279.05,3.17,319.0,86990.0
1990-04-21 22:00:00+00:00,15.55,60.65,0.0,0.0,0.0,277.3,2.76,314.0,87040.0
1990-04-21 23:00:00+00:00,14.49,64.95,0.0,0.0,0.0,278.65,2.48,314.0,87050.0
1990-04-22 00:00:00+00:00,13.44,69.65,0.0,0.0,0.0,276.75,2.28,317.0,87030.0
1990-04-22 01:00:00+00:00,12.2,74.6,0.0,0.0,0.0,271.05,2.07,314.0,87000.0
1990-04-22 02:00:00+00:00,11.15,80.1,0.0,0.0,0.0,264.95,2.0,309.0,86930.0
1990-04-22 03:00:00+00:00,10.24,82.95,0.0,0.0,0.0,263.95,2.0,307.0,86880.0
1990-04-22 04:00:00+00:00,9.48,82.9,0.0,0.0,0.0,267.05,2.0,307.0,86870.0
1990-04-22 05:00:00+00:00,8.74,82.75,0.0,0.0,0.0,257.6,2.07,305.0,86870.0
1990-04-22 06:00:00+00:00,8.07,82.7,18.0,79.72,14.0,250.2,1.93,304.0,86900.0
1990-04-22 07:00:00+00:00,9.46,74.2,235.0,614.78,70.0,256.05,1.79,310.0,86950.0
1990-04-22 08:00:00+00:00,13.39,55.75,469.0,771.13,102.0,265.9,1.66,323.0,87000.0
1990-04-22 09:00:00+00:00,16.87,40.6,677.0,824.44,134.0,265.1,1.66,343.0,87010.0
1990-04-22 10:00:00+00:00,19.63,31.8,863.0,905.4,135.0,275.95,1.66,10.0,87010.0
1990-04-22 11:00:00+00:00,21.62,24.85,991.0,948.68,135.0,285.85,0.83,49.0,87000.0
1990-04-22 12:00:00+00:00,23.21,19.3,1052.0,973.94,130.0,297.45,0.55,215.0,86940.0
1990-04-22 13:00:00+00:00,24.69,14.4,1020.0,931.35,150.0,298.2,2.07,255.0,86890.0
1990-04-22 14:00:00+00:00,25.45,12.35,964.0,987.83,109.0,305.75,2.97,276.0,86810.0
1990-04-22 15:00:00+00:00,25.5,11.4,720.0,647.84,237.0,302.5,4.07,300.0,86770.0
1990-04-22 16:00:00+00:00,24.83,12.25,288.0,41.21,264.0,309.05,6.07,325.0,86740.0
1990-04-22 17:00:00+00:00,22.77,17.75,173.0,31.0,161.0,297.25,7.72,338.0,86790.0
1990-04-22 18:00:00+00:00,20.6,26.55,124.0,375.49,59.0,305.2,8.0,341.0,86810.0
1990-04-22 19:00:00+00:00,18.37,39.4,0.0,0.0,0.0,285.45,6.76,341.0,86820.0
1990-04-22 20:00:00+00:00,16.82,45.45,0.0,0.0,0.0,284.5,5.93,335.0,86890.0
1990-04-22 21:00:00+00:00,15.61,48.65,0.0,0.0,0.0,267.65,4.62,331.0,87000.0
1990-04-22 22:00:00+00:00,14.73,52.15,0.0,0.0,0.0,267.85,3.24,328.0,87030.0
1990-04-22 23:00:00+00:00,13.94,53.95,0.0,0.0,0.0,270.35,2.69,331.0,87090.0
1990-04-23 00:00:00+00:00,12.75,59.95,0.0,0.0,0.0,256.6,2.48,334.0,87070.0
1990-04-23 01:00:00+00:00,11.63,64.35,0.0,0.0,0.0,257.9,2.28,333.0,87070.0
1990-04-23 02:00:00+00:00,10.53,69.1,0.0,0.0,0.0,252.95,2.21,327.0,87010.0
1990-04-23 03:00:00+00:00,9.45,74.2,0.0,0.0,0.0,249.45,2.14,320.0,86990.0
1990-04-23 04:00:00+00:00,8.63,76.85,0.0,0.0,0.0,247.3,2.07,315.0,86970.0
1990-04-23 05:00:00+00:00,7.88,76.8,0.0,0.0,0.0,245.75,1.93,311.0,87000.0
1990-04-23 06:00:00+00:00,7.13,76.65,21.0,92.83,16.0,242.85,1.72,308.0,87010.0
1990-04-23 07:00:00+00:00,8.89,66.25,239.0,614.46,72.0,252.35,1.59,309.0,87090.0
1990-04-23 08:00:00+00:00,13.06,46.2,480.0,793.34,100.0,253.5,1.17,312.0,87130.0
1990-04-23 09:00:00+00:00,16.53,29.95,694.0,861.86,124.0,260.65,0.76,313.0,87140.0
1990-04-23 10:00:00+00:00,19.39,21.5,878.0,927.51,130.0,269.2,0.34,255.0,87160.0
1990-04-23 11:00:00+00:00,21.6,18.2,996.0,945.37,141.0,278.5,0.97,180.0,87140.0
1990-04-23 12:00:00+00:00,23.34,17.15,1057.0,970.97,136.0,287.0,1.72,179.0,87100.0
1990-04-23 13:00:00+00:00,24.62,14.4,1046.0,979.89,129.0,293.95,1.93,186.0,87020.0
1990-04-23 14:00:00+00:00,25.55,11.95,953.0,946.79,132.0,299.2,1.93,194.0,86960.0
1990-04-23 15:00:00+00:00,25.93,11.5,798.0,892.71,131.0,306.15,1.86,206.0,86890.0
1990-04-23 16:00:00+00:00,26.04,11.05,598.0,825.23,116.0,310.2,1.72,226.0,86850.0
1990-04-23 17:00:00+00:00,25.76,11.05,360.0,663.24,102.0,307.7,1.59,256.0,86850.0
1990-04-23 18:00:00+00:00,24.98,12.75,80.0,62.78,69.0,316.4,2.0,290.0,86850.0
1990-04-23 19:00:00+00:00,23.57,14.75,0.0,0.0,0.0,302.3,2.69,313.0,86890.0
1990-04-23 20:00:00+00:00,21.56,22.15,0.0,0.0,0.0,288.95,3.1,330.0,86940.0
1990-04-23 21:00:00+00:00,19.74,29.5,0.0,0.0,0.0,281.2,2.69,327.0,87010.0
1990-04-23 22:00:00+00:00,18.11,36.55,0.0,0.0,0.0,276.95,2.34,320.0,87070.0
1990-04-23 23:00:00+00:00,16.59,40.6,0.0,0.0,0.0,273.25,2.14,320.0,87120.0
1990-04-24 00:00:00+00:00,15.18,46.75,0.0,0.0,0.0,270.75,2.07,325.0,87120.0
1990-04-24 01:00:00+00:00,13.93,51.9,0.0,0.0,0.0,268.7,1.93,326.0,87090.0
1990-04-24 02:00:00+00:00,12.79,57.75,0.0,0.0,0.0,267.45,1.72,323.0,87050.0
1990-04-24 03:00:00+00:00,11.59,59.7,0.0,0.0,0.0,265.9,1.45,318.0,87020.0
1990-04-24 04:00:00+00:00,10.59,61.75,0.0,0.0,0.0,264.95,1.31,315.0,87010.0
1990-04-24 05:00:00+00:00,10.21,61.65,0.0,0.0,0.0,263.95,1.17,315.0,87010.0
1990-04-24 06:00:00+00:00,10.05,61.65,22.0,86.98,17.0,264.55,1.1,317.0,87020.0
1990-04-24 07:00:00+00:00,13.1,48.0,234.0,567.05,78.0,265.9,0.62,322.0,87060.0
1990-04-24 08:00:00+00:00,16.42,39.0,462.0,717.87,116.0,272.1,0.34,354.0,87070.0
1990-04-24 09:00:00+00:00,19.51,31.8,679.0,819.26,135.0,281.4,0.41,117.0,87100.0
1990-04-24 10:00:00+00:00,21.88,25.8,868.0,911.24,131.0,290.85,1.66,161.0,87080.0
1990-04-24 11:00:00+00:00,23.66,20.15,984.0,928.9,142.0,298.2,2.69,178.0,87060.0
1990-04-24 12:00:00+00:00,24.69,16.85,948.0,691.33,291.0,311.2,2.97,184.0,86980.0
1990-04-24 13:00:00+00:00,25.46,15.65,983.0,825.63,209.0,312.75,3.24,186.0,86920.0
1990-04-24 14:00:00+00:00,25.69,14.0,772.0,469.66,364.0,324.35,3.31,192.0,86840.0
1990-04-24 15:00:00+00:00,26.15,13.05,573.0,276.46,366.0,331.7,3.79,199.0,86780.0
1990-04-24 16:00:00+00:00,25.99,12.95,263.0,23.9,249.0,326.3,4.48,208.0,86710.0
1990-04-24 17:00:00+00:00,25.31,13.4,247.0,166.3,182.0,320.5,5.1,214.0,86720.0
1990-04-24 18:00:00+00:00,24.53,14.25,62.0,16.92,59.0,323.55,4.69,215.0,86740.0
1990-04-24 19:00:00+00:00,23.95,13.6,0.0,0.0,0.0,336.15,2.97,206.0,86750.0
1990-04-24 20:00:00+00:00,23.34,14.65,0.0,0.0,0.0,331.3,1.59,211.0,86750.0
1990-04-24 21:00:00+00:00,22.75,16.4,0.0,0.0,0.0,308.65,0.48,239.0,86790.0
1990-04-24 22:00:00+00:00,21.37,18.8,0.0,0.0,0.0,295.5,0.55,343.0,86820.0
1990-04-24 23:00:00+00:00,19.4,24.2,0.0,0.0,0.0,287.6,0.83,345.0,86840.0
1990-04-25 00:00:00+00:00,18.48,26.0,0.0,0.0,0.0,289.1,0.83,337.0,86840.0
1990-04-25 01:00:00+00:00,17.43,28.95,0.0,0.0,0.0,281.5,0.76,333.0,86820.0
1990-04-25 02:00:00+00:00,16.59,29.95,0.0,0.0,0.0,290.85,0.76,334.0,86780.0
1990-04-25 03:00:00+00:00,15.49,30.85,0.0,0.0,0.0,274.8,0.83,337.0,86760.0
1990-04-25 04:00:00+00:00,14.33,34.25,0.0,0.0,0.0,264.95,0.9,329.0,86750.0
1990-04-25 05:00:00+00:00,12.97,36.7,0.0,0.0,0.0,266.3,0.97,319.0,86750.0
1990-04-25 06:00:00+00:00,12.49,38.0,25.0,98.3,19.0,274.2,0.97,316.0,86770.0
1990-04-25 07:00:00+00:00,14.94,29.55,241.0,596.35,75.0,268.8,0.41,328.0,86830.0
1990-04-25 08:00:00+00:00,17.82,24.75,475.0,760.98,106.0,266.85,0.41,94.0,86850.0
1990-04-25 09:00:00+00:00,20.61,17.25,692.0,850.59,125.0,275.2,1.45,133.0,86860.0
1990-04-25 10:00:00+00:00,22.98,13.4,869.0,903.76,136.0,282.15,3.03,159.0,86880.0
1990-04-25 11:00:00+00:00,24.63,11.3,990.0,933.48,142.0,286.6,3.93,172.0,86850.0
1990-04-25 12:00:00+00:00,25.83,10.15,1039.0,933.73,150.0,292.8,4.62,180.0,86770.0
1990-04-25 13:00:00+00:00,26.69,9.55,1000.0,862.56,190.0,298.8,5.45,186.0,86680.0
1990-04-25 14:00:00+00:00,26.96,9.15,936.0,908.94,145.0,306.55,6.0,192.0,86600.0
1990-04-25 15:00:00+00:00,26.82,9.15,788.0,868.99,136.0,312.35,6.0,194.0,86520.0
1990-04-25 16:00:00+00:00,26.5,9.45,562.0,675.84,165.0,329.75,5.66,193.0,86480.0
1990-04-25 17:00:00+00:00,26.05,9.45,366.0,687.55,96.0,322.4,5.31,190.0,86450.0
1990-04-25 18:00:00+00:00,25.59,9.75,131.0,395.74,60.0,306.15,5.31,189.0,86450.0
1990-04-25 19:00:00+00:00,24.21,11.2,0.0,0.0,0.0,305.55,4.28,186.0,86490.0
1990-04-25 20:00:00+00:00,23.1,11.95,0.0,0.0,0.0,299.0,3.66,184.0,86500.0
1990-04-25 21:00:00+00:00,22.02,12.8,0.0,0.0,0.0,273.85,2.97,185.0,86560.0
1990-04-25 22:00:00+00:00,20.62,14.7,0.0,0.0,0.0,270.75,1.79,190.0,86570.0
1990-04-25 23:00:00+00:00,21.27,14.2,0.0,0.0,0.0,268.6,0.55,213.0,86590.0
1990-04-26 00:00:00+00:00,19.88,16.35,0.0,0.0,0.0,268.4,0.41,312.0,86570.0
1990-04-26 01:00:00+00:00,18.33,18.85,0.0,0.0,0.0,266.0,0.55,326.0,86540.0
1990-04-26 02:00:00+00:00,16.9,20.2,0.0,0.0,0.0,264.15,0.55,320.0,86490.0
1990-04-26 03:00:00+00:00,15.74,20.75,0.0,0.0,0.0,262.2,0.48,315.0,86450.0
1990-04-26 04:00:00+00:00,14.53,23.15,0.0,0.0,0.0,259.9,0.48,328.0,86470.0
1990-04-26 05:00:00+00:00,13.25,25.7,0.0,0.0,0.0,258.75,0.48,335.0,86490.0
1990-04-26 06:00:00+00:00,12.18,27.6,27.0,108.49,20.0,256.8,0.48,345.0,86510.0
1990-04-26 07:00:00+00:00,14.67,23.15,247.0,603.82,77.0,260.5,0.34,13.0,86600.0
1990-04-26 08:00:00+00:00,18.23,18.85,476.0,740.13,115.0,265.1,0.62,64.0,86600.0
1990-04-26 09:00:00+00:00,21.37,15.4,691.0,821.99,141.0,272.85,1.66,101.0,86630.0
1990-04-26 10:00:00+00:00,23.8,13.1,871.0,889.03,148.0,280.6,3.1,124.0,86630.0
1990-04-26 11:00:00+00:00,25.63,10.6,997.0,933.7,147.0,286.4,3.79,146.0,86590.0
1990-04-26 12:00:00+00:00,27.02,9.15,1057.0,958.27,143.0,289.5,4.21,166.0,86510.0
1990-04-26 13:00:00+00:00,28.05,7.6,1029.0,925.98,158.0,291.45,4.76,182.0,86440.0
1990-04-26 14:00:00+00:00,28.63,6.75,712.0,331.52,423.0,292.6,5.52,195.0,86360.0
1990-04-26 15:00:00+00:00,28.65,6.75,587.0,291.29,368.0,299.4,6.21,203.0,86300.0
1990-04-26 16:00:00+00:00,28.31,7.6,594.0,785.99,131.0,305.0,6.55,208.0,86280.0
1990-04-26 17:00:00+00:00,27.67,8.25,368.0,679.28,100.0,302.1,6.21,211.0,86280.0
1990-04-26 18:00:00+00:00,26.6,9.55,139.0,468.3,54.0,295.9,5.31,214.0,86280.0
1990-04-26 19:00:00+00:00,24.66,12.75,0.0,0.0,0.0,289.1,3.52,250.0,86330.0
1990-04-26 20:00:00+00:00,22.21,20.6,0.0,0.0,0.0,288.35,4.14,292.0,86420.0
1990-04-26 21:00:00+00:00,19.62,33.05,0.0,0.0,0.0,289.9,4.07,312.0,86520.0
1990-04-26 22:00:00+00:00,17.78,43.9,0.0,0.0,0.0,292.05,3.38,321.0,86560.0
1990-04-26 23:00:00+00:00,16.42,48.8,0.0,0.0,0.0,279.45,2.55,315.0,86580.0
1990-04-27 00:00:00+00:00,15.18,54.25,0.0,0.0,0.0,269.75,2.28,310.0,86580.0
1990-04-27 01:00:00+00:00,14.02,56.0,0.0,0.0,0.0,267.95,1.86,309.0,86550.0
1990-04-27 02:00:00+00:00,13.09,60.05,0.0,0.0,0.0,274.05,1.59,306.0,86480.0
1990-04-27 03:00:00+00:00,12.26,62.1,0.0,0.0,0.0,275.0,1.45,302.0,86430.0
1990-04-27 04:00:00+00:00,11.33,64.25,0.0,0.0,0.0,269.6,1.52,299.0,86400.0
1990-04-27 05:00:00+00:00,10.56,61.75,0.0,0.0,0.0,261.85,1.86,298.0,86410.0
1990-04-27 06:00:00+00:00,9.68,63.9,19.0,14.72,18.0,258.35,1.79,300.0,86450.0
1990-04-27 07:00:00+00:00,11.41,55.4,234.0,509.4,89.0,263.4,1.79,300.0,86470.0
1990-04-27 08:00:00+00:00,15.65,36.0,482.0,774.68,102.0,269.0,1.79,296.0,86500.0
1990-04-27 09:00:00+00:00,19.0,25.15,695.0,853.25,122.0,272.85,1.38,282.0,86520.0
1990-04-27 10:00:00+00:00,21.8,17.5,776.0,616.89,273.0,281.6,1.59,237.0,86520.0
1990-04-27 11:00:00+00:00,24.45,12.15,1002.0,962.5,124.0,290.3,3.38,220.0,86510.0
1990-04-27 12:00:00+00:00,26.35,9.1,1000.0,824.74,212.0,297.65,5.52,220.0,86450.0
1990-04-27 13:00:00+00:00,27.24,8.15,566.0,90.22,481.0,303.25,7.52,225.0,86400.0
1990-04-27 14:00:00+00:00,26.98,9.55,932.0,900.13,146.0,316.2,8.97,232.0,86380.0
1990-04-27 15:00:00+00:00,25.73,11.5,759.0,767.26,181.0,323.55,9.38,232.0,86400.0
1990-04-27 16:00:00+00:00,24.48,14.25,567.0,694.1,157.0,333.65,8.9,233.0,86410.0
1990-04-27 17:00:00+00:00,23.69,16.6,237.0,133.72,184.0,330.15,8.0,232.0,86380.0
1990-04-27 18:00:00+00:00,22.91,18.45,95.0,114.38,74.0,316.6,7.31,230.0,86390.0
1990-04-27 19:00:00+00:00,21.24,21.15,0.0,0.0,0.0,314.3,6.62,228.0,86510.0
1990-04-27 20:00:00+00:00,20.01,22.65,0.0,0.0,0.0,318.35,6.14,232.0,86580.0
1990-04-27 21:00:00+00:00,18.86,26.0,0.0,0.0,0.0,314.5,4.97,227.0,86590.0
1990-04-27 22:00:00+00:00,17.96,27.85,0.0,0.0,0.0,310.8,4.48,219.0,86620.0
1990-04-27 23:00:00+00:00,17.01,28.95,0.0,0.0,0.0,293.75,4.14,217.0,86630.0
1990-04-28 00:00:00+00:00,16.31,33.5,0.0,0.0,0.0,298.6,4.41,218.0,86640.0
1990-04-28 01:00:00+00:00,15.25,37.25,0.0,0.0,0.0,282.45,4.14,220.0,86590.0
1990-04-28 02:00:00+00:00,14.35,41.5,0.0,0.0,0.0,281.75,3.79,222.0,86560.0
1990-04-28 03:00:00+00:00,13.87,44.65,0.0,0.0,0.0,306.15,4.07,226.0,86550.0
1990-04-28 04:00:00+00:00,13.17,49.85,0.0,0.0,0.0,301.1,4.21,228.0,86530.0
1990-04-28 05:00:00+00:00,12.56,51.65,0.0,0.0,0.0,300.35,4.28,229.0,86520.0
1990-04-28 06:00:00+00:00,12.1,53.5,31.0,112.23,23.0,299.95,4.55,230.0,86570.0
1990-04-28 07:00:00+00:00,12.0,53.5,213.0,344.13,114.0,289.3,4.07,233.0,86640.0
1990-04-28 08:00:00+00:00,12.91,49.7,398.0,389.27,206.0,297.85,5.31,237.0,86630.0
1990-04-28 09:00:00+00:00,13.94,44.75,549.0,363.54,304.0,299.95,6.55,238.0,86680.0
1990-04-28 10:00:00+00:00,14.91,38.55,342.0,11.01,333.0,311.95,7.52,241.0,86710.0
1990-04-28 11:00:00+00:00,16.11,26.5,770.0,378.55,424.0,310.2,8.07,245.0,86740.0
1990-04-28 12:00:00+00:00,17.17,20.3,840.0,436.76,422.0,301.7,7.66,253.0,86720.0
1990-04-28 13:00:00+00:00,18.04,18.85,860.0,503.38,385.0,293.2,7.1,265.0,86730.0
1990-04-28 14:00:00+00:00,18.69,16.8,829.0,592.24,311.0,292.4,6.41,270.0,86710.0
1990-04-28 15:00:00+00:00,18.95,16.15,608.0,337.83,353.0,283.7,6.34,272.0,86690.0
1990-04-28 16:00:00+00:00,18.44,16.7,376.0,141.82,292.0,288.75,5.72,272.0,86720.0
1990-04-28 17:00:00+00:00,17.9,18.75,260.0,188.36,185.0,278.5,4.69,278.0,86730.0
1990-04-28 18:00:00+00:00,17.23,19.5,93.0,96.94,75.0,274.4,3.38,284.0,86740.0
1990-04-28 19:00:00+00:00,16.66,21.85,0.0,0.0,0.0,269.2,2.62,265.0,86740.0
1990-04-28 20:00:00+00:00,15.59,25.35,0.0,0.0,0.0,267.85,2.55,256.0,86760.0
1990-04-28 21:00:00+00:00,14.13,30.45,0.0,0.0,0.0,247.7,2.69,253.0,86830.0
1990-04-28 22:00:00+00:00,12.62,36.55,0.0,0.0,0.0,244.05,2.97,255.0,86920.0
1990-04-28 23:00:00+00:00,11.11,43.95,0.0,0.0,0.0,240.95,2.9,262.0,86930.0
1990-04-29 00:00:00+00:00,9.78,50.85,0.0,0.0,0.0,237.05,2.55,278.0,86930.0
1990-04-29 01:00:00+00:00,8.56,54.65,0.0,0.0,0.0,232.35,2.14,288.0,86880.0
1990-04-29 02:00:00+00:00,7.47,61.1,0.0,0.0,0.0,228.35,1.79,288.0,86800.0
1990-04-29 03:00:00+00:00,6.66,61.0,0.0,0.0,0.0,227.95,1.66,286.0,86750.0
1990-04-29 04:00:00+00:00,5.81,63.15,0.0,0.0,0.0,225.25,1.59,289.0,86740.0
1990-04-29 05:00:00+00:00,5.0,63.05,0.0,0.0,0.0,228.35,1.59,290.0,86710.0
1990-04-29 06:00:00+00:00,4.46,62.95,35.0,134.13,25.0,231.25,1.72,294.0,86700.0
1990-04-29 07:00:00+00:00,6.41,54.3,262.0,643.41,75.0,229.5,1.45,292.0,86780.0
1990-04-29 08:00:00+00:00,11.05,36.15,495.0,782.48,107.0,235.7,2.14,295.0,86790.0
1990-04-29 09:00:00+00:00,13.96,27.05,719.0,893.2,115.0,246.95,2.97,299.0,86810.0
1990-04-29 10:00:00+00:00,16.6,21.0,898.0,945.77,123.0,254.5,3.93,298.0,86780.0
1990-04-29 11:00:00+00:00,18.55,19.0,1026.0,988.26,121.0,258.15,4.62,298.0,86770.0
1990-04-29 12:00:00+00:00,19.92,17.75,1075.0,986.86,129.0,267.85,4.9,301.0,86720.0
1990-04-29 13:00:00+00:00,20.77,16.6,1057.0,983.01,128.0,271.7,5.38,308.0,86690.0
1990-04-29 14:00:00+00:00,20.92,17.25,959.0,936.02,139.0,273.65,5.93,319.0,86660.0
1990-04-29 15:00:00+00:00,20.48,18.6,800.0,870.05,142.0,274.4,6.34,328.0,86630.0
1990-04-29 16:00:00+00:00,19.58,20.8,603.0,804.85,125.0,273.45,6.55,333.0,86640.0
1990-04-29 17:00:00+00:00,18.17,24.9,371.0,657.51,108.0,270.35,6.9,335.0,86690.0
1990-04-29 18:00:00+00:00,16.02,31.0,148.0,495.3,55.0,265.9,7.1,339.0,86720.0
1990-04-29 19:00:00+00:00,14.44,37.15,0.0,0.0,0.0,261.45,6.14,343.0,86740.0
1990-04-29 20:00:00+00:00,12.62,46.1,0.0,0.0,0.0,261.25,5.72,343.0,86780.0
1990-04-29 21:00:00+00:00,11.35,53.25,0.0,0.0,0.0,260.1,4.9,339.0,86860.0
1990-04-29 22:00:00+00:00,10.53,57.3,0.0,0.0,0.0,258.75,4.34,335.0,86910.0
1990-04-29 23:00:00+00:00,9.88,59.25,0.0,0.0,0.0,252.35,3.72,332.0,86910.0
1990-04-30 00:00:00+00:00,9.39,59.25,0.0,0.0,0.0,256.05,3.38,331.0,86890.0
1990-04-30 01:00:00+00:00,8.64,63.7,0.0,0.0,0.0,247.05,2.97,330.0,86840.0
1990-04-30 02:00:00+00:00,7.86,65.95,0.0,0.0,0.0,244.8,2.62,326.0,86770.0
1990-04-30 03:00:00+00:00,7.21,68.4,0.0,0.0,0.0,255.05,2.48,323.0,86740.0
1990-04-30 04:00:00+00:00,6.69,68.4,0.0,0.0,0.0,235.9,2.21,321.0,86730.0
1990-04-30 05:00:00+00:00,6.23,68.3,0.0,0.0,0.0,231.25,1.72,319.0,86740.0
1990-04-30 06:00:00+00:00,5.67,68.2,38.0,154.34,26.0,225.45,1.17,311.0,86770.0
1990-04-30 07:00:00+00:00,6.66,63.35,265.0,643.9,76.0,229.5,1.24,309.0,86830.0
1990-04-30 08:00:00+00:00,10.47,40.55,495.0,768.44,112.0,239.4,1.24,322.0,86880.0
1990-04-30 09:00:00+00:00,13.15,27.85,707.0,834.25,141.0,238.05,0.97,337.0,86900.0
1990-04-30 10:00:00+00:00,15.75,19.95,886.0,899.71,147.0,245.2,0.34,344.0,86900.0
1990-04-30 11:00:00+00:00,18.09,16.05,1012.0,942.84,147.0,251.0,0.41,231.0,86880.0
1990-04-30 12:00:00+00:00,20.08,12.9,1060.0,938.45,159.0,257.95,1.17,227.0,86830.0
1990-04-30 13:00:00+00:00,21.68,11.7,1048.0,949.87,149.0,267.25,1.52,238.0,86770.0
1990-04-30 14:00:00+00:00,22.79,11.4,966.0,943.68,138.0,275.2,1.52,258.0,86700.0
1990-04-30 15:00:00+00:00,23.44,11.95,819.0,915.92,125.0,284.85,1.86,295.0,86630.0
1990-04-30 16:00:00+00:00,20.37,19.8,609.0,812.78,125.0,275.41,5.31,326.0,86590.0
1990-04-30 17:00:00+00:00,19.72,21.47,382.0,706.82,98.0,274.14,4.94,338.0,86600.0
1990-04-30 18:00:00+00:00,19.07,23.14,155.0,542.55,52.0,272.86,4.57,341.0,86630.0
1990-04-30 19:00:00+00:00,18.42,24.81,0.0,0.0,0.0,271.59,4.21,333.0,86650.0
1990-04-30 20:00:00+00:00,17.77,26.48,0.0,0.0,0.0,270.31,3.84,328.0,86690.0
1990-04-30 21:00:00+00:00,17.12,28.15,0.0,0.0,0.0,269.04,3.47,319.0,86750.0
1990-04-30 22:00:00+00:00,16.47,29.82,0.0,0.0,0.0,267.77,3.1,313.0,86800.0
1990-04-30 23:00:00+00:00,15.82,31.49,0.0,0.0,0.0,266.49,2.73,309.0,86790.0
1990-05-01 00:00:00+00:00,15.16,33.16,0.0,0.0,0.0,265.22,2.36,133.0,87480.0
1990-05-01 01:00:00+00:00,14.51,34.83,0.0,0.0,0.0,263.95,1.99,99.0,87470.0
1990-05-01 02:00:00+00:00,13.86,36.5,0.0,0.0,0.0,262.67,1.63,34.0,87460.0
1990-05-01 03:00:00+00:00,13.21,38.17,0.0,0.0,0.0,261.4,1.26,332.0,87460.0
1990-05-01 04:00:00+00:00,12.56,39.84,0.0,0.0,0.0,260.12,0.89,313.0,87450.0
1990-05-01 05:00:00+00:00,11.91,41.51,0.0,0.0,0.0,258.85,0.52,308.0,87470.0
1990-05-01 06:00:00+00:00,11.26,43.18,24.0,25.72,22.0,257.58,0.15,307.0,87480.0
1990-05-01 07:00:00+00:00,10.61,44.85,246.0,521.25,93.0,256.3,-0.22,315.0,87580.0
1990-05-01 08:00:00+00:00,16.09,34.8,474.0,682.17,134.0,266.1,0.0,51.0,87600.0
1990-05-01 09:00:00+00:00,18.82,27.05,688.0,784.14,156.0,273.65,0.97,183.0,87590.0
1990-05-01 10:00:00+00:00,20.97,23.65,871.0,864.41,161.0,280.8,2.0,204.0,87600.0
1990-05-01 11:00:00+00:00,22.81,19.15,996.0,909.05,162.0,287.75,2.83,214.0,87550.0
1990-05-01 12:00:00+00:00,24.47,16.7,1055.0,934.28,158.0,293.4,3.45,215.0,87490.0
1990-05-01 13:00:00+00:00,25.79,14.6,1043.0,942.47,151.0,298.05,4.0,213.0,87380.0
1990-05-01 14:00:00+00:00,26.82,12.65,934.0,870.74,170.0,301.3,4.34,210.0,87290.0
1990-05-01 15:00:00+00:00,27.4,11.3,782.0,814.29,165.0,316.2,4.28,219.0,87200.0
1990-05-01 16:00:00+00:00,27.63,9.7,457.0,303.95,276.0,315.25,3.52,248.0,87140.0
1990-05-01 17:00:00+00:00,27.13,10.45,304.0,331.01,171.0,315.65,4.07,293.0,87120.0
1990-05-01 18:00:00+00:00,25.39,14.5,115.0,200.16,77.0,300.75,6.21,325.0,87140.0
1990-05-01 19:00:00+00:00,23.62,17.25,0.0,0.0,0.0,304.8,5.93,332.0,87180.0
1990-05-01 20:00:00+00:00,21.44,20.35,0.0,0.0,0.0,298.2,6.41,337.0,87240.0
1990-05-01 21:00:00+00:00,19.8,22.5,0.0,0.0,0.0,278.1,5.03,333.0,87310.0
1990-05-01 22:00:00+00:00,18.56,24.05,0.0,0.0,0.0,273.65,3.93,325.0,87310.0
1990-05-01 23:00:00+00:00,17.36,26.8,0.0,0.0,0.0,270.55,3.31,317.0,87320.0
1990-05-02 00:00:00+00:00,16.03,29.8,0.0,0.0,0.0,265.7,2.9,311.0,87290.0
1990-05-02 01:00:00+00:00,14.65,35.75,0.0,0.0,0.0,261.15,2.55,309.0,87250.0
1990-05-02 02:00:00+00:00,13.4,39.65,0.0,0.0,0.0,257.95,2.48,312.0,87200.0
1990-05-02 03:00:00+00:00,12.28,44.2,0.0,0.0,0.0,255.65,2.34,314.0,87150.0
1990-05-02 04:00:00+00:00,11.32,49.3,0.0,0.0,0.0,252.95,2.28,311.0,87120.0
1990-05-02 05:00:00+00:00,10.5,51.1,0.0,0.0,0.0,250.6,2.21,309.0,87120.0
1990-05-02 06:00:00+00:00,9.86,54.9,47.0,272.03,25.0,247.9,2.14,307.0,87130.0
1990-05-02 07:00:00+00:00,11.85,49.45,258.0,570.31,89.0,247.5,1.79,311.0,87150.0
1990-05-02 08:00:00+00:00,16.18,34.8,486.0,710.74,130.0,252.75,1.86,324.0,87140.0
1990-05-02 09:00:00+00:00,19.23,25.15,691.0,768.43,168.0,261.45,2.34,336.0,87130.0
1990-05-02 10:00:00+00:00,21.73,16.15,873.0,852.73,171.0,268.6,2.14,344.0,87120.0
1990-05-02 11:00:00+00:00,23.63,11.1,998.0,897.65,173.0,274.8,1.03,337.0,87060.0
1990-05-02 12:00:00+00:00,25.16,8.55,1057.0,922.47,170.0,279.65,0.9,281.0,86980.0
1990-05-02 13:00:00+00:00,26.46,6.8,1033.0,906.31,174.0,282.55,1.59,265.0,86890.0
1990-05-02 14:00:00+00:00,27.5,6.1,936.0,853.48,186.0,286.05,2.21,269.0,86810.0
1990-05-02 15:00:00+00:00,27.94,6.4,788.0,811.46,172.0,299.2,2.9,280.0,86700.0
1990-05-02 16:00:00+00:00,27.94,7.3,597.0,758.72,144.0,300.55,4.0,299.0,86640.0
1990-05-02 17:00:00+00:00,26.83,10.35,372.0,644.22,112.0,295.9,6.0,321.0,86630.0
1990-05-02 18:00:00+00:00,24.41,16.05,142.0,401.21,65.0,288.35,7.59,336.0,86640.0
1990-05-02 19:00:00+00:00,21.71,22.15,0.0,0.0,0.0,274.05,6.55,338.0,86680.0
1990-05-02 20:00:00+00:00,19.49,27.3,0.0,0.0,0.0,270.35,6.14,335.0,86740.0
1990-05-02 21:00:00+00:00,17.8,33.75,0.0,0.0,0.0,267.45,5.17,330.0,86770.0
1990-05-02 22:00:00+00:00,16.25,36.15,0.0,0.0,0.0,260.65,4.21,326.0,86760.0
1990-05-02 23:00:00+00:00,14.84,41.65,0.0,0.0,0.0,253.9,3.31,324.0,86750.0
1990-05-03 00:00:00+00:00,13.63,48.15,0.0,0.0,0.0,253.5,3.03,324.0,86710.0
1990-05-03 01:00:00+00:00,12.52,51.65,0.0,0.0,0.0,249.0,2.62,318.0,86620.0
1990-05-03 02:00:00+00:00,11.66,55.4,0.0,0.0,0.0,245.0,2.28,310.0,86540.0
1990-05-03 03:00:00+00:00,10.94,57.4,0.0,0.0,0.0,245.75,2.34,308.0,86470.0
1990-05-03 04:00:00+00:00,10.18,59.35,0.0,0.0,0.0,241.15,2.48,309.0,86430.0
1990-05-03 05:00:00+00:00,9.45,59.25,0.0,0.0,0.0,237.85,2.55,311.0,86400.0
1990-05-03 06:00:00+00:00,8.88,59.15,51.0,297.89,26.0,234.35,2.55,313.0,86400.0
1990-05-03 07:00:00+00:00,10.95,51.25,271.0,625.29,84.0,242.5,2.48,314.0,86430.0
1990-05-03 08:00:00+00:00,14.09,39.95,501.0,751.05,123.0,250.05,3.17,325.0,86440.0
1990-05-03 09:00:00+00:00,16.54,29.95,715.0,829.07,149.0,265.1,3.31,342.0,86460.0
1990-05-03 10:00:00+00:00,18.68,24.05,892.0,882.38,164.0,257.75,3.1,347.0,86450.0
1990-05-03 11:00:00+00:00,20.65,19.45,1018.0,925.45,166.0,275.2,2.9,337.0,86420.0
1990-05-03 12:00:00+00:00,22.26,16.25,1072.0,938.78,168.0,270.95,3.31,322.0,86340.0
1990-05-03 13:00:00+00:00,23.42,15.25,1048.0,920.86,174.0,275.75,4.0,312.0,86280.0
1990-05-03 14:00:00+00:00,23.96,15.35,960.0,899.93,168.0,280.8,5.31,316.0,86220.0
1990-05-03 15:00:00+00:00,23.35,17.15,818.0,880.98,148.0,282.55,7.52,327.0,86180.0
1990-05-03 16:00:00+00:00,21.5,18.95,611.0,788.49,139.0,277.5,9.45,337.0,86230.0
1990-05-03 17:00:00+00:00,19.64,21.65,382.0,673.45,109.0,270.95,9.66,338.0,86250.0
1990-05-03 18:00:00+00:00,17.72,25.75,152.0,469.11,61.0,264.75,9.17,338.0,86310.0
1990-05-03 19:00:00+00:00,15.71,29.7,0.0,0.0,0.0,257.4,7.59,336.0,86350.0
1990-05-03 20:00:00+00:00,13.85,39.8,0.0,0.0,0.0,250.6,6.34,335.0,86400.0
1990-05-03 21:00:00+00:00,12.62,46.1,0.0,0.0,0.0,244.6,5.59,332.0,86450.0
1990-05-03 22:00:00+00:00,11.8,53.35,0.0,0.0,0.0,244.6,4.97,328.0,86470.0
1990-05-03 23:00:00+00:00,11.26,55.3,0.0,0.0,0.0,245.75,4.21,325.0,86500.0
1990-05-04 00:00:00+00:00,10.77,59.5,0.0,0.0,0.0,249.85,3.86,320.0,86500.0
1990-05-04 01:00:00+00:00,10.44,59.5,0.0,0.0,0.0,258.05,3.66,316.0,86470.0
1990-05-04 02:00:00+00:00,9.9,59.35,0.0,0.0,0.0,248.1,3.45,314.0,86440.0
1990-05-04 03:00:00+00:00,9.56,61.55,0.0,0.0,0.0,251.2,3.45,313.0,86440.0
1990-05-04 04:00:00+00:00,9.17,61.45,0.0,0.0,0.0,254.1,3.38,314.0,86420.0
1990-05-04 05:00:00+00:00,8.79,61.3,0.0,0.0,0.0,256.6,2.97,317.0,86460.0
1990-05-04 06:00:00+00:00,8.36,61.3,55.0,322.23,27.0,247.3,2.55,324.0,86500.0
1990-05-04 07:00:00+00:00,9.31,61.45,270.0,609.84,86.0,243.25,2.14,322.0,86550.0
1990-05-04 08:00:00+00:00,11.88,49.45,495.0,719.91,131.0,246.95,2.76,336.0,86580.0
1990-05-04 09:00:00+00:00,14.39,35.6,700.0,776.97,168.0,243.85,3.24,343.0,86610.0
1990-05-04 10:00:00+00:00,16.94,26.65,873.0,828.52,188.0,258.35,3.24,342.0,86610.0
1990-05-04 11:00:00+00:00,19.27,20.7,1002.0,890.32,181.0,261.65,3.24,333.0,86610.0
1990-05-04 12:00:00+00:00,21.2,16.7,1049.0,885.61,195.0,267.85,3.52,320.0,86580.0
1990-05-04 13:00:00+00:00,22.65,13.4,1031.0,881.74,193.0,275.0,4.14,312.0,86550.0
1990-05-04 14:00:00+00:00,23.68,12.05,939.0,844.16,195.0,275.75,4.97,315.0,86500.0
1990-05-04 15:00:00+00:00,23.92,12.55,801.0,836.08,164.0,279.25,6.14,324.0,86470.0
1990-05-04 16:00:00+00:00,23.14,14.65,608.0,779.8,140.0,279.05,7.38,338.0,86490.0
1990-05-04 17:00:00+00:00,21.41,18.8,379.0,655.77,112.0,273.05,8.07,344.0,86560.0
1990-05-04 18:00:00+00:00,19.31,23.25,154.0,469.28,62.0,273.85,8.14,346.0,86610.0
1990-05-04 19:00:00+00:00,17.44,26.8,0.0,0.0,0.0,259.5,6.76,343.0,86670.0
1990-05-04 20:00:00+00:00,15.68,32.1,0.0,0.0,0.0,255.85,5.72,337.0,86770.0
1990-05-04 21:00:00+00:00,14.35,38.45,0.0,0.0,0.0,250.2,4.69,335.0,86850.0
1990-05-04 22:00:00+00:00,13.34,42.8,0.0,0.0,0.0,245.4,2.97,330.0,86930.0
1990-05-04 23:00:00+00:00,12.26,45.95,0.0,0.0,0.0,241.9,2.55,333.0,86960.0
1990-05-05 00:00:00+00:00,11.08,51.25,0.0,0.0,0.0,240.75,2.34,343.0,87000.0
1990-05-05 01:00:00+00:00,9.99,55.05,0.0,0.0,0.0,237.95,2.28,340.0,86970.0
1990-05-05 02:00:00+00:00,9.05,59.15,0.0,0.0,0.0,236.1,2.21,334.0,86940.0
1990-05-05 03:00:00+00:00,8.25,63.6,0.0,0.0,0.0,235.3,2.14,331.0,86960.0
1990-05-05 04:00:00+00:00,7.59,65.95,0.0,0.0,0.0,235.3,2.0,327.0,86970.0
1990-05-05 05:00:00+00:00,7.07,65.85,0.0,0.0,0.0,235.3,1.79,320.0,87010.0
1990-05-05 06:00:00+00:00,6.53,63.35,55.0,289.57,29.0,235.15,1.59,316.0,87070.0
1990-05-05 07:00:00+00:00,8.95,56.9,272.0,611.25,86.0,240.35,1.24,323.0,87130.0
1990-05-05 08:00:00+00:00,13.67,35.45,502.0,748.22,122.0,248.3,0.9,341.0,87210.0
1990-05-05 09:00:00+00:00,16.28,28.7,715.0,827.2,147.0,257.6,0.48,60.0,87240.0
1990-05-05 10:00:00+00:00,18.53,26.0,895.0,894.44,154.0,266.1,1.59,118.0,87280.0
1990-05-05 11:00:00+00:00,20.49,21.9,1015.0,925.73,160.0,274.2,2.28,142.0,87280.0
1990-05-05 12:00:00+00:00,22.12,19.05,1074.0,950.69,156.0,280.6,2.55,162.0,87280.0
1990-05-05 13:00:00+00:00,23.37,15.85,1050.0,933.14,162.0,286.6,2.76,175.0,87230.0
1990-05-05 14:00:00+00:00,24.27,13.7,957.0,898.48,164.0,289.9,2.97,183.0,87190.0
1990-05-05 15:00:00+00:00,24.74,12.75,803.0,845.08,158.0,293.4,3.03,186.0,87150.0
1990-05-05 16:00:00+00:00,24.75,12.25,606.0,774.5,140.0,302.65,3.17,180.0,87130.0
1990-05-05 17:00:00+00:00,24.58,12.25,385.0,679.84,107.0,290.85,3.45,175.0,87120.0
1990-05-05 18:00:00+00:00,24.02,13.2,151.0,434.12,65.0,297.65,3.66,177.0,87120.0
1990-05-05 19:00:00+00:00,22.88,13.95,0.0,0.0,0.0,279.25,3.79,177.0,87170.0
1990-05-05 20:00:00+00:00,21.72,15.55,0.0,0.0,0.0,275.4,3.17,188.0,87270.0
1990-05-05 21:00:00+00:00,20.68,17.25,0.0,0.0,0.0,272.85,2.55,197.0,87330.0
1990-05-05 22:00:00+00:00,19.11,19.85,0.0,0.0,0.0,269.75,1.59,197.0,87410.0
1990-05-05 23:00:00+00:00,19.72,18.45,0.0,0.0,0.0,267.45,0.55,159.0,87450.0
1990-05-06 00:00:00+00:00,18.04,21.25,0.0,0.0,0.0,265.7,1.1,73.0,87480.0
1990-05-06 01:00:00+00:00,15.1,26.25,0.0,0.0,0.0,264.05,1.52,56.0,87470.0
1990-05-06 02:00:00+00:00,14.39,27.05,0.0,0.0,0.0,262.4,1.31,47.0,87460.0
1990-05-06 03:00:00+00:00,14.94,25.25,0.0,0.0,0.0,260.65,1.03,28.0,87490.0
1990-05-06 04:00:00+00:00,14.07,27.05,0.0,0.0,0.0,259.7,0.97,347.0,87510.0
1990-05-06 05:00:00+00:00,12.4,30.05,0.0,0.0,0.0,258.35,1.17,325.0,87540.0
1990-05-06 06:00:00+00:00,12.02,31.1,55.0,259.17,31.0,257.2,1.1,323.0,87560.0
1990-05-06 07:00:00+00:00,15.01,27.3,265.0,563.9,92.0,261.65,0.76,62.0,87620.0
1990-05-06 08:00:00+00:00,16.81,27.7,487.0,682.28,139.0,265.5,1.52,97.0,87660.0
1990-05-06 09:00:00+00:00,18.8,27.05,696.0,765.4,169.0,271.9,2.07,111.0,87650.0
1990-05-06 10:00:00+00:00,20.44,24.45,876.0,848.13,172.0,279.05,1.66,139.0,87640.0
1990-05-06 11:00:00+00:00,22.09,21.4,988.0,861.63,191.0,286.05,1.72,182.0,87620.0
1990-05-06 12:00:00+00:00,23.72,17.95,1046.0,890.5,185.0,293.2,2.14,206.0,87580.0
1990-05-06 13:00:00+00:00,25.09,15.05,1022.0,868.99,194.0,298.8,2.76,212.0,87500.0
1990-05-06 14:00:00+00:00,26.15,13.05,941.0,864.42,177.0,301.7,3.17,210.0,87430.0
1990-05-06 15:00:00+00:00,26.77,12.15,790.0,806.98,173.0,313.7,3.24,214.0,87360.0
1990-05-06 16:00:00+00:00,26.94,11.65,590.0,711.21,161.0,314.3,2.69,230.0,87310.0
1990-05-06 17:00:00+00:00,26.92,11.65,371.0,606.31,122.0,315.05,2.41,278.0,87290.0
1990-05-06 18:00:00+00:00,26.2,12.55,144.0,364.72,71.0,298.2,3.86,311.0,87280.0
1990-05-06 19:00:00+00:00,25.06,12.85,0.0,0.0,0.0,290.5,2.97,309.0,87310.0
1990-05-06 20:00:00+00:00,23.44,15.85,0.0,0.0,0.0,283.5,3.31,324.0,87350.0
1990-05-06 21:00:00+00:00,21.84,18.2,0.0,0.0,0.0,278.3,3.17,321.0,87430.0
1990-05-06 22:00:00+00:00,20.25,20.9,0.0,0.0,0.0,273.05,2.69,308.0,87450.0
1990-05-06 23:00:00+00:00,18.56,24.05,0.0,0.0,0.0,268.6,2.41,299.0,87460.0
1990-05-07 00:00:00+00:00,17.02,26.8,0.0,0.0,0.0,265.7,2.28,300.0,87440.0
1990-05-07 01:00:00+00:00,15.57,29.7,0.0,0.0,0.0,263.7,2.14,306.0,87420.0
1990-05-07 02:00:00+00:00,14.12,32.95,0.0,0.0,0.0,261.85,2.0,310.0,87380.0
1990-05-07 03:00:00+00:00,12.83,36.55,0.0,0.0,0.0,259.3,1.79,310.0,87360.0
1990-05-07 04:00:00+00:00,11.57,40.8,0.0,0.0,0.0,257.4,1.72,309.0,87360.0
1990-05-07 05:00:00+00:00,10.28,45.4,0.0,0.0,0.0,255.25,1.59,304.0,87370.0
1990-05-07 06:00:00+00:00,9.28,48.8,60.0,304.18,31.0,253.7,1.45,299.0,87400.0
1990-05-07 07:00:00+00:00,13.71,35.45,275.0,604.76,88.0,258.55,0.76,299.0,87450.0
1990-05-07 08:00:00+00:00,18.01,26.9,505.0,745.87,123.0,264.15,0.48,306.0,87490.0
1990-05-07 09:00:00+00:00,21.11,21.15,720.0,835.83,143.0,271.5,0.41,201.0,87460.0
1990-05-07 10:00:00+00:00,23.6,15.95,891.0,879.03,160.0,278.65,1.24,198.0,87470.0
1990-05-07 11:00:00+00:00,25.63,12.45,1015.0,921.91,161.0,286.2,2.28,205.0,87430.0
1990-05-07 12:00:00+00:00,27.27,9.6,1045.0,876.99,196.0,292.2,2.97,210.0,87370.0
1990-05-07 13:00:00+00:00,28.53,8.6,1044.0,917.2,169.0,295.9,3.38,214.0,87290.0
1990-05-07 14:00:00+00:00,29.44,7.45,951.0,883.59,169.0,298.4,3.52,218.0,87200.0
1990-05-07 15:00:00+00:00,30.02,7.2,807.0,852.6,154.0,299.75,3.1,223.0,87090.0
1990-05-07 16:00:00+00:00,30.23,6.7,607.0,772.29,140.0,300.55,2.21,235.0,87030.0
1990-05-07 17:00:00+00:00,30.12,6.15,379.0,635.26,117.0,299.55,1.72,289.0,87000.0
1990-05-07 18:00:00+00:00,29.16,6.85,162.0,494.58,62.0,298.4,3.45,338.0,86990.0
1990-05-07 19:00:00+00:00,27.54,7.2,0.0,0.0,0.0,288.95,3.45,344.0,87050.0
1990-05-07 20:00:00+00:00,25.17,9.3,0.0,0.0,0.0,282.15,4.28,339.0,87160.0
1990-05-07 21:00:00+00:00,23.08,11.0,0.0,0.0,0.0,277.7,3.17,326.0,87220.0
1990-05-07 22:00:00+00:00,21.11,13.65,0.0,0.0,0.0,274.6,2.41,312.0,87270.0
1990-05-07 23:00:00+00:00,19.34,16.25,0.0,0.0,0.0,271.3,2.07,305.0,87280.0
1990-05-08 00:00:00+00:00,17.61,18.75,0.0,0.0,0.0,269.4,2.0,306.0,87270.0
1990-05-08 01:00:00+00:00,16.09,20.05,0.0,0.0,0.0,267.55,1.86,309.0,87260.0
1990-05-08 02:00:00+00:00,14.7,23.15,0.0,0.0,0.0,265.15,1.72,308.0,87230.0
1990-05-08 03:00:00+00:00,13.4,25.7,0.0,0.0,0.0,263.4,1.59,306.0,87210.0
1990-05-08 04:00:00+00:00,12.21,27.6,0.0,0.0,0.0,261.45,1.45,305.0,87230.0
1990-05-08 05:00:00+00:00,11.25,29.6,0.0,0.0,0.0,259.9,1.38,304.0,87240.0
1990-05-08 06:00:00+00:00,10.73,29.5,61.0,295.93,32.0,258.55,1.38,303.0,87280.0
1990-05-08 07:00:00+00:00,15.38,21.5,271.0,571.32,93.0,263.95,0.62,316.0,87350.0
1990-05-08 08:00:00+00:00,19.23,17.6,498.0,713.75,131.0,269.0,0.41,25.0,87370.0
1990-05-08 09:00:00+00:00,22.65,12.35,701.0,768.71,169.0,277.3,1.17,108.0,87390.0
1990-05-08 10:00:00+00:00,24.93,11.3,876.0,834.25,181.0,284.85,1.72,155.0,87390.0
1990-05-08 11:00:00+00:00,26.94,10.35,992.0,863.49,191.0,292.8,2.76,191.0,87340.0
1990-05-08 12:00:00+00:00,28.52,9.7,1050.0,892.44,185.0,299.55,3.59,209.0,87270.0
1990-05-08 13:00:00+00:00,29.79,8.5,1020.0,854.34,204.0,304.6,4.21,214.0,87200.0
1990-05-08 14:00:00+00:00,30.68,7.95,929.0,818.1,204.0,308.5,4.62,220.0,87120.0
1990-05-08 15:00:00+00:00,31.12,7.1,794.0,809.45,173.0,313.3,4.48,227.0,87050.0
1990-05-08 16:00:00+00:00,31.28,6.85,591.0,701.11,166.0,322.05,3.72,236.0,87000.0
1990-05-08 17:00:00+00:00,31.06,6.75,378.0,622.94,120.0,322.2,2.83,257.0,86960.0
1990-05-08 18:00:00+00:00,30.38,6.95,134.0,254.62,82.0,313.5,3.1,301.0,86980.0
1990-05-08 19:00:00+00:00,28.89,8.0,0.0,0.0,0.0,298.8,2.28,314.0,87020.0
1990-05-08 20:00:00+00:00,26.8,9.55,0.0,0.0,0.0,291.45,3.03,330.0,87100.0
1990-05-08 21:00:00+00:00,24.74,11.75,0.0,0.0,0.0,285.85,2.97,320.0,87190.0
1990-05-08 22:00:00+00:00,22.69,14.55,0.0,0.0,0.0,282.15,2.76,310.0,87240.0
1990-05-08 23:00:00+00:00,20.77,17.25,0.0,0.0,0.0,279.05,2.69,311.0,87290.0
1990-05-09 00:00:00+00:00,19.05,19.1,0.0,0.0,0.0,276.75,2.55,310.0,87290.0
1990-05-09 01:00:00+00:00,17.42,21.15,0.0,0.0,0.0,275.5,2.28,305.0,87280.0
1990-05-09 02:00:00+00:00,16.0,22.65,0.0,0.0,0.0,274.4,2.0,303.0,87260.0
1990-05-09 03:00:00+00:00,14.86,24.1,0.0,0.0,0.0,272.85,1.79,302.0,87260.0
1990-05-09 04:00:00+00:00,13.96,24.0,0.0,0.0,0.0,271.7,1.72,299.0,87260.0
1990-05-09 05:00:00+00:00,13.08,25.7,0.0,0.0,0.0,270.55,1.59,296.0,87290.0
1990-05-09 06:00:00+00:00,12.23,27.6,62.0,288.34,33.0,269.95,1.45,296.0,87310.0
1990-05-09 07:00:00+00:00,16.13,23.55,276.0,589.51,91.0,272.5,0.97,298.0,87390.0
1990-05-09 08:00:00+00:00,21.25,16.7,505.0,734.3,126.0,279.05,0.83,312.0,87410.0
1990-05-09 09:00:00+00:00,24.64,12.75,718.0,821.64,148.0,289.1,0.34,286.0,87420.0
1990-05-09 10:00:00+00:00,27.02,10.75,886.0,863.98,165.0,297.65,1.03,197.0,87430.0
1990-05-09 11:00:00+00:00,29.23,8.75,1020.0,931.24,155.0,305.4,2.55,206.0,87400.0
1990-05-09 12:00:00+00:00,30.88,7.05,1078.0,956.33,150.0,313.5,3.93,215.0,87320.0
1990-05-09 13:00:00+00:00,31.9,6.1,1049.0,926.57,163.0,327.45,4.41,223.0,87240.0
1990-05-09 14:00:00+00:00,32.55,5.45,951.0,880.15,170.0,332.3,4.28,232.0,87170.0
1990-05-09 15:00:00+00:00,32.99,5.05,785.0,778.18,187.0,324.95,3.93,245.0,87100.0
1990-05-09 16:00:00+00:00,32.79,5.05,588.0,686.24,171.0,331.7,3.79,278.0,87050.0
1990-05-09 17:00:00+00:00,32.18,5.45,353.0,488.1,150.0,327.25,4.76,312.0,87050.0
1990-05-09 18:00:00+00:00,30.92,6.75,140.0,295.75,79.0,327.05,5.93,330.0,87080.0
1990-05-09 19:00:00+00:00,29.19,7.75,0.0,0.0,0.0,296.85,5.52,326.0,87120.0
1990-05-09 20:00:00+00:00,26.96,9.55,0.0,0.0,0.0,290.65,5.52,329.0,87210.0
1990-05-09 21:00:00+00:00,25.31,10.5,0.0,0.0,0.0,287.4,4.9,330.0,87290.0
1990-05-09 22:00:00+00:00,23.71,12.05,0.0,0.0,0.0,286.8,4.14,324.0,87310.0
1990-05-09 23:00:00+00:00,22.05,13.85,0.0,0.0,0.0,283.9,3.59,313.0,87330.0
1990-05-10 00:00:00+00:00,20.38,16.5,0.0,0.0,0.0,280.2,3.1,306.0,87310.0
1990-05-10 01:00:00+00:00,18.83,19.0,0.0,0.0,0.0,276.85,2.69,300.0,87290.0
1990-05-10 02:00:00+00:00,17.38,20.3,0.0,0.0,0.0,274.4,2.28,299.0,87250.0
1990-05-10 03:00:00+00:00,16.16,20.9,0.0,0.0,0.0,271.9,2.0,299.0,87240.0
1990-05-10 04:00:00+00:00,15.09,22.4,0.0,0.0,0.0,270.15,1.86,302.0,87220.0
1990-05-10 05:00:00+00:00,14.2,24.0,0.0,0.0,0.0,268.2,1.79,304.0,87220.0
1990-05-10 06:00:00+00:00,13.51,24.85,67.0,320.17,34.0,266.1,1.66,303.0,87240.0
1990-05-10 07:00:00+00:00,16.29,24.5,275.0,560.12,98.0,268.2,1.03,303.0,87290.0
1990-05-10 08:00:00+00:00,21.59,16.8,494.0,667.94,148.0,273.85,0.69,319.0,87330.0
1990-05-10 09:00:00+00:00,24.76,12.75,704.0,759.35,176.0,282.15,0.28,22.0,87320.0
1990-05-10 10:00:00+00:00,27.2,10.0,878.0,824.29,189.0,289.1,0.21,96.0,87340.0
1990-05-10 11:00:00+00:00,29.14,7.75,1000.0,869.84,191.0,295.3,0.55,160.0,87300.0
1990-05-10 12:00:00+00:00,30.7,6.5,1051.0,881.15,195.0,301.1,1.1,183.0,87250.0
1990-05-10 13:00:00+00:00,31.98,5.4,1039.0,894.2,183.0,306.55,1.93,197.0,87180.0
1990-05-10 14:00:00+00:00,32.88,4.85,899.0,718.09,261.0,310.2,2.55,205.0,87110.0
1990-05-10 15:00:00+00:00,33.34,4.7,796.0,800.3,180.0,310.05,2.55,208.0,87050.0
1990-05-10 16:00:00+00:00,33.35,4.7,604.0,735.49,156.0,311.2,1.93,211.0,86970.0
1990-05-10 17:00:00+00:00,33.02,4.85,379.0,605.81,126.0,309.65,1.17,230.0,86960.0
1990-05-10 18:00:00+00:00,32.23,5.2,159.0,427.33,70.0,306.75,1.1,314.0,86950.0
1990-05-10 19:00:00+00:00,30.76,5.5,0.0,0.0,0.0,299.75,2.07,336.0,87020.0
1990-05-10 20:00:00+00:00,28.76,6.75,0.0,0.0,0.0,293.0,2.14,340.0,87120.0
1990-05-10 21:00:00+00:00,26.02,9.75,0.0,0.0,0.0,288.35,0.9,16.0,87210.0
1990-05-10 22:00:00+00:00,24.66,10.4,0.0,0.0,0.0,287.95,1.03,47.0,87310.0
1990-05-10 23:00:00+00:00,21.52,14.3,0.0,0.0,0.0,287.75,1.59,46.0,87350.0
1990-05-11 00:00:00+00:00,19.76,16.35,0.0,0.0,0.0,286.8,2.14,47.0,87340.0
1990-05-11 01:00:00+00:00,18.65,18.25,0.0,0.0,0.0,286.15,2.28,53.0,87330.0
1990-05-11 02:00:00+00:00,17.54,21.15,0.0,0.0,0.0,285.25,2.07,48.0,87290.0
1990-05-11 03:00:00+00:00,17.32,22.0,0.0,0.0,0.0,283.9,1.79,37.0,87310.0
1990-05-11 04:00:00+00:00,17.2,22.0,0.0,0.0,0.0,284.85,1.59,16.0,87320.0
1990-05-11 05:00:00+00:00,16.68,22.75,0.0,0.0,0.0,285.65,1.52,4.0,87350.0
1990-05-11 06:00:00+00:00,16.47,23.7,54.0,142.2,39.0,281.75,1.45,4.0,87390.0
1990-05-11 07:00:00+00:00,17.19,24.75,115.0,12.57,111.0,295.3,1.38,6.0,87480.0
1990-05-11 08:00:00+00:00,20.4,20.1,469.0,575.2,170.0,299.4,1.38,36.0,87530.0
1990-05-11 09:00:00+00:00,22.44,17.6,741.0,895.45,117.0,311.75,2.21,99.0,87550.0
1990-05-11 10:00:00+00:00,23.99,15.95,883.0,861.24,162.0,322.2,2.55,126.0,87580.0
1990-05-11 11:00:00+00:00,25.25,14.5,1010.0,917.11,156.0,326.65,2.62,146.0,87560.0
1990-05-11 12:00:00+00:00,26.54,13.15,1067.0,941.9,151.0,337.1,2.48,163.0,87480.0
1990-05-11 13:00:00+00:00,27.76,12.35,1043.0,924.55,157.0,338.1,2.55,172.0,87410.0
1990-05-11 14:00:00+00:00,28.59,11.5,946.0,877.96,165.0,331.3,2.76,174.0,87320.0
1990-05-11 15:00:00+00:00,29.14,11.15,796.0,824.95,160.0,332.65,3.17,174.0,87270.0
1990-05-11 16:00:00+00:00,29.32,10.7,593.0,714.09,157.0,323.55,3.59,178.0,87200.0
1990-05-11 17:00:00+00:00,28.97,11.05,401.0,722.58,98.0,322.8,4.21,181.0,87160.0
1990-05-11 18:00:00+00:00,28.21,11.4,92.0,52.31,81.0,320.3,4.62,185.0,87180.0
1990-05-11 19:00:00+00:00,27.19,12.25,0.0,0.0,0.0,317.0,4.97,203.0,87200.0
1990-05-11 20:00:00+00:00,25.98,13.5,0.0,0.0,0.0,313.7,4.48,206.0,87270.0
1990-05-11 21:00:00+00:00,25.07,14.5,0.0,0.0,0.0,312.55,3.45,202.0,87320.0
1990-05-11 22:00:00+00:00,24.16,14.85,0.0,0.0,0.0,300.35,2.83,196.0,87380.0
1990-05-11 23:00:00+00:00,23.16,16.5,0.0,0.0,0.0,294.35,2.14,189.0,87420.0
1990-05-12 00:00:00+00:00,22.27,18.3,0.0,0.0,0.0,288.75,1.24,190.0,87400.0
1990-05-12 01:00:00+00:00,22.86,16.4,0.0,0.0,0.0,290.6,0.14,182.0,87370.0
1990-05-12 02:00:00+00:00,22.03,17.6,0.0,0.0,0.0,299.95,0.14,214.0,87340.0
1990-05-12 03:00:00+00:00,21.29,18.8,0.0,0.0,0.0,299.2,0.48,82.0,87330.0
1990-05-12 04:00:00+00:00,20.15,20.1,0.0,0.0,0.0,306.55,0.83,83.0,87330.0
1990-05-12 05:00:00+00:00,18.07,23.95,0.0,0.0,0.0,306.75,1.17,91.0,87340.0
1990-05-12 06:00:00+00:00,16.77,26.65,67.0,287.51,36.0,289.9,1.31,97.0,87390.0
1990-05-12 07:00:00+00:00,18.7,25.05,181.0,121.82,142.0,289.9,1.1,102.0,87480.0
1990-05-12 08:00:00+00:00,21.49,19.7,230.0,24.93,217.0,291.25,2.97,135.0,87530.0
1990-05-12 09:00:00+00:00,22.91,17.05,130.0,0.0,130.0,302.65,4.14,147.0,87560.0
1990-05-12 10:00:00+00:00,24.03,15.45,236.0,0.0,236.0,311.0,4.62,150.0,87590.0
1990-05-12 11:00:00+00:00,25.32,14.5,442.0,25.74,418.0,322.4,5.38,157.0,87570.0
1990-05-12 12:00:00+00:00,26.47,13.6,632.0,132.51,503.0,324.95,6.0,162.0,87520.0
1990-05-12 13:00:00+00:00,26.93,13.7,227.0,0.0,227.0,327.65,6.48,177.0,87480.0
1990-05-12 14:00:00+00:00,25.97,15.75,111.0,0.0,111.0,348.55,6.55,185.0,87470.0
1990-05-12 15:00:00+00:00,23.94,21.8,298.0,6.48,293.0,353.0,6.07,192.0,87540.0
1990-05-12 16:00:00+00:00,24.48,21.1,456.0,281.04,284.0,337.3,4.62,193.0,87500.0
1990-05-12 17:00:00+00:00,24.71,20.4,335.0,410.9,162.0,337.1,4.21,193.0,87470.0
1990-05-12 18:00:00+00:00,24.54,19.65,137.0,249.68,84.0,341.2,3.72,197.0,87450.0
1990-05-12 19:00:00+00:00,23.1,23.4,0.0,0.0,0.0,340.0,1.66,199.0,87540.0
1990-05-12 20:00:00+00:00,22.46,25.95,0.0,0.0,0.0,329.75,1.17,93.0,87570.0
1990-05-12 21:00:00+00:00,21.82,25.8,0.0,0.0,0.0,339.05,2.21,82.0,87580.0
1990-05-12 22:00:00+00:00,20.81,27.6,0.0,0.0,0.0,320.65,2.41,69.0,87620.0
1990-05-12 23:00:00+00:00,19.78,29.5,0.0,0.0,0.0,304.8,2.34,64.0,87630.0
1990-05-13 00:00:00+00:00,18.77,31.55,0.0,0.0,0.0,289.1,2.34,62.0,87630.0
1990-05-13 01:00:00+00:00,17.81,35.05,0.0,0.0,0.0,295.25,2.14,63.0,87620.0
1990-05-13 02:00:00+00:00,16.12,40.5,0.0,0.0,0.0,282.75,1.86,60.0,87590.0
1990-05-13 03:00:00+00:00,15.65,40.35,0.0,0.0,0.0,276.75,1.45,53.0,87610.0
1990-05-13 04:00:00+00:00,16.3,36.15,0.0,0.0,0.0,274.05,1.1,43.0,87620.0
1990-05-13 05:00:00+00:00,16.25,34.8,0.0,0.0,0.0,272.85,0.9,31.0,87650.0
1990-05-13 06:00:00+00:00,15.62,36.0,69.0,290.71,37.0,271.3,0.9,30.0,87710.0
1990-05-13 07:00:00+00:00,17.3,35.05,277.0,558.86,97.0,275.75,0.9,46.0,87760.0
1990-05-13 08:00:00+00:00,19.87,29.5,502.0,711.01,130.0,280.4,1.52,85.0,87790.0
1990-05-13 09:00:00+00:00,22.2,21.4,717.0,817.48,145.0,287.2,3.31,128.0,87830.0
1990-05-13 10:00:00+00:00,23.84,17.95,898.0,895.68,146.0,292.4,4.07,144.0,87830.0
1990-05-13 11:00:00+00:00,25.29,15.65,1021.0,939.68,144.0,297.25,4.62,154.0,87790.0
1990-05-13 12:00:00+00:00,26.59,13.7,1073.0,953.35,144.0,301.1,5.1,161.0,87760.0
1990-05-13 13:00:00+00:00,27.6,12.35,1049.0,935.16,151.0,303.65,5.45,169.0,87680.0
1990-05-13 14:00:00+00:00,28.25,11.85,957.0,900.55,154.0,305.4,5.66,176.0,87630.0
1990-05-13 15:00:00+00:00,28.51,11.4,801.0,834.0,156.0,305.55,5.52,181.0,87570.0
1990-05-13 16:00:00+00:00,28.44,11.4,582.0,660.23,177.0,303.65,5.31,188.0,87560.0
1990-05-13 17:00:00+00:00,27.97,11.4,377.0,596.14,125.0,301.9,4.9,195.0,87560.0
1990-05-13 18:00:00+00:00,27.13,11.3,129.0,191.36,88.0,298.05,4.28,198.0,87550.0
1990-05-13 19:00:00+00:00,25.96,12.95,0.0,0.0,0.0,293.2,3.52,202.0,87580.0
1990-05-13 20:00:00+00:00,24.73,13.8,0.0,0.0,0.0,292.6,2.69,214.0,87590.0
1990-05-13 21:00:00+00:00,23.61,15.35,0.0,0.0,0.0,285.25,2.41,220.0,87650.0
1990-05-13 22:00:00+00:00,22.38,17.6,0.0,0.0,0.0,290.3,2.0,219.0,87640.0
1990-05-13 23:00:00+00:00,21.58,22.15,0.0,0.0,0.0,302.5,1.31,228.0,87630.0
1990-05-14 00:00:00+00:00,22.86,16.4,0.0,0.0,0.0,317.0,0.41,272.0,87610.0
1990-05-14 01:00:00+00:00,21.96,17.5,0.0,0.0,0.0,294.85,0.28,342.0,87580.0
1990-05-14 02:00:00+00:00,20.88,19.45,0.0,0.0,0.0,293.4,0.34,28.0,87540.0
1990-05-14 03:00:00+00:00,19.66,20.8,0.0,0.0,0.0,291.25,0.55,47.0,87520.0
1990-05-14 04:00:00+00:00,18.32,23.95,0.0,0.0,0.0,277.9,0.55,48.0,87520.0
1990-05-14 05:00:00+00:00,17.15,24.75,0.0,0.0,0.0,275.2,0.41,45.0,87540.0
1990-05-14 06:00:00+00:00,16.4,26.5,69.0,267.27,39.0,274.6,0.34,52.0,87580.0
1990-05-14 07:00:00+00:00,18.34,23.95,272.0,518.59,104.0,277.9,0.21,76.0,87650.0
1990-05-14 08:00:00+00:00,20.83,22.75,498.0,686.0,138.0,281.0,0.83,137.0,87680.0
1990-05-14 09:00:00+00:00,23.81,15.95,703.0,767.44,165.0,289.1,2.48,178.0,87690.0
1990-05-14 10:00:00+00:00,25.75,13.5,865.0,802.89,190.0,294.15,3.79,188.0,87680.0
1990-05-14 11:00:00+00:00,27.39,11.75,989.0,862.69,183.0,299.75,4.97,192.0,87640.0
1990-05-14 12:00:00+00:00,28.65,10.6,1004.0,778.16,245.0,306.15,5.66,195.0,87580.0
1990-05-14 13:00:00+00:00,29.42,10.3,841.0,436.96,421.0,311.75,6.0,197.0,87520.0
1990-05-14 14:00:00+00:00,29.72,9.55,926.0,817.74,196.0,313.1,6.28,200.0,87460.0
1990-05-14 15:00:00+00:00,29.57,9.55,771.0,733.31,203.0,318.75,6.41,202.0,87430.0
1990-05-14 16:00:00+00:00,29.3,9.9,603.0,741.66,147.0,330.95,6.41,202.0,87420.0
1990-05-14 17:00:00+00:00,28.95,10.2,404.0,716.31,100.0,312.95,6.48,198.0,87360.0
1990-05-14 18:00:00+00:00,28.29,10.5,159.0,383.85,76.0,307.5,6.41,197.0,87340.0
1990-05-14 19:00:00+00:00,27.47,10.45,0.0,0.0,0.0,316.4,5.45,192.0,87340.0
1990-05-14 20:00:00+00:00,26.34,11.6,0.0,0.0,0.0,311.75,4.69,190.0,87380.0
1990-05-14 21:00:00+00:00,25.58,11.95,0.0,0.0,0.0,327.25,4.0,190.0,87390.0
1990-05-14 22:00:00+00:00,24.33,13.7,0.0,0.0,0.0,295.7,3.17,194.0,87420.0
1990-05-14 23:00:00+00:00,23.31,15.25,0.0,0.0,0.0,290.3,2.69,203.0,87430.0
1990-05-15 00:00:00+00:00,22.27,16.95,0.0,0.0,0.0,290.1,2.07,214.0,87420.0
1990-05-15 01:00:00+00:00,20.7,20.25,0.0,0.0,0.0,287.3,1.86,226.0,87380.0
1990-05-15 02:00:00+00:00,19.14,25.15,0.0,0.0,0.0,288.15,1.72,237.0,87340.0
1990-05-15 03:00:00+00:00,18.37,28.0,0.0,0.0,0.0,288.15,1.45,242.0,87310.0
1990-05-15 04:00:00+00:00,17.96,28.0,0.0,0.0,0.0,287.95,1.17,237.0,87320.0
1990-05-15 05:00:00+00:00,18.09,29.1,0.0,0.0,0.0,286.2,0.9,216.0,87320.0
1990-05-15 06:00:00+00:00,17.64,31.25,78.0,358.6,37.0,283.1,0.55,190.0,87360.0
1990-05-15 07:00:00+00:00,18.94,28.1,290.0,607.84,92.0,283.1,0.41,145.0,87410.0
1990-05-15 08:00:00+00:00,21.44,24.7,516.0,742.94,125.0,286.2,1.31,144.0,87470.0
1990-05-15 09:00:00+00:00,24.05,19.55,727.0,830.13,144.0,292.2,2.69,165.0,87430.0
1990-05-15 10:00:00+00:00,25.88,18.4,904.0,895.73,150.0,297.85,3.52,176.0,87450.0
1990-05-15 11:00:00+00:00,27.39,16.1,1021.0,925.99,155.0,304.2,4.14,185.0,87420.0
1990-05-15 12:00:00+00:00,28.65,14.55,1079.0,950.57,151.0,307.9,4.62,193.0,87370.0
1990-05-15 13:00:00+00:00,29.61,12.65,1055.0,933.38,157.0,310.8,5.03,196.0,87320.0
1990-05-15 14:00:00+00:00,30.22,11.75,968.0,911.93,153.0,315.05,5.24,196.0,87250.0
1990-05-15 15:00:00+00:00,30.61,10.55,815.0,857.25,150.0,317.2,5.17,198.0,87200.0
1990-05-15 16:00:00+00:00,30.69,9.75,624.0,798.4,132.0,316.2,4.9,201.0,87160.0
1990-05-15 17:00:00+00:00,30.43,9.3,394.0,657.18,114.0,307.9,4.48,204.0,87120.0
1990-05-15 18:00:00+00:00,29.84,8.5,174.0,490.39,67.0,301.9,3.72,210.0,87120.0
1990-05-15 19:00:00+00:00,28.76,8.3,0.0,0.0,0.0,294.15,3.03,214.0,87140.0
1990-05-15 20:00:00+00:00,26.94,9.55,0.0,0.0,0.0,289.3,2.0,242.0,87200.0
1990-05-15 21:00:00+00:00,24.79,12.25,0.0,0.0,0.0,286.6,2.28,280.0,87270.0
1990-05-15 22:00:00+00:00,22.69,19.15,0.0,0.0,0.0,285.25,3.03,301.0,87350.0
1990-05-15 23:00:00+00:00,20.53,28.65,0.0,0.0,0.0,282.75,2.9,310.0,87390.0
1990-05-16 00:00:00+00:00,18.64,38.1,0.0,0.0,0.0,279.05,2.41,314.0,87380.0
1990-05-16 01:00:00+00:00,17.19,43.9,0.0,0.0,0.0,275.7,1.93,316.0,87350.0
1990-05-16 02:00:00+00:00,16.22,45.3,0.0,0.0,0.0,273.25,1.66,312.0,87280.0
1990-05-16 03:00:00+00:00,15.04,48.55,0.0,0.0,0.0,271.5,1.31,313.0,87270.0
1990-05-16 04:00:00+00:00,14.07,48.25,0.0,0.0,0.0,270.15,1.24,315.0,87270.0
1990-05-16 05:00:00+00:00,13.39,48.0,0.0,0.0,0.0,268.8,1.31,315.0,87290.0
1990-05-16 06:00:00+00:00,13.21,44.5,82.0,386.8,37.0,268.05,1.24,316.0,87350.0
1990-05-16 07:00:00+00:00,17.43,32.5,295.0,613.82,94.0,269.95,0.55,335.0,87400.0
1990-05-16 08:00:00+00:00,21.07,24.7,524.0,754.18,126.0,276.35,0.9,52.0,87480.0
1990-05-16 09:00:00+00:00,24.41,20.3,732.0,825.88,151.0,285.85,2.28,80.0,87500.0
1990-05-16 10:00:00+00:00,26.81,14.8,904.0,876.86,165.0,291.85,3.17,96.0,87520.0
1990-05-16 11:00:00+00:00,28.73,10.6,1021.0,905.88,173.0,296.5,3.72,111.0,87530.0
1990-05-16 12:00:00+00:00,30.15,7.55,1066.0,902.67,184.0,299.95,3.86,120.0,87490.0
1990-05-16 13:00:00+00:00,31.15,6.05,1042.0,881.65,193.0,301.5,4.0,125.0,87460.0
1990-05-16 14:00:00+00:00,31.63,4.95,962.0,877.41,177.0,304.2,4.0,128.0,87410.0
1990-05-16 15:00:00+00:00,31.88,4.35,821.0,852.12,159.0,301.9,4.14,133.0,87360.0
1990-05-16 16:00:00+00:00,31.65,4.15,626.0,785.28,141.0,299.2,4.0,137.0,87350.0
1990-05-16 17:00:00+00:00,31.11,4.1,399.0,654.63,119.0,294.35,3.86,137.0,87330.0
1990-05-16 18:00:00+00:00,30.28,4.2,178.0,499.68,68.0,290.1,3.79,140.0,87340.0
1990-05-16 19:00:00+00:00,28.88,5.05,0.0,0.0,0.0,281.6,3.03,145.0,87380.0
1990-05-16 20:00:00+00:00,27.41,5.6,0.0,0.0,0.0,276.35,2.21,149.0,87450.0
1990-05-16 21:00:00+00:00,25.56,6.7,0.0,0.0,0.0,273.45,1.79,146.0,87500.0
1990-05-16 22:00:00+00:00,24.36,8.05,0.0,0.0,0.0,271.5,1.31,126.0,87550.0
1990-05-16 23:00:00+00:00,25.1,6.95,0.0,0.0,0.0,270.55,0.9,99.0,87570.0
1990-05-17 00:00:00+00:00,23.73,7.65,0.0,0.0,0.0,270.75,0.62,38.0,87560.0
1990-05-17 01:00:00+00:00,22.16,8.8,0.0,0.0,0.0,272.0,0.97,347.0,87520.0
1990-05-17 02:00:00+00:00,19.86,10.85,0.0,0.0,0.0,273.85,1.24,336.0,87490.0
1990-05-17 03:00:00+00:00,18.7,12.1,0.0,0.0,0.0,274.4,1.24,340.0,87480.0
1990-05-17 04:00:00+00:00,17.8,13.5,0.0,0.0,0.0,274.05,1.24,359.0,87480.0
1990-05-17 05:00:00+00:00,16.29,15.05,0.0,0.0,0.0,272.1,1.52,16.0,87500.0
1990-05-17 06:00:00+00:00,15.91,16.25,83.0,380.51,38.0,270.55,1.52,16.0,87540.0
1990-05-17 07:00:00+00:00,19.65,13.35,299.0,635.09,90.0,274.8,1.03,40.0,87650.0
1990-05-17 08:00:00+00:00,21.95,12.7,523.0,746.57,128.0,280.4,1.17,55.0,87680.0
1990-05-17 09:00:00+00:00,25.25,10.95,741.0,854.36,139.0,288.55,2.07,94.0,87690.0
1990-05-17 10:00:00+00:00,27.38,10.0,914.0,906.68,149.0,296.1,3.17,114.0,87690.0
1990-05-17 11:00:00+00:00,29.12,9.5,1032.0,937.09,154.0,301.3,3.93,121.0,87640.0
1990-05-17 12:00:00+00:00,30.4,8.9,1090.0,962.26,149.0,305.0,4.14,125.0,87580.0
1990-05-17 13:00:00+00:00,31.35,7.7,1060.0,932.75,161.0,307.7,4.14,124.0,87510.0
1990-05-17 14:00:00+00:00,31.98,6.9,973.0,911.08,157.0,308.1,4.07,125.0,87430.0
1990-05-17 15:00:00+00:00,32.26,6.4,821.0,857.3,154.0,307.9,4.0,127.0,87380.0
1990-05-17 16:00:00+00:00,32.14,6.15,627.0,790.0,138.0,306.55,3.86,126.0,87340.0
1990-05-17 17:00:00+00:00,31.6,6.35,395.0,635.83,122.0,303.85,3.72,125.0,87310.0
1990-05-17 18:00:00+00:00,30.72,6.75,173.0,450.3,73.0,301.3,3.52,123.0,87320.0
1990-05-17 19:00:00+00:00,29.51,8.05,0.0,0.0,0.0,297.45,2.48,138.0,87320.0
1990-05-17 20:00:00+00:00,28.03,8.6,0.0,0.0,0.0,292.4,1.93,132.0,87360.0
1990-05-17 21:00:00+00:00,26.09,9.85,0.0,0.0,0.0,288.95,1.86,125.0,87430.0
1990-05-17 22:00:00+00:00,23.72,12.55,0.0,0.0,0.0,286.05,1.93,104.0,87470.0
1990-05-17 23:00:00+00:00,21.84,14.3,0.0,0.0,0.0,283.7,2.07,82.0,87470.0
1990-05-18 00:00:00+00:00,20.54,15.3,0.0,0.0,0.0,281.0,1.93,58.0,87440.0
1990-05-18 01:00:00+00:00,19.55,16.35,0.0,0.0,0.0,278.6,1.72,37.0,87420.0
1990-05-18 02:00:00+00:00,18.6,17.5,0.0,0.0,0.0,276.55,1.66,25.0,87380.0
1990-05-18 03:00:00+00:00,17.86,18.75,0.0,0.0,0.0,273.25,1.59,19.0,87360.0
1990-05-18 04:00:00+00:00,17.51,18.75,0.0,0.0,0.0,271.1,1.45,11.0,87340.0
1990-05-18 05:00:00+00:00,16.9,19.4,0.0,0.0,0.0,268.4,1.38,358.0,87360.0
1990-05-18 06:00:00+00:00,15.95,20.05,84.0,383.0,38.0,266.5,1.38,346.0,87410.0
1990-05-18 07:00:00+00:00,18.36,17.4,296.0,604.88,96.0,269.4,1.24,360.0,87460.0
1990-05-18 08:00:00+00:00,22.22,12.25,520.0,727.79,134.0,273.05,1.45,25.0,87480.0
1990-05-18 09:00:00+00:00,25.58,9.0,724.0,793.55,164.0,279.45,2.48,62.0,87500.0
1990-05-18 10:00:00+00:00,27.74,7.9,903.0,873.75,165.0,285.85,3.24,91.0,87480.0
1990-05-18 11:00:00+00:00,29.46,7.15,1019.0,903.23,172.0,291.45,3.86,111.0,87450.0
1990-05-18 12:00:00+00:00,30.67,6.5,1076.0,926.77,169.0,295.7,4.07,118.0,87380.0
1990-05-18 13:00:00+00:00,31.49,6.05,1047.0,895.68,183.0,298.05,4.0,121.0,87320.0
1990-05-18 14:00:00+00:00,31.99,5.85,977.0,913.48,158.0,300.35,3.79,123.0,87260.0
1990-05-18 15:00:00+00:00,32.23,5.45,825.0,861.2,154.0,300.35,3.72,127.0,87200.0
1990-05-18 16:00:00+00:00,32.14,5.2,637.0,815.68,131.0,299.55,3.66,130.0,87150.0
1990-05-18 17:00:00+00:00,31.71,5.4,401.0,651.99,120.0,297.05,3.59,130.0,87130.0
1990-05-18 18:00:00+00:00,30.93,5.5,180.0,491.09,70.0,293.95,3.45,129.0,87130.0
1990-05-18 19:00:00+00:00,29.73,6.1,0.0,0.0,0.0,290.65,2.76,110.0,87150.0
1990-05-18 20:00:00+00:00,28.21,7.0,0.0,0.0,0.0,286.8,2.14,93.0,87200.0
1990-05-18 21:00:00+00:00,26.31,8.0,0.0,0.0,0.0,283.7,1.93,86.0,87260.0
1990-05-18 22:00:00+00:00,23.84,10.25,0.0,0.0,0.0,281.4,1.86,76.0,87280.0
1990-05-18 23:00:00+00:00,22.28,11.3,0.0,0.0,0.0,279.25,1.86,55.0,87310.0
1990-05-19 00:00:00+00:00,20.84,12.5,0.0,0.0,0.0,277.7,1.86,38.0,87300.0
1990-05-19 01:00:00+00:00,19.88,13.35,0.0,0.0,0.0,276.05,1.72,22.0,87270.0
1990-05-19 02:00:00+00:00,18.98,13.8,0.0,0.0,0.0,275.0,1.66,12.0,87260.0
1990-05-19 03:00:00+00:00,17.99,15.4,0.0,0.0,0.0,273.65,1.66,8.0,87270.0
1990-05-19 04:00:00+00:00,17.2,15.9,0.0,0.0,0.0,272.1,1.59,10.0,87260.0
1990-05-19 05:00:00+00:00,16.28,17.05,0.0,0.0,0.0,270.15,1.66,9.0,87310.0
1990-05-19 06:00:00+00:00,15.47,18.4,87.0,402.09,38.0,268.6,1.72,2.0,87360.0
1990-05-19 07:00:00+00:00,17.57,17.3,303.0,638.32,91.0,272.3,1.59,2.0,87450.0
1990-05-19 08:00:00+00:00,22.8,11.4,535.0,780.67,120.0,276.75,1.86,26.0,87470.0
1990-05-19 09:00:00+00:00,26.28,9.1,737.0,833.46,148.0,284.1,3.03,57.0,87460.0
1990-05-19 10:00:00+00:00,28.7,8.0,903.0,872.88,165.0,291.25,4.14,84.0,87450.0
1990-05-19 11:00:00+00:00,30.64,6.75,1024.0,914.23,166.0,298.05,5.17,102.0,87410.0
1990-05-19 12:00:00+00:00,31.91,6.1,1076.0,926.07,169.0,301.7,5.38,112.0,87370.0
1990-05-19 13:00:00+00:00,32.73,5.5,1052.0,909.45,174.0,305.0,5.17,118.0,87290.0
1990-05-19 14:00:00+00:00,33.26,5.35,961.0,873.55,177.0,306.95,4.97,124.0,87250.0
1990-05-19 15:00:00+00:00,33.43,5.1,816.0,834.35,165.0,308.1,4.69,127.0,87210.0
1990-05-19 16:00:00+00:00,33.3,5.35,617.0,739.92,157.0,307.3,4.34,131.0,87180.0
1990-05-19 17:00:00+00:00,32.93,5.5,393.0,603.32,132.0,307.9,3.93,134.0,87180.0
1990-05-19 18:00:00+00:00,32.2,5.9,174.0,429.41,77.0,302.1,3.38,136.0,87180.0
1990-05-19 19:00:00+00:00,31.39,6.05,0.0,0.0,0.0,300.15,1.86,111.0,87210.0
1990-05-19 20:00:00+00:00,29.21,8.05,0.0,0.0,0.0,297.05,1.1,67.0,87260.0
1990-05-19 21:00:00+00:00,26.62,8.8,0.0,0.0,0.0,295.9,1.38,28.0,87320.0
1990-05-19 22:00:00+00:00,24.12,10.35,0.0,0.0,0.0,296.3,1.79,29.0,87350.0
1990-05-19 23:00:00+00:00,22.83,11.4,0.0,0.0,0.0,299.55,1.86,38.0,87350.0
1990-05-20 00:00:00+00:00,22.16,11.75,0.0,0.0,0.0,299.0,1.66,41.0,87340.0
1990-05-20 01:00:00+00:00,21.63,12.7,0.0,0.0,0.0,297.35,1.52,49.0,87320.0
1990-05-20 02:00:00+00:00,20.54,14.1,0.0,0.0,0.0,298.4,1.59,56.0,87300.0
1990-05-20 03:00:00+00:00,18.98,16.25,0.0,0.0,0.0,298.05,1.86,63.0,87310.0
1990-05-20 04:00:00+00:00,17.44,19.5,0.0,0.0,0.0,296.5,2.21,65.0,87340.0
1990-05-20 05:00:00+00:00,16.72,20.2,0.0,0.0,0.0,294.55,2.41,62.0,87380.0
1990-05-20 06:00:00+00:00,16.5,21.0,77.0,275.21,43.0,291.25,2.48,56.0,87450.0
1990-05-20 07:00:00+00:00,20.69,16.6,242.0,308.83,139.0,301.3,3.38,64.0,87510.0
1990-05-20 08:00:00+00:00,24.92,12.75,316.0,112.62,256.0,304.8,5.1,76.0,87560.0
1990-05-20 09:00:00+00:00,27.47,10.85,690.0,698.1,196.0,304.6,7.17,96.0,87570.0
1990-05-20 10:00:00+00:00,29.26,10.3,900.0,885.06,151.0,318.75,7.72,110.0,87610.0
1990-05-20 11:00:00+00:00,30.36,9.3,983.0,831.56,202.0,323.75,7.86,121.0,87600.0
1990-05-20 12:00:00+00:00,31.96,8.45,1027.0,826.45,217.0,328.6,8.34,133.0,87570.0
1990-05-20 13:00:00+00:00,32.94,7.65,941.0,645.84,317.0,329.95,8.28,141.0,87490.0
1990-05-20 14:00:00+00:00,33.68,6.9,662.0,230.41,455.0,330.95,8.28,150.0,87430.0
1990-05-20 15:00:00+00:00,34.01,6.6,676.0,449.23,325.0,331.1,8.0,156.0,87350.0
1990-05-20 16:00:00+00:00,33.83,6.6,524.0,431.77,255.0,345.25,7.66,160.0,87310.0
1990-05-20 17:00:00+00:00,33.27,6.8,306.0,253.34,196.0,359.55,6.9,163.0,87290.0
1990-05-20 18:00:00+00:00,32.63,7.05,136.0,180.0,95.0,360.15,5.79,164.0,87290.0
1990-05-20 19:00:00+00:00,31.16,7.4,0.0,0.0,0.0,329.4,3.66,148.0,87350.0
1990-05-20 20:00:00+00:00,29.99,8.5,0.0,0.0,0.0,335.0,2.97,126.0,87390.0
1990-05-20 21:00:00+00:00,28.78,9.05,0.0,0.0,0.0,338.85,3.24,104.0,87450.0
1990-05-20 22:00:00+00:00,27.48,10.0,0.0,0.0,0.0,326.3,3.52,93.0,87500.0
1990-05-20 23:00:00+00:00,26.16,11.1,0.0,0.0,0.0,329.2,3.1,78.0,87510.0
1990-05-21 00:00:00+00:00,25.07,12.35,0.0,0.0,0.0,326.1,2.62,86.0,87520.0
1990-05-21 01:00:00+00:00,24.48,13.2,0.0,0.0,0.0,340.5,2.28,103.0,87510.0
1990-05-21 02:00:00+00:00,23.36,16.5,0.0,0.0,0.0,340.6,1.31,111.0,87530.0
1990-05-21 03:00:00+00:00,22.88,17.75,0.0,0.0,0.0,329.0,1.17,55.0,87510.0
1990-05-21 04:00:00+00:00,20.5,21.05,0.0,0.0,0.0,324.95,1.86,53.0,87490.0
1990-05-21 05:00:00+00:00,19.66,22.5,0.0,0.0,0.0,317.2,1.66,60.0,87500.0
1990-05-21 06:00:00+00:00,19.41,23.25,59.0,95.9,47.0,293.75,1.38,59.0,87560.0
1990-05-21 07:00:00+00:00,21.71,18.2,143.0,29.86,133.0,314.5,3.17,87.0,87650.0
1990-05-21 08:00:00+00:00,25.02,15.55,168.0,1.87,167.0,321.05,5.1,95.0,87680.0
1990-05-21 09:00:00+00:00,26.95,14.25,563.0,341.56,321.0,313.5,6.14,109.0,87700.0
1990-05-21 10:00:00+00:00,28.68,14.0,517.0,107.44,426.0,325.5,6.28,121.0,87710.0
1990-05-21 11:00:00+00:00,30.0,13.15,822.0,450.06,399.0,330.95,6.07,134.0,87680.0
1990-05-21 12:00:00+00:00,31.09,11.5,653.0,149.88,506.0,337.7,6.0,149.0,87650.0
1990-05-21 13:00:00+00:00,31.64,11.15,404.0,10.34,394.0,337.1,6.48,159.0,87610.0
1990-05-21 14:00:00+00:00,32.09,10.4,779.0,442.59,381.0,334.6,6.69,164.0,87540.0
1990-05-21 15:00:00+00:00,31.55,11.05,579.0,253.06,381.0,336.75,7.03,167.0,87510.0
1990-05-21 16:00:00+00:00,31.03,11.4,523.0,435.67,251.0,335.0,6.0,176.0,87460.0
1990-05-21 17:00:00+00:00,30.48,11.75,325.0,323.55,184.0,335.0,5.1,177.0,87470.0
1990-05-21 18:00:00+00:00,29.56,12.55,159.0,313.53,87.0,338.65,4.41,180.0,87470.0
1990-05-21 19:00:00+00:00,28.78,12.95,0.0,0.0,0.0,349.1,3.79,184.0,87480.0
1990-05-21 20:00:00+00:00,27.7,14.45,0.0,0.0,0.0,344.5,3.1,168.0,87540.0
1990-05-21 21:00:00+00:00,26.75,16.6,0.0,0.0,0.0,334.6,2.34,148.0,87560.0
1990-05-21 22:00:00+00:00,25.44,19.0,0.0,0.0,0.0,319.1,1.72,121.0,87590.0
1990-05-21 23:00:00+00:00,23.43,23.4,0.0,0.0,0.0,309.25,1.59,94.0,87580.0
1990-05-22 00:00:00+00:00,21.99,25.8,0.0,0.0,0.0,300.75,1.45,62.0,87550.0
1990-05-22 01:00:00+00:00,21.2,26.7,0.0,0.0,0.0,302.4,1.31,32.0,87500.0
1990-05-22 02:00:00+00:00,20.45,29.6,0.0,0.0,0.0,296.65,1.1,350.0,87440.0
1990-05-22 03:00:00+00:00,18.69,32.75,0.0,0.0,0.0,292.8,1.24,324.0,87430.0
1990-05-22 04:00:00+00:00,17.75,36.4,0.0,0.0,0.0,295.1,1.24,318.0,87410.0
1990-05-22 05:00:00+00:00,17.22,36.4,0.0,0.0,0.0,289.3,1.1,318.0,87420.0
1990-05-22 06:00:00+00:00,17.64,36.4,72.0,197.4,47.0,292.6,0.97,314.0,87430.0
1990-05-22 07:00:00+00:00,20.72,30.9,272.0,461.19,117.0,294.15,0.55,312.0,87490.0
1990-05-22 08:00:00+00:00,22.85,30.3,501.0,667.5,144.0,306.15,0.14,34.0,87490.0
1990-05-22 09:00:00+00:00,26.02,19.15,698.0,731.68,179.0,309.45,0.83,151.0,87490.0
1990-05-22 10:00:00+00:00,28.08,16.85,870.0,810.44,183.0,319.1,2.48,175.0,87460.0
1990-05-22 11:00:00+00:00,29.58,15.3,987.0,854.88,183.0,323.75,3.31,188.0,87460.0
1990-05-22 12:00:00+00:00,30.27,14.3,1059.0,918.08,158.0,337.5,3.93,201.0,87400.0
1990-05-22 13:00:00+00:00,31.34,12.9,1031.0,888.77,171.0,342.35,5.03,214.0,87340.0
1990-05-22 14:00:00+00:00,31.85,12.05,916.0,778.79,215.0,344.85,5.72,221.0,87260.0
1990-05-22 15:00:00+00:00,31.3,11.95,773.0,727.54,203.0,357.45,6.34,215.0,87190.0
1990-05-22 16:00:00+00:00,31.57,11.05,549.0,511.48,229.0,354.15,6.97,214.0,87120.0
1990-05-22 17:00:00+00:00,31.36,10.65,118.0,0.0,118.0,352.0,6.07,224.0,87080.0
1990-05-22 18:00:00+00:00,30.42,10.9,30.0,0.0,30.0,358.6,4.69,242.0,87110.0
1990-05-22 19:00:00+00:00,28.78,11.95,0.0,0.0,0.0,347.75,4.14,268.0,87210.0
1990-05-22 20:00:00+00:00,27.68,13.35,0.0,0.0,0.0,343.5,3.17,257.0,87270.0
1990-05-22 21:00:00+00:00,26.41,15.3,0.0,0.0,0.0,328.8,2.97,250.0,87300.0
1990-05-22 22:00:00+00:00,25.14,16.3,0.0,0.0,0.0,308.65,2.55,262.0,87310.0
1990-05-22 23:00:00+00:00,23.76,17.95,0.0,0.0,0.0,306.55,2.0,274.0,87310.0
1990-05-23 00:00:00+00:00,22.17,21.4,0.0,0.0,0.0,303.05,1.59,281.0,87270.0
1990-05-23 01:00:00+00:00,20.65,24.6,0.0,0.0,0.0,305.1,1.38,282.0,87230.0
1990-05-23 02:00:00+00:00,19.37,27.2,0.0,0.0,0.0,297.45,1.24,290.0,87180.0
1990-05-23 03:00:00+00:00,18.27,29.1,0.0,0.0,0.0,308.3,1.1,296.0,87140.0
1990-05-23 04:00:00+00:00,17.04,30.1,0.0,0.0,0.0,297.25,1.17,295.0,87090.0
1990-05-23 05:00:00+00:00,16.27,32.2,0.0,0.0,0.0,297.45,1.17,290.0,87100.0
1990-05-23 06:00:00+00:00,16.07,32.2,88.0,359.16,42.0,292.2,1.03,288.0,87120.0
1990-05-23 07:00:00+00:00,19.71,29.5,274.0,471.45,115.0,298.8,0.83,306.0,87160.0
1990-05-23 08:00:00+00:00,23.48,22.5,499.0,655.13,148.0,309.65,0.41,312.0,87170.0
1990-05-23 09:00:00+00:00,26.75,15.4,702.0,746.38,172.0,310.8,1.31,227.0,87150.0
1990-05-23 10:00:00+00:00,29.16,13.55,865.0,794.5,191.0,322.4,3.86,228.0,87160.0
1990-05-23 11:00:00+00:00,30.76,12.35,992.0,869.22,174.0,328.6,5.1,219.0,87130.0
1990-05-23 12:00:00+00:00,31.62,11.15,836.0,403.26,440.0,344.1,6.21,217.0,87080.0
1990-05-23 13:00:00+00:00,31.84,10.7,156.0,0.0,156.0,344.1,6.97,228.0,87040.0
1990-05-23 14:00:00+00:00,31.77,10.3,281.0,0.0,281.0,370.8,6.97,234.0,86940.0
1990-05-23 15:00:00+00:00,31.51,10.65,455.0,87.95,386.0,353.4,7.59,246.0,86910.0
1990-05-23 16:00:00+00:00,30.91,10.55,156.0,0.0,156.0,362.3,7.72,248.0,86900.0
1990-05-23 17:00:00+00:00,30.05,11.7,60.0,0.0,60.0,353.4,7.72,246.0,86920.0
1990-05-23 18:00:00+00:00,29.21,12.55,16.0,0.0,16.0,352.6,6.48,253.0,86940.0
1990-05-23 19:00:00+00:00,28.2,13.9,0.0,0.0,0.0,346.8,4.55,244.0,86960.0
1990-05-23 20:00:00+00:00,26.65,15.4,0.0,0.0,0.0,324.55,3.72,264.0,87010.0
1990-05-23 21:00:00+00:00,25.27,17.6,0.0,0.0,0.0,316.8,3.1,267.0,87070.0
1990-05-23 22:00:00+00:00,23.94,20.95,0.0,0.0,0.0,309.65,2.34,265.0,87100.0
1990-05-23 23:00:00+00:00,22.61,23.25,0.0,0.0,0.0,301.7,2.0,257.0,87090.0
1990-05-24 00:00:00+00:00,21.34,26.7,0.0,0.0,0.0,294.35,1.86,254.0,87080.0
1990-05-24 01:00:00+00:00,19.81,29.5,0.0,0.0,0.0,290.6,1.72,254.0,87020.0
1990-05-24 02:00:00+00:00,18.6,32.75,0.0,0.0,0.0,290.5,1.59,257.0,86970.0
1990-05-24 03:00:00+00:00,17.96,32.65,0.0,0.0,0.0,286.8,1.45,264.0,86930.0
1990-05-24 04:00:00+00:00,17.28,33.75,0.0,0.0,0.0,285.25,1.31,267.0,86900.0
1990-05-24 05:00:00+00:00,16.37,34.8,0.0,0.0,0.0,282.75,1.24,273.0,86910.0
1990-05-24 06:00:00+00:00,15.72,36.0,88.0,355.42,42.0,279.85,1.17,278.0,86940.0
1990-05-24 07:00:00+00:00,18.01,32.65,301.0,611.78,94.0,279.25,1.03,277.0,86960.0
1990-05-24 08:00:00+00:00,22.54,20.7,524.0,739.78,127.0,284.65,1.31,265.0,86960.0
1990-05-24 09:00:00+00:00,25.84,14.6,743.0,858.2,133.0,292.6,2.76,249.0,86950.0
1990-05-24 10:00:00+00:00,28.09,10.95,905.0,888.19,151.0,299.4,4.41,244.0,86930.0
1990-05-24 11:00:00+00:00,29.87,8.85,1020.0,918.64,155.0,304.2,5.79,243.0,86890.0
1990-05-24 12:00:00+00:00,31.15,7.1,1066.0,918.01,164.0,308.65,6.55,242.0,86840.0
1990-05-24 13:00:00+00:00,32.1,5.9,1049.0,914.37,163.0,313.7,7.03,241.0,86780.0
1990-05-24 14:00:00+00:00,32.63,5.25,959.0,880.49,165.0,319.9,7.1,245.0,86700.0
1990-05-24 15:00:00+00:00,32.07,6.35,807.0,814.73,167.0,327.65,6.34,254.0,86670.0
1990-05-24 16:00:00+00:00,31.69,6.9,626.0,773.66,140.0,312.75,6.07,262.0,86650.0
1990-05-24 17:00:00+00:00,30.81,9.0,404.0,647.06,119.0,321.45,6.28,281.0,86670.0
1990-05-24 18:00:00+00:00,28.83,15.7,189.0,497.61,72.0,313.7,6.21,307.0,86710.0
1990-05-24 19:00:00+00:00,26.91,20.1,0.0,0.0,0.0,299.75,5.52,316.0,86790.0
1990-05-24 20:00:00+00:00,24.17,29.55,0.0,0.0,0.0,296.5,5.24,329.0,86860.0
1990-05-24 21:00:00+00:00,22.19,37.65,0.0,0.0,0.0,293.0,4.07,326.0,86930.0
1990-05-24 22:00:00+00:00,20.7,43.1,0.0,0.0,0.0,292.8,3.45,322.0,86980.0
1990-05-24 23:00:00+00:00,19.64,46.1,0.0,0.0,0.0,300.15,2.83,318.0,87010.0
1990-05-25 00:00:00+00:00,18.55,49.3,0.0,0.0,0.0,291.25,2.41,314.0,86980.0
1990-05-25 01:00:00+00:00,17.49,52.75,0.0,0.0,0.0,285.35,2.0,311.0,86970.0
1990-05-25 02:00:00+00:00,16.42,56.5,0.0,0.0,0.0,277.7,1.79,304.0,86930.0
1990-05-25 03:00:00+00:00,15.32,58.35,0.0,0.0,0.0,270.35,1.72,297.0,86930.0
1990-05-25 04:00:00+00:00,14.09,62.55,0.0,0.0,0.0,269.4,1.52,292.0,86930.0
1990-05-25 05:00:00+00:00,13.08,64.65,0.0,0.0,0.0,272.3,1.52,295.0,86940.0
1990-05-25 06:00:00+00:00,12.38,64.45,92.0,382.58,42.0,264.95,1.59,301.0,87000.0
1990-05-25 07:00:00+00:00,15.41,52.25,302.0,609.95,95.0,269.0,1.24,305.0,87050.0
1990-05-25 08:00:00+00:00,20.6,28.65,521.0,725.64,131.0,276.55,0.97,315.0,87070.0
1990-05-25 09:00:00+00:00,23.53,19.4,726.0,806.82,152.0,286.6,0.62,325.0,87080.0
1990-05-25 10:00:00+00:00,25.97,15.15,889.0,842.89,173.0,295.1,0.07,251.0,87070.0
1990-05-25 11:00:00+00:00,28.04,11.85,1002.0,870.38,182.0,305.55,1.17,180.0,87070.0
1990-05-25 12:00:00+00:00,29.96,9.95,1108.0,1008.04,117.0,312.15,2.41,185.0,87020.0
1990-05-25 13:00:00+00:00,31.41,8.7,664.0,163.98,505.0,318.15,3.1,196.0,86960.0
1990-05-25 14:00:00+00:00,32.23,8.2,958.0,871.96,171.0,319.9,3.45,208.0,86890.0
1990-05-25 15:00:00+00:00,33.02,7.65,853.0,934.47,118.0,327.85,3.38,224.0,86830.0
1990-05-25 16:00:00+00:00,33.22,7.1,623.0,754.64,148.0,331.3,3.31,245.0,86770.0
1990-05-25 17:00:00+00:00,32.35,7.55,393.0,579.22,137.0,335.4,3.86,276.0,86790.0
1990-05-25 18:00:00+00:00,31.16,9.8,190.0,493.86,73.0,330.75,5.38,308.0,86840.0
1990-05-25 19:00:00+00:00,29.59,12.65,2.0,0.0,2.0,326.65,5.03,321.0,86890.0
1990-05-25 20:00:00+00:00,26.88,18.65,0.0,0.0,0.0,303.65,4.41,325.0,86990.0
1990-05-25 21:00:00+00:00,24.73,23.75,0.0,0.0,0.0,301.1,3.79,317.0,87050.0
1990-05-25 22:00:00+00:00,22.91,28.1,0.0,0.0,0.0,295.7,3.1,311.0,87120.0
1990-05-25 23:00:00+00:00,21.44,31.05,0.0,0.0,0.0,293.2,2.69,304.0,87160.0
1990-05-26 00:00:00+00:00,20.21,33.15,0.0,0.0,0.0,296.5,2.41,303.0,87170.0
1990-05-26 01:00:00+00:00,19.24,36.8,0.0,0.0,0.0,304.15,2.14,309.0,87140.0
1990-05-26 02:00:00+00:00,18.3,37.95,0.0,0.0,0.0,300.35,1.79,309.0,87100.0
1990-05-26 03:00:00+00:00,17.55,39.25,0.0,0.0,0.0,300.55,1.59,303.0,87090.0
1990-05-26 04:00:00+00:00,16.67,40.6,0.0,0.0,0.0,296.85,1.52,299.0,87080.0
1990-05-26 05:00:00+00:00,15.68,43.5,0.0,0.0,0.0,288.95,1.31,305.0,87150.0
1990-05-26 06:00:00+00:00,16.31,40.5,94.0,386.72,43.0,285.65,0.9,340.0,87210.0
1990-05-26 07:00:00+00:00,19.26,32.9,292.0,549.48,105.0,282.55,0.62,61.0,87270.0
1990-05-26 08:00:00+00:00,22.25,25.95,527.0,743.22,127.0,292.4,2.28,82.0,87360.0
1990-05-26 09:00:00+00:00,24.79,21.2,734.0,827.22,145.0,296.3,3.66,96.0,87380.0
1990-05-26 10:00:00+00:00,26.78,17.25,907.0,890.64,150.0,303.65,3.17,115.0,87410.0
1990-05-26 11:00:00+00:00,28.49,14.45,1018.0,908.15,162.0,307.5,2.28,155.0,87400.0
1990-05-26 12:00:00+00:00,30.25,10.45,1074.0,933.3,156.0,315.45,3.03,207.0,87360.0
1990-05-26 13:00:00+00:00,31.84,7.8,1046.0,903.92,169.0,317.95,4.9,229.0,87300.0
1990-05-26 14:00:00+00:00,32.89,6.75,957.0,871.21,170.0,320.1,6.83,237.0,87230.0
1990-05-26 15:00:00+00:00,33.11,6.05,815.0,831.71,160.0,331.3,8.55,239.0,87160.0
1990-05-26 16:00:00+00:00,32.4,6.4,627.0,765.84,144.0,319.7,8.97,239.0,87140.0
1990-05-26 17:00:00+00:00,31.61,6.35,360.0,423.93,172.0,325.7,8.41,241.0,87150.0
1990-05-26 18:00:00+00:00,30.44,6.95,91.0,20.95,86.0,324.95,7.17,246.0,87180.0
1990-05-26 19:00:00+00:00,28.99,7.05,1.0,0.0,1.0,305.0,5.72,256.0,87310.0
1990-05-26 20:00:00+00:00,27.14,8.5,0.0,0.0,0.0,298.6,5.03,256.0,87380.0
1990-05-26 21:00:00+00:00,25.6,10.6,0.0,0.0,0.0,297.05,4.55,262.0,87450.0
1990-05-26 22:00:00+00:00,24.25,12.65,0.0,0.0,0.0,295.9,4.07,263.0,87500.0
1990-05-26 23:00:00+00:00,23.03,14.65,0.0,0.0,0.0,298.4,3.66,266.0,87520.0
1990-05-27 00:00:00+00:00,21.69,18.2,0.0,0.0,0.0,293.4,3.1,274.0,87530.0
1990-05-27 01:00:00+00:00,20.36,21.75,0.0,0.0,0.0,293.3,2.41,278.0,87500.0
1990-05-27 02:00:00+00:00,19.22,24.2,0.0,0.0,0.0,291.25,2.07,280.0,87460.0
1990-05-27 03:00:00+00:00,18.61,25.05,0.0,0.0,0.0,295.9,2.14,279.0,87450.0
1990-05-27 04:00:00+00:00,18.65,26.0,0.0,0.0,0.0,301.3,2.34,274.0,87460.0
1990-05-27 05:00:00+00:00,19.04,27.2,0.0,0.0,0.0,309.05,2.41,263.0,87480.0
1990-05-27 06:00:00+00:00,18.97,30.5,65.0,105.28,51.0,315.45,1.24,273.0,87520.0
1990-05-27 07:00:00+00:00,19.69,25.3,192.0,117.24,152.0,291.45,0.69,321.0,87500.0
1990-05-27 08:00:00+00:00,23.68,17.25,266.0,48.25,240.0,298.05,0.62,20.0,87520.0
1990-05-27 09:00:00+00:00,26.33,13.05,580.0,377.52,311.0,306.35,0.9,65.0,87530.0
1990-05-27 10:00:00+00:00,28.51,11.85,883.0,846.67,163.0,319.3,0.76,174.0,87530.0
1990-05-27 11:00:00+00:00,30.34,11.3,741.0,302.22,456.0,327.45,2.0,206.0,87520.0
1990-05-27 12:00:00+00:00,31.46,11.05,1046.0,888.14,172.0,351.25,3.1,215.0,87470.0
1990-05-27 13:00:00+00:00,32.0,11.15,610.0,116.4,497.0,359.0,4.55,232.0,87410.0
1990-05-27 14:00:00+00:00,31.71,11.6,84.0,0.0,84.0,363.45,6.55,236.0,87370.0
1990-05-27 15:00:00+00:00,30.41,12.7,72.0,0.0,72.0,358.8,5.66,239.0,87360.0
1990-05-27 16:00:00+00:00,29.65,13.15,89.0,0.0,89.0,356.85,2.97,253.0,87330.0
1990-05-27 17:00:00+00:00,29.72,13.15,88.0,0.0,88.0,349.9,4.69,272.0,87340.0
1990-05-27 18:00:00+00:00,27.58,16.85,160.0,270.37,95.0,351.25,6.9,300.0,87400.0
1990-05-27 19:00:00+00:00,25.27,24.8,1.0,0.0,1.0,341.75,5.59,319.0,87510.0
1990-05-27 20:00:00+00:00,23.4,34.0,0.0,0.0,0.0,346.4,5.24,303.0,87650.0
1990-05-27 21:00:00+00:00,21.83,41.85,0.0,0.0,0.0,349.9,4.9,296.0,87730.0
1990-05-27 22:00:00+00:00,20.93,44.7,0.0,0.0,0.0,356.1,3.31,320.0,87790.0
1990-05-27 23:00:00+00:00,20.44,46.2,0.0,0.0,0.0,350.65,2.62,23.0,87770.0
1990-05-28 00:00:00+00:00,20.1,44.6,0.0,0.0,0.0,343.7,3.38,39.0,87680.0
1990-05-28 01:00:00+00:00,19.43,47.65,0.0,0.0,0.0,319.6,2.48,44.0,87620.0
1990-05-28 02:00:00+00:00,18.83,49.3,0.0,0.0,0.0,311.0,1.72,23.0,87550.0
1990-05-28 03:00:00+00:00,18.16,51.0,0.0,0.0,0.0,305.95,1.79,345.0,87500.0
1990-05-28 04:00:00+00:00,17.51,52.75,0.0,0.0,0.0,302.5,1.93,335.0,87450.0
1990-05-28 05:00:00+00:00,16.68,54.6,0.0,0.0,0.0,297.45,1.79,333.0,87410.0
1990-05-28 06:00:00+00:00,15.98,56.5,90.0,328.34,46.0,298.8,1.66,328.0,87410.0
1990-05-28 07:00:00+00:00,17.75,56.75,302.0,616.98,91.0,294.95,1.1,335.0,87450.0
1990-05-28 08:00:00+00:00,20.54,40.1,512.0,713.65,127.0,303.45,0.55,345.0,87450.0
1990-05-28 09:00:00+00:00,22.76,33.85,714.0,799.41,144.0,313.7,0.14,225.0,87450.0
1990-05-28 10:00:00+00:00,25.16,26.7,870.0,829.81,164.0,324.95,1.45,218.0,87440.0
1990-05-28 11:00:00+00:00,27.59,21.15,556.0,91.16,470.0,335.2,4.34,212.0,87430.0
1990-05-28 12:00:00+00:00,27.75,21.95,679.0,181.81,500.0,355.3,6.55,207.0,87400.0
1990-05-28 13:00:00+00:00,27.85,21.95,833.0,433.4,412.0,352.8,6.48,222.0,87380.0
1990-05-28 14:00:00+00:00,28.38,21.95,84.0,0.0,84.0,362.1,5.86,239.0,87280.0
1990-05-28 15:00:00+00:00,28.37,21.95,71.0,0.0,71.0,345.65,5.72,254.0,87200.0
1990-05-28 16:00:00+00:00,25.49,29.85,55.0,0.0,55.0,344.1,5.72,246.0,87260.0
1990-05-28 17:00:00+00:00,25.85,28.9,319.0,284.49,192.0,343.9,4.41,226.0,87210.0
1990-05-28 18:00:00+00:00,24.94,33.15,16.0,0.0,16.0,349.1,4.76,209.0,87220.0
1990-05-28 19:00:00+00:00,24.72,31.95,3.0,0.0,3.0,348.95,2.97,210.0,87180.0
1990-05-28 20:00:00+00:00,23.84,42.35,0.0,0.0,0.0,329.75,1.17,187.0,87190.0
1990-05-28 21:00:00+00:00,22.07,55.8,0.0,0.0,0.0,323.95,1.17,143.0,87240.0
1990-05-28 22:00:00+00:00,21.22,51.75,0.0,0.0,0.0,326.3,1.86,134.0,87270.0
1990-05-28 23:00:00+00:00,19.99,59.35,0.0,0.0,0.0,314.3,1.24,122.0,87280.0
1990-05-29 00:00:00+00:00,20.43,55.3,0.0,0.0,0.0,316.4,0.97,89.0,87240.0
1990-05-29 01:00:00+00:00,18.59,65.65,0.0,0.0,0.0,327.95,1.31,65.0,87220.0
1990-05-29 02:00:00+00:00,17.39,70.3,0.0,0.0,0.0,317.2,1.52,50.0,87140.0
1990-05-29 03:00:00+00:00,16.61,70.2,0.0,0.0,0.0,312.55,1.66,28.0,87090.0
1990-05-29 04:00:00+00:00,16.05,70.1,0.0,0.0,0.0,315.45,1.72,5.0,87030.0
1990-05-29 05:00:00+00:00,15.34,72.45,0.0,0.0,0.0,302.85,1.66,350.0,87020.0
1990-05-29 06:00:00+00:00,15.25,69.9,81.0,229.71,50.0,293.95,1.45,344.0,87030.0
1990-05-29 07:00:00+00:00,18.95,53.0,289.0,548.56,101.0,303.45,0.48,5.0,87100.0
1990-05-29 08:00:00+00:00,20.64,48.05,524.0,749.96,119.0,307.9,0.55,51.0,87080.0
1990-05-29 09:00:00+00:00,22.48,43.5,668.0,639.15,212.0,316.8,0.9,128.0,87120.0
1990-05-29 10:00:00+00:00,24.34,36.8,856.0,781.29,191.0,324.95,2.76,177.0,87060.0
1990-05-29 11:00:00+00:00,25.8,31.1,1008.0,914.43,145.0,341.2,4.48,198.0,87060.0
1990-05-29 12:00:00+00:00,26.88,27.1,1020.0,835.57,197.0,342.95,5.59,206.0,86990.0
1990-05-29 13:00:00+00:00,27.53,25.3,793.0,355.99,447.0,352.0,6.34,211.0,86930.0
1990-05-29 14:00:00+00:00,28.27,22.75,542.0,99.38,452.0,347.75,6.97,213.0,86850.0
1990-05-29 15:00:00+00:00,28.74,21.25,631.0,347.92,356.0,351.65,7.52,222.0,86780.0
1990-05-29 16:00:00+00:00,27.95,20.35,475.0,294.81,288.0,364.8,6.83,231.0,86750.0
1990-05-29 17:00:00+00:00,27.25,19.5,402.0,631.89,119.0,345.05,7.17,227.0,86740.0
1990-05-29 18:00:00+00:00,26.7,20.1,196.0,508.6,72.0,339.45,5.66,220.0,86720.0
1990-05-29 19:00:00+00:00,25.9,23.15,6.0,0.0,6.0,321.65,3.1,202.0,86700.0
1990-05-29 20:00:00+00:00,24.75,27.6,0.0,0.0,0.0,304.4,1.72,185.0,86730.0
1990-05-29 21:00:00+00:00,23.63,35.4,0.0,0.0,0.0,298.6,0.69,194.0,86730.0
1990-05-29 22:00:00+00:00,21.11,44.85,0.0,0.0,0.0,293.75,0.9,280.0,86760.0
1990-05-29 23:00:00+00:00,18.49,51.15,0.0,0.0,0.0,292.4,1.66,300.0,86780.0
1990-05-30 00:00:00+00:00,17.24,52.75,0.0,0.0,0.0,286.2,2.07,305.0,86750.0
1990-05-30 01:00:00+00:00,16.0,58.6,0.0,0.0,0.0,289.05,1.93,309.0,86740.0
1990-05-30 02:00:00+00:00,14.9,64.95,0.0,0.0,0.0,278.1,1.79,309.0,86720.0
1990-05-30 03:00:00+00:00,13.61,69.65,0.0,0.0,0.0,268.8,1.66,309.0,86710.0
1990-05-30 04:00:00+00:00,12.84,72.05,0.0,0.0,0.0,267.05,1.38,307.0,86680.0
1990-05-30 05:00:00+00:00,11.88,71.85,0.0,0.0,0.0,266.1,1.17,307.0,86680.0
1990-05-30 06:00:00+00:00,11.19,71.75,97.0,397.59,43.0,264.75,1.17,303.0,86710.0
1990-05-30 07:00:00+00:00,14.45,56.15,313.0,643.62,92.0,267.45,1.24,298.0,86780.0
1990-05-30 08:00:00+00:00,19.77,31.8,536.0,764.08,123.0,271.3,0.97,308.0,86810.0
1990-05-30 09:00:00+00:00,22.48,25.95,764.0,904.99,118.0,283.3,0.55,28.0,86820.0
1990-05-30 10:00:00+00:00,24.56,22.9,905.0,874.96,160.0,294.35,1.31,97.0,86830.0
1990-05-30 11:00:00+00:00,26.32,19.25,1014.0,890.82,173.0,302.1,1.72,127.0,86830.0
1990-05-30 12:00:00+00:00,27.66,16.85,848.0,402.9,451.0,312.35,1.93,159.0,86790.0
1990-05-30 13:00:00+00:00,29.03,15.1,1037.0,866.88,194.0,313.9,2.55,187.0,86770.0
1990-05-30 14:00:00+00:00,30.18,12.25,971.0,890.45,164.0,315.05,3.52,202.0,86700.0
1990-05-30 15:00:00+00:00,30.95,10.55,829.0,851.71,155.0,315.25,4.34,207.0,86630.0
1990-05-30 16:00:00+00:00,31.18,9.05,650.0,819.86,129.0,315.25,5.17,210.0,86610.0
1990-05-30 17:00:00+00:00,30.76,8.65,427.0,703.35,111.0,310.6,5.79,214.0,86600.0
1990-05-30 18:00:00+00:00,29.59,8.85,206.0,554.06,70.0,305.4,6.14,221.0,86620.0
1990-05-30 19:00:00+00:00,28.2,9.3,6.0,0.0,6.0,296.85,5.24,232.0,86640.0
1990-05-30 20:00:00+00:00,26.01,11.05,0.0,0.0,0.0,287.95,4.21,247.0,86730.0
1990-05-30 21:00:00+00:00,23.9,13.6,0.0,0.0,0.0,280.4,3.38,261.0,86810.0
1990-05-30 22:00:00+00:00,21.89,17.5,0.0,0.0,0.0,273.25,2.83,274.0,86880.0
1990-05-30 23:00:00+00:00,19.99,22.65,0.0,0.0,0.0,267.65,2.62,279.0,86920.0
1990-05-31 00:00:00+00:00,18.1,30.2,0.0,0.0,0.0,263.75,2.41,282.0,86920.0
1990-05-31 01:00:00+00:00,16.49,34.9,0.0,0.0,0.0,261.0,2.07,282.0,86910.0
1990-05-31 02:00:00+00:00,15.34,38.7,0.0,0.0,0.0,258.75,1.79,280.0,86900.0
1990-05-31 03:00:00+00:00,14.47,40.1,0.0,0.0,0.0,257.95,1.66,279.0,86890.0
1990-05-31 04:00:00+00:00,13.62,42.95,0.0,0.0,0.0,258.75,1.66,280.0,86890.0
1990-05-31 05:00:00+00:00,12.83,46.1,0.0,0.0,0.0,259.5,1.66,282.0,86900.0
1990-05-31 06:00:00+00:00,12.37,47.75,98.0,395.29,44.0,261.65,1.59,282.0,86940.0
1990-05-31 07:00:00+00:00,15.73,41.9,315.0,645.43,93.0,264.95,1.24,272.0,87030.0
1990-05-31 08:00:00+00:00,20.85,25.55,538.0,761.64,126.0,273.45,1.31,256.0,87070.0
1990-05-31 09:00:00+00:00,23.97,20.95,746.0,842.98,144.0,284.1,1.79,250.0,87070.0
1990-05-31 10:00:00+00:00,26.48,15.9,911.0,881.73,160.0,294.35,2.69,239.0,87080.0
1990-05-31 11:00:00+00:00,28.73,10.6,1038.0,936.08,154.0,302.5,3.72,234.0,87070.0
1990-05-31 12:00:00+00:00,30.42,7.9,1084.0,935.36,162.0,308.65,4.97,234.0,87030.0
1990-05-31 13:00:00+00:00,31.5,6.85,1068.0,931.18,162.0,310.05,6.28,233.0,87010.0
1990-05-31 14:00:00+00:00,31.91,6.9,984.0,910.72,158.0,310.05,7.45,232.0,86970.0
1990-05-31 15:00:00+00:00,31.79,7.5,840.0,870.93,150.0,310.05,8.48,232.0,86940.0
1990-05-31 16:00:00+00:00,30.8,0.5,653.0,816.81,133.0,306.43,8.45,234.0,86940.0
1990-05-31 17:00:00+00:00,29.43,4.63,432.0,712.26,111.0,303.99,7.89,238.0,86950.0
1990-05-31 18:00:00+00:00,28.06,9.78,208.0,550.4,72.0,301.56,7.33,241.0,86970.0
1990-05-31 19:00:00+00:00,26.69,14.92,7.0,0.0,7.0,299.12,6.76,246.0,87060.0
1990-05-31 20:00:00+00:00,25.32,20.07,0.0,0.0,0.0,296.69,6.2,251.0,87160.0
1990-05-31 21:00:00+00:00,23.95,25.22,0.0,0.0,0.0,294.26,5.64,256.0,87210.0
1990-05-31 22:00:00+00:00,22.58,30.37,0.0,0.0,0.0,291.82,5.07,258.0,87300.0
1990-05-31 23:00:00+00:00,21.21,35.52,0.0,0.0,0.0,289.39,4.51,257.0,87310.0
1990-06-01 00:00:00+00:00,19.84,40.67,0.0,0.0,0.0,286.95,3.95,324.0,87160.0
1990-06-01 01:00:00+00:00,18.47,45.82,0.0,0.0,0.0,284.52,3.38,322.0,87120.0
1990-06-01 02:00:00+00:00,17.1,50.97,0.0,0.0,0.0,282.09,2.82,316.0,87070.0
1990-06-01 03:00:00+00:00,15.73,56.11,0.0,0.0,0.0,279.65,2.26,314.0,87040.0
1990-06-01 04:00:00+00:00,14.36,61.26,0.0,0.0,0.0,277.22,1.69,313.0,87020.0
1990-06-01 05:00:00+00:00,12.99,66.41,0.0,0.0,0.0,274.79,1.13,313.0,87040.0
1990-06-01 06:00:00+00:00,11.61,71.56,94.0,349.56,46.0,272.35,0.57,313.0,87090.0
1990-06-01 07:00:00+00:00,10.24,76.71,298.0,571.89,101.0,269.92,0.0,318.0,87070.0
1990-06-01 08:00:00+00:00,20.09,34.45,513.0,690.92,139.0,290.1,1.17,325.0,87100.0
1990-06-01 09:00:00+00:00,22.83,29.2,710.0,757.28,169.0,299.75,0.69,8.0,87090.0
1990-06-01 10:00:00+00:00,25.01,24.8,868.0,791.11,194.0,310.8,1.59,95.0,87100.0
1990-06-01 11:00:00+00:00,26.8,21.7,957.0,756.92,242.0,319.5,2.07,125.0,87070.0
1990-06-01 12:00:00+00:00,28.15,19.6,1023.0,813.34,221.0,327.45,1.86,145.0,87040.0
1990-06-01 13:00:00+00:00,29.06,17.05,1007.0,810.52,218.0,337.9,1.31,163.0,86970.0
1990-06-01 14:00:00+00:00,29.88,15.9,933.0,806.47,201.0,338.85,1.1,188.0,86890.0
1990-06-01 15:00:00+00:00,30.41,14.85,810.0,811.95,166.0,349.9,1.1,192.0,86830.0
1990-06-01 16:00:00+00:00,30.53,14.85,638.0,788.7,135.0,357.85,0.9,198.0,86790.0
1990-06-01 17:00:00+00:00,30.2,14.85,403.0,599.49,132.0,350.3,1.1,270.0,86770.0
1990-06-01 18:00:00+00:00,29.48,17.7,183.0,373.96,90.0,345.65,2.34,312.0,86750.0
1990-06-01 19:00:00+00:00,27.76,21.8,13.0,72.22,10.0,343.7,4.0,337.0,86800.0
1990-06-01 20:00:00+00:00,25.14,33.3,0.0,0.0,0.0,341.0,4.9,334.0,86880.0
1990-06-01 21:00:00+00:00,23.15,42.25,0.0,0.0,0.0,333.25,3.86,327.0,86970.0
1990-06-01 22:00:00+00:00,21.82,48.3,0.0,0.0,0.0,331.1,3.1,325.0,87030.0
1990-06-01 23:00:00+00:00,20.65,53.5,0.0,0.0,0.0,317.0,2.62,323.0,87060.0
1990-06-02 00:00:00+00:00,19.53,59.25,0.0,0.0,0.0,308.85,2.34,320.0,87060.0
1990-06-02 01:00:00+00:00,18.75,63.4,0.0,0.0,0.0,321.75,2.0,318.0,87010.0
1990-06-02 02:00:00+00:00,17.86,65.45,0.0,0.0,0.0,321.65,1.66,321.0,86980.0
1990-06-02 03:00:00+00:00,17.06,67.75,0.0,0.0,0.0,318.35,1.38,323.0,86960.0
1990-06-02 04:00:00+00:00,16.29,67.65,0.0,0.0,0.0,311.95,1.24,320.0,86960.0
1990-06-02 05:00:00+00:00,15.39,70.0,0.0,0.0,0.0,305.75,1.24,318.0,86990.0
1990-06-02 06:00:00+00:00,14.79,75.0,94.0,347.96,46.0,295.9,1.17,320.0,87020.0
1990-06-02 07:00:00+00:00,18.35,58.9,289.0,527.66,107.0,296.5,0.83,342.0,87020.0
1990-06-02 08:00:00+00:00,21.67,41.85,507.0,677.61,140.0,302.3,0.62,68.0,87060.0
1990-06-02 09:00:00+00:00,24.0,30.7,698.0,730.46,176.0,309.45,2.07,98.0,87080.0
1990-06-02 10:00:00+00:00,25.92,24.0,864.0,794.46,187.0,317.55,2.55,113.0,87090.0
1990-06-02 11:00:00+00:00,27.39,20.25,958.0,776.84,224.0,328.4,2.62,137.0,87060.0
1990-06-02 12:00:00+00:00,28.59,18.3,1019.0,819.16,211.0,338.3,2.48,166.0,87010.0
1990-06-02 13:00:00+00:00,29.29,17.7,1003.0,815.26,209.0,353.4,2.21,198.0,86960.0
1990-06-02 14:00:00+00:00,30.24,16.65,935.0,826.81,184.0,356.1,2.62,212.0,86850.0
1990-06-02 15:00:00+00:00,30.67,15.55,819.0,845.05,148.0,355.5,2.83,217.0,86820.0
1990-06-02 16:00:00+00:00,30.7,15.55,636.0,787.32,133.0,348.15,2.69,219.0,86770.0
1990-06-02 17:00:00+00:00,30.6,14.95,426.0,703.57,107.0,342.15,2.62,235.0,86740.0
1990-06-02 18:00:00+00:00,29.93,15.9,172.0,299.69,97.0,351.85,2.48,274.0,86730.0
1990-06-02 19:00:00+00:00,27.77,23.5,13.0,46.2,11.0,348.35,4.76,337.0,86770.0
1990-06-02 20:00:00+00:00,25.51,33.4,0.0,0.0,0.0,339.05,4.97,335.0,86840.0
1990-06-02 21:00:00+00:00,23.7,42.35,0.0,0.0,0.0,333.25,3.93,328.0,86910.0
1990-06-02 22:00:00+00:00,22.34,48.45,0.0,0.0,0.0,323.75,3.52,324.0,86960.0
1990-06-02 23:00:00+00:00,21.22,53.6,0.0,0.0,0.0,317.0,2.76,322.0,86980.0
1990-06-03 00:00:00+00:00,20.29,57.3,0.0,0.0,0.0,315.65,2.14,318.0,86960.0
1990-06-03 01:00:00+00:00,19.27,61.3,0.0,0.0,0.0,309.75,2.07,317.0,86920.0
1990-06-03 02:00:00+00:00,18.15,65.55,0.0,0.0,0.0,309.65,2.14,323.0,86890.0
1990-06-03 03:00:00+00:00,17.13,70.2,0.0,0.0,0.0,301.9,1.79,323.0,86880.0
1990-06-03 04:00:00+00:00,16.29,70.1,0.0,0.0,0.0,299.4,1.45,316.0,86860.0
1990-06-03 05:00:00+00:00,15.34,75.1,0.0,0.0,0.0,295.5,1.31,316.0,86850.0
1990-06-03 06:00:00+00:00,14.97,72.45,90.0,310.46,47.0,292.2,1.17,320.0,86900.0
1990-06-03 07:00:00+00:00,17.36,65.35,286.0,515.5,108.0,299.2,1.17,337.0,86910.0
1990-06-03 08:00:00+00:00,21.58,44.95,491.0,618.25,156.0,305.0,0.97,16.0,86900.0
1990-06-03 09:00:00+00:00,24.07,34.25,688.0,707.9,182.0,316.6,1.72,89.0,86920.0
1990-06-03 10:00:00+00:00,26.08,28.0,837.0,726.26,218.0,324.35,2.0,128.0,86880.0
1990-06-03 11:00:00+00:00,27.38,24.4,945.0,752.35,234.0,343.7,2.28,168.0,86880.0
1990-06-03 12:00:00+00:00,29.12,20.6,937.0,623.31,322.0,345.85,3.1,184.0,86820.0
1990-06-03 13:00:00+00:00,30.04,17.95,187.0,0.0,187.0,356.1,4.0,199.0,86730.0
1990-06-03 14:00:00+00:00,30.55,16.75,116.0,0.0,116.0,370.0,4.14,210.0,86630.0
1990-06-03 15:00:00+00:00,31.06,15.65,535.0,178.64,393.0,369.45,4.34,220.0,86570.0
1990-06-03 16:00:00+00:00,30.74,14.95,356.0,85.94,301.0,354.75,3.93,244.0,86530.0
1990-06-03 17:00:00+00:00,29.65,17.15,176.0,15.39,169.0,369.65,4.28,285.0,86510.0
1990-06-03 18:00:00+00:00,27.38,25.3,29.0,0.0,29.0,353.0,6.14,325.0,86530.0
1990-06-03 19:00:00+00:00,25.06,37.1,2.0,0.0,2.0,352.0,6.21,341.0,86530.0
1990-06-03 20:00:00+00:00,22.8,48.55,0.0,0.0,0.0,321.05,4.55,336.0,86590.0
1990-06-03 21:00:00+00:00,21.49,51.9,0.0,0.0,0.0,316.4,3.72,333.0,86630.0
1990-06-03 22:00:00+00:00,20.73,55.45,0.0,0.0,0.0,319.1,2.97,332.0,86650.0
1990-06-03 23:00:00+00:00,19.76,59.25,0.0,0.0,0.0,307.3,2.55,325.0,86650.0
1990-06-04 00:00:00+00:00,18.72,63.4,0.0,0.0,0.0,302.65,2.28,324.0,86620.0
1990-06-04 01:00:00+00:00,17.95,65.55,0.0,0.0,0.0,310.35,1.93,335.0,86570.0
1990-06-04 02:00:00+00:00,17.48,67.85,0.0,0.0,0.0,321.25,1.66,346.0,86560.0
1990-06-04 03:00:00+00:00,16.72,67.75,0.0,0.0,0.0,320.5,1.72,347.0,86540.0
1990-06-04 04:00:00+00:00,16.04,70.1,0.0,0.0,0.0,319.5,1.72,346.0,86530.0
1990-06-04 05:00:00+00:00,15.85,70.0,0.0,0.0,0.0,329.4,1.86,355.0,86540.0
1990-06-04 06:00:00+00:00,15.72,70.0,88.0,280.61,49.0,316.8,1.79,359.0,86550.0
1990-06-04 07:00:00+00:00,18.04,58.9,241.0,283.56,143.0,310.4,1.86,34.0,86570.0
1990-06-04 08:00:00+00:00,20.42,47.9,479.0,575.6,167.0,310.6,3.86,80.0,86600.0
1990-06-04 09:00:00+00:00,21.72,43.4,652.0,597.28,225.0,317.0,5.66,94.0,86630.0
1990-06-04 10:00:00+00:00,23.05,37.9,620.0,242.84,413.0,332.1,5.72,102.0,86620.0
1990-06-04 11:00:00+00:00,24.45,35.5,896.0,634.78,296.0,336.55,5.59,108.0,86590.0
1990-06-04 12:00:00+00:00,25.2,34.5,703.0,211.76,494.0,345.05,5.31,110.0,86540.0
1990-06-04 13:00:00+00:00,25.77,33.4,426.0,16.41,410.0,360.35,4.97,111.0,86460.0
1990-06-04 14:00:00+00:00,26.45,31.2,774.0,437.57,376.0,374.45,4.55,109.0,86370.0
1990-06-04 15:00:00+00:00,26.84,29.15,438.0,72.89,380.0,366.95,3.59,103.0,86310.0
1990-06-04 16:00:00+00:00,26.04,30.1,61.0,0.0,61.0,382.2,2.07,76.0,86260.0
1990-06-04 17:00:00+00:00,24.15,38.15,145.0,2.19,144.0,367.5,1.38,349.0,86270.0
1990-06-04 18:00:00+00:00,20.79,55.45,194.0,450.05,80.0,376.4,3.93,320.0,86320.0
1990-06-04 19:00:00+00:00,19.0,63.5,14.0,42.85,12.0,361.9,3.17,321.0,86370.0
1990-06-04 20:00:00+00:00,18.38,67.95,0.0,0.0,0.0,355.1,3.24,346.0,86350.0
1990-06-04 21:00:00+00:00,18.44,63.4,0.0,0.0,0.0,343.9,3.38,346.0,86360.0
1990-06-04 22:00:00+00:00,18.01,65.55,0.0,0.0,0.0,328.05,3.03,335.0,86340.0
1990-06-04 23:00:00+00:00,17.45,67.85,0.0,0.0,0.0,323.75,2.69,325.0,86320.0
1990-06-05 00:00:00+00:00,17.01,70.2,0.0,0.0,0.0,329.4,2.41,321.0,86290.0
1990-06-05 01:00:00+00:00,16.53,70.2,0.0,0.0,0.0,329.9,2.28,322.0,86230.0
1990-06-05 02:00:00+00:00,16.02,72.65,0.0,0.0,0.0,326.1,2.21,324.0,86170.0
1990-06-05 03:00:00+00:00,15.44,75.15,0.0,0.0,0.0,321.05,2.0,322.0,86140.0
1990-06-05 04:00:00+00:00,15.01,77.8,0.0,0.0,0.0,315.85,1.86,322.0,86140.0
1990-06-05 05:00:00+00:00,14.49,77.75,0.0,0.0,0.0,317.4,1.93,324.0,86130.0
1990-06-05 06:00:00+00:00,14.35,80.45,82.0,222.41,51.0,316.6,1.93,326.0,86180.0
1990-06-05 07:00:00+00:00,15.69,72.55,222.0,205.29,151.0,302.5,1.72,332.0,86270.0
1990-06-05 08:00:00+00:00,18.16,61.05,408.0,317.24,236.0,322.2,1.72,15.0,86280.0
1990-06-05 09:00:00+00:00,19.86,55.2,90.0,0.0,90.0,323.4,1.93,54.0,86270.0
1990-06-05 10:00:00+00:00,21.06,49.95,78.0,0.0,78.0,331.3,1.31,68.0,86280.0
1990-06-05 11:00:00+00:00,22.07,46.75,466.0,35.97,432.0,349.3,0.21,111.0,86250.0
1990-06-05 12:00:00+00:00,22.82,45.25,302.0,0.0,302.0,364.0,0.97,248.0,86260.0
1990-06-05 13:00:00+00:00,23.01,42.25,346.0,2.05,344.0,380.65,2.21,284.0,86240.0
1990-06-05 14:00:00+00:00,23.88,40.9,718.0,324.11,423.0,355.9,3.38,297.0,86210.0
1990-06-05 15:00:00+00:00,23.42,42.25,316.0,10.04,308.0,353.75,4.28,297.0,86210.0
1990-06-05 16:00:00+00:00,23.04,40.75,598.0,658.77,175.0,335.4,4.48,300.0,86180.0
1990-06-05 17:00:00+00:00,22.24,43.5,387.0,522.63,148.0,327.85,5.38,310.0,86200.0
1990-06-05 18:00:00+00:00,20.94,49.8,173.0,294.38,98.0,316.4,6.14,318.0,86220.0
1990-06-05 19:00:00+00:00,20.24,51.5,10.0,0.0,10.0,305.2,4.55,325.0,86270.0
1990-06-05 20:00:00+00:00,18.61,56.95,0.0,0.0,0.0,301.5,4.28,325.0,86320.0
1990-06-05 21:00:00+00:00,17.41,63.2,0.0,0.0,0.0,295.3,3.72,325.0,86390.0
1990-06-05 22:00:00+00:00,16.58,65.35,0.0,0.0,0.0,299.0,3.24,324.0,86430.0
1990-06-05 23:00:00+00:00,15.83,70.0,0.0,0.0,0.0,294.35,2.83,321.0,86450.0
1990-06-06 00:00:00+00:00,15.26,72.45,0.0,0.0,0.0,301.3,2.69,316.0,86430.0
1990-06-06 01:00:00+00:00,14.64,75.0,0.0,0.0,0.0,296.95,2.62,314.0,86400.0
1990-06-06 02:00:00+00:00,14.14,74.95,0.0,0.0,0.0,294.75,2.55,314.0,86370.0
1990-06-06 03:00:00+00:00,13.71,77.6,0.0,0.0,0.0,295.9,2.34,316.0,86370.0
1990-06-06 04:00:00+00:00,13.37,80.35,0.0,0.0,0.0,301.5,2.14,313.0,86380.0
1990-06-06 05:00:00+00:00,13.12,77.5,0.0,0.0,0.0,309.05,2.14,314.0,86390.0
1990-06-06 06:00:00+00:00,12.67,80.3,99.0,386.5,45.0,281.4,2.07,313.0,86450.0
1990-06-06 07:00:00+00:00,14.01,72.3,264.0,369.91,136.0,285.05,2.48,316.0,86490.0
1990-06-06 08:00:00+00:00,15.94,60.75,519.0,706.32,136.0,282.95,2.62,317.0,86510.0
1990-06-06 09:00:00+00:00,18.03,51.0,712.0,759.43,169.0,281.4,2.83,321.0,86530.0
1990-06-06 10:00:00+00:00,20.09,38.5,871.0,794.11,194.0,290.85,3.03,318.0,86560.0
1990-06-06 11:00:00+00:00,21.59,31.15,1004.0,880.01,172.0,292.05,2.9,305.0,86550.0
1990-06-06 12:00:00+00:00,22.81,28.1,940.0,601.57,346.0,294.95,3.03,295.0,86550.0
1990-06-06 13:00:00+00:00,23.73,25.35,938.0,625.26,328.0,300.95,3.31,294.0,86500.0
1990-06-06 14:00:00+00:00,24.34,24.55,918.0,748.81,236.0,309.65,3.52,299.0,86450.0
1990-06-06 15:00:00+00:00,24.36,23.65,826.0,840.25,156.0,310.2,3.79,305.0,86430.0
1990-06-06 16:00:00+00:00,23.98,24.4,640.0,774.33,142.0,312.15,5.03,311.0,86440.0
1990-06-06 17:00:00+00:00,22.54,27.05,412.0,606.26,134.0,314.65,5.72,321.0,86470.0
1990-06-06 18:00:00+00:00,21.49,30.0,197.0,433.24,86.0,308.85,5.86,328.0,86470.0
1990-06-06 19:00:00+00:00,19.71,38.35,18.0,80.17,14.0,294.15,6.21,330.0,86450.0
1990-06-06 20:00:00+00:00,18.08,44.05,0.0,0.0,0.0,290.5,5.31,327.0,86500.0
1990-06-06 21:00:00+00:00,16.9,47.15,0.0,0.0,0.0,287.2,4.41,326.0,86580.0
1990-06-06 22:00:00+00:00,15.77,52.4,0.0,0.0,0.0,275.2,3.31,320.0,86610.0
1990-06-06 23:00:00+00:00,14.93,56.25,0.0,0.0,0.0,283.1,2.9,313.0,86650.0
1990-06-07 00:00:00+00:00,14.08,60.3,0.0,0.0,0.0,279.85,2.97,310.0,86620.0
1990-06-07 01:00:00+00:00,13.29,67.05,0.0,0.0,0.0,272.4,2.83,310.0,86610.0
1990-06-07 02:00:00+00:00,12.71,69.45,0.0,0.0,0.0,275.4,2.62,311.0,86580.0
1990-06-07 03:00:00+00:00,12.25,71.95,0.0,0.0,0.0,275.75,2.28,311.0,86580.0
1990-06-07 04:00:00+00:00,11.73,74.55,0.0,0.0,0.0,269.2,2.14,310.0,86600.0
1990-06-07 05:00:00+00:00,11.23,74.45,0.0,0.0,0.0,265.1,2.07,308.0,86620.0
1990-06-07 06:00:00+00:00,11.03,74.45,99.0,385.8,45.0,265.3,2.0,304.0,86690.0
1990-06-07 07:00:00+00:00,12.69,72.05,309.0,621.14,94.0,287.0,1.93,302.0,86750.0
1990-06-07 08:00:00+00:00,15.41,56.35,534.0,759.77,122.0,279.65,2.41,315.0,86790.0
1990-06-07 09:00:00+00:00,17.67,49.05,741.0,844.77,137.0,287.75,2.69,325.0,86810.0
1990-06-07 10:00:00+00:00,19.71,39.8,911.0,899.67,144.0,295.7,2.48,325.0,86810.0
1990-06-07 11:00:00+00:00,21.44,33.45,1022.0,918.01,154.0,304.4,2.07,311.0,86790.0
1990-06-07 12:00:00+00:00,22.82,28.1,1080.0,943.68,148.0,314.5,2.14,290.0,86780.0
1990-06-07 13:00:00+00:00,24.02,23.65,1071.0,951.87,142.0,306.35,2.69,285.0,86750.0
1990-06-07 14:00:00+00:00,24.88,22.05,978.0,906.35,152.0,315.65,3.03,291.0,86710.0
1990-06-07 15:00:00+00:00,25.43,21.35,837.0,865.73,146.0,319.1,3.45,302.0,86680.0
1990-06-07 16:00:00+00:00,25.66,19.9,642.0,777.78,141.0,319.1,4.21,322.0,86640.0
1990-06-07 17:00:00+00:00,24.78,22.9,428.0,674.25,118.0,316.4,5.86,341.0,86630.0
1990-06-07 18:00:00+00:00,22.52,29.2,203.0,461.95,84.0,304.2,7.66,349.0,86660.0
1990-06-07 19:00:00+00:00,20.13,35.75,19.0,97.21,14.0,300.35,7.24,346.0,86720.0
1990-06-07 20:00:00+00:00,17.9,45.55,0.0,0.0,0.0,283.5,6.28,340.0,86790.0
1990-06-07 21:00:00+00:00,16.58,47.15,0.0,0.0,0.0,280.4,4.9,332.0,86850.0
1990-06-07 22:00:00+00:00,15.61,50.5,0.0,0.0,0.0,276.15,3.66,328.0,86930.0
1990-06-07 23:00:00+00:00,14.71,54.1,0.0,0.0,0.0,272.65,2.9,319.0,86940.0
1990-06-08 00:00:00+00:00,13.98,58.1,0.0,0.0,0.0,281.2,2.76,316.0,86950.0
1990-06-08 01:00:00+00:00,13.35,62.3,0.0,0.0,0.0,288.25,2.76,319.0,86920.0
1990-06-08 02:00:00+00:00,12.69,66.95,0.0,0.0,0.0,281.6,2.34,320.0,86900.0
1990-06-08 03:00:00+00:00,12.2,69.35,0.0,0.0,0.0,281.0,2.14,320.0,86890.0
1990-06-08 04:00:00+00:00,11.53,71.85,0.0,0.0,0.0,278.85,1.93,317.0,86890.0
1990-06-08 05:00:00+00:00,10.75,77.15,0.0,0.0,0.0,271.9,1.59,314.0,86920.0
1990-06-08 06:00:00+00:00,10.46,77.15,99.0,378.16,46.0,266.85,1.38,313.0,86960.0
1990-06-08 07:00:00+00:00,12.64,66.95,306.0,597.94,99.0,265.1,1.52,327.0,86990.0
1990-06-08 08:00:00+00:00,15.74,46.9,527.0,732.15,130.0,275.75,1.24,350.0,87040.0
1990-06-08 09:00:00+00:00,18.48,35.35,727.0,804.27,152.0,279.65,1.03,52.0,87070.0
1990-06-08 10:00:00+00:00,21.04,28.8,889.0,843.4,170.0,285.85,2.0,99.0,87060.0
1990-06-08 11:00:00+00:00,23.14,26.2,1003.0,872.48,178.0,297.85,2.28,123.0,87070.0
1990-06-08 12:00:00+00:00,24.73,23.75,1060.0,896.93,174.0,308.65,2.07,156.0,87040.0
1990-06-08 13:00:00+00:00,26.04,20.0,1040.0,880.85,180.0,319.9,1.93,189.0,87000.0
1990-06-08 14:00:00+00:00,27.03,17.4,928.0,768.72,227.0,329.0,2.0,208.0,86950.0
1990-06-08 15:00:00+00:00,27.39,16.75,804.0,763.51,194.0,341.0,2.0,218.0,86900.0
1990-06-08 16:00:00+00:00,27.91,16.1,477.0,265.06,306.0,332.85,1.93,214.0,86870.0
1990-06-08 17:00:00+00:00,27.85,16.1,386.0,470.76,169.0,336.35,1.72,197.0,86850.0
1990-06-08 18:00:00+00:00,27.68,15.5,205.0,467.25,84.0,335.0,1.66,172.0,86850.0
1990-06-08 19:00:00+00:00,27.0,16.6,21.0,113.37,15.0,323.0,1.1,148.0,86870.0
1990-06-08 20:00:00+00:00,25.72,19.15,0.0,0.0,0.0,304.6,0.41,110.0,86910.0
1990-06-08 21:00:00+00:00,22.81,33.85,0.0,0.0,0.0,299.75,0.9,343.0,87020.0
1990-06-08 22:00:00+00:00,20.51,35.9,0.0,0.0,0.0,298.4,1.66,321.0,87120.0
1990-06-08 23:00:00+00:00,19.08,39.65,0.0,0.0,0.0,301.5,2.48,312.0,87180.0
1990-06-09 00:00:00+00:00,17.98,45.7,0.0,0.0,0.0,306.15,2.34,316.0,87170.0
1990-06-09 01:00:00+00:00,16.77,50.75,0.0,0.0,0.0,302.95,1.79,316.0,87160.0
1990-06-09 02:00:00+00:00,15.13,58.35,0.0,0.0,0.0,289.3,1.45,316.0,87140.0
1990-06-09 03:00:00+00:00,14.1,62.55,0.0,0.0,0.0,286.05,1.38,316.0,87120.0
1990-06-09 04:00:00+00:00,14.0,58.1,0.0,0.0,0.0,284.85,1.17,315.0,87100.0
1990-06-09 05:00:00+00:00,14.26,56.0,0.0,0.0,0.0,283.9,0.97,321.0,87120.0
1990-06-09 06:00:00+00:00,15.09,50.35,94.0,335.09,47.0,284.1,0.83,333.0,87180.0
1990-06-09 07:00:00+00:00,18.0,40.9,301.0,583.52,99.0,287.95,0.62,26.0,87230.0
1990-06-09 08:00:00+00:00,20.86,33.3,517.0,708.29,133.0,295.7,1.86,69.0,87230.0
1990-06-09 09:00:00+00:00,23.4,28.25,723.0,801.59,150.0,304.6,2.97,83.0,87270.0
1990-06-09 10:00:00+00:00,25.25,24.8,889.0,854.02,161.0,312.35,2.83,98.0,87240.0
1990-06-09 11:00:00+00:00,26.9,20.9,976.0,814.29,206.0,319.9,2.41,128.0,87210.0
1990-06-09 12:00:00+00:00,28.34,18.2,1061.0,908.93,163.0,334.0,2.48,157.0,87160.0
1990-06-09 13:00:00+00:00,29.33,16.45,1052.0,917.4,156.0,334.0,2.48,176.0,87120.0
1990-06-09 14:00:00+00:00,30.12,14.3,981.0,920.6,141.0,341.95,2.55,188.0,87020.0
1990-06-09 15:00:00+00:00,30.87,13.35,840.0,879.08,137.0,346.8,3.03,199.0,86960.0
1990-06-09 16:00:00+00:00,30.83,13.35,652.0,811.02,128.0,335.4,3.72,211.0,86900.0
1990-06-09 17:00:00+00:00,30.58,12.8,440.0,720.6,107.0,338.5,3.45,231.0,86890.0
1990-06-09 18:00:00+00:00,29.39,15.2,216.0,541.71,75.0,335.2,3.31,274.0,86900.0
1990-06-09 19:00:00+00:00,26.57,22.5,16.0,36.79,14.0,322.2,5.72,309.0,86960.0
1990-06-09 20:00:00+00:00,22.83,40.6,0.0,0.0,0.0,322.8,6.76,328.0,87040.0
1990-06-09 21:00:00+00:00,20.49,51.65,0.0,0.0,0.0,317.75,5.31,330.0,87130.0
1990-06-09 22:00:00+00:00,19.46,53.25,0.0,0.0,0.0,308.3,3.93,327.0,87170.0
1990-06-09 23:00:00+00:00,18.63,56.95,0.0,0.0,0.0,300.55,3.17,323.0,87190.0
1990-06-10 00:00:00+00:00,17.6,58.8,0.0,0.0,0.0,287.95,2.76,320.0,87150.0
1990-06-10 01:00:00+00:00,16.56,60.85,0.0,0.0,0.0,283.45,2.48,317.0,87110.0
1990-06-10 02:00:00+00:00,15.6,62.85,0.0,0.0,0.0,278.1,2.34,314.0,87060.0
1990-06-10 03:00:00+00:00,14.72,67.35,0.0,0.0,0.0,274.8,2.28,311.0,87040.0
1990-06-10 04:00:00+00:00,13.89,67.25,0.0,0.0,0.0,269.95,2.28,309.0,87020.0
1990-06-10 05:00:00+00:00,13.22,72.1,0.0,0.0,0.0,268.2,2.28,308.0,87030.0
1990-06-10 06:00:00+00:00,12.9,69.55,98.0,363.51,47.0,266.85,2.21,308.0,87070.0
1990-06-10 07:00:00+00:00,14.96,58.35,308.0,609.64,97.0,273.45,2.07,310.0,87080.0
1990-06-10 08:00:00+00:00,18.82,45.85,528.0,734.3,130.0,283.5,2.14,323.0,87090.0
1990-06-10 09:00:00+00:00,21.89,33.6,729.0,805.95,153.0,287.2,2.14,339.0,87100.0
1990-06-10 10:00:00+00:00,24.56,24.65,896.0,857.64,165.0,299.55,2.07,5.0,87070.0
1990-06-10 11:00:00+00:00,26.65,17.95,1000.0,860.82,186.0,310.4,1.17,30.0,87080.0
1990-06-10 12:00:00+00:00,28.2,15.0,1063.0,899.69,174.0,318.95,0.28,102.0,87030.0
1990-06-10 13:00:00+00:00,29.34,13.05,1043.0,883.32,180.0,327.45,0.62,209.0,86980.0
1990-06-10 14:00:00+00:00,30.24,11.3,964.0,864.21,175.0,331.5,0.83,253.0,86920.0
1990-06-10 15:00:00+00:00,30.62,10.55,830.0,837.05,160.0,331.9,1.1,301.0,86890.0
1990-06-10 16:00:00+00:00,30.98,10.95,642.0,763.48,148.0,332.5,2.07,325.0,86850.0
1990-06-10 17:00:00+00:00,30.44,13.25,428.0,654.09,125.0,325.3,3.72,340.0,86840.0
1990-06-10 18:00:00+00:00,28.53,19.0,206.0,454.95,87.0,322.6,5.86,344.0,86840.0
1990-06-10 19:00:00+00:00,25.0,32.1,22.0,107.6,16.0,317.2,6.9,340.0,86880.0
1990-06-10 20:00:00+00:00,22.15,43.5,0.0,0.0,0.0,306.15,5.17,333.0,86940.0
1990-06-10 21:00:00+00:00,20.42,49.7,0.0,0.0,0.0,299.0,4.14,325.0,87020.0
1990-06-10 22:00:00+00:00,19.39,53.15,0.0,0.0,0.0,299.95,3.31,320.0,87090.0
1990-06-10 23:00:00+00:00,18.46,54.95,0.0,0.0,0.0,292.6,2.83,319.0,87130.0
1990-06-11 00:00:00+00:00,17.62,56.75,0.0,0.0,0.0,288.35,2.48,320.0,87120.0
1990-06-11 01:00:00+00:00,16.88,58.7,0.0,0.0,0.0,286.5,2.07,328.0,87100.0
1990-06-11 02:00:00+00:00,16.11,60.75,0.0,0.0,0.0,285.25,1.86,337.0,87080.0
1990-06-11 03:00:00+00:00,15.41,60.65,0.0,0.0,0.0,285.85,1.66,330.0,87080.0
1990-06-11 04:00:00+00:00,14.61,64.95,0.0,0.0,0.0,285.45,1.59,320.0,87090.0
1990-06-11 05:00:00+00:00,13.86,67.15,0.0,0.0,0.0,284.65,1.45,321.0,87110.0
1990-06-11 06:00:00+00:00,13.83,64.75,95.0,342.21,47.0,283.7,1.24,322.0,87170.0
1990-06-11 07:00:00+00:00,17.2,52.65,298.0,569.41,101.0,290.65,1.24,336.0,87210.0
1990-06-11 08:00:00+00:00,21.96,35.0,517.0,710.56,132.0,297.85,1.17,24.0,87230.0
1990-06-11 09:00:00+00:00,24.8,28.65,699.0,724.98,181.0,307.9,3.1,76.0,87250.0
1990-06-11 10:00:00+00:00,26.97,23.4,884.0,843.69,165.0,315.25,4.14,95.0,87270.0
1990-06-11 11:00:00+00:00,28.69,19.7,993.0,861.9,178.0,322.6,4.21,107.0,87250.0
1990-06-11 12:00:00+00:00,30.03,16.55,1045.0,874.28,181.0,328.8,3.93,120.0,87220.0
1990-06-11 13:00:00+00:00,30.97,14.4,1037.0,882.02,175.0,334.0,3.52,128.0,87180.0
1990-06-11 14:00:00+00:00,31.6,13.0,948.0,836.36,184.0,337.7,3.24,134.0,87130.0
1990-06-11 15:00:00+00:00,31.95,12.55,812.0,798.85,172.0,339.05,2.9,139.0,87090.0
1990-06-11 16:00:00+00:00,31.93,12.55,628.0,723.82,159.0,346.6,2.76,144.0,87090.0
1990-06-11 17:00:00+00:00,31.74,12.55,418.0,615.94,132.0,334.6,2.69,148.0,87070.0
1990-06-11 18:00:00+00:00,31.29,12.45,197.0,391.92,94.0,331.3,2.9,148.0,87080.0
1990-06-11 19:00:00+00:00,30.19,13.75,23.0,105.07,17.0,322.8,3.03,155.0,87100.0
1990-06-11 20:00:00+00:00,29.04,14.65,0.0,0.0,0.0,316.0,2.69,152.0,87160.0
1990-06-11 21:00:00+00:00,27.89,15.5,0.0,0.0,0.0,311.2,2.34,147.0,87230.0
1990-06-11 22:00:00+00:00,25.76,17.7,0.0,0.0,0.0,306.35,1.66,132.0,87300.0
1990-06-11 23:00:00+00:00,25.6,17.7,0.0,0.0,0.0,302.1,1.17,93.0,87340.0
1990-06-12 00:00:00+00:00,23.6,20.15,0.0,0.0,0.0,298.6,1.38,46.0,87340.0
1990-06-12 01:00:00+00:00,22.15,23.15,0.0,0.0,0.0,296.0,1.31,24.0,87320.0
1990-06-12 02:00:00+00:00,22.3,22.25,0.0,0.0,0.0,294.35,1.03,6.0,87330.0
1990-06-12 03:00:00+00:00,21.33,23.8,0.0,0.0,0.0,293.75,0.83,347.0,87340.0
1990-06-12 04:00:00+00:00,20.54,24.6,0.0,0.0,0.0,292.4,0.76,335.0,87360.0
1990-06-12 05:00:00+00:00,19.84,26.3,0.0,0.0,0.0,291.85,0.76,336.0,87400.0
1990-06-12 06:00:00+00:00,19.4,27.2,85.0,242.57,51.0,291.25,0.55,342.0,87450.0
1990-06-12 07:00:00+00:00,21.74,23.0,290.0,520.57,110.0,296.3,0.48,347.0,87510.0
1990-06-12 08:00:00+00:00,23.68,20.95,512.0,688.71,139.0,303.25,0.48,34.0,87570.0
1990-06-12 09:00:00+00:00,26.34,18.55,715.0,781.21,157.0,313.7,0.83,97.0,87590.0
1990-06-12 10:00:00+00:00,28.11,18.2,889.0,855.58,160.0,323.75,1.38,152.0,87600.0
1990-06-12 11:00:00+00:00,29.56,16.55,993.0,861.95,178.0,332.1,1.86,172.0,87580.0
1990-06-12 12:00:00+00:00,30.74,14.95,1046.0,874.18,182.0,338.5,1.59,174.0,87540.0
1990-06-12 13:00:00+00:00,31.75,14.05,1038.0,882.79,175.0,344.5,1.31,174.0,87480.0
1990-06-12 14:00:00+00:00,32.5,13.1,959.0,863.27,170.0,351.25,0.97,175.0,87430.0
1990-06-12 15:00:00+00:00,33.0,12.25,804.0,769.48,187.0,355.3,0.83,179.0,87390.0
1990-06-12 16:00:00+00:00,32.88,11.8,626.0,710.5,165.0,367.1,0.97,197.0,87370.0
1990-06-12 17:00:00+00:00,32.89,11.8,419.0,616.68,132.0,369.45,1.24,216.0,87340.0
1990-06-12 18:00:00+00:00,32.53,12.15,196.0,378.78,96.0,370.4,1.59,237.0,87350.0
1990-06-12 19:00:00+00:00,31.67,12.55,21.0,68.5,17.0,346.8,1.24,250.0,87370.0
1990-06-12 20:00:00+00:00,30.48,14.3,0.0,0.0,0.0,345.25,1.72,296.0,87390.0
1990-06-12 21:00:00+00:00,28.76,18.3,0.0,0.0,0.0,325.5,2.48,322.0,87470.0
1990-06-12 22:00:00+00:00,26.9,23.4,0.0,0.0,0.0,319.7,2.41,328.0,87540.0
1990-06-12 23:00:00+00:00,24.99,27.7,0.0,0.0,0.0,316.4,1.93,306.0,87580.0
1990-06-13 00:00:00+00:00,23.26,34.0,0.0,0.0,0.0,311.75,2.0,304.0,87590.0
1990-06-13 01:00:00+00:00,21.85,38.9,0.0,0.0,0.0,309.35,2.07,312.0,87590.0
1990-06-13 02:00:00+00:00,20.56,43.1,0.0,0.0,0.0,306.95,2.0,320.0,87560.0
1990-06-13 03:00:00+00:00,19.2,47.65,0.0,0.0,0.0,304.05,1.72,317.0,87530.0
1990-06-13 04:00:00+00:00,17.86,54.7,0.0,0.0,0.0,301.5,1.52,312.0,87530.0
1990-06-13 05:00:00+00:00,17.15,56.6,0.0,0.0,0.0,299.55,1.38,311.0,87560.0
1990-06-13 06:00:00+00:00,17.2,54.6,92.0,307.16,49.0,298.05,1.24,311.0,87620.0
1990-06-13 07:00:00+00:00,20.28,47.9,293.0,544.1,105.0,298.8,0.9,315.0,87640.0
1990-06-13 08:00:00+00:00,24.18,34.25,511.0,694.61,135.0,306.75,0.69,321.0,87680.0
1990-06-13 09:00:00+00:00,26.89,26.1,711.0,775.9,157.0,318.55,0.28,296.0,87680.0
1990-06-13 10:00:00+00:00,29.12,19.85,875.0,826.43,171.0,327.65,0.9,210.0,87680.0
1990-06-13 11:00:00+00:00,31.01,15.55,999.0,879.99,167.0,335.4,1.59,205.0,87670.0
1990-06-13 12:00:00+00:00,32.44,13.1,1057.0,904.46,163.0,343.5,1.79,202.0,87640.0
1990-06-13 13:00:00+00:00,33.51,11.85,1033.0,877.43,175.0,348.55,2.07,201.0,87580.0
1990-06-13 14:00:00+00:00,34.21,10.75,949.0,845.32,176.0,358.0,2.34,208.0,87510.0
1990-06-13 15:00:00+00:00,34.67,10.05,819.0,818.68,162.0,352.4,2.41,210.0,87470.0
1990-06-13 16:00:00+00:00,34.69,9.65,623.0,704.94,165.0,367.9,2.21,214.0,87430.0
1990-06-13 17:00:00+00:00,34.36,9.95,423.0,634.62,127.0,371.4,1.79,224.0,87410.0
1990-06-13 18:00:00+00:00,33.98,9.85,202.0,422.39,90.0,347.4,1.17,270.0,87380.0
1990-06-13 19:00:00+00:00,32.87,11.8,22.0,67.08,18.0,339.05,2.62,335.0,87400.0
1990-06-13 20:00:00+00:00,30.91,16.15,0.0,0.0,0.0,337.7,3.86,339.0,87410.0
1990-06-13 21:00:00+00:00,28.99,20.45,0.0,0.0,0.0,325.3,3.52,325.0,87500.0
1990-06-13 22:00:00+00:00,27.1,23.5,0.0,0.0,0.0,320.85,3.03,310.0,87570.0
1990-06-13 23:00:00+00:00,25.18,29.85,0.0,0.0,0.0,316.6,2.76,310.0,87600.0
1990-06-14 00:00:00+00:00,23.62,34.1,0.0,0.0,0.0,312.95,2.41,319.0,87580.0
1990-06-14 01:00:00+00:00,22.23,39.05,0.0,0.0,0.0,310.9,2.14,316.0,87530.0
1990-06-14 02:00:00+00:00,21.0,41.7,0.0,0.0,0.0,308.65,1.93,312.0,87480.0
1990-06-14 03:00:00+00:00,20.05,44.6,0.0,0.0,0.0,306.75,1.72,310.0,87470.0
1990-06-14 04:00:00+00:00,19.05,47.65,0.0,0.0,0.0,304.6,1.52,308.0,87470.0
1990-06-14 05:00:00+00:00,18.01,51.0,0.0,0.0,0.0,303.25,1.45,308.0,87490.0
1990-06-14 06:00:00+00:00,17.43,52.75,92.0,321.99,47.0,302.1,1.38,309.0,87520.0
1990-06-14 07:00:00+00:00,20.63,43.1,297.0,570.66,100.0,303.05,1.03,312.0,87560.0
1990-06-14 08:00:00+00:00,25.18,29.85,519.0,720.92,129.0,311.4,1.03,324.0,87580.0
1990-06-14 09:00:00+00:00,27.98,24.4,722.0,807.05,146.0,323.2,0.9,330.0,87590.0
1990-06-14 10:00:00+00:00,30.26,18.65,898.0,883.0,146.0,332.85,0.55,299.0,87590.0
1990-06-14 11:00:00+00:00,32.14,14.15,1019.0,927.68,142.0,341.4,1.17,240.0,87540.0
1990-06-14 12:00:00+00:00,33.79,11.5,1073.0,940.81,143.0,349.3,2.07,225.0,87510.0
1990-06-14 13:00:00+00:00,34.91,10.4,1054.0,925.25,149.0,355.1,2.48,221.0,87440.0
1990-06-14 14:00:00+00:00,35.54,9.75,959.0,867.86,165.0,356.65,2.21,224.0,87320.0
1990-06-14 15:00:00+00:00,36.02,8.75,819.0,818.01,162.0,360.95,1.59,241.0,87280.0
1990-06-14 16:00:00+00:00,35.99,8.75,638.0,754.76,147.0,366.35,0.97,306.0,87240.0
1990-06-14 17:00:00+00:00,35.76,9.1,426.0,646.11,124.0,370.8,2.69,340.0,87230.0
1990-06-14 18:00:00+00:00,34.55,10.75,193.0,353.03,99.0,363.45,5.17,347.0,87250.0
1990-06-14 19:00:00+00:00,32.21,14.15,22.0,65.78,18.0,349.5,5.86,345.0,87340.0
1990-06-14 20:00:00+00:00,30.03,17.85,0.0,0.0,0.0,333.45,5.1,338.0,87380.0
1990-06-14 21:00:00+00:00,28.21,20.35,0.0,0.0,0.0,322.2,3.93,330.0,87440.0
1990-06-14 22:00:00+00:00,26.61,22.5,0.0,0.0,0.0,318.15,3.24,326.0,87490.0
1990-06-14 23:00:00+00:00,25.09,25.75,0.0,0.0,0.0,314.65,2.41,323.0,87510.0
1990-06-15 00:00:00+00:00,23.71,29.45,0.0,0.0,0.0,312.55,2.21,314.0,87500.0
1990-06-15 01:00:00+00:00,22.44,33.7,0.0,0.0,0.0,309.55,2.14,313.0,87480.0
1990-06-15 02:00:00+00:00,21.35,36.0,0.0,0.0,0.0,307.3,2.07,317.0,87420.0
1990-06-15 03:00:00+00:00,20.51,38.65,0.0,0.0,0.0,304.8,1.93,318.0,87400.0
1990-06-15 04:00:00+00:00,19.65,41.3,0.0,0.0,0.0,303.45,1.79,314.0,87400.0
1990-06-15 05:00:00+00:00,18.62,42.6,0.0,0.0,0.0,301.9,1.66,312.0,87410.0
1990-06-15 06:00:00+00:00,17.94,44.05,90.0,294.01,49.0,301.3,1.45,313.0,87460.0
1990-06-15 07:00:00+00:00,21.49,36.15,286.0,504.57,112.0,301.5,0.9,321.0,87500.0
1990-06-15 08:00:00+00:00,25.68,25.85,504.0,660.38,147.0,310.6,0.69,24.0,87510.0
1990-06-15 09:00:00+00:00,28.7,20.45,704.0,751.36,168.0,322.6,1.66,85.0,87540.0
1990-06-15 10:00:00+00:00,30.98,16.75,872.0,815.13,178.0,332.5,2.69,102.0,87520.0
1990-06-15 11:00:00+00:00,32.68,13.2,996.0,870.67,173.0,341.95,2.34,116.0,87510.0
1990-06-15 12:00:00+00:00,33.95,11.5,1049.0,884.12,175.0,347.95,1.79,148.0,87470.0
1990-06-15 13:00:00+00:00,34.93,10.4,1041.0,892.32,168.0,352.8,1.86,180.0,87400.0
1990-06-15 14:00:00+00:00,35.56,9.75,953.0,848.87,176.0,357.05,2.07,194.0,87320.0
1990-06-15 15:00:00+00:00,35.78,9.1,804.0,767.6,187.0,371.95,1.93,207.0,87270.0
1990-06-15 16:00:00+00:00,35.75,8.75,623.0,695.48,170.0,368.45,1.24,215.0,87220.0
1990-06-15 17:00:00+00:00,35.29,9.0,234.0,57.65,207.0,378.15,0.62,304.0,87180.0
1990-06-15 18:00:00+00:00,34.71,10.05,115.0,41.15,104.0,362.5,2.34,343.0,87190.0
1990-06-15 19:00:00+00:00,33.93,10.25,3.0,0.0,3.0,352.2,1.38,7.0,87190.0
1990-06-15 20:00:00+00:00,32.14,12.6,0.0,0.0,0.0,352.6,2.14,9.0,87230.0
1990-06-15 21:00:00+00:00,30.35,16.65,0.0,0.0,0.0,342.35,2.28,351.0,87310.0
1990-06-15 22:00:00+00:00,28.27,21.15,0.0,0.0,0.0,333.65,2.69,334.0,87370.0
1990-06-15 23:00:00+00:00,26.43,26.0,0.0,0.0,0.0,337.7,2.69,320.0,87390.0
1990-06-16 00:00:00+00:00,24.68,29.7,0.0,0.0,0.0,315.65,2.41,320.0,87380.0
1990-06-16 01:00:00+00:00,23.3,34.0,0.0,0.0,0.0,312.05,2.14,319.0,87340.0
1990-06-16 02:00:00+00:00,22.29,36.3,0.0,0.0,0.0,313.9,1.93,323.0,87310.0
1990-06-16 03:00:00+00:00,21.53,37.5,0.0,0.0,0.0,320.85,1.72,326.0,87310.0
1990-06-16 04:00:00+00:00,20.66,38.65,0.0,0.0,0.0,318.15,1.66,324.0,87300.0
1990-06-16 05:00:00+00:00,19.96,39.95,0.0,0.0,0.0,325.1,1.59,321.0,87310.0
1990-06-16 06:00:00+00:00,19.38,41.15,88.0,273.22,50.0,317.75,1.59,322.0,87350.0
1990-06-16 07:00:00+00:00,21.91,34.85,284.0,499.38,112.0,324.15,1.1,322.0,87380.0
1990-06-16 08:00:00+00:00,26.62,23.4,506.0,681.26,138.0,314.65,1.1,348.0,87380.0
1990-06-16 09:00:00+00:00,29.56,17.85,666.0,625.52,220.0,327.45,1.31,55.0,87410.0
1990-06-16 10:00:00+00:00,31.9,14.6,873.0,824.8,171.0,337.1,2.62,97.0,87390.0
1990-06-16 11:00:00+00:00,33.51,11.85,959.0,777.68,224.0,350.5,2.48,128.0,87370.0
1990-06-16 12:00:00+00:00,34.55,10.75,1022.0,820.36,211.0,356.5,2.48,165.0,87340.0
1990-06-16 13:00:00+00:00,35.35,9.35,773.0,310.66,469.0,362.1,2.97,177.0,87280.0
1990-06-16 14:00:00+00:00,35.64,8.75,788.0,437.89,387.0,377.4,3.59,187.0,87200.0
1990-06-16 15:00:00+00:00,35.76,8.05,596.0,258.58,388.0,367.7,4.48,197.0,87170.0
1990-06-16 16:00:00+00:00,35.17,8.65,555.0,466.17,251.0,376.6,4.9,204.0,87170.0
1990-06-16 17:00:00+00:00,33.62,9.85,130.0,0.0,130.0,373.5,4.0,197.0,87230.0
1990-06-16 18:00:00+00:00,32.88,10.9,62.0,0.0,62.0,391.7,1.93,194.0,87250.0
1990-06-16 19:00:00+00:00,32.2,11.7,27.0,126.98,19.0,379.9,1.93,20.0,87230.0
1990-06-16 20:00:00+00:00,30.95,13.35,0.0,0.0,0.0,369.45,3.38,34.0,87270.0
1990-06-16 21:00:00+00:00,29.5,14.65,0.0,0.0,0.0,356.5,3.52,37.0,87320.0
1990-06-16 22:00:00+00:00,28.55,15.7,0.0,0.0,0.0,351.45,3.31,30.0,87390.0
1990-06-16 23:00:00+00:00,27.53,16.75,0.0,0.0,0.0,352.2,2.62,12.0,87410.0
1990-06-17 00:00:00+00:00,26.31,18.55,0.0,0.0,0.0,346.4,2.34,1.0,87380.0
1990-06-17 01:00:00+00:00,24.8,22.05,0.0,0.0,0.0,327.95,2.48,360.0,87340.0
1990-06-17 02:00:00+00:00,23.5,24.4,0.0,0.0,0.0,324.75,2.21,353.0,87300.0
1990-06-17 03:00:00+00:00,22.51,27.05,0.0,0.0,0.0,326.3,1.52,352.0,87280.0
1990-06-17 04:00:00+00:00,21.31,31.05,0.0,0.0,0.0,319.5,1.52,5.0,87270.0
1990-06-17 05:00:00+00:00,20.46,30.9,0.0,0.0,0.0,315.25,1.59,17.0,87270.0
1990-06-17 06:00:00+00:00,20.9,29.75,82.0,223.59,51.0,306.95,1.31,25.0,87300.0
1990-06-17 07:00:00+00:00,24.0,22.75,263.0,386.68,130.0,309.25,0.76,343.0,87360.0
1990-06-17 08:00:00+00:00,26.17,18.55,476.0,555.85,176.0,323.75,0.9,30.0,87400.0
1990-06-17 09:00:00+00:00,28.96,15.7,682.0,686.22,193.0,330.75,2.28,72.0,87420.0
1990-06-17 10:00:00+00:00,31.29,12.9,841.0,732.24,218.0,334.6,3.03,96.0,87410.0
1990-06-17 11:00:00+00:00,33.07,11.35,956.0,774.64,224.0,340.6,3.31,122.0,87390.0
1990-06-17 12:00:00+00:00,34.4,9.95,1001.0,770.78,239.0,347.55,3.38,158.0,87390.0
1990-06-17 13:00:00+00:00,35.33,8.3,833.0,414.8,427.0,348.35,3.79,188.0,87320.0
1990-06-17 14:00:00+00:00,35.64,8.05,869.0,626.53,295.0,377.75,4.21,195.0,87240.0
1990-06-17 15:00:00+00:00,35.05,8.6,546.0,181.37,400.0,375.65,4.14,183.0,87220.0
1990-06-17 16:00:00+00:00,34.64,8.25,98.0,0.0,98.0,381.65,4.07,168.0,87170.0
1990-06-17 17:00:00+00:00,34.24,8.85,38.0,0.0,38.0,376.0,4.28,149.0,87170.0
1990-06-17 18:00:00+00:00,33.9,9.1,127.0,63.12,110.0,370.4,3.17,160.0,87180.0
1990-06-17 19:00:00+00:00,30.01,21.5,30.0,156.22,20.0,366.95,5.86,315.0,87310.0
1990-06-17 20:00:00+00:00,28.04,30.5,0.0,0.0,0.0,347.2,4.21,338.0,87380.0
1990-06-17 21:00:00+00:00,27.13,33.8,0.0,0.0,0.0,352.8,3.45,356.0,87420.0
1990-06-17 22:00:00+00:00,26.02,36.05,0.0,0.0,0.0,334.0,2.34,6.0,87460.0
1990-06-17 23:00:00+00:00,24.86,42.65,0.0,0.0,0.0,333.45,0.83,354.0,87500.0
1990-06-18 00:00:00+00:00,24.49,39.7,0.0,0.0,0.0,324.15,0.62,312.0,87510.0
1990-06-18 01:00:00+00:00,22.32,48.45,0.0,0.0,0.0,333.35,1.45,327.0,87490.0
1990-06-18 02:00:00+00:00,21.36,49.95,0.0,0.0,0.0,324.55,2.0,331.0,87440.0
1990-06-18 03:00:00+00:00,20.4,51.5,0.0,0.0,0.0,317.55,2.0,327.0,87410.0
1990-06-18 04:00:00+00:00,19.28,53.15,0.0,0.0,0.0,311.55,1.59,321.0,87390.0
1990-06-18 05:00:00+00:00,19.69,49.55,0.0,0.0,0.0,315.05,1.03,333.0,87410.0
1990-06-18 06:00:00+00:00,20.69,44.7,75.0,166.49,52.0,317.4,0.83,335.0,87460.0
1990-06-18 07:00:00+00:00,22.38,37.65,271.0,439.69,120.0,316.6,0.62,290.0,87520.0
1990-06-18 08:00:00+00:00,25.08,28.75,427.0,385.75,219.0,317.0,1.1,257.0,87560.0
1990-06-18 09:00:00+00:00,27.75,21.0,603.0,453.55,280.0,327.85,2.62,251.0,87580.0
1990-06-18 10:00:00+00:00,29.34,17.7,645.0,283.37,404.0,339.65,4.0,254.0,87610.0
1990-06-18 11:00:00+00:00,29.98,17.85,974.0,840.4,180.0,348.55,4.41,260.0,87610.0
1990-06-18 12:00:00+00:00,30.77,16.75,1021.0,839.57,191.0,354.35,3.59,272.0,87580.0
1990-06-18 13:00:00+00:00,31.56,15.75,512.0,49.03,464.0,357.45,3.1,262.0,87530.0
1990-06-18 14:00:00+00:00,32.41,14.7,800.0,474.61,365.0,362.65,3.1,251.0,87430.0
1990-06-18 15:00:00+00:00,33.25,13.3,315.0,8.69,308.0,369.85,3.45,241.0,87350.0
1990-06-18 16:00:00+00:00,33.34,13.3,158.0,0.0,158.0,364.4,3.79,227.0,87310.0
1990-06-18 17:00:00+00:00,32.85,13.2,344.0,303.61,201.0,382.8,3.03,231.0,87290.0
1990-06-18 18:00:00+00:00,30.28,19.35,208.0,444.06,88.0,376.6,5.03,267.0,87390.0
1990-06-18 19:00:00+00:00,27.88,27.25,29.0,138.54,20.0,363.65,5.1,320.0,87480.0
1990-06-18 20:00:00+00:00,27.04,28.25,0.0,0.0,0.0,363.05,3.38,327.0,87490.0
1990-06-18 21:00:00+00:00,26.21,32.35,0.0,0.0,0.0,346.8,2.69,344.0,87530.0
1990-06-18 22:00:00+00:00,25.14,35.8,0.0,0.0,0.0,332.65,2.28,349.0,87540.0
1990-06-18 23:00:00+00:00,24.03,41.0,0.0,0.0,0.0,326.1,1.93,339.0,87560.0
1990-06-19 00:00:00+00:00,22.83,45.25,0.0,0.0,0.0,320.85,1.93,328.0,87520.0
1990-06-19 01:00:00+00:00,21.68,50.05,0.0,0.0,0.0,314.6,2.0,324.0,87500.0
1990-06-19 02:00:00+00:00,20.55,55.45,0.0,0.0,0.0,308.5,1.86,322.0,87460.0
1990-06-19 03:00:00+00:00,19.42,61.3,0.0,0.0,0.0,307.7,1.72,321.0,87440.0
1990-06-19 04:00:00+00:00,18.35,65.55,0.0,0.0,0.0,307.3,1.66,316.0,87420.0
1990-06-19 05:00:00+00:00,17.51,65.45,0.0,0.0,0.0,308.5,1.66,313.0,87420.0
1990-06-19 06:00:00+00:00,17.03,65.35,81.0,218.04,51.0,306.55,1.52,310.0,87470.0
1990-06-19 07:00:00+00:00,20.05,55.3,274.0,457.94,117.0,305.55,1.1,319.0,87550.0
1990-06-19 08:00:00+00:00,24.36,39.55,481.0,592.22,162.0,314.3,0.97,336.0,87550.0
1990-06-19 09:00:00+00:00,27.02,26.25,626.0,519.89,256.0,332.65,0.69,344.0,87580.0
1990-06-19 10:00:00+00:00,29.34,19.85,640.0,276.43,405.0,345.45,0.28,307.0,87580.0
1990-06-19 11:00:00+00:00,31.07,16.25,778.0,375.83,423.0,354.15,1.1,258.0,87570.0
1990-06-19 12:00:00+00:00,32.42,14.15,826.0,391.47,439.0,354.15,2.14,274.0,87550.0
1990-06-19 13:00:00+00:00,32.96,13.7,794.0,351.33,450.0,378.55,2.83,275.0,87520.0
1990-06-19 14:00:00+00:00,32.85,13.2,879.0,659.83,274.0,379.7,3.1,283.0,87460.0
1990-06-19 15:00:00+00:00,33.17,12.8,773.0,682.3,223.0,399.65,3.31,295.0,87430.0
1990-06-19 16:00:00+00:00,33.07,12.8,610.0,654.16,182.0,382.4,3.79,306.0,87390.0
1990-06-19 17:00:00+00:00,32.1,14.15,359.0,353.96,192.0,375.85,4.21,320.0,87410.0
1990-06-19 18:00:00+00:00,30.35,17.3,105.0,25.82,98.0,383.0,4.55,332.0,87490.0
1990-06-19 19:00:00+00:00,29.88,16.55,19.0,30.37,17.0,363.05,5.45,327.0,87460.0
1990-06-19 20:00:00+00:00,28.32,18.9,0.0,0.0,0.0,374.45,5.24,332.0,87540.0
1990-06-19 21:00:00+00:00,26.71,20.1,0.0,0.0,0.0,341.4,5.24,334.0,87630.0
1990-06-19 22:00:00+00:00,25.28,23.0,0.0,0.0,0.0,325.5,4.28,346.0,87670.0
1990-06-19 23:00:00+00:00,24.15,25.5,0.0,0.0,0.0,320.65,2.83,359.0,87680.0
1990-06-20 00:00:00+00:00,22.91,30.3,0.0,0.0,0.0,313.3,2.0,350.0,87650.0
1990-06-20 01:00:00+00:00,21.8,33.6,0.0,0.0,0.0,318.05,2.0,323.0,87640.0
1990-06-20 02:00:00+00:00,20.91,37.25,0.0,0.0,0.0,321.85,2.21,316.0,87620.0
1990-06-20 03:00:00+00:00,20.25,39.95,0.0,0.0,0.0,322.05,2.14,322.0,87600.0
1990-06-20 04:00:00+00:00,19.85,42.85,0.0,0.0,0.0,326.3,1.79,353.0,87550.0
1990-06-20 05:00:00+00:00,19.04,44.3,0.0,0.0,0.0,325.9,1.31,5.0,87520.0
1990-06-20 06:00:00+00:00,19.53,42.85,8.0,0.0,8.0,314.5,0.9,315.0,87580.0
1990-06-20 07:00:00+00:00,21.65,37.5,33.0,0.0,33.0,311.0,0.69,298.0,87630.0
1990-06-20 08:00:00+00:00,24.86,27.6,454.0,483.22,194.0,325.1,0.28,284.0,87650.0
1990-06-20 09:00:00+00:00,27.36,21.0,614.0,486.52,268.0,336.35,0.28,94.0,87670.0
1990-06-20 10:00:00+00:00,29.53,17.7,607.0,223.59,417.0,348.15,0.41,148.0,87660.0
1990-06-20 11:00:00+00:00,31.05,14.95,767.0,356.85,430.0,365.95,1.24,226.0,87660.0
1990-06-20 12:00:00+00:00,32.32,13.65,552.0,68.79,484.0,378.75,2.28,232.0,87630.0
1990-06-20 13:00:00+00:00,33.23,11.85,266.0,0.0,266.0,384.55,3.31,238.0,87570.0
1990-06-20 14:00:00+00:00,33.59,11.1,761.0,391.39,402.0,388.0,4.28,242.0,87480.0
1990-06-20 15:00:00+00:00,32.99,11.8,672.0,412.84,339.0,384.15,4.55,230.0,87440.0
1990-06-20 16:00:00+00:00,32.27,12.15,614.0,667.24,177.0,370.0,2.55,249.0,87430.0
1990-06-20 17:00:00+00:00,31.49,14.5,428.0,643.3,124.0,359.75,4.41,319.0,87470.0
1990-06-20 18:00:00+00:00,29.58,19.95,223.0,525.89,80.0,371.2,5.93,336.0,87510.0
1990-06-20 19:00:00+00:00,29.06,19.85,25.0,59.99,21.0,367.9,4.0,300.0,87510.0
1990-06-20 20:00:00+00:00,27.96,22.65,0.0,0.0,0.0,352.2,2.28,313.0,87530.0
1990-06-20 21:00:00+00:00,26.94,26.1,0.0,0.0,0.0,350.1,1.24,325.0,87580.0
1990-06-20 22:00:00+00:00,25.88,28.9,0.0,0.0,0.0,348.15,1.72,325.0,87620.0
1990-06-20 23:00:00+00:00,24.98,31.95,0.0,0.0,0.0,337.7,2.14,325.0,87620.0
1990-06-21 00:00:00+00:00,23.41,37.9,0.0,0.0,0.0,325.5,1.93,325.0,87610.0
1990-06-21 01:00:00+00:00,21.8,43.4,0.0,0.0,0.0,317.1,1.79,324.0,87580.0
1990-06-21 02:00:00+00:00,20.22,49.7,0.0,0.0,0.0,311.95,1.59,317.0,87520.0
1990-06-21 03:00:00+00:00,19.16,53.15,0.0,0.0,0.0,314.85,1.52,312.0,87500.0
1990-06-21 04:00:00+00:00,18.49,54.95,0.0,0.0,0.0,316.6,1.52,312.0,87480.0
1990-06-21 05:00:00+00:00,18.11,54.85,0.0,0.0,0.0,310.8,1.31,303.0,87510.0
1990-06-21 06:00:00+00:00,18.31,51.0,83.0,249.47,49.0,307.7,1.03,298.0,87560.0
1990-06-21 07:00:00+00:00,21.53,38.9,275.0,462.63,117.0,310.2,0.83,300.0,87570.0
1990-06-21 08:00:00+00:00,24.82,28.65,503.0,682.88,136.0,313.9,0.9,305.0,87600.0
1990-06-21 09:00:00+00:00,27.82,20.25,705.0,776.76,153.0,323.2,0.97,294.0,87570.0
1990-06-21 10:00:00+00:00,30.36,16.0,870.0,828.86,166.0,333.25,1.24,274.0,87570.0
1990-06-21 11:00:00+00:00,32.12,12.15,985.0,858.99,174.0,344.65,1.79,266.0,87550.0
1990-06-21 12:00:00+00:00,33.15,11.4,1044.0,884.17,170.0,353.0,2.69,270.0,87520.0
1990-06-21 13:00:00+00:00,34.17,10.35,988.0,765.75,238.0,362.3,3.31,279.0,87470.0
1990-06-21 14:00:00+00:00,33.78,11.1,426.0,25.07,403.0,369.65,4.0,304.0,87420.0
1990-06-21 15:00:00+00:00,33.64,11.1,73.0,0.0,73.0,376.4,4.14,322.0,87380.0
1990-06-21 16:00:00+00:00,32.88,11.8,583.0,550.68,222.0,366.55,5.1,312.0,87420.0
1990-06-21 17:00:00+00:00,31.37,13.95,427.0,631.77,128.0,363.25,6.14,306.0,87470.0
1990-06-21 18:00:00+00:00,29.47,17.7,105.0,22.0,99.0,363.05,4.55,291.0,87490.0
1990-06-21 19:00:00+00:00,28.23,19.6,34.0,177.93,22.0,343.3,4.07,280.0,87450.0
1990-06-21 20:00:00+00:00,26.66,21.7,0.0,0.0,0.0,324.75,2.62,283.0,87440.0
1990-06-21 21:00:00+00:00,25.28,26.7,0.0,0.0,0.0,315.25,2.69,296.0,87500.0
1990-06-21 22:00:00+00:00,23.97,30.55,0.0,0.0,0.0,306.55,2.9,307.0,87560.0
1990-06-21 23:00:00+00:00,22.93,33.85,0.0,0.0,0.0,301.5,3.1,315.0,87600.0
1990-06-22 00:00:00+00:00,21.91,34.85,0.0,0.0,0.0,299.0,2.97,322.0,87580.0
1990-06-22 01:00:00+00:00,20.77,37.25,0.0,0.0,0.0,296.95,2.48,322.0,87550.0
1990-06-22 02:00:00+00:00,19.62,39.8,0.0,0.0,0.0,294.75,2.14,320.0,87510.0
1990-06-22 03:00:00+00:00,18.62,42.6,0.0,0.0,0.0,292.05,1.93,317.0,87480.0
1990-06-22 04:00:00+00:00,17.68,45.55,0.0,0.0,0.0,289.7,1.79,313.0,87460.0
1990-06-22 05:00:00+00:00,16.63,48.9,0.0,0.0,0.0,287.75,1.66,309.0,87460.0
1990-06-22 06:00:00+00:00,15.83,54.35,89.0,309.86,47.0,285.85,1.38,305.0,87480.0
1990-06-22 07:00:00+00:00,19.07,47.65,294.0,566.32,101.0,287.55,0.97,310.0,87520.0
1990-06-22 08:00:00+00:00,23.85,29.45,511.0,694.91,138.0,294.55,0.83,326.0,87540.0
1990-06-22 09:00:00+00:00,27.01,19.5,716.0,788.64,156.0,306.15,0.69,344.0,87520.0
1990-06-22 10:00:00+00:00,29.53,14.65,882.0,839.87,169.0,315.65,0.34,11.0,87500.0
1990-06-22 11:00:00+00:00,31.39,10.65,1009.0,893.12,166.0,324.95,0.28,143.0,87480.0
1990-06-22 12:00:00+00:00,32.67,9.7,1058.0,894.35,174.0,330.95,0.9,176.0,87460.0
1990-06-22 13:00:00+00:00,33.67,9.1,1052.0,903.47,167.0,336.35,1.03,200.0,87400.0
1990-06-22 14:00:00+00:00,34.4,8.5,981.0,896.65,158.0,340.6,0.9,214.0,87340.0
1990-06-22 15:00:00+00:00,34.81,8.25,831.0,823.48,166.0,344.5,0.62,240.0,87260.0
1990-06-22 16:00:00+00:00,34.92,7.9,657.0,784.89,142.0,345.45,0.34,308.0,87210.0
1990-06-22 17:00:00+00:00,34.82,7.9,443.0,677.29,122.0,342.55,1.66,329.0,87190.0
1990-06-22 18:00:00+00:00,33.8,9.1,217.0,464.53,90.0,344.65,4.0,333.0,87180.0
1990-06-22 19:00:00+00:00,31.97,10.7,30.0,117.41,22.0,345.25,5.45,336.0,87230.0
1990-06-22 20:00:00+00:00,29.83,14.2,0.0,0.0,0.0,339.65,5.59,340.0,87260.0
1990-06-22 21:00:00+00:00,28.03,16.2,0.0,0.0,0.0,323.4,4.41,339.0,87320.0
1990-06-22 22:00:00+00:00,26.54,18.65,0.0,0.0,0.0,323.55,3.66,331.0,87360.0
1990-06-22 23:00:00+00:00,25.04,22.15,0.0,0.0,0.0,319.3,3.17,324.0,87380.0
1990-06-23 00:00:00+00:00,23.44,27.2,0.0,0.0,0.0,306.55,2.76,323.0,87370.0
1990-06-23 01:00:00+00:00,22.09,31.3,0.0,0.0,0.0,302.0,2.69,325.0,87360.0
1990-06-23 02:00:00+00:00,20.97,34.7,0.0,0.0,0.0,302.5,2.55,326.0,87330.0
1990-06-23 03:00:00+00:00,19.97,38.5,0.0,0.0,0.0,299.2,2.34,322.0,87290.0
1990-06-23 04:00:00+00:00,19.26,42.7,0.0,0.0,0.0,299.95,2.0,317.0,87290.0
1990-06-23 05:00:00+00:00,18.63,44.2,0.0,0.0,0.0,296.65,1.79,318.0,87320.0
1990-06-23 06:00:00+00:00,18.33,45.7,87.0,289.43,48.0,299.75,1.66,320.0,87350.0
1990-06-23 07:00:00+00:00,20.48,38.65,286.0,532.32,105.0,305.55,1.38,326.0,87380.0
1990-06-23 08:00:00+00:00,25.09,25.75,503.0,680.9,138.0,314.3,1.17,4.0,87380.0
1990-06-23 09:00:00+00:00,28.32,18.9,722.0,818.9,141.0,316.8,2.28,65.0,87380.0
1990-06-23 10:00:00+00:00,30.9,13.85,895.0,885.1,144.0,325.9,4.34,93.0,87350.0
1990-06-23 11:00:00+00:00,32.57,11.8,1014.0,916.69,149.0,333.45,4.62,118.0,87310.0
1990-06-23 12:00:00+00:00,34.07,10.65,996.0,747.71,257.0,337.5,4.9,136.0,87280.0
1990-06-23 13:00:00+00:00,35.07,9.65,934.0,618.58,328.0,345.25,5.17,147.0,87220.0
1990-06-23 14:00:00+00:00,35.43,8.3,945.0,819.04,193.0,348.15,5.17,157.0,87150.0
1990-06-23 15:00:00+00:00,35.49,7.7,727.0,530.95,298.0,360.75,5.17,165.0,87110.0
1990-06-23 16:00:00+00:00,34.91,7.3,143.0,0.0,143.0,381.05,4.69,173.0,87080.0
1990-06-23 17:00:00+00:00,34.25,7.55,86.0,0.0,86.0,375.25,4.14,176.0,87060.0
1990-06-23 18:00:00+00:00,33.47,8.35,229.0,543.7,80.0,368.65,3.52,173.0,87070.0
1990-06-23 19:00:00+00:00,32.81,9.7,11.0,0.0,11.0,353.2,2.28,142.0,87090.0
1990-06-23 20:00:00+00:00,31.58,11.15,0.0,0.0,0.0,344.5,1.52,76.0,87120.0
1990-06-23 21:00:00+00:00,30.05,13.75,0.0,0.0,0.0,358.6,2.48,40.0,87190.0
1990-06-23 22:00:00+00:00,28.32,17.5,0.0,0.0,0.0,342.95,2.48,27.0,87230.0
1990-06-23 23:00:00+00:00,26.71,20.1,0.0,0.0,0.0,331.9,2.07,12.0,87280.0
1990-06-24 00:00:00+00:00,24.9,26.6,0.0,0.0,0.0,329.4,1.59,355.0,87270.0
1990-06-24 01:00:00+00:00,23.76,30.55,0.0,0.0,0.0,333.95,1.17,324.0,87290.0
1990-06-24 02:00:00+00:00,22.93,31.45,0.0,0.0,0.0,320.65,0.9,304.0,87290.0
1990-06-24 03:00:00+00:00,23.56,27.35,0.0,0.0,0.0,317.4,0.55,302.0,87300.0
1990-06-24 04:00:00+00:00,23.63,25.35,0.0,0.0,0.0,315.85,0.34,321.0,87320.0
1990-06-24 05:00:00+00:00,23.24,25.2,0.0,0.0,0.0,317.2,0.28,358.0,87340.0
1990-06-24 06:00:00+00:00,22.69,25.1,76.0,194.18,50.0,307.5,0.41,59.0,87400.0
1990-06-24 07:00:00+00:00,23.65,23.5,283.0,527.71,104.0,311.2,1.03,38.0,87500.0
1990-06-24 08:00:00+00:00,25.87,19.9,506.0,700.53,131.0,316.8,1.86,58.0,87530.0
1990-06-24 09:00:00+00:00,28.45,16.85,688.0,723.69,175.0,325.7,2.62,90.0,87570.0
1990-06-24 10:00:00+00:00,30.18,14.85,849.0,773.56,193.0,333.45,2.9,122.0,87530.0
1990-06-24 11:00:00+00:00,31.71,13.55,968.0,817.33,197.0,338.65,3.38,143.0,87530.0
1990-06-24 12:00:00+00:00,32.98,13.2,1027.0,845.94,191.0,347.55,3.66,152.0,87480.0
1990-06-24 13:00:00+00:00,33.93,11.95,1028.0,869.61,176.0,347.75,3.52,158.0,87420.0
1990-06-24 14:00:00+00:00,34.54,11.6,380.0,10.89,370.0,354.35,3.31,160.0,87350.0
1990-06-24 15:00:00+00:00,34.93,10.85,490.0,111.33,400.0,353.2,3.1,160.0,87300.0
1990-06-24 16:00:00+00:00,34.73,10.4,194.0,0.0,194.0,358.0,2.9,169.0,87260.0
1990-06-24 17:00:00+00:00,33.08,12.8,38.0,0.0,38.0,371.4,4.69,179.0,87320.0
1990-06-24 18:00:00+00:00,30.74,17.4,19.0,0.0,19.0,368.85,5.45,175.0,87450.0
1990-06-24 19:00:00+00:00,29.81,19.95,17.0,14.42,16.0,358.8,3.45,190.0,87450.0
1990-06-24 20:00:00+00:00,28.43,23.6,0.0,0.0,0.0,357.45,0.9,240.0,87500.0
1990-06-24 21:00:00+00:00,27.05,26.25,0.0,0.0,0.0,339.85,1.31,3.0,87560.0
1990-06-24 22:00:00+00:00,26.32,26.95,0.0,0.0,0.0,347.4,2.55,28.0,87630.0
1990-06-24 23:00:00+00:00,25.62,26.85,0.0,0.0,0.0,349.5,2.76,39.0,87670.0
1990-06-25 00:00:00+00:00,24.62,27.6,0.0,0.0,0.0,331.3,3.31,41.0,87660.0
1990-06-25 01:00:00+00:00,23.75,29.45,0.0,0.0,0.0,324.85,3.03,32.0,87620.0
1990-06-25 02:00:00+00:00,23.12,30.4,0.0,0.0,0.0,326.5,2.34,5.0,87560.0
1990-06-25 03:00:00+00:00,22.13,32.5,0.0,0.0,0.0,320.85,2.07,334.0,87530.0
1990-06-25 04:00:00+00:00,21.01,34.7,0.0,0.0,0.0,315.85,1.79,319.0,87520.0
1990-06-25 05:00:00+00:00,19.8,42.85,0.0,0.0,0.0,315.25,1.24,309.0,87550.0
1990-06-25 06:00:00+00:00,19.92,42.85,84.0,278.23,47.0,319.3,0.69,302.0,87630.0
1990-06-25 07:00:00+00:00,22.06,36.3,297.0,605.91,92.0,309.65,0.83,312.0,87680.0
1990-06-25 08:00:00+00:00,25.41,25.75,331.0,147.79,252.0,323.75,0.76,328.0,87740.0
1990-06-25 09:00:00+00:00,27.89,20.25,683.0,717.3,175.0,328.4,0.76,7.0,87770.0
1990-06-25 10:00:00+00:00,29.84,17.85,741.0,483.75,331.0,341.55,1.03,76.0,87770.0
1990-06-25 11:00:00+00:00,31.36,16.25,839.0,502.64,365.0,346.4,1.38,111.0,87760.0
1990-06-25 12:00:00+00:00,32.66,14.25,841.0,422.01,424.0,353.95,1.45,122.0,87730.0
1990-06-25 13:00:00+00:00,33.41,13.3,872.0,497.03,385.0,360.15,1.17,119.0,87660.0
1990-06-25 14:00:00+00:00,33.38,12.8,829.0,532.31,340.0,374.65,0.9,111.0,87590.0
1990-06-25 15:00:00+00:00,33.39,12.8,744.0,592.26,265.0,393.45,0.83,128.0,87560.0
1990-06-25 16:00:00+00:00,33.33,12.35,651.0,784.57,135.0,389.55,0.21,165.0,87520.0
1990-06-25 17:00:00+00:00,33.17,11.85,46.0,0.0,46.0,376.6,0.9,281.0,87490.0
1990-06-25 18:00:00+00:00,32.61,12.7,50.0,0.0,50.0,382.6,2.34,261.0,87520.0
1990-06-25 19:00:00+00:00,29.58,19.95,28.0,85.91,22.0,372.15,3.03,230.0,87660.0
1990-06-25 20:00:00+00:00,27.69,26.25,0.0,0.0,0.0,354.95,4.62,261.0,87760.0
1990-06-25 21:00:00+00:00,26.05,30.1,0.0,0.0,0.0,362.65,5.03,286.0,87810.0
1990-06-25 22:00:00+00:00,25.06,34.5,0.0,0.0,0.0,359.55,4.0,305.0,87840.0
1990-06-25 23:00:00+00:00,24.24,38.15,0.0,0.0,0.0,338.65,2.62,319.0,87850.0
1990-06-26 00:00:00+00:00,23.68,40.9,0.0,0.0,0.0,342.75,2.21,318.0,87810.0
1990-06-26 01:00:00+00:00,22.8,43.65,0.0,0.0,0.0,330.45,2.28,319.0,87750.0
1990-06-26 02:00:00+00:00,21.82,46.6,0.0,0.0,0.0,323.0,2.07,327.0,87670.0
1990-06-26 03:00:00+00:00,20.77,51.65,0.0,0.0,0.0,315.45,1.59,333.0,87620.0
1990-06-26 04:00:00+00:00,19.9,55.2,0.0,0.0,0.0,312.35,1.17,319.0,87610.0
1990-06-26 05:00:00+00:00,19.05,57.1,0.0,0.0,0.0,304.4,1.17,306.0,87620.0
1990-06-26 06:00:00+00:00,18.55,54.95,83.0,272.69,47.0,303.65,1.17,304.0,87650.0
1990-06-26 07:00:00+00:00,21.2,49.95,282.0,533.46,102.0,307.1,1.17,314.0,87680.0
1990-06-26 08:00:00+00:00,25.49,30.95,494.0,667.02,138.0,312.75,1.31,324.0,87730.0
1990-06-26 09:00:00+00:00,28.21,21.95,699.0,771.69,153.0,324.15,1.24,342.0,87730.0
1990-06-26 10:00:00+00:00,30.18,17.3,836.0,740.23,209.0,336.75,0.69,47.0,87700.0
1990-06-26 11:00:00+00:00,31.83,14.6,439.0,25.46,415.0,342.15,0.9,123.0,87690.0
1990-06-26 12:00:00+00:00,32.86,12.7,922.0,586.03,343.0,351.05,1.31,172.0,87680.0
1990-06-26 13:00:00+00:00,33.71,11.5,1002.0,809.29,209.0,365.95,1.79,205.0,87610.0
1990-06-26 14:00:00+00:00,33.98,11.1,893.0,689.99,259.0,382.0,2.41,219.0,87550.0
1990-06-26 15:00:00+00:00,33.97,11.1,344.0,16.07,331.0,381.65,2.41,238.0,87480.0
1990-06-26 16:00:00+00:00,33.54,11.4,245.0,7.6,240.0,390.75,2.28,265.0,87460.0
1990-06-26 17:00:00+00:00,33.3,11.4,421.0,594.31,138.0,386.1,3.38,311.0,87440.0
1990-06-26 18:00:00+00:00,32.25,13.65,130.0,65.29,112.0,373.7,5.52,330.0,87470.0
1990-06-26 19:00:00+00:00,30.44,17.3,13.0,0.0,13.0,352.6,5.17,333.0,87520.0
1990-06-26 20:00:00+00:00,29.13,20.6,0.0,0.0,0.0,367.3,3.17,355.0,87580.0
1990-06-26 21:00:00+00:00,27.72,24.4,0.0,0.0,0.0,357.65,2.0,37.0,87680.0
1990-06-26 22:00:00+00:00,26.56,26.1,0.0,0.0,0.0,343.7,1.93,58.0,87740.0
1990-06-26 23:00:00+00:00,25.63,28.9,0.0,0.0,0.0,339.05,1.66,47.0,87730.0
1990-06-27 00:00:00+00:00,24.5,31.95,0.0,0.0,0.0,328.8,1.79,1.0,87700.0
1990-06-27 01:00:00+00:00,23.55,34.1,0.0,0.0,0.0,321.55,2.28,335.0,87640.0
1990-06-27 02:00:00+00:00,22.7,37.75,0.0,0.0,0.0,320.65,2.34,330.0,87580.0
1990-06-27 03:00:00+00:00,21.41,43.25,0.0,0.0,0.0,316.05,2.07,332.0,87550.0
1990-06-27 04:00:00+00:00,20.2,47.9,0.0,0.0,0.0,312.55,1.79,329.0,87520.0
1990-06-27 05:00:00+00:00,18.95,51.25,0.0,0.0,0.0,309.25,1.59,318.0,87520.0
1990-06-27 06:00:00+00:00,18.19,56.85,82.0,274.81,46.0,307.5,1.52,308.0,87550.0
1990-06-27 07:00:00+00:00,21.01,46.5,279.0,517.14,105.0,317.2,1.03,306.0,87600.0
1990-06-27 08:00:00+00:00,24.79,33.15,494.0,668.08,138.0,323.0,0.76,302.0,87630.0
1990-06-27 09:00:00+00:00,27.4,23.5,700.0,773.87,153.0,329.4,0.55,269.0,87600.0
1990-06-27 10:00:00+00:00,29.67,19.25,837.0,741.88,209.0,334.6,0.55,265.0,87590.0
1990-06-27 11:00:00+00:00,31.67,15.75,971.0,831.96,187.0,346.6,0.83,256.0,87560.0
1990-06-27 12:00:00+00:00,32.87,13.2,1037.0,871.59,176.0,353.55,0.69,298.0,87530.0
1990-06-27 13:00:00+00:00,33.86,11.5,1016.0,842.94,190.0,359.55,1.31,340.0,87480.0
1990-06-27 14:00:00+00:00,34.38,10.75,932.0,793.21,203.0,371.75,1.59,338.0,87410.0
1990-06-27 15:00:00+00:00,34.41,9.95,784.0,700.49,217.0,379.1,1.72,336.0,87360.0
1990-06-27 16:00:00+00:00,34.53,9.55,576.0,516.3,236.0,374.85,1.86,325.0,87320.0
1990-06-27 17:00:00+00:00,34.43,8.85,220.0,39.86,201.0,363.65,2.21,311.0,87280.0
1990-06-27 18:00:00+00:00,33.75,9.1,86.0,3.62,85.0,365.95,2.07,345.0,87300.0
1990-06-27 19:00:00+00:00,32.46,11.7,16.0,0.0,16.0,381.45,3.66,51.0,87310.0
1990-06-27 20:00:00+00:00,31.1,13.45,0.0,0.0,0.0,363.45,3.59,62.0,87360.0
1990-06-27 21:00:00+00:00,29.8,15.9,0.0,0.0,0.0,354.75,2.62,56.0,87430.0
1990-06-27 22:00:00+00:00,28.3,18.9,0.0,0.0,0.0,345.25,2.14,31.0,87510.0
1990-06-27 23:00:00+00:00,26.62,20.9,0.0,0.0,0.0,339.65,2.41,24.0,87560.0
1990-06-28 00:00:00+00:00,25.11,24.8,0.0,0.0,0.0,335.2,2.69,18.0,87550.0
1990-06-28 01:00:00+00:00,24.07,27.45,0.0,0.0,0.0,337.4,2.62,3.0,87540.0
1990-06-28 02:00:00+00:00,23.01,29.3,0.0,0.0,0.0,323.55,2.41,348.0,87500.0
1990-06-28 03:00:00+00:00,22.13,31.3,0.0,0.0,0.0,326.5,2.0,335.0,87470.0
1990-06-28 04:00:00+00:00,21.28,33.45,0.0,0.0,0.0,317.55,1.72,320.0,87470.0
1990-06-28 05:00:00+00:00,20.45,34.55,0.0,0.0,0.0,313.9,1.72,318.0,87470.0
1990-06-28 06:00:00+00:00,19.9,36.95,79.0,253.98,46.0,313.1,1.79,320.0,87490.0
1990-06-28 07:00:00+00:00,21.93,33.6,275.0,503.77,106.0,308.65,1.66,318.0,87520.0
1990-06-28 08:00:00+00:00,26.27,22.4,500.0,695.5,130.0,316.2,1.59,322.0,87520.0
1990-06-28 09:00:00+00:00,28.83,18.3,698.0,770.42,154.0,326.85,1.17,347.0,87520.0
1990-06-28 10:00:00+00:00,30.82,16.15,859.0,813.28,171.0,337.5,1.24,64.0,87510.0
1990-06-28 11:00:00+00:00,32.41,14.7,979.0,855.63,173.0,344.1,2.21,101.0,87520.0
1990-06-28 12:00:00+00:00,33.4,13.8,1018.0,827.18,201.0,352.8,2.07,112.0,87480.0
1990-06-28 13:00:00+00:00,33.99,12.9,980.0,748.02,247.0,366.55,1.52,111.0,87430.0
1990-06-28 14:00:00+00:00,34.22,12.5,842.0,559.17,328.0,388.2,1.03,97.0,87370.0
1990-06-28 15:00:00+00:00,34.09,12.05,384.0,32.11,358.0,399.25,0.76,68.0,87330.0
1990-06-28 16:00:00+00:00,33.69,11.95,57.0,0.0,57.0,403.5,0.76,61.0,87280.0
1990-06-28 17:00:00+00:00,32.87,13.2,183.0,12.58,177.0,397.3,1.31,120.0,87280.0
1990-06-28 18:00:00+00:00,31.65,16.35,188.0,282.14,110.0,393.45,1.45,162.0,87350.0
1990-06-28 19:00:00+00:00,30.85,16.75,31.0,112.8,23.0,376.2,0.62,222.0,87350.0
1990-06-28 20:00:00+00:00,30.13,17.3,0.0,0.0,0.0,375.65,2.48,322.0,87400.0
1990-06-28 21:00:00+00:00,29.14,19.1,0.0,0.0,0.0,386.85,3.59,338.0,87460.0
1990-06-28 22:00:00+00:00,27.86,22.65,0.0,0.0,0.0,365.4,3.45,353.0,87530.0
1990-06-28 23:00:00+00:00,27.07,23.5,0.0,0.0,0.0,366.15,2.76,351.0,87540.0
1990-06-29 00:00:00+00:00,25.87,26.85,0.0,0.0,0.0,346.0,2.14,333.0,87500.0
1990-06-29 01:00:00+00:00,24.58,30.8,0.0,0.0,0.0,337.25,2.0,322.0,87470.0
1990-06-29 02:00:00+00:00,23.34,35.25,0.0,0.0,0.0,323.2,1.79,318.0,87430.0
1990-06-29 03:00:00+00:00,22.26,37.65,0.0,0.0,0.0,317.75,1.72,319.0,87400.0
1990-06-29 04:00:00+00:00,21.2,40.2,0.0,0.0,0.0,317.95,1.79,320.0,87380.0
1990-06-29 05:00:00+00:00,20.13,44.6,0.0,0.0,0.0,315.25,1.72,322.0,87380.0
1990-06-29 06:00:00+00:00,19.63,46.1,79.0,256.19,46.0,315.45,1.52,321.0,87430.0
1990-06-29 07:00:00+00:00,21.84,41.85,272.0,496.36,106.0,313.9,1.24,328.0,87430.0
1990-06-29 08:00:00+00:00,26.2,25.05,486.0,647.73,142.0,322.8,1.03,345.0,87460.0
1990-06-29 09:00:00+00:00,28.96,18.3,690.0,754.23,158.0,343.7,0.83,46.0,87460.0
1990-06-29 10:00:00+00:00,31.12,14.5,849.0,793.72,178.0,342.15,1.79,108.0,87460.0
1990-06-29 11:00:00+00:00,32.6,13.2,969.0,838.98,179.0,347.95,2.28,130.0,87460.0
1990-06-29 12:00:00+00:00,33.58,12.45,1024.0,852.65,182.0,356.85,2.34,142.0,87410.0
1990-06-29 13:00:00+00:00,34.34,12.05,992.0,788.84,219.0,367.5,2.28,147.0,87360.0
1990-06-29 14:00:00+00:00,34.28,11.6,875.0,645.01,282.0,396.55,2.0,156.0,87310.0
1990-06-29 15:00:00+00:00,33.94,11.95,612.0,285.19,381.0,403.5,1.17,166.0,87260.0
1990-06-29 16:00:00+00:00,33.63,11.95,441.0,189.62,316.0,401.0,0.14,170.0,87230.0
1990-06-29 17:00:00+00:00,33.5,12.35,331.0,249.3,212.0,389.4,0.41,6.0,87210.0
1990-06-29 18:00:00+00:00,33.2,12.35,41.0,0.0,41.0,394.2,0.41,344.0,87230.0
1990-06-29 19:00:00+00:00,31.76,15.15,24.0,42.17,21.0,380.1,2.76,323.0,87290.0
1990-06-29 20:00:00+00:00,30.03,19.95,0.0,0.0,0.0,397.9,3.66,313.0,87350.0
1990-06-29 21:00:00+00:00,28.53,24.65,0.0,0.0,0.0,379.5,4.34,288.0,87440.0
1990-06-29 22:00:00+00:00,27.16,30.35,0.0,0.0,0.0,368.45,4.83,289.0,87470.0
1990-06-29 23:00:00+00:00,25.81,35.9,0.0,0.0,0.0,340.6,4.28,302.0,87500.0
1990-06-30 00:00:00+00:00,24.83,39.7,0.0,0.0,0.0,331.5,2.83,319.0,87450.0
1990-06-30 01:00:00+00:00,23.82,42.35,0.0,0.0,0.0,323.5,1.72,337.0,87430.0
1990-06-30 02:00:00+00:00,22.74,46.85,0.0,0.0,0.0,325.5,1.03,346.0,87390.0
1990-06-30 03:00:00+00:00,21.79,48.3,0.0,0.0,0.0,317.95,1.1,326.0,87370.0
1990-06-30 04:00:00+00:00,20.48,51.65,0.0,0.0,0.0,312.35,1.38,318.0,87370.0
1990-06-30 05:00:00+00:00,20.01,51.5,0.0,0.0,0.0,310.2,1.31,319.0,87390.0
1990-06-30 06:00:00+00:00,20.39,49.7,79.0,266.37,45.0,308.3,0.97,319.0,87460.0
1990-06-30 07:00:00+00:00,23.68,38.05,287.0,581.96,93.0,313.9,0.69,334.0,87510.0
1990-06-30 08:00:00+00:00,25.8,29.95,499.0,699.81,128.0,318.95,0.55,4.0,87530.0
1990-06-30 09:00:00+00:00,28.15,24.5,705.0,799.05,142.0,328.4,0.55,74.0,87560.0
1990-06-30 10:00:00+00:00,30.0,20.7,869.0,842.8,157.0,338.1,1.17,118.0,87560.0
1990-06-30 11:00:00+00:00,31.59,16.35,986.0,875.45,162.0,346.6,1.72,133.0,87550.0
1990-06-30 12:00:00+00:00,32.83,13.7,1037.0,878.14,170.0,356.85,1.86,138.0,87510.0
1990-06-30 13:00:00+00:00,33.66,11.5,955.0,688.85,280.0,361.3,1.72,131.0,87460.0
1990-06-30 14:00:00+00:00,33.98,11.1,897.0,701.48,252.0,364.6,1.93,118.0,87390.0
1990-06-30 15:00:00+00:00,34.37,10.35,564.0,206.12,397.0,366.95,2.34,120.0,87320.0
1990-06-30 16:00:00+00:00,34.92,4.45,238.0,6.07,234.0,378.82,3.29,120.0,87290.0
1990-06-30 17:00:00+00:00,33.65,8.73,234.0,54.44,208.0,372.57,3.2,118.0,87260.0
1990-06-30 18:00:00+00:00,32.38,13.01,187.0,274.36,111.0,366.31,3.1,111.0,87260.0
1990-06-30 19:00:00+00:00,31.12,17.3,21.0,14.03,20.0,360.06,3.01,351.0,87350.0
1990-06-30 20:00:00+00:00,29.85,21.58,0.0,0.0,0.0,353.81,2.91,338.0,87360.0
1990-06-30 21:00:00+00:00,28.58,25.86,0.0,0.0,0.0,347.55,2.82,336.0,87440.0
1990-06-30 22:00:00+00:00,27.31,30.14,0.0,0.0,0.0,341.3,2.72,337.0,87520.0
1990-06-30 23:00:00+00:00,26.04,34.42,0.0,0.0,0.0,335.04,2.63,338.0,87550.0
1990-07-01 00:00:00+00:00,24.78,38.7,0.0,0.0,0.0,328.79,2.53,320.0,87140.0
1990-07-01 01:00:00+00:00,23.51,42.98,0.0,0.0,0.0,322.53,2.43,317.0,87110.0
1990-07-01 02:00:00+00:00,22.24,47.27,0.0,0.0,0.0,316.28,2.34,317.0,87080.0
1990-07-01 03:00:00+00:00,20.97,51.55,0.0,0.0,0.0,310.03,2.24,315.0,87070.0
1990-07-01 04:00:00+00:00,19.7,55.83,0.0,0.0,0.0,303.77,2.15,315.0,87080.0
1990-07-01 05:00:00+00:00,18.43,60.11,0.0,0.0,0.0,297.52,2.05,317.0,87100.0
1990-07-01 06:00:00+00:00,17.17,64.39,78.0,261.02,45.0,291.26,1.96,319.0,87110.0
1990-07-01 07:00:00+00:00,15.9,68.67,283.0,544.78,102.0,285.01,1.86,323.0,87100.0
1990-07-01 08:00:00+00:00,24.7,34.4,501.0,689.76,136.0,302.65,1.03,344.0,87110.0
1990-07-01 09:00:00+00:00,28.13,21.95,706.0,778.64,158.0,313.3,1.52,59.0,87120.0
1990-07-01 10:00:00+00:00,30.74,14.4,867.0,813.79,180.0,319.3,3.45,98.0,87100.0
1990-07-01 11:00:00+00:00,32.57,11.7,985.0,846.06,189.0,323.4,4.69,117.0,87080.0
1990-07-01 12:00:00+00:00,33.9,9.1,1042.0,861.11,192.0,327.65,5.52,123.0,87030.0
1990-07-01 13:00:00+00:00,34.66,8.25,1021.0,832.78,205.0,330.35,5.86,127.0,86980.0
1990-07-01 14:00:00+00:00,35.02,8.6,942.0,798.2,208.0,333.65,5.72,130.0,86900.0
1990-07-01 15:00:00+00:00,35.01,8.9,807.0,746.56,202.0,346.0,5.1,131.0,86870.0
1990-07-01 16:00:00+00:00,34.76,8.9,670.0,807.91,137.0,347.4,4.21,135.0,86830.0
1990-07-01 17:00:00+00:00,34.23,9.2,396.0,458.29,177.0,355.9,3.52,136.0,86790.0
1990-07-01 18:00:00+00:00,33.54,9.75,195.0,306.66,110.0,344.5,3.03,135.0,86780.0
1990-07-01 19:00:00+00:00,32.64,11.35,30.0,98.09,23.0,350.65,4.0,119.0,86770.0
1990-07-01 20:00:00+00:00,31.47,12.45,0.0,0.0,0.0,352.0,2.97,97.0,86810.0
1990-07-01 21:00:00+00:00,30.17,13.75,0.0,0.0,0.0,346.6,2.14,77.0,86830.0
1990-07-01 22:00:00+00:00,28.6,16.3,0.0,0.0,0.0,336.55,2.14,50.0,86900.0
1990-07-01 23:00:00+00:00,26.52,21.55,0.0,0.0,0.0,318.75,1.72,20.0,86920.0
1990-07-02 00:00:00+00:00,25.11,27.7,0.0,0.0,0.0,320.85,1.86,353.0,86920.0
1990-07-02 01:00:00+00:00,23.41,36.55,0.0,0.0,0.0,308.2,2.28,337.0,86870.0
1990-07-02 02:00:00+00:00,22.05,43.5,0.0,0.0,0.0,308.3,2.21,332.0,86820.0
1990-07-02 03:00:00+00:00,20.92,49.8,0.0,0.0,0.0,309.85,1.93,330.0,86790.0
1990-07-02 04:00:00+00:00,20.15,51.5,0.0,0.0,0.0,307.5,1.72,334.0,86810.0
1990-07-02 05:00:00+00:00,19.17,55.05,0.0,0.0,0.0,305.55,1.59,342.0,86830.0
1990-07-02 06:00:00+00:00,18.52,53.0,71.0,199.74,46.0,304.2,1.52,348.0,86890.0
1990-07-02 07:00:00+00:00,20.96,38.65,265.0,453.04,115.0,308.85,1.52,33.0,86910.0
1990-07-02 08:00:00+00:00,25.93,23.15,479.0,609.65,157.0,311.55,2.55,70.0,86940.0
1990-07-02 09:00:00+00:00,28.35,18.9,676.0,689.93,191.0,315.85,4.97,95.0,86950.0
1990-07-02 10:00:00+00:00,30.14,16.0,844.0,755.12,207.0,322.4,6.14,106.0,86940.0
1990-07-02 11:00:00+00:00,31.56,14.5,959.0,785.83,220.0,328.8,6.62,112.0,86900.0
1990-07-02 12:00:00+00:00,32.58,13.65,1027.0,830.91,207.0,336.75,6.97,116.0,86870.0
1990-07-02 13:00:00+00:00,32.96,12.7,1034.0,865.5,186.0,347.4,6.76,115.0,86810.0
1990-07-02 14:00:00+00:00,33.72,11.5,939.0,794.88,208.0,341.75,6.48,115.0,86740.0
1990-07-02 15:00:00+00:00,34.36,9.95,759.0,609.47,265.0,343.5,6.14,116.0,86690.0
1990-07-02 16:00:00+00:00,34.5,9.2,577.0,504.61,244.0,349.3,5.66,123.0,86630.0
1990-07-02 17:00:00+00:00,34.06,9.1,182.0,12.55,176.0,347.95,5.1,132.0,86610.0
1990-07-02 18:00:00+00:00,33.28,9.05,64.0,0.0,64.0,342.75,4.62,131.0,86610.0
1990-07-02 19:00:00+00:00,32.12,10.4,26.0,56.05,22.0,340.4,4.48,119.0,86620.0
1990-07-02 20:00:00+00:00,30.67,11.4,0.0,0.0,0.0,331.1,3.66,105.0,86660.0
1990-07-02 21:00:00+00:00,29.36,13.05,0.0,0.0,0.0,327.05,3.38,86.0,86690.0
1990-07-02 22:00:00+00:00,27.94,14.45,0.0,0.0,0.0,321.65,2.76,67.0,86740.0
1990-07-02 23:00:00+00:00,26.43,17.85,0.0,0.0,0.0,321.05,2.41,42.0,86740.0
1990-07-03 00:00:00+00:00,24.85,22.9,0.0,0.0,0.0,316.05,2.28,15.0,86720.0
1990-07-03 01:00:00+00:00,23.59,29.45,0.0,0.0,0.0,316.15,2.0,355.0,86700.0
1990-07-03 02:00:00+00:00,22.5,36.4,0.0,0.0,0.0,316.4,2.0,331.0,86670.0
1990-07-03 03:00:00+00:00,21.36,44.85,0.0,0.0,0.0,315.25,2.14,323.0,86670.0
1990-07-03 04:00:00+00:00,20.37,51.5,0.0,0.0,0.0,310.2,2.0,325.0,86690.0
1990-07-03 05:00:00+00:00,19.68,55.2,0.0,0.0,0.0,310.05,1.86,328.0,86710.0
1990-07-03 06:00:00+00:00,19.22,59.15,72.0,218.0,45.0,313.9,1.66,330.0,86740.0
1990-07-03 07:00:00+00:00,21.3,44.85,275.0,518.33,104.0,310.6,1.79,356.0,86780.0
1990-07-03 08:00:00+00:00,25.13,27.7,494.0,673.44,139.0,314.1,2.69,42.0,86780.0
1990-07-03 09:00:00+00:00,27.87,18.9,705.0,783.33,155.0,317.2,4.97,72.0,86780.0
1990-07-03 10:00:00+00:00,29.79,16.55,862.0,809.07,180.0,324.75,5.45,87.0,86780.0
1990-07-03 11:00:00+00:00,31.19,15.05,975.0,830.88,194.0,332.1,4.97,102.0,86780.0
1990-07-03 12:00:00+00:00,32.22,13.1,1003.0,769.3,244.0,341.4,4.28,113.0,86730.0
1990-07-03 13:00:00+00:00,33.03,12.25,1018.0,828.83,206.0,355.9,3.66,117.0,86700.0
1990-07-03 14:00:00+00:00,33.8,11.1,945.0,810.06,200.0,356.65,3.17,125.0,86640.0
1990-07-03 15:00:00+00:00,33.75,10.65,827.0,806.75,173.0,354.75,2.55,142.0,86610.0
1990-07-03 16:00:00+00:00,33.8,10.65,630.0,683.26,179.0,359.75,2.21,166.0,86560.0
1990-07-03 17:00:00+00:00,33.61,10.65,433.0,623.22,135.0,365.75,2.07,188.0,86550.0
1990-07-03 18:00:00+00:00,32.84,11.35,221.0,472.35,90.0,359.2,2.14,202.0,86550.0
1990-07-03 19:00:00+00:00,31.1,13.95,35.0,168.33,23.0,359.4,3.03,250.0,86590.0
1990-07-03 20:00:00+00:00,28.74,22.9,0.0,0.0,0.0,339.05,3.17,286.0,86640.0
1990-07-03 21:00:00+00:00,26.58,32.5,0.0,0.0,0.0,323.75,3.24,298.0,86740.0
1990-07-03 22:00:00+00:00,24.72,41.15,0.0,0.0,0.0,320.1,3.03,304.0,86800.0
1990-07-03 23:00:00+00:00,23.35,48.7,0.0,0.0,0.0,324.75,2.69,310.0,86850.0
1990-07-04 00:00:00+00:00,22.04,55.8,0.0,0.0,0.0,320.65,2.28,316.0,86830.0
1990-07-04 01:00:00+00:00,20.91,63.8,0.0,0.0,0.0,307.6,1.79,319.0,86800.0
1990-07-04 02:00:00+00:00,20.08,65.95,0.0,0.0,0.0,309.45,1.59,320.0,86760.0
1990-07-04 03:00:00+00:00,19.23,68.1,0.0,0.0,0.0,303.25,1.45,320.0,86770.0
1990-07-04 04:00:00+00:00,18.22,70.35,0.0,0.0,0.0,301.5,1.24,323.0,86780.0
1990-07-04 05:00:00+00:00,17.7,70.3,0.0,0.0,0.0,299.55,0.97,323.0,86820.0
1990-07-04 06:00:00+00:00,17.58,67.85,75.0,261.22,43.0,300.35,0.9,322.0,86860.0
1990-07-04 07:00:00+00:00,19.78,55.2,280.0,547.64,100.0,302.85,0.76,329.0,86920.0
1990-07-04 08:00:00+00:00,23.33,39.3,503.0,703.3,133.0,305.55,0.55,28.0,86960.0
1990-07-04 09:00:00+00:00,25.93,32.25,710.0,797.12,151.0,311.2,1.79,88.0,86990.0
1990-07-04 10:00:00+00:00,28.08,25.45,864.0,812.08,180.0,318.75,3.17,108.0,87000.0
1990-07-04 11:00:00+00:00,29.81,19.25,993.0,867.46,178.0,323.55,3.79,123.0,87010.0
1990-07-04 12:00:00+00:00,31.23,15.05,1051.0,883.05,180.0,329.0,4.21,134.0,86990.0
1990-07-04 13:00:00+00:00,32.3,13.1,1042.0,880.98,179.0,331.9,4.55,142.0,86940.0
1990-07-04 14:00:00+00:00,33.0,11.8,957.0,838.32,186.0,335.0,4.9,150.0,86940.0
1990-07-04 15:00:00+00:00,33.22,10.15,834.0,821.47,168.0,331.9,5.17,156.0,86920.0
1990-07-04 16:00:00+00:00,32.97,10.1,663.0,786.16,144.0,335.55,5.31,164.0,86920.0
1990-07-04 17:00:00+00:00,32.36,10.4,439.0,644.04,131.0,329.75,5.38,169.0,86930.0
1990-07-04 18:00:00+00:00,31.35,11.95,223.0,483.2,89.0,323.95,5.45,176.0,86950.0
1990-07-04 19:00:00+00:00,30.11,14.3,37.0,196.81,23.0,319.3,4.97,181.0,86980.0
1990-07-04 20:00:00+00:00,28.62,16.3,0.0,0.0,0.0,313.7,3.93,180.0,87050.0
1990-07-04 21:00:00+00:00,27.34,19.5,0.0,0.0,0.0,305.4,3.45,176.0,87140.0
1990-07-04 22:00:00+00:00,26.31,22.4,0.0,0.0,0.0,305.75,2.9,172.0,87210.0
1990-07-04 23:00:00+00:00,25.23,25.75,0.0,0.0,0.0,302.1,2.14,159.0,87240.0
1990-07-05 00:00:00+00:00,24.0,30.55,0.0,0.0,0.0,299.2,1.52,125.0,87260.0
1990-07-05 01:00:00+00:00,22.44,35.0,0.0,0.0,0.0,297.75,1.45,91.0,87250.0
1990-07-05 02:00:00+00:00,21.15,36.0,0.0,0.0,0.0,295.5,1.38,73.0,87220.0
1990-07-05 03:00:00+00:00,20.23,38.5,0.0,0.0,0.0,292.8,1.31,60.0,87210.0
1990-07-05 04:00:00+00:00,20.58,37.25,0.0,0.0,0.0,287.75,1.03,53.0,87210.0
1990-07-05 05:00:00+00:00,20.31,38.5,0.0,0.0,0.0,284.1,0.62,45.0,87240.0
1990-07-05 06:00:00+00:00,19.77,41.3,77.0,289.0,42.0,281.2,0.41,29.0,87310.0
1990-07-05 07:00:00+00:00,21.19,38.75,286.0,577.22,97.0,282.55,0.21,56.0,87370.0
1990-07-05 08:00:00+00:00,23.61,31.7,507.0,718.07,130.0,288.75,1.03,100.0,87430.0
1990-07-05 09:00:00+00:00,26.36,25.05,717.0,809.55,150.0,297.45,2.21,120.0,87440.0
1990-07-05 10:00:00+00:00,28.52,19.6,886.0,856.69,165.0,304.05,2.76,140.0,87450.0
1990-07-05 11:00:00+00:00,30.58,14.4,997.0,867.9,182.0,311.0,3.38,158.0,87440.0
1990-07-05 12:00:00+00:00,32.51,10.4,1093.0,964.43,142.0,316.4,4.34,174.0,87400.0
1990-07-05 13:00:00+00:00,33.97,7.8,1084.0,962.77,141.0,319.7,5.66,185.0,87370.0
1990-07-05 14:00:00+00:00,34.74,6.5,988.0,895.97,164.0,320.85,7.03,192.0,87330.0
1990-07-05 15:00:00+00:00,34.96,6.5,852.0,855.95,158.0,321.05,7.93,194.0,87290.0
1990-07-05 16:00:00+00:00,34.69,6.75,671.0,799.73,143.0,321.45,8.14,193.0,87270.0
1990-07-05 17:00:00+00:00,34.07,7.45,426.0,572.94,152.0,320.1,7.86,193.0,87260.0
1990-07-05 18:00:00+00:00,33.08,7.95,213.0,407.6,100.0,317.75,7.03,192.0,87260.0
1990-07-05 19:00:00+00:00,31.31,8.35,29.0,84.62,23.0,311.95,5.93,186.0,87270.0
1990-07-05 20:00:00+00:00,29.62,9.95,0.0,0.0,0.0,306.15,4.21,176.0,87340.0
1990-07-05 21:00:00+00:00,28.49,11.85,0.0,0.0,0.0,302.85,2.97,166.0,87360.0
1990-07-05 22:00:00+00:00,27.36,13.25,0.0,0.0,0.0,301.7,1.59,139.0,87390.0
1990-07-05 23:00:00+00:00,25.89,15.75,0.0,0.0,0.0,305.95,1.17,105.0,87400.0
1990-07-06 00:00:00+00:00,26.0,15.15,0.0,0.0,0.0,306.95,0.83,90.0,87380.0
1990-07-06 01:00:00+00:00,24.92,16.2,0.0,0.0,0.0,304.9,0.69,80.0,87340.0
1990-07-06 02:00:00+00:00,23.86,17.95,0.0,0.0,0.0,301.7,0.76,69.0,87310.0
1990-07-06 03:00:00+00:00,22.81,19.95,0.0,0.0,0.0,299.55,0.83,62.0,87290.0
1990-07-06 04:00:00+00:00,21.92,21.3,0.0,0.0,0.0,295.5,0.83,56.0,87270.0
1990-07-06 05:00:00+00:00,21.25,22.9,0.0,0.0,0.0,293.4,0.69,47.0,87270.0
1990-07-06 06:00:00+00:00,20.79,23.65,65.0,175.48,44.0,291.85,0.55,39.0,87300.0
1990-07-06 07:00:00+00:00,22.33,22.25,257.0,432.32,116.0,296.5,0.48,55.0,87290.0
1990-07-06 08:00:00+00:00,24.86,18.9,480.0,631.78,149.0,301.7,1.03,84.0,87340.0
1990-07-06 09:00:00+00:00,28.44,13.9,684.0,729.1,174.0,313.3,2.0,95.0,87340.0
1990-07-06 10:00:00+00:00,30.79,10.95,841.0,755.12,206.0,333.25,3.17,116.0,87360.0
1990-07-06 11:00:00+00:00,32.88,8.6,802.0,419.79,408.0,339.25,3.79,138.0,87320.0
1990-07-06 12:00:00+00:00,34.44,7.85,771.0,295.2,480.0,351.45,5.03,160.0,87290.0
1990-07-06 13:00:00+00:00,35.46,8.65,944.0,640.25,317.0,355.9,6.83,175.0,87240.0
1990-07-06 14:00:00+00:00,35.21,9.0,427.0,25.01,404.0,375.25,8.07,180.0,87230.0
1990-07-06 15:00:00+00:00,34.99,9.65,390.0,33.3,363.0,368.1,8.21,179.0,87220.0
1990-07-06 16:00:00+00:00,34.39,10.35,201.0,0.0,201.0,379.5,6.83,182.0,87200.0
1990-07-06 17:00:00+00:00,33.9,10.25,422.0,568.81,150.0,377.75,5.66,182.0,87170.0
1990-07-06 18:00:00+00:00,33.24,10.15,60.0,0.0,60.0,365.75,4.62,184.0,87170.0
1990-07-06 19:00:00+00:00,32.27,10.4,21.0,28.33,19.0,355.3,3.45,180.0,87180.0
1990-07-06 20:00:00+00:00,31.01,11.4,0.0,0.0,0.0,334.4,1.52,151.0,87200.0
1990-07-06 21:00:00+00:00,28.9,13.45,0.0,0.0,0.0,323.75,1.45,86.0,87260.0
1990-07-06 22:00:00+00:00,26.86,16.0,0.0,0.0,0.0,326.65,1.45,60.0,87300.0
1990-07-06 23:00:00+00:00,27.89,13.9,0.0,0.0,0.0,319.9,0.9,54.0,87310.0
1990-07-07 00:00:00+00:00,26.85,14.8,0.0,0.0,0.0,314.65,0.69,38.0,87270.0
1990-07-07 01:00:00+00:00,25.68,15.75,0.0,0.0,0.0,311.5,0.62,13.0,87250.0
1990-07-07 02:00:00+00:00,24.9,16.2,0.0,0.0,0.0,322.2,0.69,3.0,87220.0
1990-07-07 03:00:00+00:00,23.95,17.25,0.0,0.0,0.0,312.15,0.69,6.0,87180.0
1990-07-07 04:00:00+00:00,23.29,17.85,0.0,0.0,0.0,314.65,0.69,18.0,87200.0
1990-07-07 05:00:00+00:00,22.71,18.45,0.0,0.0,0.0,311.4,0.76,13.0,87220.0
1990-07-07 06:00:00+00:00,22.2,19.8,65.0,177.67,44.0,307.5,0.76,355.0,87270.0
1990-07-07 07:00:00+00:00,23.72,16.6,255.0,424.84,117.0,313.5,0.69,333.0,87340.0
1990-07-07 08:00:00+00:00,26.03,15.75,474.0,608.28,156.0,318.55,0.9,19.0,87370.0
1990-07-07 09:00:00+00:00,29.84,11.7,683.0,730.05,173.0,331.9,1.93,62.0,87390.0
1990-07-07 10:00:00+00:00,32.34,10.8,846.0,770.03,199.0,339.05,2.41,100.0,87370.0
1990-07-07 11:00:00+00:00,34.7,9.65,958.0,786.72,220.0,346.0,4.21,149.0,87360.0
1990-07-07 12:00:00+00:00,35.9,9.1,1032.0,846.31,198.0,364.6,6.21,169.0,87300.0
1990-07-07 13:00:00+00:00,36.47,8.8,1024.0,843.6,198.0,367.9,6.76,177.0,87270.0
1990-07-07 14:00:00+00:00,36.88,8.55,946.0,811.26,200.0,367.7,6.62,180.0,87230.0
1990-07-07 15:00:00+00:00,37.15,8.0,774.0,648.77,248.0,362.5,6.28,182.0,87190.0
1990-07-07 16:00:00+00:00,36.94,7.9,585.0,528.64,236.0,371.95,5.93,186.0,87170.0
1990-07-07 17:00:00+00:00,36.54,7.85,454.0,702.81,118.0,372.95,5.1,192.0,87150.0
1990-07-07 18:00:00+00:00,35.96,8.05,134.0,72.24,114.0,371.75,4.83,195.0,87150.0
1990-07-07 19:00:00+00:00,35.1,8.25,25.0,56.96,21.0,362.1,4.21,182.0,87190.0
1990-07-07 20:00:00+00:00,33.73,9.1,0.0,0.0,0.0,342.55,3.17,170.0,87240.0
1990-07-07 21:00:00+00:00,32.46,10.8,0.0,0.0,0.0,337.7,1.93,151.0,87310.0
1990-07-07 22:00:00+00:00,31.98,11.6,0.0,0.0,0.0,328.8,1.03,102.0,87370.0
1990-07-07 23:00:00+00:00,31.42,11.5,0.0,0.0,0.0,320.5,0.69,62.0,87400.0
1990-07-08 00:00:00+00:00,29.82,12.15,0.0,0.0,0.0,322.05,0.62,25.0,87400.0
1990-07-08 01:00:00+00:00,28.38,13.35,0.0,0.0,0.0,321.55,0.69,359.0,87400.0
1990-07-08 02:00:00+00:00,27.17,13.8,0.0,0.0,0.0,327.25,0.83,353.0,87380.0
1990-07-08 03:00:00+00:00,26.07,14.7,0.0,0.0,0.0,321.45,0.9,354.0,87390.0
1990-07-08 04:00:00+00:00,25.33,16.3,0.0,0.0,0.0,329.55,0.97,347.0,87410.0
1990-07-08 05:00:00+00:00,23.94,17.95,0.0,0.0,0.0,320.65,1.1,333.0,87440.0
1990-07-08 06:00:00+00:00,23.04,19.3,48.0,59.99,41.0,323.55,1.17,332.0,87500.0
1990-07-08 07:00:00+00:00,26.32,15.3,201.0,185.48,141.0,332.85,0.97,340.0,87530.0
1990-07-08 08:00:00+00:00,27.4,15.5,431.0,448.59,197.0,340.2,1.31,58.0,87610.0
1990-07-08 09:00:00+00:00,31.54,11.05,676.0,719.57,174.0,353.2,3.24,83.0,87660.0
1990-07-08 10:00:00+00:00,33.19,11.4,833.0,745.68,207.0,356.5,3.52,108.0,87670.0
1990-07-08 11:00:00+00:00,34.46,11.6,928.0,718.89,254.0,369.45,3.03,141.0,87670.0
1990-07-08 12:00:00+00:00,35.53,11.35,872.0,477.1,402.0,370.4,3.03,162.0,87650.0
1990-07-08 13:00:00+00:00,36.02,11.0,599.0,107.26,494.0,379.7,3.38,163.0,87610.0
1990-07-08 14:00:00+00:00,36.58,10.7,845.0,556.86,333.0,385.5,4.0,158.0,87560.0
1990-07-08 15:00:00+00:00,36.54,10.3,812.0,777.11,182.0,382.2,3.86,151.0,87530.0
1990-07-08 16:00:00+00:00,36.19,10.3,611.0,625.67,198.0,378.35,2.41,150.0,87510.0
1990-07-08 17:00:00+00:00,35.91,11.0,422.0,581.7,144.0,390.95,1.38,167.0,87480.0
1990-07-08 18:00:00+00:00,35.3,10.9,219.0,466.45,90.0,379.3,1.24,226.0,87460.0
1990-07-08 19:00:00+00:00,34.9,10.85,33.0,143.36,23.0,363.05,1.66,177.0,87470.0
1990-07-08 20:00:00+00:00,33.54,16.05,0.0,0.0,0.0,359.95,0.76,136.0,87500.0
1990-07-08 21:00:00+00:00,32.44,14.7,0.0,0.0,0.0,342.35,1.03,49.0,87560.0
1990-07-08 22:00:00+00:00,29.94,17.15,0.0,0.0,0.0,333.85,1.52,17.0,87620.0
1990-07-08 23:00:00+00:00,27.6,19.6,0.0,0.0,0.0,344.1,1.72,354.0,87650.0
1990-07-09 00:00:00+00:00,25.77,23.15,0.0,0.0,0.0,333.05,1.66,344.0,87640.0
1990-07-09 01:00:00+00:00,24.65,24.65,0.0,0.0,0.0,336.85,1.59,337.0,87620.0
1990-07-09 02:00:00+00:00,24.0,26.35,0.0,0.0,0.0,329.2,1.52,336.0,87580.0
1990-07-09 03:00:00+00:00,24.07,24.55,0.0,0.0,0.0,330.95,1.31,336.0,87570.0
1990-07-09 04:00:00+00:00,25.62,21.45,0.0,0.0,0.0,334.6,0.97,344.0,87570.0
1990-07-09 05:00:00+00:00,25.39,22.15,0.0,0.0,0.0,325.3,0.69,360.0,87600.0
1990-07-09 06:00:00+00:00,24.99,22.05,61.0,165.04,42.0,321.05,0.55,351.0,87650.0
1990-07-09 07:00:00+00:00,25.93,21.45,255.0,443.96,112.0,329.4,1.1,323.0,87720.0
1990-07-09 08:00:00+00:00,27.49,20.25,477.0,641.73,143.0,329.95,0.9,341.0,87750.0
1990-07-09 09:00:00+00:00,30.88,14.95,681.0,740.64,165.0,339.85,0.83,18.0,87760.0
1990-07-09 10:00:00+00:00,32.77,13.2,850.0,797.59,181.0,353.2,0.76,77.0,87770.0
1990-07-09 11:00:00+00:00,34.04,12.45,974.0,843.09,184.0,362.5,0.41,86.0,87760.0
1990-07-09 12:00:00+00:00,35.36,11.35,1038.0,870.26,181.0,379.1,0.14,15.0,87720.0
1990-07-09 13:00:00+00:00,36.39,10.3,1030.0,868.49,180.0,378.75,0.34,186.0,87640.0
1990-07-09 14:00:00+00:00,36.79,10.0,942.0,814.74,193.0,381.65,0.55,188.0,87590.0
1990-07-09 15:00:00+00:00,36.69,10.0,798.0,734.04,203.0,388.0,0.55,183.0,87560.0
1990-07-09 16:00:00+00:00,36.98,10.0,648.0,753.08,151.0,405.05,0.28,225.0,87500.0
1990-07-09 17:00:00+00:00,36.63,10.3,225.0,43.96,204.0,383.4,2.14,332.0,87480.0
1990-07-09 18:00:00+00:00,34.84,13.1,138.0,83.28,115.0,377.0,5.66,333.0,87490.0
1990-07-09 19:00:00+00:00,33.91,13.9,26.0,72.24,21.0,394.2,5.79,341.0,87470.0
1990-07-09 20:00:00+00:00,31.47,20.3,0.0,0.0,0.0,367.1,5.86,347.0,87560.0
1990-07-09 21:00:00+00:00,30.19,24.1,0.0,0.0,0.0,374.85,4.07,348.0,87610.0
1990-07-09 22:00:00+00:00,29.4,25.7,0.0,0.0,0.0,374.85,2.97,344.0,87660.0
1990-07-09 23:00:00+00:00,28.46,28.35,0.0,0.0,0.0,370.4,2.0,342.0,87670.0
1990-07-10 00:00:00+00:00,27.17,30.35,0.0,0.0,0.0,351.45,1.93,346.0,87660.0
1990-07-10 01:00:00+00:00,26.07,33.55,0.0,0.0,0.0,346.35,1.93,350.0,87630.0
1990-07-10 02:00:00+00:00,24.97,36.95,0.0,0.0,0.0,335.55,2.07,348.0,87570.0
1990-07-10 03:00:00+00:00,24.12,38.15,0.0,0.0,0.0,337.3,2.07,337.0,87540.0
1990-07-10 04:00:00+00:00,23.46,40.75,0.0,0.0,0.0,338.1,2.0,326.0,87550.0
1990-07-10 05:00:00+00:00,22.64,40.6,0.0,0.0,0.0,327.85,1.93,318.0,87560.0
1990-07-10 06:00:00+00:00,21.7,43.4,65.0,211.39,41.0,322.8,1.72,315.0,87610.0
1990-07-10 07:00:00+00:00,23.72,38.05,262.0,498.91,102.0,334.2,1.17,313.0,87640.0
1990-07-10 08:00:00+00:00,27.89,26.4,478.0,652.84,139.0,341.4,1.17,328.0,87680.0
1990-07-10 09:00:00+00:00,30.7,20.2,688.0,764.67,156.0,346.4,1.1,357.0,87670.0
1990-07-10 10:00:00+00:00,32.74,15.95,841.0,781.6,186.0,362.1,0.97,32.0,87660.0
1990-07-10 11:00:00+00:00,34.24,13.0,964.0,826.5,190.0,369.45,0.69,72.0,87640.0
1990-07-10 12:00:00+00:00,35.49,11.8,1033.0,864.5,182.0,377.75,0.55,120.0,87580.0
1990-07-10 13:00:00+00:00,36.26,10.7,1020.0,851.33,187.0,383.0,0.9,179.0,87510.0
1990-07-10 14:00:00+00:00,36.67,10.0,932.0,796.4,200.0,395.4,1.17,210.0,87460.0
1990-07-10 15:00:00+00:00,36.46,10.3,807.0,771.2,182.0,414.15,0.69,252.0,87410.0
1990-07-10 16:00:00+00:00,36.06,11.0,112.0,0.0,112.0,396.15,2.14,352.0,87360.0
1990-07-10 17:00:00+00:00,35.31,13.2,68.0,0.0,68.0,387.45,5.03,12.0,87340.0
1990-07-10 18:00:00+00:00,33.61,16.8,176.0,221.21,115.0,406.6,6.0,12.0,87350.0
1990-07-10 19:00:00+00:00,35.05,10.85,17.0,14.58,16.0,390.55,1.03,323.0,87350.0
1990-07-10 20:00:00+00:00,33.56,12.8,0.0,0.0,0.0,388.6,2.62,331.0,87410.0
1990-07-10 21:00:00+00:00,31.43,17.5,0.0,0.0,0.0,378.75,3.59,342.0,87510.0
1990-07-10 22:00:00+00:00,29.64,22.3,0.0,0.0,0.0,365.55,3.66,350.0,87580.0
1990-07-10 23:00:00+00:00,28.72,26.5,0.0,0.0,0.0,386.3,2.9,349.0,87600.0
1990-07-11 00:00:00+00:00,27.5,29.3,0.0,0.0,0.0,365.0,2.48,342.0,87570.0
1990-07-11 01:00:00+00:00,26.22,33.55,0.0,0.0,0.0,346.35,2.28,327.0,87530.0
1990-07-11 02:00:00+00:00,25.6,34.65,0.0,0.0,0.0,355.3,2.14,316.0,87500.0
1990-07-11 03:00:00+00:00,25.1,35.8,0.0,0.0,0.0,359.75,1.86,314.0,87470.0
1990-07-11 04:00:00+00:00,24.34,38.15,0.0,0.0,0.0,350.3,1.45,316.0,87460.0
1990-07-11 05:00:00+00:00,23.61,38.05,0.0,0.0,0.0,335.0,1.03,325.0,87490.0
1990-07-11 06:00:00+00:00,23.49,39.3,35.0,17.87,33.0,338.85,0.97,336.0,87540.0
1990-07-11 07:00:00+00:00,25.35,35.8,255.0,472.95,104.0,364.6,0.97,333.0,87600.0
1990-07-11 08:00:00+00:00,28.02,26.4,478.0,660.16,136.0,368.3,0.76,335.0,87620.0
1990-07-11 09:00:00+00:00,30.43,20.05,678.0,745.61,160.0,362.1,0.28,345.0,87650.0
1990-07-11 10:00:00+00:00,32.25,17.1,838.0,784.7,181.0,363.45,0.76,120.0,87660.0
1990-07-11 11:00:00+00:00,33.65,15.0,957.0,818.45,191.0,365.95,1.1,143.0,87650.0
1990-07-11 12:00:00+00:00,34.77,14.1,943.0,652.45,301.0,383.4,0.83,171.0,87570.0
1990-07-11 13:00:00+00:00,35.63,12.8,948.0,677.78,285.0,385.3,0.76,218.0,87520.0
1990-07-11 14:00:00+00:00,35.64,12.8,875.0,648.58,279.0,414.15,1.17,274.0,87470.0
1990-07-11 15:00:00+00:00,36.04,12.8,413.0,49.37,373.0,404.45,1.93,285.0,87420.0
1990-07-11 16:00:00+00:00,36.03,12.8,503.0,319.93,292.0,401.4,2.34,289.0,87380.0
1990-07-11 17:00:00+00:00,33.9,16.15,115.0,0.0,115.0,410.45,2.28,300.0,87450.0
1990-07-11 18:00:00+00:00,32.74,17.85,187.0,287.02,108.0,397.3,2.07,348.0,87520.0
1990-07-11 19:00:00+00:00,33.17,15.45,31.0,132.57,22.0,388.6,3.86,321.0,87470.0
1990-07-11 20:00:00+00:00,31.25,19.55,0.0,0.0,0.0,367.5,4.97,328.0,87580.0
1990-07-11 21:00:00+00:00,29.88,23.15,0.0,0.0,0.0,379.7,4.14,327.0,87630.0
1990-07-11 22:00:00+00:00,28.55,26.4,0.0,0.0,0.0,369.85,3.38,324.0,87720.0
1990-07-11 23:00:00+00:00,27.67,26.4,0.0,0.0,0.0,359.2,2.07,324.0,87720.0
1990-07-12 00:00:00+00:00,26.9,29.15,0.0,0.0,0.0,359.4,1.45,319.0,87690.0
1990-07-12 01:00:00+00:00,25.94,33.4,0.0,0.0,0.0,367.25,1.31,323.0,87640.0
1990-07-12 02:00:00+00:00,25.2,35.8,0.0,0.0,0.0,350.1,1.24,329.0,87590.0
1990-07-12 03:00:00+00:00,24.25,36.8,0.0,0.0,0.0,352.4,1.66,331.0,87570.0
1990-07-12 04:00:00+00:00,23.21,37.9,0.0,0.0,0.0,333.25,1.93,332.0,87560.0
1990-07-12 05:00:00+00:00,22.08,41.95,0.0,0.0,0.0,323.0,1.86,330.0,87580.0
1990-07-12 06:00:00+00:00,21.18,44.85,56.0,145.12,40.0,319.5,1.72,323.0,87610.0
1990-07-12 07:00:00+00:00,22.37,41.95,251.0,453.1,107.0,320.85,1.45,319.0,87610.0
1990-07-12 08:00:00+00:00,27.49,26.25,473.0,642.38,141.0,331.5,1.24,320.0,87630.0
1990-07-12 09:00:00+00:00,30.41,19.35,652.0,658.75,195.0,339.45,1.1,312.0,87640.0
1990-07-12 10:00:00+00:00,32.69,15.35,843.0,791.41,181.0,350.1,1.03,268.0,87640.0
1990-07-12 11:00:00+00:00,34.39,13.0,962.0,826.43,189.0,362.1,1.93,227.0,87620.0
1990-07-12 12:00:00+00:00,35.73,11.45,1032.0,864.19,182.0,368.45,2.62,226.0,87550.0
1990-07-12 13:00:00+00:00,36.54,10.7,1014.0,839.56,193.0,373.5,2.62,235.0,87490.0
1990-07-12 14:00:00+00:00,36.85,10.35,799.0,461.53,375.0,405.85,2.34,240.0,87420.0
1990-07-12 15:00:00+00:00,36.66,10.0,569.0,212.35,397.0,402.35,2.0,247.0,87360.0
1990-07-12 16:00:00+00:00,37.04,10.0,128.0,0.0,128.0,395.75,2.34,275.0,87300.0
1990-07-12 17:00:00+00:00,36.11,10.6,38.0,0.0,38.0,382.8,4.62,292.0,87310.0
1990-07-12 18:00:00+00:00,34.0,12.45,27.0,0.0,27.0,387.85,6.69,294.0,87380.0
1990-07-12 19:00:00+00:00,33.4,12.35,16.0,14.9,15.0,381.25,4.48,317.0,87350.0
1990-07-12 20:00:00+00:00,31.66,14.6,0.0,0.0,0.0,360.55,4.97,325.0,87400.0
1990-07-12 21:00:00+00:00,30.2,16.65,0.0,0.0,0.0,350.1,4.21,332.0,87450.0
1990-07-12 22:00:00+00:00,29.04,18.3,0.0,0.0,0.0,344.3,3.17,334.0,87490.0
1990-07-12 23:00:00+00:00,27.63,20.35,0.0,0.0,0.0,331.1,2.55,328.0,87480.0
1990-07-13 00:00:00+00:00,26.23,23.25,0.0,0.0,0.0,331.9,2.21,319.0,87470.0
1990-07-13 01:00:00+00:00,24.67,26.6,0.0,0.0,0.0,319.05,1.93,308.0,87430.0
1990-07-13 02:00:00+00:00,23.37,30.4,0.0,0.0,0.0,317.75,1.93,310.0,87380.0
1990-07-13 03:00:00+00:00,22.3,33.7,0.0,0.0,0.0,315.65,1.93,316.0,87340.0
1990-07-13 04:00:00+00:00,21.39,36.0,0.0,0.0,0.0,314.1,1.79,315.0,87320.0
1990-07-13 05:00:00+00:00,20.3,39.95,0.0,0.0,0.0,310.8,1.52,310.0,87310.0
1990-07-13 06:00:00+00:00,19.48,42.85,58.0,175.01,39.0,309.25,1.38,307.0,87330.0
1990-07-13 07:00:00+00:00,22.72,35.1,256.0,471.02,107.0,316.4,0.9,308.0,87380.0
1990-07-13 08:00:00+00:00,26.6,24.25,488.0,688.55,133.0,322.8,0.69,307.0,87410.0
1990-07-13 09:00:00+00:00,29.6,17.85,696.0,782.42,154.0,329.2,0.07,211.0,87400.0
1990-07-13 10:00:00+00:00,32.06,13.55,856.0,808.91,180.0,337.7,1.38,176.0,87380.0
1990-07-13 11:00:00+00:00,34.11,11.95,976.0,843.01,188.0,345.05,3.17,189.0,87350.0
1990-07-13 12:00:00+00:00,35.49,10.1,985.0,727.26,270.0,355.1,4.55,196.0,87300.0
1990-07-13 13:00:00+00:00,36.54,8.8,905.0,552.39,365.0,359.95,5.59,205.0,87220.0
1990-07-13 14:00:00+00:00,36.91,7.9,935.0,781.78,217.0,369.65,6.34,212.0,87140.0
1990-07-13 15:00:00+00:00,37.04,7.6,815.0,774.36,188.0,375.05,6.76,219.0,87110.0
1990-07-13 16:00:00+00:00,36.69,7.0,634.0,699.71,173.0,371.0,6.9,224.0,87040.0
1990-07-13 17:00:00+00:00,36.11,7.15,419.0,558.67,153.0,356.3,6.62,225.0,87010.0
1990-07-13 18:00:00+00:00,35.47,7.1,200.0,346.71,105.0,357.05,5.93,227.0,86990.0
1990-07-13 19:00:00+00:00,34.39,6.4,19.0,15.1,18.0,333.05,4.48,250.0,86970.0
1990-07-13 20:00:00+00:00,32.54,7.55,0.0,0.0,0.0,329.0,3.79,262.0,87020.0
1990-07-13 21:00:00+00:00,30.36,10.05,0.0,0.0,0.0,323.75,3.52,279.0,87080.0
1990-07-13 22:00:00+00:00,28.15,13.35,0.0,0.0,0.0,315.85,2.97,290.0,87150.0
1990-07-13 23:00:00+00:00,26.23,17.15,0.0,0.0,0.0,311.95,2.34,293.0,87190.0
1990-07-14 00:00:00+00:00,24.53,20.4,0.0,0.0,0.0,310.4,1.79,294.0,87180.0
1990-07-14 01:00:00+00:00,23.31,23.4,0.0,0.0,0.0,308.95,1.38,296.0,87150.0
1990-07-14 02:00:00+00:00,22.36,25.95,0.0,0.0,0.0,308.1,1.1,296.0,87100.0
1990-07-14 03:00:00+00:00,21.8,25.8,0.0,0.0,0.0,306.55,0.9,296.0,87080.0
1990-07-14 04:00:00+00:00,21.94,24.85,0.0,0.0,0.0,304.8,0.69,298.0,87070.0
1990-07-14 05:00:00+00:00,21.35,25.65,0.0,0.0,0.0,303.25,0.48,303.0,87060.0
1990-07-14 06:00:00+00:00,20.92,25.55,55.0,149.75,39.0,302.1,0.34,314.0,87100.0
1990-07-14 07:00:00+00:00,23.1,22.5,254.0,476.45,104.0,309.85,0.41,312.0,87160.0
1990-07-14 08:00:00+00:00,26.24,22.4,472.0,635.8,145.0,324.35,0.21,39.0,87200.0
1990-07-14 09:00:00+00:00,29.96,12.65,674.0,724.31,173.0,330.55,0.34,124.0,87220.0
1990-07-14 10:00:00+00:00,32.38,10.4,848.0,794.12,185.0,344.1,0.9,203.0,87220.0
1990-07-14 11:00:00+00:00,34.46,9.55,861.0,553.45,344.0,363.45,2.34,205.0,87230.0
1990-07-14 12:00:00+00:00,36.0,8.4,858.0,447.75,418.0,364.8,4.07,205.0,87180.0
1990-07-14 13:00:00+00:00,36.97,7.9,986.0,751.12,252.0,370.0,5.52,212.0,87110.0
1990-07-14 14:00:00+00:00,37.14,7.6,875.0,625.21,301.0,370.6,6.55,219.0,87060.0
1990-07-14 15:00:00+00:00,35.86,8.4,736.0,548.58,292.0,385.5,6.83,225.0,87090.0
1990-07-14 16:00:00+00:00,35.76,8.4,632.0,697.11,173.0,370.8,5.38,228.0,87070.0
1990-07-14 17:00:00+00:00,35.83,8.05,412.0,536.19,157.0,364.4,4.41,228.0,87030.0
1990-07-14 18:00:00+00:00,35.26,8.0,69.0,0.0,69.0,354.15,4.28,232.0,87010.0
1990-07-14 19:00:00+00:00,34.16,8.5,25.0,76.58,20.0,359.95,4.0,248.0,87050.0
1990-07-14 20:00:00+00:00,32.45,9.6,0.0,0.0,0.0,334.2,2.9,262.0,87080.0
1990-07-14 21:00:00+00:00,30.83,10.95,0.0,0.0,0.0,325.1,2.76,271.0,87150.0
1990-07-14 22:00:00+00:00,28.89,14.0,0.0,0.0,0.0,320.3,2.76,286.0,87220.0
1990-07-14 23:00:00+00:00,26.63,17.25,0.0,0.0,0.0,316.05,2.48,298.0,87270.0
1990-07-15 00:00:00+00:00,24.68,21.2,0.0,0.0,0.0,312.35,2.07,303.0,87260.0
1990-07-15 01:00:00+00:00,23.39,24.3,0.0,0.0,0.0,312.85,1.52,302.0,87230.0
1990-07-15 02:00:00+00:00,22.07,26.95,0.0,0.0,0.0,310.05,1.17,303.0,87180.0
1990-07-15 03:00:00+00:00,21.44,26.7,0.0,0.0,0.0,309.05,0.9,305.0,87160.0
1990-07-15 04:00:00+00:00,21.16,25.65,0.0,0.0,0.0,307.9,0.83,308.0,87160.0
1990-07-15 05:00:00+00:00,21.18,22.9,0.0,0.0,0.0,307.1,0.76,309.0,87170.0
1990-07-15 06:00:00+00:00,20.78,22.75,49.0,104.66,38.0,305.75,0.83,309.0,87210.0
1990-07-15 07:00:00+00:00,23.33,17.85,150.0,60.64,131.0,312.35,0.62,309.0,87250.0
1990-07-15 08:00:00+00:00,26.7,16.0,477.0,658.84,139.0,318.55,0.41,310.0,87280.0
1990-07-15 09:00:00+00:00,30.25,11.3,671.0,713.82,178.0,329.4,0.14,61.0,87310.0
1990-07-15 10:00:00+00:00,32.45,10.0,853.0,808.09,179.0,342.55,0.9,133.0,87310.0
1990-07-15 11:00:00+00:00,34.4,8.85,974.0,841.98,188.0,347.2,1.93,158.0,87310.0
1990-07-15 12:00:00+00:00,35.85,8.4,1034.0,857.25,192.0,357.05,3.17,186.0,87260.0
1990-07-15 13:00:00+00:00,36.86,8.55,904.0,551.78,365.0,360.75,4.83,203.0,87220.0
1990-07-15 14:00:00+00:00,37.18,8.3,893.0,667.94,280.0,362.85,5.72,207.0,87140.0
1990-07-15 15:00:00+00:00,37.37,8.3,760.0,611.87,265.0,366.75,6.21,207.0,87100.0
1990-07-15 16:00:00+00:00,36.95,8.55,622.0,659.61,188.0,380.1,6.34,205.0,87060.0
1990-07-15 17:00:00+00:00,36.27,8.8,415.0,547.41,155.0,376.2,5.79,205.0,87060.0
1990-07-15 18:00:00+00:00,35.58,9.35,191.0,304.63,108.0,375.05,5.03,201.0,87050.0
1990-07-15 19:00:00+00:00,34.83,7.9,23.0,62.25,19.0,352.6,3.59,232.0,87050.0
1990-07-15 20:00:00+00:00,33.02,9.3,0.0,0.0,0.0,338.1,2.55,259.0,87090.0
1990-07-15 21:00:00+00:00,30.64,12.8,0.0,0.0,0.0,325.9,2.69,281.0,87190.0
1990-07-15 22:00:00+00:00,28.43,17.5,0.0,0.0,0.0,324.35,2.9,293.0,87250.0
1990-07-15 23:00:00+00:00,26.44,24.15,0.0,0.0,0.0,319.9,2.69,302.0,87320.0
1990-07-16 00:00:00+00:00,24.58,30.8,0.0,0.0,0.0,311.75,2.21,306.0,87290.0
1990-07-16 01:00:00+00:00,23.26,35.25,0.0,0.0,0.0,310.9,1.72,307.0,87250.0
1990-07-16 02:00:00+00:00,22.24,37.65,0.0,0.0,0.0,311.0,1.31,309.0,87220.0
1990-07-16 03:00:00+00:00,21.42,37.35,0.0,0.0,0.0,310.2,1.03,309.0,87180.0
1990-07-16 04:00:00+00:00,21.35,33.45,0.0,0.0,0.0,309.65,0.9,310.0,87190.0
1990-07-16 05:00:00+00:00,20.96,30.9,0.0,0.0,0.0,309.45,0.97,309.0,87220.0
1990-07-16 06:00:00+00:00,20.06,29.6,51.0,125.82,38.0,309.45,1.1,306.0,87270.0
1990-07-16 07:00:00+00:00,22.21,24.95,233.0,365.67,119.0,310.4,0.9,310.0,87300.0
1990-07-16 08:00:00+00:00,26.72,17.95,438.0,502.23,181.0,316.8,0.76,328.0,87320.0
1990-07-16 09:00:00+00:00,30.1,15.45,665.0,697.52,184.0,327.05,0.76,55.0,87330.0
1990-07-16 10:00:00+00:00,32.51,14.15,842.0,781.29,191.0,339.85,1.59,109.0,87340.0
1990-07-16 11:00:00+00:00,34.44,12.5,967.0,828.63,194.0,347.0,2.62,133.0,87330.0
1990-07-16 12:00:00+00:00,35.93,10.2,1032.0,855.65,192.0,354.35,3.45,165.0,87300.0
1990-07-16 13:00:00+00:00,36.86,8.55,981.0,737.39,261.0,364.0,4.14,181.0,87230.0
1990-07-16 14:00:00+00:00,37.36,8.0,891.0,666.04,280.0,365.2,4.41,189.0,87180.0
1990-07-16 15:00:00+00:00,37.33,8.0,327.0,11.13,318.0,376.2,4.83,185.0,87140.0
1990-07-16 16:00:00+00:00,36.87,8.2,610.0,620.59,202.0,372.95,5.24,184.0,87140.0
1990-07-16 17:00:00+00:00,35.86,9.1,439.0,657.84,127.0,365.0,5.1,179.0,87170.0
1990-07-16 18:00:00+00:00,35.24,9.35,184.0,268.8,111.0,366.75,4.34,172.0,87160.0
1990-07-16 19:00:00+00:00,34.81,8.6,27.0,110.86,20.0,371.2,4.62,215.0,87120.0
1990-07-16 20:00:00+00:00,33.46,9.4,0.0,0.0,0.0,345.25,2.9,225.0,87160.0
1990-07-16 21:00:00+00:00,32.01,10.7,0.0,0.0,0.0,329.55,1.93,255.0,87230.0
1990-07-16 22:00:00+00:00,29.72,13.65,0.0,0.0,0.0,332.3,1.72,293.0,87310.0
1990-07-16 23:00:00+00:00,26.97,17.95,0.0,0.0,0.0,322.4,1.66,307.0,87340.0
1990-07-17 00:00:00+00:00,24.8,22.05,0.0,0.0,0.0,320.3,1.66,309.0,87340.0
1990-07-17 01:00:00+00:00,23.11,25.2,0.0,0.0,0.0,317.5,1.52,313.0,87320.0
1990-07-17 02:00:00+00:00,22.37,25.95,0.0,0.0,0.0,318.75,1.31,315.0,87310.0
1990-07-17 03:00:00+00:00,22.0,24.95,0.0,0.0,0.0,318.95,1.31,317.0,87290.0
1990-07-17 04:00:00+00:00,22.42,24.05,0.0,0.0,0.0,331.9,1.03,322.0,87300.0
1990-07-17 05:00:00+00:00,23.21,20.85,0.0,0.0,0.0,316.8,0.9,330.0,87350.0
1990-07-17 06:00:00+00:00,22.71,21.55,58.0,226.56,35.0,317.55,1.03,326.0,87390.0
1990-07-17 07:00:00+00:00,24.96,17.5,250.0,470.68,104.0,330.35,0.69,345.0,87440.0
1990-07-17 08:00:00+00:00,26.69,16.0,449.0,552.5,167.0,332.1,1.17,18.0,87490.0
1990-07-17 09:00:00+00:00,31.36,11.5,659.0,682.63,189.0,334.0,2.21,54.0,87520.0
1990-07-17 10:00:00+00:00,33.12,11.4,747.0,518.99,315.0,354.55,2.69,81.0,87530.0
1990-07-17 11:00:00+00:00,34.74,10.85,970.0,838.87,188.0,357.25,3.31,111.0,87510.0
1990-07-17 12:00:00+00:00,35.88,10.2,907.0,551.37,366.0,373.1,3.86,135.0,87490.0
1990-07-17 13:00:00+00:00,36.61,9.9,551.0,71.72,481.0,369.25,3.93,144.0,87430.0
1990-07-17 14:00:00+00:00,36.9,9.25,298.0,1.09,297.0,374.45,3.59,143.0,87390.0
1990-07-17 15:00:00+00:00,37.14,8.65,379.0,29.7,355.0,372.35,3.45,138.0,87340.0
1990-07-17 16:00:00+00:00,36.66,8.9,117.0,0.0,117.0,383.4,4.34,141.0,87340.0
1990-07-17 17:00:00+00:00,35.69,9.45,73.0,0.0,73.0,373.3,4.14,152.0,87360.0
1990-07-17 18:00:00+00:00,35.01,10.05,101.0,18.48,96.0,384.75,2.76,168.0,87380.0
1990-07-17 19:00:00+00:00,34.73,9.65,19.0,32.29,17.0,369.05,1.86,170.0,87380.0
1990-07-17 20:00:00+00:00,33.51,11.4,0.0,0.0,0.0,379.3,1.38,159.0,87430.0
1990-07-17 21:00:00+00:00,32.83,12.7,0.0,0.0,0.0,362.1,0.97,110.0,87510.0
1990-07-17 22:00:00+00:00,31.15,13.95,0.0,0.0,0.0,358.6,1.31,57.0,87570.0
1990-07-17 23:00:00+00:00,28.51,16.85,0.0,0.0,0.0,343.1,2.14,41.0,87610.0
1990-07-18 00:00:00+00:00,26.97,17.25,0.0,0.0,0.0,335.4,2.34,33.0,87590.0
1990-07-18 01:00:00+00:00,25.56,19.15,0.0,0.0,0.0,341.5,2.14,14.0,87570.0
1990-07-18 02:00:00+00:00,24.66,20.4,0.0,0.0,0.0,331.9,1.93,357.0,87550.0
1990-07-18 03:00:00+00:00,24.23,21.1,0.0,0.0,0.0,334.6,1.79,343.0,87540.0
1990-07-18 04:00:00+00:00,23.5,22.5,0.0,0.0,0.0,331.5,1.79,337.0,87560.0
1990-07-18 05:00:00+00:00,22.68,23.25,0.0,0.0,0.0,322.4,1.86,336.0,87590.0
1990-07-18 06:00:00+00:00,21.97,24.85,55.0,200.62,35.0,326.85,1.93,336.0,87640.0
1990-07-18 07:00:00+00:00,23.52,21.8,249.0,482.82,100.0,321.85,1.66,339.0,87700.0
1990-07-18 08:00:00+00:00,27.9,16.85,453.0,587.34,154.0,328.2,1.24,338.0,87750.0
1990-07-18 09:00:00+00:00,31.58,13.45,670.0,734.62,165.0,336.75,1.24,38.0,87780.0
1990-07-18 10:00:00+00:00,33.71,11.95,854.0,826.2,167.0,342.35,2.69,91.0,87770.0
1990-07-18 11:00:00+00:00,35.36,10.9,951.0,804.05,202.0,362.1,3.79,114.0,87790.0
1990-07-18 12:00:00+00:00,36.28,9.9,971.0,714.84,270.0,359.0,3.45,128.0,87730.0
1990-07-18 13:00:00+00:00,36.88,9.6,739.0,266.53,479.0,372.15,2.83,129.0,87690.0
1990-07-18 14:00:00+00:00,37.07,9.25,630.0,184.4,461.0,387.45,2.14,120.0,87620.0
1990-07-18 15:00:00+00:00,37.11,9.25,82.0,0.0,82.0,375.85,1.59,108.0,87560.0
1990-07-18 16:00:00+00:00,36.87,9.25,482.0,269.73,305.0,381.85,1.03,103.0,87530.0
1990-07-18 17:00:00+00:00,36.59,9.9,158.0,4.23,156.0,373.9,1.17,153.0,87530.0
1990-07-18 18:00:00+00:00,35.48,10.9,33.0,0.0,33.0,374.45,1.72,174.0,87560.0
1990-07-18 19:00:00+00:00,34.37,11.6,16.0,16.48,15.0,380.85,0.9,302.0,87570.0
1990-07-18 20:00:00+00:00,33.46,12.35,0.0,0.0,0.0,394.4,1.86,289.0,87600.0
1990-07-18 21:00:00+00:00,32.2,13.1,0.0,0.0,0.0,377.75,2.28,302.0,87670.0
1990-07-18 22:00:00+00:00,30.86,14.95,0.0,0.0,0.0,370.6,2.14,318.0,87740.0
1990-07-18 23:00:00+00:00,29.51,17.7,0.0,0.0,0.0,371.2,1.79,327.0,87780.0
1990-07-19 00:00:00+00:00,28.13,20.35,0.0,0.0,0.0,361.9,1.93,326.0,87770.0
1990-07-19 01:00:00+00:00,26.91,22.5,0.0,0.0,0.0,363.55,2.55,332.0,87760.0
1990-07-19 02:00:00+00:00,25.89,24.9,0.0,0.0,0.0,349.3,3.03,329.0,87710.0
1990-07-19 03:00:00+00:00,25.4,24.8,0.0,0.0,0.0,343.3,2.97,327.0,87680.0
1990-07-19 04:00:00+00:00,24.53,26.6,0.0,0.0,0.0,336.35,2.28,337.0,87670.0
1990-07-19 05:00:00+00:00,24.09,27.45,0.0,0.0,0.0,358.0,1.66,345.0,87670.0
1990-07-19 06:00:00+00:00,23.18,32.75,57.0,224.87,35.0,343.1,1.52,348.0,87680.0
1990-07-19 07:00:00+00:00,24.26,29.55,258.0,537.46,93.0,324.35,1.38,322.0,87750.0
1990-07-19 08:00:00+00:00,28.57,18.3,387.0,342.7,213.0,338.5,1.45,334.0,87760.0
1990-07-19 09:00:00+00:00,31.47,14.5,664.0,721.23,169.0,345.65,1.66,352.0,87770.0
1990-07-19 10:00:00+00:00,33.22,12.8,829.0,768.08,191.0,356.65,1.52,18.0,87760.0
1990-07-19 11:00:00+00:00,34.11,11.6,953.0,815.4,194.0,372.95,0.62,28.0,87750.0
1990-07-19 12:00:00+00:00,35.5,10.9,1019.0,841.78,194.0,377.2,0.21,233.0,87700.0
1990-07-19 13:00:00+00:00,36.07,10.6,1023.0,863.59,181.0,392.1,1.17,263.0,87640.0
1990-07-19 14:00:00+00:00,36.04,10.6,920.0,767.5,217.0,394.6,1.86,276.0,87570.0
1990-07-19 15:00:00+00:00,35.47,10.9,245.0,0.0,245.0,397.1,2.0,280.0,87490.0
1990-07-19 16:00:00+00:00,35.51,10.9,121.0,0.0,121.0,410.3,2.55,315.0,87470.0
1990-07-19 17:00:00+00:00,35.09,11.7,178.0,12.72,172.0,387.85,4.55,347.0,87480.0
1990-07-19 18:00:00+00:00,33.69,13.4,150.0,134.1,114.0,389.95,6.0,355.0,87500.0
1990-07-19 19:00:00+00:00,34.0,11.5,25.0,101.19,19.0,396.35,2.62,347.0,87430.0
1990-07-19 20:00:00+00:00,32.61,12.7,0.0,0.0,0.0,374.65,2.9,333.0,87430.0
1990-07-19 21:00:00+00:00,30.99,15.55,0.0,0.0,0.0,367.9,4.07,322.0,87510.0
1990-07-19 22:00:00+00:00,29.4,18.4,0.0,0.0,0.0,354.35,3.86,324.0,87560.0
1990-07-19 23:00:00+00:00,27.98,21.15,0.0,0.0,0.0,337.3,2.76,343.0,87560.0
1990-07-20 00:00:00+00:00,26.57,23.4,0.0,0.0,0.0,329.55,2.48,1.0,87540.0
1990-07-20 01:00:00+00:00,25.11,27.7,0.0,0.0,0.0,326.6,2.28,360.0,87480.0
1990-07-20 02:00:00+00:00,23.93,31.7,0.0,0.0,0.0,328.6,2.0,347.0,87430.0
1990-07-20 03:00:00+00:00,23.22,34.0,0.0,0.0,0.0,333.85,1.86,334.0,87390.0
1990-07-20 04:00:00+00:00,22.45,36.3,0.0,0.0,0.0,319.7,2.0,327.0,87360.0
1990-07-20 05:00:00+00:00,21.74,37.5,0.0,0.0,0.0,315.05,2.0,328.0,87360.0
1990-07-20 06:00:00+00:00,21.2,38.75,48.0,145.89,34.0,320.1,1.86,330.0,87380.0
1990-07-20 07:00:00+00:00,22.49,39.05,245.0,478.09,99.0,316.6,1.31,320.0,87420.0
1990-07-20 08:00:00+00:00,26.75,24.25,456.0,618.13,143.0,323.2,0.97,321.0,87400.0
1990-07-20 09:00:00+00:00,29.36,19.85,669.0,739.91,162.0,336.35,0.55,337.0,87430.0
1990-07-20 10:00:00+00:00,31.55,16.25,836.0,790.59,180.0,347.55,0.28,51.0,87370.0
1990-07-20 11:00:00+00:00,33.58,13.3,962.0,836.45,184.0,355.7,0.48,164.0,87350.0
1990-07-20 12:00:00+00:00,35.0,11.25,1017.0,841.27,193.0,365.75,1.17,211.0,87280.0
1990-07-20 13:00:00+00:00,35.84,10.6,1028.0,874.33,176.0,387.65,1.72,233.0,87190.0
1990-07-20 14:00:00+00:00,36.23,9.9,945.0,832.42,183.0,384.35,2.14,260.0,87120.0
1990-07-20 15:00:00+00:00,36.48,9.9,804.0,771.38,182.0,392.3,2.62,280.0,87040.0
1990-07-20 16:00:00+00:00,36.13,10.2,634.0,727.03,158.0,395.95,3.31,295.0,86990.0
1990-07-20 17:00:00+00:00,35.44,10.5,67.0,0.0,67.0,383.0,4.07,306.0,86970.0
1990-07-20 18:00:00+00:00,33.86,12.45,68.0,0.0,68.0,387.45,6.21,322.0,87000.0
1990-07-20 19:00:00+00:00,30.83,22.55,7.0,0.0,7.0,368.3,6.28,336.0,87010.0
1990-07-20 20:00:00+00:00,29.74,25.8,0.0,0.0,0.0,373.5,3.93,336.0,87010.0
1990-07-20 21:00:00+00:00,28.86,28.5,0.0,0.0,0.0,355.3,2.69,311.0,87090.0
1990-07-20 22:00:00+00:00,27.61,30.5,0.0,0.0,0.0,339.45,3.03,300.0,87120.0
1990-07-20 23:00:00+00:00,26.38,34.8,0.0,0.0,0.0,335.95,2.69,309.0,87140.0
1990-07-21 00:00:00+00:00,25.28,38.45,0.0,0.0,0.0,335.2,2.14,326.0,87100.0
1990-07-21 01:00:00+00:00,24.28,42.5,0.0,0.0,0.0,334.9,1.72,335.0,87030.0
1990-07-21 02:00:00+00:00,23.21,45.35,0.0,0.0,0.0,325.7,1.52,327.0,86970.0
1990-07-21 03:00:00+00:00,22.09,48.45,0.0,0.0,0.0,322.05,1.45,318.0,86940.0
1990-07-21 04:00:00+00:00,21.1,49.95,0.0,0.0,0.0,320.3,1.45,316.0,86930.0
1990-07-21 05:00:00+00:00,20.61,49.8,0.0,0.0,0.0,316.05,1.31,316.0,86940.0
1990-07-21 06:00:00+00:00,20.49,48.05,30.0,21.26,28.0,313.1,1.17,319.0,86970.0
1990-07-21 07:00:00+00:00,22.69,40.6,239.0,451.04,102.0,314.3,0.83,312.0,87030.0
1990-07-21 08:00:00+00:00,26.49,30.1,458.0,627.73,141.0,323.75,0.76,336.0,87060.0
1990-07-21 09:00:00+00:00,29.49,23.85,664.0,730.89,164.0,333.85,0.76,44.0,87050.0
1990-07-21 10:00:00+00:00,31.75,19.7,836.0,790.25,181.0,344.5,1.31,106.0,87060.0
1990-07-21 11:00:00+00:00,33.5,16.65,957.0,825.28,190.0,353.2,1.66,145.0,87020.0
1990-07-21 12:00:00+00:00,35.12,13.1,1023.0,853.04,188.0,362.65,2.62,200.0,86980.0
1990-07-21 13:00:00+00:00,36.45,10.7,660.0,169.42,495.0,366.55,4.34,217.0,86900.0
1990-07-21 14:00:00+00:00,36.84,9.6,190.0,0.0,190.0,386.1,5.45,214.0,86840.0
1990-07-21 15:00:00+00:00,36.88,9.25,725.0,538.68,291.0,380.3,5.59,207.0,86810.0
1990-07-21 16:00:00+00:00,36.5,9.5,326.0,48.94,294.0,388.2,5.59,202.0,86760.0
1990-07-21 17:00:00+00:00,36.12,9.45,439.0,681.12,119.0,380.65,6.07,213.0,86750.0
1990-07-21 18:00:00+00:00,34.43,10.75,30.0,0.0,30.0,390.15,6.9,242.0,86790.0
1990-07-21 19:00:00+00:00,32.99,12.25,2.0,0.0,2.0,362.65,5.52,256.0,86820.0
1990-07-21 20:00:00+00:00,31.57,13.45,0.0,0.0,0.0,346.2,3.38,276.0,86880.0
1990-07-21 21:00:00+00:00,30.49,14.85,0.0,0.0,0.0,340.4,1.72,297.0,86940.0
1990-07-21 22:00:00+00:00,29.05,18.3,0.0,0.0,0.0,339.85,1.1,289.0,87010.0
1990-07-21 23:00:00+00:00,27.49,18.75,0.0,0.0,0.0,328.2,1.38,261.0,87040.0
1990-07-22 00:00:00+00:00,25.72,20.65,0.0,0.0,0.0,330.35,1.86,266.0,87030.0
1990-07-22 01:00:00+00:00,24.46,22.75,0.0,0.0,0.0,324.85,1.79,277.0,87000.0
1990-07-22 02:00:00+00:00,25.07,21.35,0.0,0.0,0.0,327.85,1.17,275.0,86970.0
1990-07-22 03:00:00+00:00,25.86,20.65,0.0,0.0,0.0,337.1,0.69,269.0,86960.0
1990-07-22 04:00:00+00:00,25.28,23.0,0.0,0.0,0.0,336.35,0.41,256.0,86970.0
1990-07-22 05:00:00+00:00,24.95,23.75,0.0,0.0,0.0,349.3,0.14,344.0,86980.0
1990-07-22 06:00:00+00:00,24.5,25.5,46.0,151.94,32.0,332.3,0.55,73.0,87000.0
1990-07-22 07:00:00+00:00,24.54,22.05,238.0,453.5,101.0,329.0,0.76,52.0,87060.0
1990-07-22 08:00:00+00:00,27.01,20.1,455.0,619.53,143.0,331.9,0.9,59.0,87090.0
1990-07-22 09:00:00+00:00,30.12,16.0,662.0,723.32,168.0,337.3,0.83,81.0,87110.0
1990-07-22 10:00:00+00:00,32.38,14.15,828.0,769.39,191.0,351.65,1.24,147.0,87120.0
1990-07-22 11:00:00+00:00,34.41,12.05,959.0,829.17,189.0,357.05,2.69,189.0,87110.0
1990-07-22 12:00:00+00:00,35.88,10.2,1008.0,819.86,206.0,364.2,4.55,196.0,87060.0
1990-07-22 13:00:00+00:00,36.69,8.55,969.0,727.44,261.0,374.65,5.93,199.0,86990.0
1990-07-22 14:00:00+00:00,36.97,8.2,839.0,555.69,331.0,374.65,6.62,203.0,86960.0
1990-07-22 15:00:00+00:00,37.04,8.2,568.0,213.68,396.0,374.85,6.9,205.0,86920.0
1990-07-22 16:00:00+00:00,37.02,7.9,463.0,234.31,310.0,359.75,6.83,209.0,86900.0
1990-07-22 17:00:00+00:00,36.68,7.9,383.0,443.78,175.0,361.9,6.69,214.0,86880.0
1990-07-22 18:00:00+00:00,35.76,8.4,150.0,143.59,112.0,352.8,6.41,225.0,86870.0
1990-07-22 19:00:00+00:00,34.24,9.95,14.0,18.29,13.0,354.95,5.24,246.0,86960.0
1990-07-22 20:00:00+00:00,32.39,12.15,0.0,0.0,0.0,344.85,4.14,270.0,87010.0
1990-07-22 21:00:00+00:00,31.06,13.85,0.0,0.0,0.0,337.5,3.24,292.0,87080.0
1990-07-22 22:00:00+00:00,29.76,14.75,0.0,0.0,0.0,328.6,2.41,312.0,87140.0
1990-07-22 23:00:00+00:00,28.13,16.85,0.0,0.0,0.0,325.5,1.93,321.0,87160.0
1990-07-23 00:00:00+00:00,26.49,20.0,0.0,0.0,0.0,320.3,1.38,307.0,87170.0
1990-07-23 01:00:00+00:00,26.52,19.25,0.0,0.0,0.0,319.6,0.83,285.0,87140.0
1990-07-23 02:00:00+00:00,26.56,17.95,0.0,0.0,0.0,317.55,0.34,265.0,87140.0
1990-07-23 03:00:00+00:00,25.9,19.15,0.0,0.0,0.0,314.85,0.14,326.0,87140.0
1990-07-23 04:00:00+00:00,25.2,19.0,0.0,0.0,0.0,313.1,0.55,330.0,87130.0
1990-07-23 05:00:00+00:00,24.09,19.55,0.0,0.0,0.0,312.55,1.03,317.0,87150.0
1990-07-23 06:00:00+00:00,22.02,23.15,49.0,199.54,31.0,309.85,1.24,310.0,87180.0
1990-07-23 07:00:00+00:00,23.32,21.65,187.0,189.73,130.0,312.15,0.62,316.0,87250.0
1990-07-23 08:00:00+00:00,27.73,15.0,426.0,493.81,178.0,322.05,0.34,331.0,87320.0
1990-07-23 09:00:00+00:00,30.77,12.8,599.0,508.93,252.0,334.2,0.55,55.0,87340.0
1990-07-23 10:00:00+00:00,33.52,11.0,832.0,775.09,191.0,341.4,1.72,90.0,87370.0
1990-07-23 11:00:00+00:00,35.66,9.8,758.0,357.81,426.0,352.6,3.17,124.0,87370.0
1990-07-23 12:00:00+00:00,36.52,10.3,540.0,64.45,477.0,373.9,4.34,151.0,87370.0
1990-07-23 13:00:00+00:00,37.25,9.7,724.0,245.72,485.0,382.8,4.83,167.0,87310.0
1990-07-23 14:00:00+00:00,37.66,9.4,735.0,338.26,426.0,387.85,4.97,177.0,87280.0
1990-07-23 15:00:00+00:00,37.72,9.4,645.0,348.2,365.0,391.5,5.31,185.0,87250.0
1990-07-23 16:00:00+00:00,37.22,9.7,171.0,0.0,171.0,399.05,5.03,190.0,87250.0
1990-07-23 17:00:00+00:00,36.6,10.3,203.0,27.81,190.0,398.45,4.48,186.0,87260.0
1990-07-23 18:00:00+00:00,36.04,11.0,90.0,11.4,87.0,387.85,3.1,179.0,87260.0
1990-07-23 19:00:00+00:00,35.81,10.6,2.0,0.0,2.0,399.25,3.59,160.0,87260.0
1990-07-23 20:00:00+00:00,34.64,11.25,0.0,0.0,0.0,375.85,2.76,119.0,87310.0
1990-07-23 21:00:00+00:00,33.41,12.8,0.0,0.0,0.0,374.3,3.1,88.0,87360.0
1990-07-23 22:00:00+00:00,32.26,13.65,0.0,0.0,0.0,371.2,3.1,67.0,87420.0
1990-07-23 23:00:00+00:00,31.18,15.05,0.0,0.0,0.0,368.1,2.55,56.0,87440.0
1990-07-24 00:00:00+00:00,29.84,16.55,0.0,0.0,0.0,380.3,1.66,53.0,87460.0
1990-07-24 01:00:00+00:00,29.43,17.7,0.0,0.0,0.0,379.25,1.03,38.0,87440.0
1990-07-24 02:00:00+00:00,28.62,18.3,0.0,0.0,0.0,356.3,1.03,4.0,87430.0
1990-07-24 03:00:00+00:00,27.18,20.25,0.0,0.0,0.0,354.95,1.31,346.0,87410.0
1990-07-24 04:00:00+00:00,26.35,21.55,0.0,0.0,0.0,357.25,1.38,339.0,87400.0
1990-07-24 05:00:00+00:00,25.87,22.3,0.0,0.0,0.0,347.75,1.31,336.0,87430.0
1990-07-24 06:00:00+00:00,25.69,22.3,31.0,33.99,28.0,343.9,1.31,345.0,87470.0
1990-07-24 07:00:00+00:00,25.9,22.3,152.0,87.03,126.0,334.8,1.38,353.0,87520.0
1990-07-24 08:00:00+00:00,29.63,17.85,321.0,175.72,233.0,344.5,1.38,5.0,87520.0
1990-07-24 09:00:00+00:00,32.84,14.25,526.0,327.62,303.0,350.3,1.93,28.0,87560.0
1990-07-24 10:00:00+00:00,34.7,12.6,695.0,422.49,346.0,356.65,2.21,49.0,87520.0
1990-07-24 11:00:00+00:00,36.03,11.9,828.0,506.97,358.0,370.2,1.66,70.0,87520.0
1990-07-24 12:00:00+00:00,37.07,11.2,831.0,418.7,422.0,377.4,1.03,108.0,87490.0
1990-07-24 13:00:00+00:00,37.84,10.55,826.0,417.71,420.0,384.15,0.69,135.0,87410.0
1990-07-24 14:00:00+00:00,38.59,9.85,691.0,273.89,441.0,391.7,0.69,152.0,87340.0
1990-07-24 15:00:00+00:00,38.58,9.85,568.0,217.85,393.0,397.1,0.83,188.0,87290.0
1990-07-24 16:00:00+00:00,38.75,9.5,361.0,82.95,307.0,393.65,1.38,207.0,87250.0
1990-07-24 17:00:00+00:00,38.43,9.1,225.0,51.47,201.0,408.9,1.86,216.0,87250.0
1990-07-24 18:00:00+00:00,38.11,9.4,164.0,206.36,110.0,399.25,1.93,223.0,87230.0
1990-07-24 19:00:00+00:00,37.42,9.3,18.0,58.61,15.0,404.65,2.48,206.0,87250.0
1990-07-24 20:00:00+00:00,36.29,10.3,0.0,0.0,0.0,385.9,1.52,253.0,87270.0
1990-07-24 21:00:00+00:00,34.4,13.0,0.0,0.0,0.0,379.5,2.0,306.0,87320.0
1990-07-24 22:00:00+00:00,32.06,19.7,0.0,0.0,0.0,352.8,3.1,321.0,87360.0
1990-07-24 23:00:00+00:00,30.02,28.75,0.0,0.0,0.0,359.75,3.38,322.0,87390.0
1990-07-25 00:00:00+00:00,28.22,35.2,0.0,0.0,0.0,349.7,2.83,326.0,87350.0
1990-07-25 01:00:00+00:00,27.07,38.95,0.0,0.0,0.0,352.35,2.34,322.0,87300.0
1990-07-25 02:00:00+00:00,25.82,42.9,0.0,0.0,0.0,339.05,2.07,315.0,87250.0
1990-07-25 03:00:00+00:00,24.74,47.4,0.0,0.0,0.0,334.4,2.0,313.0,87240.0
1990-07-25 04:00:00+00:00,24.27,48.95,0.0,0.0,0.0,347.2,1.93,315.0,87240.0
1990-07-25 05:00:00+00:00,23.56,48.8,0.0,0.0,0.0,335.55,2.07,318.0,87260.0
1990-07-25 06:00:00+00:00,22.98,52.1,34.0,57.95,29.0,332.85,2.14,321.0,87280.0
1990-07-25 07:00:00+00:00,24.77,41.15,180.0,181.78,126.0,329.95,1.72,337.0,87310.0
1990-07-25 08:00:00+00:00,28.93,29.55,392.0,386.47,199.0,334.0,1.59,348.0,87330.0
1990-07-25 09:00:00+00:00,32.23,19.8,598.0,529.81,238.0,349.1,1.66,23.0,87340.0
1990-07-25 10:00:00+00:00,34.39,15.7,777.0,637.51,251.0,361.5,1.86,65.0,87290.0
1990-07-25 11:00:00+00:00,35.84,13.3,896.0,680.15,266.0,366.95,1.1,80.0,87270.0
1990-07-25 12:00:00+00:00,37.12,11.6,975.0,749.91,243.0,376.2,0.62,180.0,87190.0
1990-07-25 13:00:00+00:00,37.96,10.55,981.0,778.38,225.0,381.65,2.07,225.0,87140.0
1990-07-25 14:00:00+00:00,38.49,9.85,678.0,257.68,443.0,387.25,2.76,228.0,87060.0
1990-07-25 15:00:00+00:00,38.96,9.5,670.0,416.26,336.0,397.9,3.17,223.0,86980.0
1990-07-25 16:00:00+00:00,38.57,9.5,222.0,3.08,220.0,383.0,2.76,248.0,86960.0
1990-07-25 17:00:00+00:00,38.07,10.15,234.0,64.52,204.0,399.25,2.97,284.0,86920.0
1990-07-25 18:00:00+00:00,36.66,13.0,127.0,76.9,107.0,410.85,5.52,311.0,86940.0
1990-07-25 19:00:00+00:00,33.78,22.45,7.0,0.0,7.0,398.65,6.14,337.0,87040.0
1990-07-25 20:00:00+00:00,32.17,27.4,0.0,0.0,0.0,393.25,5.31,337.0,87070.0
1990-07-25 21:00:00+00:00,31.0,30.05,0.0,0.0,0.0,379.5,4.14,330.0,87120.0
1990-07-25 22:00:00+00:00,29.95,32.0,0.0,0.0,0.0,369.25,2.76,319.0,87150.0
1990-07-25 23:00:00+00:00,28.93,34.1,0.0,0.0,0.0,365.4,2.07,320.0,87170.0
1990-07-26 00:00:00+00:00,27.52,36.3,0.0,0.0,0.0,346.6,2.0,339.0,87140.0
1990-07-26 01:00:00+00:00,26.49,38.7,0.0,0.0,0.0,353.5,1.86,346.0,87080.0
1990-07-26 02:00:00+00:00,25.96,39.95,0.0,0.0,0.0,363.65,1.52,333.0,87030.0
1990-07-26 03:00:00+00:00,25.32,41.25,0.0,0.0,0.0,357.85,1.66,314.0,87000.0
1990-07-26 04:00:00+00:00,24.22,44.05,0.0,0.0,0.0,341.0,1.66,313.0,87010.0
1990-07-26 05:00:00+00:00,23.44,47.0,0.0,0.0,0.0,356.1,1.45,318.0,87030.0
1990-07-26 06:00:00+00:00,22.84,48.55,37.0,94.91,29.0,348.15,1.45,327.0,87060.0
1990-07-26 07:00:00+00:00,24.08,44.05,209.0,321.65,114.0,351.25,1.24,333.0,87110.0
1990-07-26 08:00:00+00:00,28.15,32.75,434.0,564.3,153.0,347.2,1.03,349.0,87120.0
1990-07-26 09:00:00+00:00,30.77,25.15,636.0,666.36,184.0,351.85,0.76,5.0,87110.0
1990-07-26 10:00:00+00:00,32.87,19.9,807.0,738.98,198.0,359.75,1.45,93.0,87100.0
1990-07-26 11:00:00+00:00,34.69,17.0,926.0,772.61,211.0,366.55,2.62,115.0,87070.0
1990-07-26 12:00:00+00:00,35.91,15.45,964.0,729.99,252.0,377.75,2.62,143.0,87020.0
1990-07-26 13:00:00+00:00,36.68,13.5,899.0,582.18,334.0,382.4,2.14,170.0,86960.0
1990-07-26 14:00:00+00:00,37.05,12.5,820.0,532.28,335.0,395.95,2.0,205.0,86890.0
1990-07-26 15:00:00+00:00,36.99,12.5,194.0,0.0,194.0,420.55,2.34,212.0,86790.0
1990-07-26 16:00:00+00:00,37.13,12.5,290.0,27.75,272.0,418.8,3.66,228.0,86770.0
1990-07-26 17:00:00+00:00,34.96,15.8,239.0,73.35,205.0,387.05,5.59,233.0,86850.0
1990-07-26 18:00:00+00:00,34.25,15.1,150.0,162.53,108.0,392.45,4.0,228.0,86890.0
1990-07-26 19:00:00+00:00,34.06,16.15,13.0,21.12,12.0,396.15,2.48,257.0,86860.0
1990-07-26 20:00:00+00:00,32.87,19.9,0.0,0.0,0.0,368.85,1.79,324.0,86880.0
1990-07-26 21:00:00+00:00,31.02,25.15,0.0,0.0,0.0,361.1,2.14,16.0,86920.0
1990-07-26 22:00:00+00:00,29.19,31.85,0.0,0.0,0.0,354.35,2.14,23.0,86980.0
1990-07-26 23:00:00+00:00,27.12,38.95,0.0,0.0,0.0,343.5,1.72,28.0,87000.0
1990-07-27 00:00:00+00:00,25.76,47.65,0.0,0.0,0.0,335.4,1.1,22.0,87010.0
1990-07-27 01:00:00+00:00,25.98,42.9,0.0,0.0,0.0,352.7,0.97,45.0,87010.0
1990-07-27 02:00:00+00:00,24.46,44.05,0.0,0.0,0.0,347.95,2.21,80.0,87000.0
1990-07-27 03:00:00+00:00,24.71,39.7,0.0,0.0,0.0,353.75,2.69,68.0,87010.0
1990-07-27 04:00:00+00:00,24.9,38.3,0.0,0.0,0.0,346.4,2.69,35.0,87020.0
1990-07-27 05:00:00+00:00,24.09,41.0,0.0,0.0,0.0,341.0,2.48,32.0,87060.0
1990-07-27 06:00:00+00:00,22.68,48.55,40.0,145.82,28.0,336.15,1.59,31.0,87100.0
1990-07-27 07:00:00+00:00,23.5,48.7,203.0,296.28,116.0,336.95,1.24,333.0,87100.0
1990-07-27 08:00:00+00:00,26.62,33.7,414.0,489.4,171.0,334.2,0.62,358.0,87150.0
1990-07-27 09:00:00+00:00,28.45,31.6,622.0,626.18,198.0,345.25,0.97,97.0,87180.0
1990-07-27 10:00:00+00:00,30.23,27.85,574.0,210.18,401.0,358.6,1.59,130.0,87190.0
1990-07-27 11:00:00+00:00,32.2,23.75,857.0,593.79,308.0,365.75,2.83,147.0,87170.0
1990-07-27 12:00:00+00:00,34.13,20.25,972.0,756.23,235.0,372.95,4.28,158.0,87120.0
1990-07-27 13:00:00+00:00,35.61,17.75,961.0,740.43,243.0,373.1,5.31,168.0,87070.0
1990-07-27 14:00:00+00:00,35.35,16.5,842.0,591.01,304.0,391.1,5.66,184.0,87030.0
1990-07-27 15:00:00+00:00,32.81,23.05,714.0,538.47,283.0,390.35,5.24,187.0,87140.0
1990-07-27 16:00:00+00:00,33.17,22.35,574.0,557.51,213.0,390.55,1.59,154.0,87020.0
1990-07-27 17:00:00+00:00,33.5,21.55,400.0,562.7,140.0,399.85,4.07,100.0,86970.0
1990-07-27 18:00:00+00:00,30.68,29.0,51.0,0.0,51.0,374.45,5.86,83.0,87090.0
1990-07-27 19:00:00+00:00,28.36,35.2,17.0,66.22,14.0,391.1,4.34,63.0,87200.0
1990-07-27 20:00:00+00:00,26.55,38.85,0.0,0.0,0.0,384.95,5.03,72.0,87290.0
1990-07-27 21:00:00+00:00,26.05,40.1,0.0,0.0,0.0,377.75,4.69,70.0,87340.0
1990-07-27 22:00:00+00:00,25.51,42.75,0.0,0.0,0.0,357.05,4.34,60.0,87390.0
1990-07-27 23:00:00+00:00,24.6,44.15,0.0,0.0,0.0,342.95,3.59,56.0,87410.0
1990-07-28 00:00:00+00:00,23.95,48.8,0.0,0.0,0.0,346.4,2.9,55.0,87420.0
1990-07-28 01:00:00+00:00,23.52,48.8,0.0,0.0,0.0,351.35,2.41,48.0,87370.0
1990-07-28 02:00:00+00:00,22.56,57.9,0.0,0.0,0.0,342.15,1.45,9.0,87340.0
1990-07-28 03:00:00+00:00,21.93,57.65,0.0,0.0,0.0,326.85,1.72,323.0,87380.0
1990-07-28 04:00:00+00:00,21.34,59.6,0.0,0.0,0.0,337.7,1.86,341.0,87450.0
1990-07-28 05:00:00+00:00,20.48,61.6,0.0,0.0,0.0,330.15,1.79,357.0,87470.0
1990-07-28 06:00:00+00:00,19.81,65.85,35.0,99.65,27.0,325.9,1.72,357.0,87520.0
1990-07-28 07:00:00+00:00,20.63,66.05,210.0,342.57,110.0,325.1,1.1,344.0,87590.0
1990-07-28 08:00:00+00:00,24.33,42.5,429.0,553.45,155.0,325.7,1.24,1.0,87630.0
1990-07-28 09:00:00+00:00,26.45,34.8,637.0,680.56,177.0,333.65,1.17,31.0,87670.0
1990-07-28 10:00:00+00:00,28.52,31.6,810.0,752.94,191.0,345.25,1.93,79.0,87680.0
1990-07-28 11:00:00+00:00,30.37,27.85,936.0,801.12,196.0,353.55,2.9,109.0,87690.0
1990-07-28 12:00:00+00:00,32.0,25.4,1002.0,828.75,195.0,358.6,3.79,124.0,87640.0
1990-07-28 13:00:00+00:00,33.28,22.35,996.0,827.76,194.0,368.45,4.28,138.0,87590.0
1990-07-28 14:00:00+00:00,34.16,20.25,919.0,797.25,194.0,371.95,4.34,150.0,87530.0
1990-07-28 15:00:00+00:00,34.65,19.65,784.0,745.62,188.0,385.3,3.86,159.0,87470.0
1990-07-28 16:00:00+00:00,34.47,19.55,601.0,654.57,178.0,385.5,2.48,187.0,87430.0
1990-07-28 17:00:00+00:00,33.65,19.45,380.0,475.57,161.0,386.1,2.55,233.0,87440.0
1990-07-28 18:00:00+00:00,31.54,23.5,75.0,3.92,74.0,383.2,1.45,225.0,87510.0
1990-07-28 19:00:00+00:00,30.99,23.4,1.0,0.0,1.0,384.55,2.83,79.0,87540.0
1990-07-28 20:00:00+00:00,29.45,27.6,0.0,0.0,0.0,356.1,3.1,50.0,87550.0
1990-07-28 21:00:00+00:00,28.17,30.5,0.0,0.0,0.0,346.6,2.62,44.0,87610.0
1990-07-28 22:00:00+00:00,27.03,36.2,0.0,0.0,0.0,348.55,2.0,27.0,87670.0
1990-07-28 23:00:00+00:00,25.44,44.3,0.0,0.0,0.0,342.95,1.72,360.0,87670.0
1990-07-29 00:00:00+00:00,24.17,48.95,0.0,0.0,0.0,339.45,1.72,342.0,87650.0
1990-07-29 01:00:00+00:00,23.05,50.45,0.0,0.0,0.0,331.05,1.72,331.0,87600.0
1990-07-29 02:00:00+00:00,22.05,52.0,0.0,0.0,0.0,326.65,1.72,318.0,87570.0
1990-07-29 03:00:00+00:00,21.44,55.55,0.0,0.0,0.0,333.65,1.72,311.0,87520.0
1990-07-29 04:00:00+00:00,20.95,55.45,0.0,0.0,0.0,331.5,1.72,309.0,87530.0
1990-07-29 05:00:00+00:00,20.47,57.3,0.0,0.0,0.0,322.4,1.72,312.0,87530.0
1990-07-29 06:00:00+00:00,20.35,55.3,34.0,102.24,26.0,331.7,1.59,314.0,87570.0
1990-07-29 07:00:00+00:00,22.22,50.2,212.0,351.5,110.0,325.9,1.17,303.0,87600.0
1990-07-29 08:00:00+00:00,25.92,37.2,425.0,532.8,162.0,327.85,0.83,281.0,87640.0
1990-07-29 09:00:00+00:00,28.86,27.5,636.0,663.99,188.0,336.15,1.24,255.0,87610.0
1990-07-29 10:00:00+00:00,31.32,22.65,804.0,720.99,212.0,353.0,2.0,250.0,87600.0
1990-07-29 11:00:00+00:00,33.52,17.3,934.0,783.48,211.0,361.3,3.79,261.0,87570.0
1990-07-29 12:00:00+00:00,34.49,14.55,989.0,784.24,226.0,361.9,4.9,277.0,87530.0
1990-07-29 13:00:00+00:00,35.41,13.2,983.0,783.05,225.0,364.6,5.93,288.0,87460.0
1990-07-29 14:00:00+00:00,35.59,11.8,755.0,389.69,401.0,382.0,7.03,299.0,87410.0
1990-07-29 15:00:00+00:00,34.82,12.6,770.0,686.55,222.0,375.25,7.31,304.0,87420.0
1990-07-29 16:00:00+00:00,34.13,14.0,593.0,615.63,196.0,376.0,7.24,308.0,87380.0
1990-07-29 17:00:00+00:00,33.53,15.45,372.0,438.03,171.0,369.45,7.03,319.0,87380.0
1990-07-29 18:00:00+00:00,32.42,17.1,167.0,253.07,103.0,362.65,6.14,328.0,87390.0
1990-07-29 19:00:00+00:00,31.83,16.35,12.0,24.41,11.0,348.75,5.03,308.0,87290.0
1990-07-29 20:00:00+00:00,30.09,19.35,0.0,0.0,0.0,345.65,4.21,304.0,87310.0
1990-07-29 21:00:00+00:00,28.41,22.75,0.0,0.0,0.0,330.55,3.52,301.0,87340.0
1990-07-29 22:00:00+00:00,26.95,25.2,0.0,0.0,0.0,324.55,3.17,296.0,87370.0
1990-07-29 23:00:00+00:00,25.61,27.85,0.0,0.0,0.0,319.1,2.9,294.0,87350.0
1990-07-30 00:00:00+00:00,24.37,31.85,0.0,0.0,0.0,313.9,2.83,292.0,87340.0
1990-07-30 01:00:00+00:00,23.2,35.25,0.0,0.0,0.0,308.6,2.97,289.0,87280.0
1990-07-30 02:00:00+00:00,22.13,37.65,0.0,0.0,0.0,304.2,3.03,288.0,87220.0
1990-07-30 03:00:00+00:00,21.13,40.2,0.0,0.0,0.0,299.95,2.97,288.0,87170.0
1990-07-30 04:00:00+00:00,20.17,43.0,0.0,0.0,0.0,295.7,2.69,291.0,87140.0
1990-07-30 05:00:00+00:00,19.3,44.3,0.0,0.0,0.0,292.4,2.34,297.0,87120.0
1990-07-30 06:00:00+00:00,18.69,44.2,36.0,144.33,25.0,288.95,1.86,304.0,87160.0
1990-07-30 07:00:00+00:00,19.83,47.8,234.0,478.43,96.0,288.95,1.1,314.0,87170.0
1990-07-30 08:00:00+00:00,24.09,27.45,460.0,658.33,136.0,294.15,0.76,12.0,87210.0
1990-07-30 09:00:00+00:00,27.29,19.5,671.0,752.81,164.0,304.2,0.9,65.0,87210.0
1990-07-30 10:00:00+00:00,29.9,15.3,843.0,798.73,188.0,313.7,0.83,25.0,87210.0
1990-07-30 11:00:00+00:00,32.26,11.7,968.0,833.08,200.0,322.2,2.0,355.0,87180.0
1990-07-30 12:00:00+00:00,34.25,8.85,1035.0,863.14,196.0,328.05,3.38,346.0,87130.0
1990-07-30 13:00:00+00:00,35.61,6.8,1035.0,873.75,190.0,330.75,4.41,342.0,87070.0
1990-07-30 14:00:00+00:00,36.34,5.9,950.0,828.75,198.0,331.9,5.31,338.0,87020.0
1990-07-30 15:00:00+00:00,36.44,5.7,821.0,804.27,180.0,331.1,6.28,335.0,87010.0
1990-07-30 16:00:00+00:00,35.87,6.35,651.0,781.75,148.0,329.55,7.03,334.0,86990.0
1990-07-30 17:00:00+00:00,34.85,7.6,425.0,647.47,129.0,325.9,7.52,334.0,87010.0
1990-07-30 18:00:00+00:00,33.42,9.05,200.0,462.36,84.0,321.85,7.59,335.0,87030.0
1990-07-30 19:00:00+00:00,32.07,10.7,11.0,0.0,11.0,317.2,6.21,327.0,86980.0
1990-07-30 20:00:00+00:00,29.93,13.15,0.0,0.0,0.0,311.75,5.72,327.0,87020.0
1990-07-30 21:00:00+00:00,28.36,15.0,0.0,0.0,0.0,306.95,4.55,328.0,87080.0
1990-07-30 22:00:00+00:00,26.87,16.6,0.0,0.0,0.0,303.25,3.1,329.0,87150.0
1990-07-30 23:00:00+00:00,25.25,19.0,0.0,0.0,0.0,300.75,2.28,329.0,87180.0
1990-07-31 00:00:00+00:00,23.67,21.8,0.0,0.0,0.0,299.55,2.21,325.0,87190.0
1990-07-31 01:00:00+00:00,22.2,24.05,0.0,0.0,0.0,299.7,2.28,320.0,87170.0
1990-07-31 02:00:00+00:00,21.07,25.65,0.0,0.0,0.0,299.4,2.07,316.0,87150.0
1990-07-31 03:00:00+00:00,20.31,27.45,0.0,0.0,0.0,299.4,1.86,313.0,87140.0
1990-07-31 04:00:00+00:00,19.65,28.4,0.0,0.0,0.0,299.95,1.72,313.0,87140.0
1990-07-31 05:00:00+00:00,18.89,30.35,0.0,0.0,0.0,299.75,1.66,313.0,87150.0
1990-07-31 06:00:00+00:00,18.23,32.65,36.0,161.8,24.0,299.75,1.52,312.0,87190.0
1990-07-31 07:00:00+00:00,20.18,30.75,238.0,516.23,90.0,302.5,1.17,314.0,87250.0
1990-07-31 08:00:00+00:00,25.15,19.75,466.0,694.94,125.0,309.45,0.97,322.0,87290.0
1990-07-31 09:00:00+00:00,28.77,15.7,678.0,786.91,149.0,320.1,0.83,5.0,87320.0
1990-07-31 10:00:00+00:00,31.13,13.95,849.0,829.06,170.0,330.95,1.79,84.0,87340.0
1990-07-31 11:00:00+00:00,32.78,12.7,970.0,854.56,183.0,339.05,2.48,111.0,87320.0
1990-07-31 12:00:00+00:00,33.94,11.95,1032.0,871.15,186.0,346.8,2.14,129.0,87290.0
1990-07-31 13:00:00+00:00,34.88,11.25,1037.0,894.28,173.0,353.4,1.72,138.0,87240.0
1990-07-31 14:00:00+00:00,35.5,10.5,952.0,850.7,181.0,358.0,1.38,149.0,87170.0
1990-07-31 15:00:00+00:00,35.92,10.2,813.0,799.26,177.0,360.75,1.1,157.0,87100.0
1990-07-31 16:00:00+00:00,36.58,10.2,646.0,785.14,142.0,365.12,0.59,163.0,87050.0
1990-07-31 17:00:00+00:00,35.4,11.0,411.0,610.48,133.0,361.0,0.69,162.0,87050.0
1990-07-31 18:00:00+00:00,34.22,11.8,189.0,401.93,89.0,356.89,0.8,54.0,87030.0
1990-07-31 19:00:00+00:00,33.04,12.59,9.0,0.0,9.0,352.78,0.9,109.0,87000.0
1990-07-31 20:00:00+00:00,31.86,13.39,0.0,0.0,0.0,348.67,1.0,68.0,87050.0
1990-07-31 21:00:00+00:00,30.68,14.19,0.0,0.0,0.0,344.56,1.1,48.0,87120.0
1990-07-31 22:00:00+00:00,29.5,14.99,0.0,0.0,0.0,340.45,1.2,33.0,87160.0
1990-07-31 23:00:00+00:00,28.32,15.79,0.0,0.0,0.0,336.34,1.3,356.0,87220.0
1990-08-01 00:00:00+00:00,27.15,16.59,0.0,0.0,0.0,332.23,1.4,354.0,87520.0
1990-08-01 01:00:00+00:00,25.97,17.39,0.0,0.0,0.0,328.12,1.5,337.0,87510.0
1990-08-01 02:00:00+00:00,24.79,18.19,0.0,0.0,0.0,324.01,1.6,326.0,87460.0
1990-08-01 03:00:00+00:00,23.61,18.99,0.0,0.0,0.0,319.9,1.7,321.0,87440.0
1990-08-01 04:00:00+00:00,22.43,19.79,0.0,0.0,0.0,315.79,1.8,324.0,87460.0
1990-08-01 05:00:00+00:00,21.25,20.59,0.0,0.0,0.0,311.67,1.9,331.0,87490.0
1990-08-01 06:00:00+00:00,20.07,21.38,26.0,57.11,22.0,307.56,2.0,335.0,87520.0
1990-08-01 07:00:00+00:00,18.89,22.18,212.0,374.33,106.0,303.45,2.1,344.0,87550.0
1990-08-01 08:00:00+00:00,26.67,14.8,336.0,227.59,225.0,327.25,1.31,359.0,87580.0
1990-08-01 09:00:00+00:00,31.15,11.05,600.0,543.49,236.0,345.05,2.34,46.0,87610.0
1990-08-01 10:00:00+00:00,33.24,11.0,800.0,703.93,225.0,344.85,3.59,83.0,87610.0
1990-08-01 11:00:00+00:00,34.8,10.85,860.0,583.25,324.0,359.55,4.34,117.0,87580.0
1990-08-01 12:00:00+00:00,35.43,10.5,814.0,387.94,438.0,372.75,4.97,141.0,87560.0
1990-08-01 13:00:00+00:00,35.88,10.6,544.0,69.49,477.0,375.85,4.83,146.0,87490.0
1990-08-01 14:00:00+00:00,36.26,9.9,571.0,123.89,459.0,387.85,4.69,148.0,87420.0
1990-08-01 15:00:00+00:00,36.53,9.5,368.0,26.48,347.0,386.85,4.28,151.0,87360.0
1990-08-01 16:00:00+00:00,36.55,9.15,534.0,427.43,261.0,370.0,3.52,157.0,87310.0
1990-08-01 17:00:00+00:00,36.4,8.8,330.0,290.1,199.0,377.4,2.9,158.0,87270.0
1990-08-01 18:00:00+00:00,35.93,8.75,181.0,368.27,91.0,377.55,2.14,143.0,87240.0
1990-08-01 19:00:00+00:00,35.47,7.7,1.0,0.0,1.0,360.55,2.21,148.0,87280.0
1990-08-01 20:00:00+00:00,34.36,8.5,0.0,0.0,0.0,363.85,2.34,108.0,87290.0
1990-08-01 21:00:00+00:00,33.22,9.4,0.0,0.0,0.0,359.55,2.69,73.0,87370.0
1990-08-01 22:00:00+00:00,31.92,10.7,0.0,0.0,0.0,365.75,2.9,62.0,87400.0
1990-08-01 23:00:00+00:00,30.82,11.85,0.0,0.0,0.0,363.85,2.55,59.0,87420.0
1990-08-02 00:00:00+00:00,29.43,13.05,0.0,0.0,0.0,352.0,2.14,52.0,87400.0
1990-08-02 01:00:00+00:00,27.7,14.45,0.0,0.0,0.0,353.5,1.72,35.0,87370.0
1990-08-02 02:00:00+00:00,26.29,15.9,0.0,0.0,0.0,349.5,1.79,13.0,87340.0
1990-08-02 03:00:00+00:00,24.89,17.5,0.0,0.0,0.0,341.95,1.86,360.0,87340.0
1990-08-02 04:00:00+00:00,23.73,18.65,0.0,0.0,0.0,341.2,1.72,348.0,87360.0
1990-08-02 05:00:00+00:00,22.57,19.95,0.0,0.0,0.0,328.4,1.72,334.0,87380.0
1990-08-02 06:00:00+00:00,21.71,21.3,35.0,191.25,22.0,328.05,1.72,323.0,87430.0
1990-08-02 07:00:00+00:00,24.22,17.4,223.0,458.41,94.0,327.85,1.24,326.0,87510.0
1990-08-02 08:00:00+00:00,28.03,13.9,444.0,633.45,136.0,333.65,0.9,345.0,87540.0
1990-08-02 09:00:00+00:00,31.7,10.3,651.0,722.54,168.0,338.1,1.24,52.0,87600.0
1990-08-02 10:00:00+00:00,34.11,9.1,832.0,807.86,173.0,343.3,2.55,89.0,87600.0
1990-08-02 11:00:00+00:00,35.68,8.05,950.0,825.74,192.0,346.4,3.31,113.0,87610.0
1990-08-02 12:00:00+00:00,36.66,7.3,737.0,263.37,482.0,366.55,4.0,138.0,87570.0
1990-08-02 13:00:00+00:00,37.16,7.1,621.0,131.88,494.0,368.1,3.93,152.0,87530.0
1990-08-02 14:00:00+00:00,37.34,7.4,757.0,389.91,405.0,374.85,3.24,161.0,87500.0
1990-08-02 15:00:00+00:00,37.21,7.4,822.0,847.68,151.0,373.7,2.28,176.0,87450.0
1990-08-02 16:00:00+00:00,37.33,7.1,366.0,92.62,307.0,385.1,1.86,207.0,87430.0
1990-08-02 17:00:00+00:00,37.03,7.3,212.0,42.26,193.0,376.0,1.79,241.0,87410.0
1990-08-02 18:00:00+00:00,36.47,7.55,122.0,82.63,102.0,364.0,2.28,278.0,87410.0
1990-08-02 19:00:00+00:00,35.86,7.75,6.0,0.0,6.0,365.75,0.28,112.0,87400.0
1990-08-02 20:00:00+00:00,34.71,8.9,0.0,0.0,0.0,361.5,0.9,11.0,87440.0
1990-08-02 21:00:00+00:00,32.04,11.15,0.0,0.0,0.0,364.6,1.45,10.0,87510.0
1990-08-02 22:00:00+00:00,30.59,12.25,0.0,0.0,0.0,372.15,1.31,16.0,87560.0
1990-08-02 23:00:00+00:00,30.01,12.65,0.0,0.0,0.0,361.7,1.1,25.0,87580.0
1990-08-03 00:00:00+00:00,29.59,12.65,0.0,0.0,0.0,345.65,0.97,27.0,87580.0
1990-08-03 01:00:00+00:00,28.2,14.45,0.0,0.0,0.0,339.35,1.1,16.0,87560.0
1990-08-03 02:00:00+00:00,26.27,16.5,0.0,0.0,0.0,331.3,1.24,2.0,87540.0
1990-08-03 03:00:00+00:00,24.72,18.2,0.0,0.0,0.0,339.25,1.38,347.0,87520.0
1990-08-03 04:00:00+00:00,23.22,20.05,0.0,0.0,0.0,324.55,1.52,335.0,87530.0
1990-08-03 05:00:00+00:00,22.45,21.4,0.0,0.0,0.0,326.65,1.52,324.0,87550.0
1990-08-03 06:00:00+00:00,21.88,22.15,25.0,75.88,20.0,328.6,1.45,314.0,87580.0
1990-08-03 07:00:00+00:00,25.81,16.4,139.0,75.1,118.0,329.55,0.97,327.0,87680.0
1990-08-03 08:00:00+00:00,29.06,13.45,443.0,639.53,133.0,331.9,0.69,346.0,87710.0
1990-08-03 09:00:00+00:00,31.58,11.5,657.0,756.9,152.0,340.0,0.76,39.0,87730.0
1990-08-03 10:00:00+00:00,33.61,10.55,836.0,827.39,162.0,349.3,1.03,102.0,87740.0
1990-08-03 11:00:00+00:00,35.05,9.65,971.0,885.57,159.0,365.55,1.03,146.0,87720.0
1990-08-03 12:00:00+00:00,36.11,9.1,1017.0,865.42,180.0,372.35,1.24,188.0,87670.0
1990-08-03 13:00:00+00:00,36.24,8.8,922.0,630.01,316.0,379.3,0.76,222.0,87640.0
1990-08-03 14:00:00+00:00,36.83,8.55,886.0,698.85,256.0,387.65,0.9,265.0,87580.0
1990-08-03 15:00:00+00:00,37.16,8.3,830.0,877.15,137.0,385.3,2.0,269.0,87530.0
1990-08-03 16:00:00+00:00,37.03,8.55,557.0,510.08,233.0,384.35,2.62,272.0,87490.0
1990-08-03 17:00:00+00:00,36.07,9.1,51.0,0.0,51.0,374.45,2.69,288.0,87500.0
1990-08-03 18:00:00+00:00,35.09,10.05,99.0,33.38,91.0,375.65,3.03,323.0,87530.0
1990-08-03 19:00:00+00:00,35.22,8.65,5.0,0.0,5.0,391.1,0.55,303.0,87460.0
1990-08-03 20:00:00+00:00,33.63,9.85,0.0,0.0,0.0,361.1,1.45,350.0,87500.0
1990-08-03 21:00:00+00:00,32.33,11.25,0.0,0.0,0.0,370.0,2.0,348.0,87580.0
1990-08-03 22:00:00+00:00,30.6,12.8,0.0,0.0,0.0,349.7,2.28,343.0,87630.0
1990-08-03 23:00:00+00:00,28.76,15.1,0.0,0.0,0.0,342.75,2.41,345.0,87670.0
1990-08-04 00:00:00+00:00,27.23,17.4,0.0,0.0,0.0,344.1,2.41,345.0,87650.0
1990-08-04 01:00:00+00:00,25.93,19.9,0.0,0.0,0.0,341.9,2.41,341.0,87610.0
1990-08-04 02:00:00+00:00,24.7,22.05,0.0,0.0,0.0,325.3,2.21,337.0,87550.0
1990-08-04 03:00:00+00:00,23.58,24.4,0.0,0.0,0.0,322.8,2.0,336.0,87520.0
1990-08-04 04:00:00+00:00,22.31,26.95,0.0,0.0,0.0,319.7,1.86,329.0,87510.0
1990-08-04 05:00:00+00:00,21.4,29.9,0.0,0.0,0.0,326.3,1.79,319.0,87500.0
1990-08-04 06:00:00+00:00,20.97,30.9,17.0,15.67,16.0,335.95,1.66,311.0,87520.0
1990-08-04 07:00:00+00:00,22.87,26.05,100.0,14.4,96.0,319.9,1.52,314.0,87570.0
1990-08-04 08:00:00+00:00,26.91,20.1,435.0,612.56,139.0,337.7,1.17,323.0,87580.0
1990-08-04 09:00:00+00:00,30.94,12.8,650.0,741.84,156.0,339.25,1.1,312.0,87590.0
1990-08-04 10:00:00+00:00,32.8,10.9,833.0,824.86,162.0,356.1,1.17,276.0,87570.0
1990-08-04 11:00:00+00:00,34.72,9.65,957.0,859.31,170.0,361.5,1.45,250.0,87530.0
1990-08-04 12:00:00+00:00,35.74,9.1,1019.0,874.67,174.0,366.15,2.41,243.0,87480.0
1990-08-04 13:00:00+00:00,36.29,8.45,996.0,831.67,197.0,378.55,2.69,243.0,87430.0
1990-08-04 14:00:00+00:00,36.41,8.45,729.0,347.72,416.0,371.55,2.34,246.0,87360.0
1990-08-04 15:00:00+00:00,36.55,8.45,603.0,290.43,374.0,377.0,1.72,252.0,87290.0
1990-08-04 16:00:00+00:00,36.62,8.45,184.0,0.0,184.0,382.0,1.45,277.0,87210.0
1990-08-04 17:00:00+00:00,36.34,8.45,387.0,550.21,142.0,393.45,1.59,309.0,87180.0
1990-08-04 18:00:00+00:00,35.71,9.1,95.0,29.52,88.0,369.85,3.45,337.0,87140.0
1990-08-04 19:00:00+00:00,33.81,11.5,3.0,0.0,3.0,368.85,6.0,338.0,87170.0
1990-08-04 20:00:00+00:00,31.44,16.85,0.0,0.0,0.0,365.55,6.34,343.0,87200.0
1990-08-04 21:00:00+00:00,30.0,19.95,0.0,0.0,0.0,355.1,4.34,338.0,87260.0
1990-08-04 22:00:00+00:00,28.71,22.05,0.0,0.0,0.0,348.95,3.24,320.0,87310.0
1990-08-04 23:00:00+00:00,27.31,24.4,0.0,0.0,0.0,339.05,3.03,310.0,87320.0
1990-08-05 00:00:00+00:00,25.88,27.85,0.0,0.0,0.0,325.7,2.83,311.0,87290.0
1990-08-05 01:00:00+00:00,24.66,30.8,0.0,0.0,0.0,324.45,2.62,313.0,87240.0
1990-08-05 02:00:00+00:00,23.66,32.9,0.0,0.0,0.0,327.05,2.34,312.0,87180.0
1990-08-05 03:00:00+00:00,22.72,35.1,0.0,0.0,0.0,319.9,2.21,308.0,87150.0
1990-08-05 04:00:00+00:00,22.07,36.3,0.0,0.0,0.0,321.05,2.0,304.0,87130.0
1990-08-05 05:00:00+00:00,21.24,37.35,0.0,0.0,0.0,309.05,1.93,299.0,87100.0
1990-08-05 06:00:00+00:00,20.64,35.9,22.0,48.6,19.0,310.4,1.86,297.0,87140.0
1990-08-05 07:00:00+00:00,22.24,33.7,207.0,383.95,101.0,323.75,1.66,295.0,87180.0
1990-08-05 08:00:00+00:00,26.65,22.5,186.0,12.46,180.0,315.45,1.66,293.0,87210.0
1990-08-05 09:00:00+00:00,30.49,14.3,259.0,9.03,253.0,324.95,1.79,302.0,87220.0
1990-08-05 10:00:00+00:00,32.63,10.1,827.0,805.11,173.0,330.35,1.31,293.0,87200.0
1990-08-05 11:00:00+00:00,34.33,7.85,956.0,852.68,176.0,337.7,2.07,240.0,87170.0
1990-08-05 12:00:00+00:00,35.96,6.6,446.0,21.76,425.0,342.75,4.28,234.0,87130.0
1990-08-05 13:00:00+00:00,36.91,6.5,1011.0,867.12,179.0,347.4,6.28,236.0,87050.0
1990-08-05 14:00:00+00:00,36.8,6.5,942.0,860.09,169.0,354.15,7.66,238.0,86990.0
1990-08-05 15:00:00+00:00,36.27,6.95,793.0,782.89,177.0,359.55,8.07,241.0,86950.0
1990-08-05 16:00:00+00:00,35.82,7.15,571.0,568.58,212.0,359.75,7.66,246.0,86910.0
1990-08-05 17:00:00+00:00,35.1,7.3,418.0,697.46,109.0,351.45,7.24,248.0,86870.0
1990-08-05 18:00:00+00:00,33.99,8.1,188.0,485.98,74.0,357.65,6.28,251.0,86860.0
1990-08-05 19:00:00+00:00,32.07,11.15,0.0,0.0,0.0,329.95,5.17,289.0,86910.0
1990-08-05 20:00:00+00:00,29.57,15.8,0.0,0.0,0.0,321.05,5.03,313.0,86990.0
1990-08-05 21:00:00+00:00,27.3,20.25,0.0,0.0,0.0,313.7,4.34,325.0,87070.0
1990-08-05 22:00:00+00:00,25.52,23.9,0.0,0.0,0.0,308.3,3.45,319.0,87150.0
1990-08-05 23:00:00+00:00,24.03,25.5,0.0,0.0,0.0,303.85,2.9,314.0,87170.0
1990-08-06 00:00:00+00:00,22.72,29.2,0.0,0.0,0.0,299.6,2.48,314.0,87140.0
1990-08-06 01:00:00+00:00,21.5,31.15,0.0,0.0,0.0,296.2,2.28,313.0,87100.0
1990-08-06 02:00:00+00:00,20.44,33.15,0.0,0.0,0.0,293.4,2.07,312.0,87050.0
1990-08-06 03:00:00+00:00,19.56,34.3,0.0,0.0,0.0,291.45,1.79,308.0,87010.0
1990-08-06 04:00:00+00:00,18.68,35.35,0.0,0.0,0.0,289.7,1.59,302.0,87000.0
1990-08-06 05:00:00+00:00,17.68,37.8,0.0,0.0,0.0,287.75,1.38,300.0,86980.0
1990-08-06 06:00:00+00:00,17.3,37.8,30.0,184.46,19.0,286.05,1.24,300.0,87010.0
1990-08-06 07:00:00+00:00,19.08,31.65,228.0,528.64,83.0,290.5,1.1,295.0,87050.0
1990-08-06 08:00:00+00:00,23.52,22.5,451.0,683.06,123.0,296.65,0.69,305.0,87090.0
1990-08-06 09:00:00+00:00,27.03,16.0,657.0,755.32,156.0,306.95,0.34,88.0,87110.0
1990-08-06 10:00:00+00:00,29.89,11.7,841.0,838.33,161.0,316.05,1.17,143.0,87110.0
1990-08-06 11:00:00+00:00,32.46,7.85,962.0,861.39,175.0,324.35,2.55,183.0,87080.0
1990-08-06 12:00:00+00:00,34.62,6.15,1035.0,901.64,166.0,329.0,4.41,202.0,87050.0
1990-08-06 13:00:00+00:00,36.0,5.65,1028.0,899.58,166.0,332.65,6.48,218.0,87010.0
1990-08-06 14:00:00+00:00,36.44,5.7,710.0,308.71,433.0,333.85,8.21,225.0,86950.0
1990-08-06 15:00:00+00:00,36.28,5.9,568.0,225.44,391.0,338.3,8.21,228.0,86920.0
1990-08-06 16:00:00+00:00,36.02,5.85,520.0,401.97,267.0,334.6,7.86,233.0,86910.0
1990-08-06 17:00:00+00:00,35.16,5.8,362.0,435.66,170.0,331.5,7.52,242.0,86900.0
1990-08-06 18:00:00+00:00,33.8,6.35,157.0,271.64,94.0,332.85,6.76,252.0,86910.0
1990-08-06 19:00:00+00:00,32.47,7.25,0.0,0.0,0.0,322.6,4.9,251.0,86960.0
1990-08-06 20:00:00+00:00,30.44,8.2,0.0,0.0,0.0,314.1,3.86,252.0,87020.0
1990-08-06 21:00:00+00:00,29.01,8.65,0.0,0.0,0.0,310.8,3.03,246.0,87110.0
1990-08-06 22:00:00+00:00,27.74,8.95,0.0,0.0,0.0,306.95,2.14,243.0,87160.0
1990-08-06 23:00:00+00:00,26.32,10.7,0.0,0.0,0.0,303.65,1.31,236.0,87190.0
1990-08-07 00:00:00+00:00,27.46,9.25,0.0,0.0,0.0,301.9,0.69,219.0,87200.0
1990-08-07 01:00:00+00:00,26.63,9.55,0.0,0.0,0.0,301.45,0.21,181.0,87160.0
1990-08-07 02:00:00+00:00,25.54,10.15,0.0,0.0,0.0,300.95,0.07,92.0,87140.0
1990-08-07 03:00:00+00:00,24.4,11.2,0.0,0.0,0.0,300.75,0.21,347.0,87120.0
1990-08-07 04:00:00+00:00,23.28,11.95,0.0,0.0,0.0,299.95,0.48,326.0,87150.0
1990-08-07 05:00:00+00:00,22.25,12.8,0.0,0.0,0.0,299.4,0.62,317.0,87170.0
1990-08-07 06:00:00+00:00,21.4,13.65,28.0,173.79,18.0,299.0,0.62,317.0,87200.0
1990-08-07 07:00:00+00:00,22.56,12.35,220.0,484.4,88.0,299.75,0.69,321.0,87270.0
1990-08-07 08:00:00+00:00,26.36,10.25,450.0,683.15,123.0,305.75,0.48,341.0,87300.0
1990-08-07 09:00:00+00:00,29.17,9.1,652.0,743.23,160.0,314.85,0.83,44.0,87340.0
1990-08-07 10:00:00+00:00,31.56,8.35,841.0,839.57,161.0,324.75,1.24,95.0,87330.0
1990-08-07 11:00:00+00:00,33.74,7.45,682.0,245.48,458.0,333.05,2.0,131.0,87350.0
1990-08-07 12:00:00+00:00,35.45,7.1,426.0,15.58,411.0,341.0,3.1,163.0,87310.0
1990-08-07 13:00:00+00:00,36.4,7.25,1017.0,876.78,178.0,355.1,4.69,179.0,87260.0
1990-08-07 14:00:00+00:00,36.54,7.55,953.0,881.93,163.0,361.1,5.1,186.0,87200.0
1990-08-07 15:00:00+00:00,36.13,8.05,788.0,762.12,191.0,359.95,5.79,191.0,87190.0
1990-08-07 16:00:00+00:00,35.55,8.3,522.0,411.28,264.0,358.4,5.45,186.0,87190.0
1990-08-07 17:00:00+00:00,34.95,8.9,360.0,435.78,169.0,372.15,4.34,178.0,87190.0
1990-08-07 18:00:00+00:00,34.41,9.2,153.0,257.43,94.0,370.6,3.1,180.0,87180.0
1990-08-07 19:00:00+00:00,33.9,8.1,0.0,0.0,0.0,352.2,3.24,190.0,87160.0
1990-08-07 20:00:00+00:00,32.71,8.6,0.0,0.0,0.0,339.05,1.59,219.0,87190.0
1990-08-07 21:00:00+00:00,30.68,10.95,0.0,0.0,0.0,334.2,1.38,285.0,87260.0
1990-08-07 22:00:00+00:00,28.75,12.45,0.0,0.0,0.0,335.75,1.52,324.0,87300.0
1990-08-07 23:00:00+00:00,26.7,13.7,0.0,0.0,0.0,346.2,1.66,326.0,87350.0
1990-08-08 00:00:00+00:00,24.99,15.55,0.0,0.0,0.0,350.3,1.66,317.0,87350.0
1990-08-08 01:00:00+00:00,24.02,17.25,0.0,0.0,0.0,353.3,1.38,320.0,87320.0
1990-08-08 02:00:00+00:00,23.05,17.85,0.0,0.0,0.0,331.7,1.31,324.0,87300.0
1990-08-08 03:00:00+00:00,22.57,19.15,0.0,0.0,0.0,328.05,1.31,327.0,87290.0
1990-08-08 04:00:00+00:00,22.6,19.15,0.0,0.0,0.0,333.25,1.31,340.0,87310.0
1990-08-08 05:00:00+00:00,22.75,19.95,0.0,0.0,0.0,332.85,1.24,10.0,87340.0
1990-08-08 06:00:00+00:00,22.52,19.15,4.0,0.0,4.0,317.55,1.38,30.0,87380.0
1990-08-08 07:00:00+00:00,23.85,17.25,72.0,0.0,72.0,340.8,1.66,49.0,87490.0
1990-08-08 08:00:00+00:00,26.81,14.25,238.0,56.59,211.0,329.75,2.21,68.0,87520.0
1990-08-08 09:00:00+00:00,30.39,10.9,519.0,337.55,296.0,329.4,4.48,90.0,87560.0
1990-08-08 10:00:00+00:00,32.02,9.9,591.0,238.65,398.0,340.0,6.0,105.0,87590.0
1990-08-08 11:00:00+00:00,33.51,9.05,852.0,581.59,322.0,344.3,7.03,114.0,87570.0
1990-08-08 12:00:00+00:00,34.67,8.6,1002.0,836.3,198.0,358.6,6.9,118.0,87530.0
1990-08-08 13:00:00+00:00,35.3,8.3,1017.0,889.55,167.0,344.65,6.34,121.0,87470.0
1990-08-08 14:00:00+00:00,35.77,8.05,906.0,770.53,217.0,360.55,5.72,121.0,87410.0
1990-08-08 15:00:00+00:00,36.0,8.05,744.0,641.07,243.0,349.9,5.17,119.0,87360.0
1990-08-08 16:00:00+00:00,35.7,8.05,545.0,497.48,234.0,350.85,4.62,118.0,87330.0
1990-08-08 17:00:00+00:00,35.27,8.0,395.0,628.71,121.0,345.25,4.28,116.0,87310.0
1990-08-08 18:00:00+00:00,34.52,8.5,154.0,282.72,90.0,353.55,4.07,115.0,87310.0
1990-08-08 19:00:00+00:00,33.31,8.0,0.0,0.0,0.0,348.75,3.72,99.0,87350.0
1990-08-08 20:00:00+00:00,31.82,8.8,0.0,0.0,0.0,339.45,3.31,98.0,87430.0
1990-08-08 21:00:00+00:00,30.47,9.65,0.0,0.0,0.0,321.85,2.97,104.0,87510.0
1990-08-08 22:00:00+00:00,29.25,10.3,0.0,0.0,0.0,312.35,2.41,100.0,87560.0
1990-08-08 23:00:00+00:00,27.21,12.25,0.0,0.0,0.0,310.05,1.79,74.0,87600.0
1990-08-09 00:00:00+00:00,25.45,13.9,0.0,0.0,0.0,307.9,1.79,40.0,87600.0
1990-08-09 01:00:00+00:00,23.81,15.35,0.0,0.0,0.0,306.65,2.07,21.0,87580.0
1990-08-09 02:00:00+00:00,22.37,17.6,0.0,0.0,0.0,307.3,2.07,12.0,87570.0
1990-08-09 03:00:00+00:00,21.17,18.8,0.0,0.0,0.0,308.5,1.93,3.0,87560.0
1990-08-09 04:00:00+00:00,20.36,20.9,0.0,0.0,0.0,308.65,1.86,357.0,87550.0
1990-08-09 05:00:00+00:00,19.67,22.5,0.0,0.0,0.0,307.9,1.86,355.0,87580.0
1990-08-09 06:00:00+00:00,19.03,24.2,23.0,131.21,16.0,306.55,1.93,359.0,87630.0
1990-08-09 07:00:00+00:00,20.89,23.65,211.0,446.23,91.0,307.5,1.79,7.0,87730.0
1990-08-09 08:00:00+00:00,24.98,19.65,441.0,664.43,125.0,311.2,1.86,28.0,87780.0
1990-08-09 09:00:00+00:00,29.4,15.2,645.0,735.64,160.0,317.75,3.59,61.0,87800.0
1990-08-09 10:00:00+00:00,31.47,12.9,834.0,832.21,162.0,324.95,5.03,88.0,87810.0
1990-08-09 11:00:00+00:00,32.93,11.35,959.0,868.04,169.0,329.95,6.14,99.0,87780.0
1990-08-09 12:00:00+00:00,33.98,9.85,1027.0,895.73,167.0,333.45,6.69,102.0,87740.0
1990-08-09 13:00:00+00:00,34.48,9.55,1020.0,894.01,167.0,344.5,6.9,104.0,87690.0
1990-08-09 14:00:00+00:00,34.8,8.9,934.0,851.49,174.0,347.95,6.9,106.0,87640.0
1990-08-09 15:00:00+00:00,34.92,8.9,789.0,785.03,177.0,342.55,6.62,105.0,87610.0
1990-08-09 16:00:00+00:00,34.79,8.9,555.0,534.57,222.0,342.35,6.28,102.0,87600.0
1990-08-09 17:00:00+00:00,34.37,8.85,373.0,519.33,148.0,347.75,5.93,99.0,87580.0
1990-08-09 18:00:00+00:00,33.62,9.1,121.0,120.82,94.0,350.85,5.52,93.0,87580.0
1990-08-09 19:00:00+00:00,31.99,11.15,0.0,0.0,0.0,334.0,4.14,93.0,87630.0
1990-08-09 20:00:00+00:00,30.59,11.85,0.0,0.0,0.0,320.65,2.76,90.0,87690.0
1990-08-09 21:00:00+00:00,29.51,13.05,0.0,0.0,0.0,318.15,2.28,82.0,87760.0
1990-08-09 22:00:00+00:00,28.21,13.9,0.0,0.0,0.0,313.7,2.21,68.0,87810.0
1990-08-09 23:00:00+00:00,26.85,14.8,0.0,0.0,0.0,310.4,2.34,60.0,87830.0
1990-08-10 00:00:00+00:00,25.38,16.3,0.0,0.0,0.0,307.7,2.34,51.0,87820.0
1990-08-10 01:00:00+00:00,23.86,18.65,0.0,0.0,0.0,306.05,2.34,38.0,87840.0
1990-08-10 02:00:00+00:00,22.48,20.6,0.0,0.0,0.0,305.2,2.34,25.0,87790.0
1990-08-10 03:00:00+00:00,21.3,22.0,0.0,0.0,0.0,304.2,2.34,11.0,87780.0
1990-08-10 04:00:00+00:00,20.32,23.5,0.0,0.0,0.0,302.65,2.41,359.0,87770.0
1990-08-10 05:00:00+00:00,19.3,25.15,0.0,0.0,0.0,301.5,2.28,348.0,87770.0
1990-08-10 06:00:00+00:00,18.35,26.9,24.0,175.6,15.0,299.95,2.14,338.0,87810.0
1990-08-10 07:00:00+00:00,19.86,25.3,221.0,520.36,82.0,310.2,1.79,333.0,87890.0
1990-08-10 08:00:00+00:00,24.3,19.55,431.0,618.08,138.0,319.3,1.52,348.0,87910.0
1990-08-10 09:00:00+00:00,29.05,15.1,645.0,735.64,161.0,325.5,2.62,38.0,87930.0
1990-08-10 10:00:00+00:00,31.23,13.45,833.0,833.51,161.0,331.7,4.21,77.0,87930.0
1990-08-10 11:00:00+00:00,32.89,11.8,949.0,842.82,183.0,337.7,5.03,101.0,87900.0
1990-08-10 12:00:00+00:00,33.96,10.65,943.0,677.93,293.0,342.35,5.38,107.0,87860.0
1990-08-10 13:00:00+00:00,34.7,9.3,1025.0,907.99,160.0,346.6,5.59,105.0,87790.0
1990-08-10 14:00:00+00:00,35.11,8.25,973.0,949.65,127.0,346.2,5.52,101.0,87750.0
1990-08-10 15:00:00+00:00,35.23,7.7,822.0,882.19,136.0,353.4,5.17,97.0,87720.0
1990-08-10 16:00:00+00:00,35.18,7.1,423.0,193.35,303.0,343.9,5.1,92.0,87680.0
1990-08-10 17:00:00+00:00,34.73,7.3,288.0,206.68,199.0,346.4,4.69,91.0,87670.0
1990-08-10 18:00:00+00:00,34.08,7.8,125.0,140.59,94.0,335.55,4.14,91.0,87650.0
1990-08-10 19:00:00+00:00,32.91,8.6,0.0,0.0,0.0,331.3,2.62,91.0,87710.0
1990-08-10 20:00:00+00:00,31.49,9.8,0.0,0.0,0.0,330.15,1.45,65.0,87740.0
1990-08-10 21:00:00+00:00,29.64,12.15,0.0,0.0,0.0,328.6,1.24,37.0,87830.0
1990-08-10 22:00:00+00:00,28.44,12.85,0.0,0.0,0.0,320.5,1.24,33.0,87860.0
1990-08-10 23:00:00+00:00,27.0,13.7,0.0,0.0,0.0,323.55,1.45,21.0,87880.0
1990-08-11 00:00:00+00:00,24.9,15.55,0.0,0.0,0.0,313.5,1.79,5.0,87870.0
1990-08-11 01:00:00+00:00,22.88,17.75,0.0,0.0,0.0,310.5,2.0,348.0,87860.0
1990-08-11 02:00:00+00:00,21.62,18.95,0.0,0.0,0.0,308.65,2.21,336.0,87820.0
1990-08-11 03:00:00+00:00,20.63,20.25,0.0,0.0,0.0,306.35,2.14,324.0,87820.0
1990-08-11 04:00:00+00:00,19.74,21.65,0.0,0.0,0.0,304.8,2.14,317.0,87790.0
1990-08-11 05:00:00+00:00,18.9,23.15,0.0,0.0,0.0,303.05,2.07,316.0,87800.0
1990-08-11 06:00:00+00:00,18.21,23.95,23.0,162.75,15.0,302.1,1.93,316.0,87820.0
1990-08-11 07:00:00+00:00,20.23,21.75,213.0,486.2,84.0,305.0,1.66,318.0,87870.0
1990-08-11 08:00:00+00:00,24.84,16.85,432.0,637.04,131.0,311.55,1.24,324.0,87900.0
1990-08-11 09:00:00+00:00,29.39,13.05,638.0,717.38,167.0,324.95,1.38,330.0,87900.0
1990-08-11 10:00:00+00:00,31.84,11.6,820.0,805.02,172.0,331.1,1.24,3.0,87910.0
1990-08-11 11:00:00+00:00,33.39,10.55,955.0,864.94,170.0,344.85,1.24,56.0,87890.0
1990-08-11 12:00:00+00:00,34.51,9.95,1017.0,881.52,173.0,357.65,1.52,88.0,87830.0
1990-08-11 13:00:00+00:00,35.3,9.35,938.0,687.6,284.0,360.55,1.52,73.0,87750.0
1990-08-11 14:00:00+00:00,35.57,9.0,898.0,758.07,224.0,381.65,1.86,42.0,87670.0
1990-08-11 15:00:00+00:00,35.87,8.75,506.0,148.28,391.0,387.25,2.21,23.0,87610.0
1990-08-11 16:00:00+00:00,35.67,8.75,86.0,0.0,86.0,383.4,1.86,4.0,87540.0
1990-08-11 17:00:00+00:00,34.83,9.65,234.0,88.81,196.0,388.8,1.72,313.0,87560.0
1990-08-11 18:00:00+00:00,33.98,9.85,147.0,275.92,87.0,376.0,3.31,306.0,87540.0
1990-08-11 19:00:00+00:00,33.3,8.7,0.0,0.0,0.0,374.45,3.03,317.0,87540.0
1990-08-11 20:00:00+00:00,31.93,9.9,0.0,0.0,0.0,366.75,4.14,329.0,87570.0
1990-08-11 21:00:00+00:00,30.61,12.35,0.0,0.0,0.0,355.9,4.55,338.0,87650.0
1990-08-11 22:00:00+00:00,29.58,15.2,0.0,0.0,0.0,356.3,4.21,343.0,87660.0
1990-08-11 23:00:00+00:00,28.36,16.85,0.0,0.0,0.0,339.45,3.38,343.0,87660.0
1990-08-12 00:00:00+00:00,26.95,18.65,0.0,0.0,0.0,331.5,2.9,337.0,87650.0
1990-08-12 01:00:00+00:00,25.4,20.55,0.0,0.0,0.0,319.05,2.76,334.0,87620.0
1990-08-12 02:00:00+00:00,23.93,23.5,0.0,0.0,0.0,313.1,2.48,335.0,87570.0
1990-08-12 03:00:00+00:00,22.6,26.05,0.0,0.0,0.0,311.4,2.28,330.0,87540.0
1990-08-12 04:00:00+00:00,21.7,27.85,0.0,0.0,0.0,317.2,2.07,322.0,87500.0
1990-08-12 05:00:00+00:00,20.94,29.75,0.0,0.0,0.0,312.15,1.79,314.0,87520.0
1990-08-12 06:00:00+00:00,20.12,30.75,20.0,127.5,14.0,307.9,1.45,309.0,87570.0
1990-08-12 07:00:00+00:00,21.47,29.9,210.0,478.13,84.0,337.9,1.38,308.0,87670.0
1990-08-12 08:00:00+00:00,24.14,24.55,433.0,658.26,123.0,332.3,1.17,306.0,87710.0
1990-08-12 09:00:00+00:00,28.63,18.3,637.0,735.69,155.0,353.75,1.1,302.0,87730.0
1990-08-12 10:00:00+00:00,31.22,13.95,821.0,818.76,163.0,351.25,0.55,273.0,87700.0
1990-08-12 11:00:00+00:00,33.15,11.0,950.0,866.18,165.0,365.2,1.03,164.0,87680.0
1990-08-12 12:00:00+00:00,34.38,10.35,1012.0,882.8,168.0,357.45,1.93,169.0,87610.0
1990-08-12 13:00:00+00:00,35.15,9.35,994.0,857.23,180.0,379.1,2.07,187.0,87550.0
1990-08-12 14:00:00+00:00,35.11,9.65,953.0,920.78,136.0,376.8,1.86,238.0,87470.0
1990-08-12 15:00:00+00:00,34.85,10.05,564.0,241.78,377.0,389.4,3.1,269.0,87450.0
1990-08-12 16:00:00+00:00,34.36,10.75,437.0,235.47,292.0,381.05,5.1,279.0,87420.0
1990-08-12 17:00:00+00:00,32.49,14.7,232.0,91.74,193.0,389.95,6.83,293.0,87450.0
1990-08-12 18:00:00+00:00,30.45,17.3,31.0,0.0,31.0,379.7,7.31,300.0,87460.0
1990-08-12 19:00:00+00:00,29.72,16.55,0.0,0.0,0.0,367.7,4.21,312.0,87460.0
1990-08-12 20:00:00+00:00,29.01,17.6,0.0,0.0,0.0,370.2,2.21,299.0,87510.0
1990-08-12 21:00:00+00:00,27.94,18.2,0.0,0.0,0.0,341.95,1.45,297.0,87580.0
1990-08-12 22:00:00+00:00,26.6,19.35,0.0,0.0,0.0,335.2,1.93,332.0,87580.0
1990-08-12 23:00:00+00:00,25.2,21.35,0.0,0.0,0.0,333.65,1.86,338.0,87600.0
1990-08-13 00:00:00+00:00,23.75,23.5,0.0,0.0,0.0,318.95,1.72,330.0,87550.0
1990-08-13 01:00:00+00:00,22.61,25.1,0.0,0.0,0.0,317.7,1.86,322.0,87520.0
1990-08-13 02:00:00+00:00,21.44,27.7,0.0,0.0,0.0,311.55,2.0,320.0,87470.0
1990-08-13 03:00:00+00:00,20.14,29.6,0.0,0.0,0.0,307.3,1.79,318.0,87440.0
1990-08-13 04:00:00+00:00,19.06,31.65,0.0,0.0,0.0,306.55,1.52,312.0,87430.0
1990-08-13 05:00:00+00:00,18.66,32.75,0.0,0.0,0.0,304.4,1.38,305.0,87420.0
1990-08-13 06:00:00+00:00,18.18,33.9,19.0,133.45,13.0,302.65,1.31,302.0,87450.0
1990-08-13 07:00:00+00:00,20.16,28.5,211.0,492.89,82.0,303.05,0.97,302.0,87530.0
1990-08-13 08:00:00+00:00,24.5,21.9,432.0,656.19,124.0,308.65,0.83,314.0,87530.0
1990-08-13 09:00:00+00:00,28.11,15.6,644.0,754.09,151.0,320.5,0.62,337.0,87540.0
1990-08-13 10:00:00+00:00,30.57,13.25,820.0,815.13,166.0,329.55,0.41,195.0,87540.0
1990-08-13 11:00:00+00:00,32.81,10.9,945.0,849.78,176.0,343.1,1.93,195.0,87500.0
1990-08-13 12:00:00+00:00,34.56,9.2,1000.0,851.66,187.0,350.85,3.03,208.0,87440.0
1990-08-13 13:00:00+00:00,35.69,8.05,982.0,818.61,206.0,353.4,3.86,217.0,87350.0
1990-08-13 14:00:00+00:00,36.28,7.55,760.0,428.05,381.0,361.1,4.41,222.0,87250.0
1990-08-13 15:00:00+00:00,36.46,7.55,712.0,575.68,268.0,367.7,4.83,225.0,87220.0
1990-08-13 16:00:00+00:00,36.0,7.45,327.0,65.22,287.0,365.2,4.62,225.0,87190.0
1990-08-13 17:00:00+00:00,35.54,7.4,77.0,0.0,77.0,372.35,4.21,222.0,87150.0
1990-08-13 18:00:00+00:00,34.96,7.6,57.0,0.0,57.0,375.65,3.79,225.0,87130.0
1990-08-13 19:00:00+00:00,33.83,8.4,0.0,0.0,0.0,374.85,2.97,271.0,87150.0
1990-08-13 20:00:00+00:00,31.79,10.7,0.0,0.0,0.0,335.55,3.1,299.0,87210.0
1990-08-13 21:00:00+00:00,29.68,14.2,0.0,0.0,0.0,324.75,3.31,311.0,87290.0
1990-08-13 22:00:00+00:00,27.84,17.5,0.0,0.0,0.0,329.0,2.97,312.0,87350.0
1990-08-13 23:00:00+00:00,26.01,21.45,0.0,0.0,0.0,316.2,2.48,308.0,87360.0
1990-08-14 00:00:00+00:00,24.29,23.65,0.0,0.0,0.0,312.15,2.14,299.0,87340.0
1990-08-14 01:00:00+00:00,22.78,26.05,0.0,0.0,0.0,310.15,2.07,298.0,87310.0
1990-08-14 02:00:00+00:00,21.68,27.85,0.0,0.0,0.0,308.1,1.86,300.0,87250.0
1990-08-14 03:00:00+00:00,20.84,28.65,0.0,0.0,0.0,306.15,1.59,298.0,87220.0
1990-08-14 04:00:00+00:00,19.85,30.65,0.0,0.0,0.0,305.0,1.31,300.0,87210.0
1990-08-14 05:00:00+00:00,19.39,30.5,0.0,0.0,0.0,303.45,1.1,303.0,87200.0
1990-08-14 06:00:00+00:00,19.39,29.35,17.0,116.64,12.0,302.3,0.9,308.0,87220.0
1990-08-14 07:00:00+00:00,21.16,25.65,207.0,473.22,84.0,302.3,0.41,319.0,87280.0
1990-08-14 08:00:00+00:00,25.53,19.0,431.0,649.85,127.0,307.5,0.07,36.0,87330.0
1990-08-14 09:00:00+00:00,28.65,14.55,642.0,748.07,154.0,317.0,0.55,124.0,87360.0
1990-08-14 10:00:00+00:00,31.3,11.95,827.0,831.48,161.0,327.05,1.72,165.0,87370.0
1990-08-14 11:00:00+00:00,33.72,9.85,948.0,855.5,175.0,335.75,4.62,194.0,87350.0
1990-08-14 12:00:00+00:00,35.07,8.6,1056.0,978.88,123.0,340.0,6.48,202.0,87270.0
1990-08-14 13:00:00+00:00,35.41,8.0,1007.0,881.36,173.0,348.55,6.9,201.0,87200.0
1990-08-14 14:00:00+00:00,35.67,7.45,884.0,730.08,239.0,355.1,7.1,203.0,87170.0
1990-08-14 15:00:00+00:00,35.29,7.7,787.0,811.44,163.0,361.7,7.52,202.0,87130.0
1990-08-14 16:00:00+00:00,34.84,8.25,553.0,566.58,207.0,367.5,7.45,201.0,87120.0
1990-08-14 17:00:00+00:00,34.08,8.75,380.0,624.88,118.0,363.65,6.83,203.0,87120.0
1990-08-14 18:00:00+00:00,33.36,8.7,156.0,404.14,72.0,351.65,5.45,203.0,87130.0
1990-08-14 19:00:00+00:00,32.68,7.95,0.0,0.0,0.0,337.7,4.28,221.0,87110.0
1990-08-14 20:00:00+00:00,31.14,8.7,0.0,0.0,0.0,330.35,2.76,252.0,87150.0
1990-08-14 21:00:00+00:00,29.32,10.7,0.0,0.0,0.0,317.0,2.55,291.0,87200.0
1990-08-14 22:00:00+00:00,26.91,13.15,0.0,0.0,0.0,310.8,2.41,301.0,87250.0
1990-08-14 23:00:00+00:00,24.81,16.85,0.0,0.0,0.0,310.05,2.41,304.0,87270.0
1990-08-15 00:00:00+00:00,23.18,20.05,0.0,0.0,0.0,307.1,2.21,307.0,87250.0
1990-08-15 01:00:00+00:00,22.01,24.05,0.0,0.0,0.0,306.25,2.0,304.0,87210.0
1990-08-15 02:00:00+00:00,21.12,27.7,0.0,0.0,0.0,305.0,1.72,302.0,87190.0
1990-08-15 03:00:00+00:00,20.25,30.75,0.0,0.0,0.0,305.95,1.45,301.0,87190.0
1990-08-15 04:00:00+00:00,19.51,31.8,0.0,0.0,0.0,311.2,1.17,300.0,87210.0
1990-08-15 05:00:00+00:00,18.88,34.05,0.0,0.0,0.0,304.4,1.1,301.0,87240.0
1990-08-15 06:00:00+00:00,18.36,33.9,15.0,98.1,11.0,305.55,1.1,302.0,87280.0
1990-08-15 07:00:00+00:00,19.77,31.8,203.0,453.28,86.0,303.85,1.03,304.0,87320.0
1990-08-15 08:00:00+00:00,24.07,22.75,362.0,358.2,195.0,308.65,0.97,315.0,87370.0
1990-08-15 09:00:00+00:00,28.38,16.2,640.0,745.1,155.0,316.4,0.83,15.0,87380.0
1990-08-15 10:00:00+00:00,30.59,14.3,780.0,689.09,229.0,328.05,1.24,93.0,87410.0
1990-08-15 11:00:00+00:00,32.8,11.8,945.0,853.5,175.0,338.5,1.86,130.0,87370.0
1990-08-15 12:00:00+00:00,34.53,9.55,989.0,822.82,206.0,361.5,4.0,182.0,87320.0
1990-08-15 13:00:00+00:00,34.97,8.6,735.0,286.91,464.0,363.05,4.97,188.0,87270.0
1990-08-15 14:00:00+00:00,35.28,8.0,885.0,741.94,231.0,367.7,5.03,189.0,87240.0
1990-08-15 15:00:00+00:00,35.33,7.7,752.0,708.24,209.0,371.95,4.76,186.0,87190.0
1990-08-15 16:00:00+00:00,35.26,7.7,358.0,103.62,295.0,363.65,4.41,185.0,87170.0
1990-08-15 17:00:00+00:00,35.01,7.9,285.0,228.22,190.0,367.7,4.28,185.0,87140.0
1990-08-15 18:00:00+00:00,34.41,8.15,158.0,440.11,68.0,351.65,4.14,191.0,87110.0
1990-08-15 19:00:00+00:00,33.48,8.0,0.0,0.0,0.0,359.75,3.59,181.0,87110.0
1990-08-15 20:00:00+00:00,32.49,8.55,0.0,0.0,0.0,345.25,2.48,171.0,87170.0
1990-08-15 21:00:00+00:00,31.12,9.8,0.0,0.0,0.0,338.5,1.52,140.0,87210.0
1990-08-15 22:00:00+00:00,29.41,11.15,0.0,0.0,0.0,319.1,1.52,86.0,87260.0
1990-08-15 23:00:00+00:00,27.29,12.25,0.0,0.0,0.0,324.75,1.72,67.0,87260.0
1990-08-16 00:00:00+00:00,27.08,11.75,0.0,0.0,0.0,312.75,1.31,62.0,87270.0
1990-08-16 01:00:00+00:00,27.32,11.75,0.0,0.0,0.0,308.95,0.83,42.0,87250.0
1990-08-16 02:00:00+00:00,26.21,12.55,0.0,0.0,0.0,306.55,0.76,359.0,87250.0
1990-08-16 03:00:00+00:00,25.26,13.4,0.0,0.0,0.0,305.75,1.03,345.0,87230.0
1990-08-16 04:00:00+00:00,24.08,14.25,0.0,0.0,0.0,302.5,1.17,348.0,87240.0
1990-08-16 05:00:00+00:00,23.79,14.75,0.0,0.0,0.0,299.55,1.1,348.0,87240.0
1990-08-16 06:00:00+00:00,23.21,15.25,11.0,0.0,11.0,297.05,1.03,352.0,87290.0
1990-08-16 07:00:00+00:00,24.27,14.85,180.0,300.42,103.0,297.85,1.17,14.0,87330.0
1990-08-16 08:00:00+00:00,26.52,13.05,363.0,361.57,195.0,303.05,0.97,36.0,87370.0
1990-08-16 09:00:00+00:00,29.73,11.25,610.0,629.74,201.0,311.55,2.28,65.0,87410.0
1990-08-16 10:00:00+00:00,32.08,9.5,800.0,750.42,201.0,327.25,2.97,87.0,87400.0
1990-08-16 11:00:00+00:00,33.96,8.4,938.0,829.33,191.0,333.65,3.17,117.0,87410.0
1990-08-16 12:00:00+00:00,35.19,7.4,301.0,0.0,301.0,344.85,4.62,149.0,87370.0
1990-08-16 13:00:00+00:00,35.7,6.9,213.0,0.0,213.0,350.1,5.1,154.0,87320.0
1990-08-16 14:00:00+00:00,36.04,6.9,449.0,40.94,413.0,366.15,4.55,154.0,87260.0
1990-08-16 15:00:00+00:00,36.35,6.4,608.0,327.1,358.0,364.2,4.34,162.0,87180.0
1990-08-16 16:00:00+00:00,35.86,6.6,524.0,477.47,235.0,380.65,4.14,173.0,87140.0
1990-08-16 17:00:00+00:00,35.57,6.8,235.0,104.08,192.0,376.6,4.14,182.0,87120.0
1990-08-16 18:00:00+00:00,34.68,7.05,142.0,328.24,76.0,362.65,3.86,192.0,87130.0
1990-08-16 19:00:00+00:00,33.27,8.35,0.0,0.0,0.0,356.65,2.9,178.0,87160.0
1990-08-16 20:00:00+00:00,31.92,9.9,0.0,0.0,0.0,346.4,1.1,187.0,87210.0
1990-08-16 21:00:00+00:00,32.11,8.85,0.0,0.0,0.0,341.95,0.48,35.0,87250.0
1990-08-16 22:00:00+00:00,28.37,12.35,0.0,0.0,0.0,321.65,1.72,38.0,87270.0
1990-08-16 23:00:00+00:00,26.62,13.15,0.0,0.0,0.0,314.65,1.72,50.0,87310.0
1990-08-17 00:00:00+00:00,26.31,13.05,0.0,0.0,0.0,317.2,1.45,52.0,87270.0
1990-08-17 01:00:00+00:00,27.38,12.25,0.0,0.0,0.0,313.45,0.9,63.0,87280.0
1990-08-17 02:00:00+00:00,26.47,13.05,0.0,0.0,0.0,309.65,0.83,86.0,87270.0
1990-08-17 03:00:00+00:00,25.56,13.5,0.0,0.0,0.0,312.15,1.17,82.0,87270.0
1990-08-17 04:00:00+00:00,23.54,16.6,0.0,0.0,0.0,308.1,1.24,70.0,87280.0
1990-08-17 05:00:00+00:00,22.76,18.45,0.0,0.0,0.0,310.6,1.24,55.0,87310.0
1990-08-17 06:00:00+00:00,21.03,21.15,9.0,0.0,9.0,307.3,1.31,52.0,87350.0
1990-08-17 07:00:00+00:00,23.01,17.05,177.0,302.55,100.0,307.3,0.76,4.0,87420.0
1990-08-17 08:00:00+00:00,26.25,14.7,378.0,434.08,177.0,312.55,0.76,26.0,87420.0
1990-08-17 09:00:00+00:00,29.08,14.1,587.0,569.43,218.0,323.4,1.79,70.0,87450.0
1990-08-17 10:00:00+00:00,31.51,13.45,777.0,696.54,222.0,333.65,2.76,108.0,87480.0
1990-08-17 11:00:00+00:00,33.33,12.35,911.0,770.64,218.0,348.35,3.45,151.0,87460.0
1990-08-17 12:00:00+00:00,34.08,11.95,975.0,800.28,216.0,361.1,4.48,180.0,87430.0
1990-08-17 13:00:00+00:00,34.2,12.05,940.0,724.82,258.0,375.45,4.76,185.0,87390.0
1990-08-17 14:00:00+00:00,34.43,12.05,831.0,613.26,293.0,372.95,4.97,192.0,87320.0
1990-08-17 15:00:00+00:00,32.92,14.25,790.0,845.33,146.0,379.9,5.72,200.0,87350.0
1990-08-17 16:00:00+00:00,31.65,16.35,339.0,86.31,287.0,382.8,4.9,198.0,87390.0
1990-08-17 17:00:00+00:00,31.2,16.85,33.0,0.0,33.0,377.55,3.03,186.0,87360.0
1990-08-17 18:00:00+00:00,31.1,16.85,42.0,0.0,42.0,369.85,1.93,178.0,87320.0
1990-08-17 19:00:00+00:00,29.57,20.6,0.0,0.0,0.0,371.55,2.9,199.0,87430.0
1990-08-17 20:00:00+00:00,28.44,22.75,0.0,0.0,0.0,372.75,1.1,254.0,87440.0
1990-08-17 21:00:00+00:00,26.87,28.1,0.0,0.0,0.0,341.95,0.62,345.0,87500.0
1990-08-17 22:00:00+00:00,25.58,27.85,0.0,0.0,0.0,332.65,1.24,20.0,87540.0
1990-08-17 23:00:00+00:00,24.92,28.65,0.0,0.0,0.0,331.7,1.17,22.0,87530.0
1990-08-18 00:00:00+00:00,25.51,27.7,0.0,0.0,0.0,333.65,0.9,348.0,87520.0
1990-08-18 01:00:00+00:00,22.89,33.85,0.0,0.0,0.0,335.1,1.45,306.0,87470.0
1990-08-18 02:00:00+00:00,21.75,36.15,0.0,0.0,0.0,352.2,1.66,297.0,87430.0
1990-08-18 03:00:00+00:00,21.31,37.35,0.0,0.0,0.0,358.0,1.72,296.0,87410.0
1990-08-18 04:00:00+00:00,21.39,37.35,0.0,0.0,0.0,355.7,2.14,283.0,87420.0
1990-08-18 05:00:00+00:00,22.17,36.3,0.0,0.0,0.0,362.1,3.1,283.0,87430.0
1990-08-18 06:00:00+00:00,21.97,37.5,7.0,0.0,7.0,349.3,3.24,287.0,87480.0
1990-08-18 07:00:00+00:00,21.83,37.5,75.0,3.96,74.0,344.5,1.52,337.0,87540.0
1990-08-18 08:00:00+00:00,23.82,32.9,170.0,10.84,165.0,348.95,0.41,291.0,87610.0
1990-08-18 09:00:00+00:00,24.16,35.5,550.0,474.84,243.0,354.35,2.07,228.0,87670.0
1990-08-18 10:00:00+00:00,24.37,38.15,647.0,379.71,345.0,368.3,1.79,290.0,87710.0
1990-08-18 11:00:00+00:00,25.08,34.5,872.0,693.96,249.0,373.3,1.79,353.0,87650.0
1990-08-18 12:00:00+00:00,26.43,32.35,949.0,764.72,225.0,374.1,1.31,83.0,87600.0
1990-08-18 13:00:00+00:00,27.0,31.35,867.0,572.93,329.0,375.85,1.66,152.0,87570.0
1990-08-18 14:00:00+00:00,27.54,31.5,862.0,730.21,223.0,377.75,1.31,181.0,87520.0
1990-08-18 15:00:00+00:00,27.87,29.4,606.0,355.59,336.0,377.55,1.17,233.0,87480.0
1990-08-18 16:00:00+00:00,28.18,28.35,353.0,111.75,286.0,381.05,2.34,234.0,87490.0
1990-08-18 17:00:00+00:00,27.73,28.35,178.0,31.96,165.0,381.85,1.72,232.0,87490.0
1990-08-18 18:00:00+00:00,26.95,30.25,60.0,5.15,59.0,384.15,0.97,236.0,87500.0
1990-08-18 19:00:00+00:00,28.2,22.75,0.0,0.0,0.0,362.1,1.72,35.0,87440.0
1990-08-18 20:00:00+00:00,27.0,25.2,0.0,0.0,0.0,368.1,1.59,43.0,87470.0
1990-08-18 21:00:00+00:00,26.0,37.2,0.0,0.0,0.0,364.4,0.76,47.0,87550.0
1990-08-18 22:00:00+00:00,26.03,29.95,0.0,0.0,0.0,344.85,0.83,289.0,87570.0
1990-08-18 23:00:00+00:00,24.39,31.85,0.0,0.0,0.0,340.8,2.83,276.0,87560.0
1990-08-19 00:00:00+00:00,23.83,31.7,0.0,0.0,0.0,337.3,3.93,292.0,87520.0
1990-08-19 01:00:00+00:00,23.14,32.75,0.0,0.0,0.0,341.1,3.38,311.0,87510.0
1990-08-19 02:00:00+00:00,22.4,36.3,0.0,0.0,0.0,343.9,2.21,343.0,87450.0
1990-08-19 03:00:00+00:00,21.26,43.25,0.0,0.0,0.0,342.35,1.52,357.0,87410.0
1990-08-19 04:00:00+00:00,20.93,46.35,0.0,0.0,0.0,348.35,1.17,332.0,87420.0
1990-08-19 05:00:00+00:00,20.37,47.9,0.0,0.0,0.0,345.45,1.24,321.0,87430.0
1990-08-19 06:00:00+00:00,19.92,49.55,6.0,0.0,6.0,338.3,1.24,315.0,87440.0
1990-08-19 07:00:00+00:00,20.49,47.9,82.0,7.97,80.0,334.6,1.03,303.0,87500.0
1990-08-19 08:00:00+00:00,23.29,40.75,230.0,58.72,203.0,341.4,0.9,307.0,87540.0
1990-08-19 09:00:00+00:00,27.03,23.4,605.0,657.32,181.0,341.0,1.03,328.0,87570.0
1990-08-19 10:00:00+00:00,28.63,19.7,678.0,444.65,325.0,346.2,1.24,357.0,87600.0
1990-08-19 11:00:00+00:00,30.31,17.3,899.0,759.87,218.0,345.85,1.66,27.0,87600.0
1990-08-19 12:00:00+00:00,31.41,15.65,979.0,837.0,188.0,360.35,1.66,45.0,87580.0
1990-08-19 13:00:00+00:00,32.1,15.15,953.0,787.55,215.0,365.95,1.03,46.0,87560.0
1990-08-19 14:00:00+00:00,32.43,14.15,736.0,409.01,379.0,371.55,1.31,355.0,87520.0
1990-08-19 15:00:00+00:00,32.44,14.15,101.0,0.0,101.0,386.45,2.97,339.0,87470.0
1990-08-19 16:00:00+00:00,32.52,14.15,187.0,1.68,186.0,377.95,3.86,339.0,87440.0
1990-08-19 17:00:00+00:00,32.06,14.05,143.0,7.44,140.0,382.8,3.66,344.0,87440.0
1990-08-19 18:00:00+00:00,31.42,14.5,56.0,5.25,55.0,379.9,3.03,344.0,87460.0
1990-08-19 19:00:00+00:00,32.08,18.3,0.0,0.0,0.0,366.15,0.83,274.0,87410.0
1990-08-19 20:00:00+00:00,30.55,14.85,0.0,0.0,0.0,366.75,2.34,312.0,87470.0
1990-08-19 21:00:00+00:00,28.99,16.95,0.0,0.0,0.0,370.6,3.1,326.0,87540.0
1990-08-19 22:00:00+00:00,27.0,20.1,0.0,0.0,0.0,348.95,3.17,331.0,87580.0
1990-08-19 23:00:00+00:00,25.33,23.9,0.0,0.0,0.0,338.3,2.9,333.0,87620.0
1990-08-20 00:00:00+00:00,24.04,27.45,0.0,0.0,0.0,332.3,2.48,332.0,87620.0
1990-08-20 01:00:00+00:00,23.13,31.55,0.0,0.0,0.0,339.15,2.14,325.0,87610.0
1990-08-20 02:00:00+00:00,21.98,36.15,0.0,0.0,0.0,323.4,2.0,322.0,87560.0
1990-08-20 03:00:00+00:00,21.01,38.75,0.0,0.0,0.0,318.95,1.72,320.0,87570.0
1990-08-20 04:00:00+00:00,19.79,44.45,0.0,0.0,0.0,309.45,1.52,320.0,87580.0
1990-08-20 05:00:00+00:00,19.28,42.7,0.0,0.0,0.0,310.05,1.38,318.0,87610.0
1990-08-20 06:00:00+00:00,18.75,42.6,7.0,0.0,7.0,307.9,1.45,316.0,87650.0
1990-08-20 07:00:00+00:00,19.9,35.6,171.0,289.07,99.0,310.6,1.45,313.0,87740.0
1990-08-20 08:00:00+00:00,24.23,28.5,417.0,641.62,123.0,315.25,1.24,316.0,87780.0
1990-08-20 09:00:00+00:00,28.95,16.95,635.0,764.54,143.0,323.75,1.03,356.0,87820.0
1990-08-20 10:00:00+00:00,31.38,13.45,818.0,839.25,153.0,334.0,1.59,59.0,87820.0
1990-08-20 11:00:00+00:00,33.15,11.4,939.0,865.17,165.0,340.2,2.21,91.0,87800.0
1990-08-20 12:00:00+00:00,34.26,10.35,988.0,857.63,179.0,346.8,2.07,100.0,87760.0
1990-08-20 13:00:00+00:00,34.96,9.65,1000.0,903.67,155.0,350.85,1.66,92.0,87730.0
1990-08-20 14:00:00+00:00,35.22,9.35,886.0,790.33,198.0,355.1,1.66,72.0,87680.0
1990-08-20 15:00:00+00:00,35.28,9.35,273.0,3.98,270.0,368.3,1.86,59.0,87610.0
1990-08-20 16:00:00+00:00,35.11,9.65,236.0,11.79,229.0,377.4,1.52,50.0,87570.0
1990-08-20 17:00:00+00:00,34.67,10.05,174.0,30.0,162.0,380.45,1.1,5.0,87550.0
1990-08-20 18:00:00+00:00,33.95,11.1,92.0,85.72,76.0,361.3,2.97,348.0,87580.0
1990-08-20 19:00:00+00:00,32.89,11.8,0.0,0.0,0.0,374.3,4.48,343.0,87590.0
1990-08-20 20:00:00+00:00,30.63,16.75,0.0,0.0,0.0,362.3,5.03,344.0,87670.0
1990-08-20 21:00:00+00:00,29.25,20.6,0.0,0.0,0.0,363.85,3.86,343.0,87760.0
1990-08-20 22:00:00+00:00,28.56,22.75,0.0,0.0,0.0,374.85,2.76,346.0,87800.0
1990-08-20 23:00:00+00:00,27.96,22.75,0.0,0.0,0.0,367.5,1.38,342.0,87830.0
1990-08-21 00:00:00+00:00,27.42,22.65,0.0,0.0,0.0,358.4,2.34,344.0,87840.0
1990-08-21 01:00:00+00:00,26.07,25.05,0.0,0.0,0.0,347.1,2.97,355.0,87830.0
1990-08-21 02:00:00+00:00,24.67,28.65,0.0,0.0,0.0,338.85,2.97,353.0,87770.0
1990-08-21 03:00:00+00:00,23.56,31.7,0.0,0.0,0.0,336.55,2.62,343.0,87730.0
1990-08-21 04:00:00+00:00,22.33,35.0,0.0,0.0,0.0,325.9,2.28,336.0,87720.0
1990-08-21 05:00:00+00:00,21.61,36.15,0.0,0.0,0.0,324.55,1.93,327.0,87700.0
1990-08-21 06:00:00+00:00,20.96,38.65,7.0,0.0,7.0,318.15,1.86,315.0,87720.0
1990-08-21 07:00:00+00:00,22.15,32.5,192.0,457.0,79.0,314.5,1.31,308.0,87760.0
1990-08-21 08:00:00+00:00,25.89,24.0,418.0,657.04,118.0,323.55,0.62,312.0,87780.0
1990-08-21 09:00:00+00:00,28.82,19.0,622.0,733.65,151.0,329.4,0.21,298.0,87790.0
1990-08-21 10:00:00+00:00,31.05,15.55,792.0,782.7,173.0,341.2,0.34,149.0,87780.0
1990-08-21 11:00:00+00:00,32.9,13.2,920.0,833.15,176.0,350.85,0.83,183.0,87750.0
1990-08-21 12:00:00+00:00,34.21,11.6,968.0,818.92,197.0,363.85,1.1,188.0,87700.0
1990-08-21 13:00:00+00:00,34.77,11.25,953.0,801.7,205.0,379.1,1.03,155.0,87630.0
1990-08-21 14:00:00+00:00,34.69,10.85,585.0,168.17,439.0,388.0,1.1,110.0,87560.0
1990-08-21 15:00:00+00:00,34.47,11.6,596.0,340.74,340.0,394.4,0.97,57.0,87520.0
1990-08-21 16:00:00+00:00,33.33,12.8,423.0,248.95,276.0,387.25,1.31,348.0,87510.0
1990-08-21 17:00:00+00:00,32.35,15.25,171.0,27.74,160.0,377.0,4.83,355.0,87540.0
1990-08-21 18:00:00+00:00,30.39,20.85,87.0,76.55,73.0,385.7,6.0,10.0,87590.0
1990-08-21 19:00:00+00:00,29.31,21.35,0.0,0.0,0.0,380.85,5.17,354.0,87550.0
1990-08-21 20:00:00+00:00,28.51,22.75,0.0,0.0,0.0,361.3,3.24,346.0,87540.0
1990-08-21 21:00:00+00:00,28.05,22.75,0.0,0.0,0.0,367.3,2.62,332.0,87630.0
1990-08-21 22:00:00+00:00,27.01,25.2,0.0,0.0,0.0,374.1,2.48,326.0,87650.0
1990-08-21 23:00:00+00:00,25.94,28.9,0.0,0.0,0.0,366.75,2.34,326.0,87690.0
1990-08-22 00:00:00+00:00,24.95,30.8,0.0,0.0,0.0,350.1,2.55,329.0,87650.0
1990-08-22 01:00:00+00:00,24.29,31.85,0.0,0.0,0.0,347.5,2.69,332.0,87610.0
1990-08-22 02:00:00+00:00,23.6,32.9,0.0,0.0,0.0,337.3,2.62,331.0,87550.0
1990-08-22 03:00:00+00:00,22.53,33.85,0.0,0.0,0.0,316.4,2.48,331.0,87500.0
1990-08-22 04:00:00+00:00,21.65,36.15,0.0,0.0,0.0,315.25,2.28,332.0,87510.0
1990-08-22 05:00:00+00:00,20.96,37.25,0.0,0.0,0.0,312.35,2.14,331.0,87500.0
1990-08-22 06:00:00+00:00,20.63,37.25,5.0,0.0,5.0,318.75,1.93,330.0,87520.0
1990-08-22 07:00:00+00:00,21.48,37.35,187.0,431.86,81.0,329.55,1.59,329.0,87640.0
1990-08-22 08:00:00+00:00,25.22,27.7,404.0,604.46,129.0,324.95,1.45,338.0,87650.0
1990-08-22 09:00:00+00:00,28.76,19.7,619.0,730.74,151.0,331.7,2.21,345.0,87670.0
1990-08-22 10:00:00+00:00,31.16,15.65,794.0,794.38,167.0,351.85,2.28,352.0,87650.0
1990-08-22 11:00:00+00:00,32.45,14.15,916.0,830.21,176.0,364.2,1.45,4.0,87640.0
1990-08-22 12:00:00+00:00,33.61,12.8,970.0,832.23,188.0,361.3,0.83,16.0,87580.0
1990-08-22 13:00:00+00:00,34.28,12.05,912.0,697.18,263.0,374.3,0.55,358.0,87510.0
1990-08-22 14:00:00+00:00,33.92,12.45,829.0,652.65,264.0,401.75,0.62,342.0,87420.0
1990-08-22 15:00:00+00:00,33.66,12.45,260.0,2.67,258.0,384.75,1.24,347.0,87380.0
1990-08-22 16:00:00+00:00,32.84,14.8,159.0,0.0,159.0,399.05,3.66,353.0,87350.0
1990-08-22 17:00:00+00:00,30.67,21.75,79.0,0.0,79.0,372.75,7.52,352.0,87430.0
1990-08-22 18:00:00+00:00,29.21,24.75,71.0,33.51,65.0,366.15,6.55,349.0,87410.0
1990-08-22 19:00:00+00:00,28.12,29.4,0.0,0.0,0.0,367.1,2.34,352.0,87490.0
1990-08-22 20:00:00+00:00,27.56,30.5,0.0,0.0,0.0,364.4,2.14,338.0,87520.0
1990-08-22 21:00:00+00:00,26.96,33.7,0.0,0.0,0.0,364.2,2.21,338.0,87600.0
1990-08-22 22:00:00+00:00,26.12,36.05,0.0,0.0,0.0,361.3,2.14,333.0,87610.0
1990-08-22 23:00:00+00:00,25.16,41.25,0.0,0.0,0.0,348.55,1.59,319.0,87600.0
1990-08-23 00:00:00+00:00,24.81,41.15,0.0,0.0,0.0,362.85,1.86,305.0,87570.0
1990-08-23 01:00:00+00:00,23.83,43.9,0.0,0.0,0.0,336.45,2.34,307.0,87520.0
1990-08-23 02:00:00+00:00,22.72,46.85,0.0,0.0,0.0,331.7,2.34,308.0,87440.0
1990-08-23 03:00:00+00:00,21.93,50.05,0.0,0.0,0.0,338.1,2.21,310.0,87410.0
1990-08-23 04:00:00+00:00,21.14,51.75,0.0,0.0,0.0,326.3,1.93,313.0,87380.0
1990-08-23 05:00:00+00:00,20.23,55.3,0.0,0.0,0.0,318.95,1.59,317.0,87340.0
1990-08-23 06:00:00+00:00,19.53,59.25,0.0,0.0,0.0,323.95,1.31,317.0,87360.0
1990-08-23 07:00:00+00:00,19.77,59.25,182.0,406.35,83.0,320.1,1.31,313.0,87410.0
1990-08-23 08:00:00+00:00,24.01,40.9,406.0,617.68,126.0,323.75,1.17,320.0,87420.0
1990-08-23 09:00:00+00:00,27.63,24.5,611.0,705.92,160.0,335.4,1.24,314.0,87440.0
1990-08-23 10:00:00+00:00,30.01,19.25,793.0,794.71,167.0,343.3,1.17,301.0,87440.0
1990-08-23 11:00:00+00:00,31.51,16.25,915.0,831.79,175.0,353.75,0.97,271.0,87440.0
1990-08-23 12:00:00+00:00,32.43,14.7,964.0,817.92,197.0,359.55,0.97,250.0,87380.0
1990-08-23 13:00:00+00:00,32.91,13.7,969.0,857.09,173.0,385.7,0.97,252.0,87340.0
1990-08-23 14:00:00+00:00,33.26,12.8,890.0,835.26,169.0,377.55,0.83,296.0,87280.0
1990-08-23 15:00:00+00:00,32.79,12.7,737.0,753.71,175.0,409.3,1.52,335.0,87240.0
1990-08-23 16:00:00+00:00,32.61,14.15,546.0,659.17,161.0,389.75,3.31,9.0,87220.0
1990-08-23 17:00:00+00:00,30.55,19.35,355.0,647.02,103.0,385.9,6.0,20.0,87260.0
1990-08-23 18:00:00+00:00,29.21,23.0,97.0,142.75,72.0,380.3,5.24,14.0,87270.0
1990-08-23 19:00:00+00:00,28.76,23.75,0.0,0.0,0.0,374.1,2.9,353.0,87280.0
1990-08-23 20:00:00+00:00,28.43,22.75,0.0,0.0,0.0,363.25,2.07,320.0,87340.0
1990-08-23 21:00:00+00:00,27.48,24.4,0.0,0.0,0.0,359.2,1.86,287.0,87350.0
1990-08-23 22:00:00+00:00,26.23,26.95,0.0,0.0,0.0,334.6,1.86,302.0,87400.0
1990-08-23 23:00:00+00:00,25.27,28.75,0.0,0.0,0.0,342.35,2.21,317.0,87410.0
1990-08-24 00:00:00+00:00,24.41,31.85,0.0,0.0,0.0,348.95,2.28,323.0,87380.0
1990-08-24 01:00:00+00:00,23.24,36.55,0.0,0.0,0.0,330.85,2.28,326.0,87340.0
1990-08-24 02:00:00+00:00,21.94,41.85,0.0,0.0,0.0,320.5,2.14,327.0,87310.0
1990-08-24 03:00:00+00:00,20.91,44.7,0.0,0.0,0.0,315.25,2.0,327.0,87270.0
1990-08-24 04:00:00+00:00,20.07,47.9,0.0,0.0,0.0,314.1,1.86,324.0,87250.0
1990-08-24 05:00:00+00:00,19.34,51.25,0.0,0.0,0.0,320.85,1.66,318.0,87240.0
1990-08-24 06:00:00+00:00,18.57,53.0,0.0,0.0,0.0,316.6,1.45,314.0,87260.0
1990-08-24 07:00:00+00:00,20.47,47.9,181.0,405.27,83.0,333.45,1.1,315.0,87350.0
1990-08-24 08:00:00+00:00,24.23,35.5,399.0,593.38,131.0,328.2,0.69,327.0,87380.0
1990-08-24 09:00:00+00:00,27.08,23.5,619.0,740.63,147.0,338.85,0.69,337.0,87430.0
1990-08-24 10:00:00+00:00,29.41,19.1,800.0,816.7,158.0,348.35,0.21,335.0,87430.0
1990-08-24 11:00:00+00:00,31.08,16.75,919.0,842.43,171.0,351.45,1.1,209.0,87430.0
1990-08-24 12:00:00+00:00,32.38,15.25,977.0,858.1,174.0,362.85,2.07,221.0,87380.0
1990-08-24 13:00:00+00:00,33.22,14.35,956.0,830.01,187.0,370.8,2.34,228.0,87310.0
1990-08-24 14:00:00+00:00,33.58,14.35,690.0,339.28,398.0,384.75,2.55,238.0,87230.0
1990-08-24 15:00:00+00:00,33.17,14.9,89.0,0.0,89.0,391.7,4.07,293.0,87210.0
1990-08-24 16:00:00+00:00,31.51,19.55,148.0,0.0,148.0,381.65,6.07,324.0,87250.0
1990-08-24 17:00:00+00:00,30.16,21.6,125.0,2.59,124.0,378.75,5.1,335.0,87300.0
1990-08-24 18:00:00+00:00,29.86,22.3,65.0,29.21,60.0,352.4,3.45,335.0,87340.0
1990-08-24 19:00:00+00:00,29.27,21.35,0.0,0.0,0.0,377.75,2.34,302.0,87380.0
1990-08-24 20:00:00+00:00,27.75,26.4,0.0,0.0,0.0,364.8,2.76,334.0,87440.0
1990-08-24 21:00:00+00:00,26.24,32.35,0.0,0.0,0.0,342.35,2.9,343.0,87490.0
1990-08-24 22:00:00+00:00,24.79,39.7,0.0,0.0,0.0,331.1,2.34,339.0,87530.0
1990-08-24 23:00:00+00:00,23.47,45.35,0.0,0.0,0.0,321.85,2.07,334.0,87520.0
1990-08-25 00:00:00+00:00,22.21,50.2,0.0,0.0,0.0,315.65,1.86,329.0,87510.0
1990-08-25 01:00:00+00:00,21.12,55.55,0.0,0.0,0.0,314.4,1.79,322.0,87470.0
1990-08-25 02:00:00+00:00,20.16,59.35,0.0,0.0,0.0,308.85,1.72,318.0,87430.0
1990-08-25 03:00:00+00:00,19.22,61.3,0.0,0.0,0.0,306.15,1.66,314.0,87400.0
1990-08-25 04:00:00+00:00,18.13,65.55,0.0,0.0,0.0,303.85,1.52,310.0,87410.0
1990-08-25 05:00:00+00:00,17.2,65.45,0.0,0.0,0.0,302.1,1.38,307.0,87430.0
1990-08-25 06:00:00+00:00,16.75,67.75,0.0,0.0,0.0,301.1,1.31,307.0,87470.0
1990-08-25 07:00:00+00:00,18.37,63.3,188.0,466.69,76.0,304.8,1.1,308.0,87550.0
1990-08-25 08:00:00+00:00,22.81,43.65,415.0,666.69,115.0,310.4,0.9,313.0,87590.0
1990-08-25 09:00:00+00:00,26.59,29.15,620.0,745.65,146.0,323.0,0.76,295.0,87610.0
1990-08-25 10:00:00+00:00,29.23,23.0,792.0,798.01,166.0,334.6,1.24,243.0,87630.0
1990-08-25 11:00:00+00:00,31.6,18.85,915.0,835.1,175.0,346.0,2.21,238.0,87610.0
1990-08-25 12:00:00+00:00,33.31,16.05,974.0,850.29,180.0,360.35,2.55,246.0,87550.0
1990-08-25 13:00:00+00:00,34.13,14.0,973.0,872.1,167.0,366.35,2.07,256.0,87470.0
1990-08-25 14:00:00+00:00,34.54,13.5,916.0,909.09,136.0,371.95,1.52,274.0,87410.0
1990-08-25 15:00:00+00:00,34.62,13.5,67.0,0.0,67.0,385.7,2.34,298.0,87380.0
1990-08-25 16:00:00+00:00,32.65,17.2,252.0,22.52,239.0,387.65,5.59,290.0,87470.0
1990-08-25 17:00:00+00:00,30.57,22.4,167.0,31.41,155.0,378.55,6.14,265.0,87520.0
1990-08-25 18:00:00+00:00,30.04,23.15,118.0,359.0,58.0,376.8,4.76,258.0,87490.0
1990-08-25 19:00:00+00:00,29.61,23.15,0.0,0.0,0.0,344.5,4.97,265.0,87490.0
1990-08-25 20:00:00+00:00,27.76,29.4,0.0,0.0,0.0,331.3,4.41,273.0,87560.0
1990-08-25 21:00:00+00:00,26.4,34.8,0.0,0.0,0.0,327.25,3.59,284.0,87580.0
1990-08-25 22:00:00+00:00,25.26,38.45,0.0,0.0,0.0,322.2,3.1,297.0,87640.0
1990-08-25 23:00:00+00:00,24.15,39.55,0.0,0.0,0.0,318.95,2.62,307.0,87640.0
1990-08-26 00:00:00+00:00,23.02,40.75,0.0,0.0,0.0,316.05,2.28,311.0,87630.0
1990-08-26 01:00:00+00:00,21.94,44.95,0.0,0.0,0.0,313.6,2.07,310.0,87610.0
1990-08-26 02:00:00+00:00,20.98,46.35,0.0,0.0,0.0,311.0,1.86,309.0,87570.0
1990-08-26 03:00:00+00:00,20.1,47.9,0.0,0.0,0.0,309.25,1.79,310.0,87540.0
1990-08-26 04:00:00+00:00,19.22,51.25,0.0,0.0,0.0,307.7,1.72,310.0,87540.0
1990-08-26 05:00:00+00:00,18.24,54.85,0.0,0.0,0.0,306.15,1.66,308.0,87540.0
1990-08-26 06:00:00+00:00,17.47,56.75,0.0,0.0,0.0,305.55,1.72,308.0,87560.0
1990-08-26 07:00:00+00:00,18.59,54.95,190.0,487.06,74.0,306.55,1.38,308.0,87630.0
1990-08-26 08:00:00+00:00,23.57,36.7,412.0,658.04,117.0,313.5,1.17,314.0,87660.0
1990-08-26 09:00:00+00:00,27.9,22.75,630.0,779.11,136.0,324.95,0.9,326.0,87690.0
1990-08-26 10:00:00+00:00,30.53,18.65,810.0,845.71,148.0,338.1,0.62,354.0,87720.0
1990-08-26 11:00:00+00:00,32.52,15.25,930.0,871.87,159.0,350.5,0.48,63.0,87690.0
1990-08-26 12:00:00+00:00,33.76,12.9,990.0,888.65,162.0,362.5,0.76,101.0,87650.0
1990-08-26 13:00:00+00:00,34.22,12.05,988.0,910.12,149.0,375.05,0.55,114.0,87560.0
1990-08-26 14:00:00+00:00,34.82,11.7,916.0,910.78,137.0,385.1,0.28,60.0,87510.0
1990-08-26 15:00:00+00:00,34.98,11.7,745.0,796.86,158.0,380.85,0.76,3.0,87440.0
1990-08-26 16:00:00+00:00,35.05,11.7,527.0,611.56,176.0,384.35,1.1,353.0,87430.0
1990-08-26 17:00:00+00:00,34.18,12.5,99.0,0.0,99.0,387.25,1.66,310.0,87430.0
1990-08-26 18:00:00+00:00,33.31,13.8,34.0,0.0,34.0,386.85,3.45,304.0,87450.0
1990-08-26 19:00:00+00:00,31.98,16.35,0.0,0.0,0.0,379.7,4.83,325.0,87500.0
1990-08-26 20:00:00+00:00,29.98,21.5,0.0,0.0,0.0,374.45,5.31,335.0,87560.0
1990-08-26 21:00:00+00:00,28.6,24.65,0.0,0.0,0.0,355.7,3.31,330.0,87650.0
1990-08-26 22:00:00+00:00,27.67,26.4,0.0,0.0,0.0,359.95,2.48,310.0,87700.0
1990-08-26 23:00:00+00:00,26.51,30.1,0.0,0.0,0.0,349.7,2.48,308.0,87680.0
1990-08-27 00:00:00+00:00,25.21,32.1,0.0,0.0,0.0,334.6,2.55,318.0,87670.0
1990-08-27 01:00:00+00:00,24.1,34.25,0.0,0.0,0.0,332.0,2.34,330.0,87620.0
1990-08-27 02:00:00+00:00,23.0,39.15,0.0,0.0,0.0,323.75,2.0,335.0,87560.0
1990-08-27 03:00:00+00:00,22.11,40.5,0.0,0.0,0.0,323.2,1.66,325.0,87510.0
1990-08-27 04:00:00+00:00,21.07,44.85,0.0,0.0,0.0,318.55,1.59,312.0,87520.0
1990-08-27 05:00:00+00:00,19.93,49.55,0.0,0.0,0.0,313.7,1.45,306.0,87520.0
1990-08-27 06:00:00+00:00,19.21,51.25,0.0,0.0,0.0,313.1,1.38,308.0,87550.0
1990-08-27 07:00:00+00:00,20.24,49.7,152.0,236.95,96.0,317.4,1.31,305.0,87600.0
1990-08-27 08:00:00+00:00,24.19,36.8,370.0,472.45,159.0,330.35,1.17,314.0,87650.0
1990-08-27 09:00:00+00:00,28.36,25.45,189.0,0.0,189.0,345.45,0.97,323.0,87650.0
1990-08-27 10:00:00+00:00,30.86,18.75,567.0,239.42,380.0,356.5,0.62,320.0,87680.0
1990-08-27 11:00:00+00:00,32.66,14.8,729.0,379.63,394.0,360.35,1.03,246.0,87660.0
1990-08-27 12:00:00+00:00,34.15,12.5,928.0,738.99,241.0,360.55,2.41,248.0,87610.0
1990-08-27 13:00:00+00:00,34.63,12.5,953.0,842.89,178.0,371.2,2.62,256.0,87550.0
1990-08-27 14:00:00+00:00,35.08,12.15,464.0,63.34,410.0,376.4,2.69,261.0,87480.0
1990-08-27 15:00:00+00:00,35.1,11.7,97.0,0.0,97.0,399.85,2.76,254.0,87370.0
1990-08-27 16:00:00+00:00,34.25,13.5,109.0,0.0,109.0,378.15,3.1,288.0,87380.0
1990-08-27 17:00:00+00:00,31.84,19.7,244.0,202.96,168.0,384.95,6.83,328.0,87470.0
1990-08-27 18:00:00+00:00,28.92,28.5,68.0,56.64,59.0,383.55,6.69,345.0,87540.0
1990-08-27 19:00:00+00:00,27.33,30.35,0.0,0.0,0.0,386.1,6.76,327.0,87610.0
1990-08-27 20:00:00+00:00,25.65,35.9,0.0,0.0,0.0,367.1,5.03,356.0,87680.0
1990-08-27 21:00:00+00:00,25.08,37.1,0.0,0.0,0.0,351.85,3.72,6.0,87710.0
1990-08-27 22:00:00+00:00,24.69,38.3,0.0,0.0,0.0,346.2,2.62,5.0,87720.0
1990-08-27 23:00:00+00:00,23.99,40.9,0.0,0.0,0.0,335.75,1.79,353.0,87680.0
1990-08-28 00:00:00+00:00,23.11,43.75,0.0,0.0,0.0,329.4,1.72,343.0,87650.0
1990-08-28 01:00:00+00:00,22.15,48.45,0.0,0.0,0.0,321.75,1.72,338.0,87610.0
1990-08-28 02:00:00+00:00,21.3,49.95,0.0,0.0,0.0,313.5,1.93,330.0,87550.0
1990-08-28 03:00:00+00:00,20.52,51.65,0.0,0.0,0.0,316.2,2.0,322.0,87530.0
1990-08-28 04:00:00+00:00,19.63,53.25,0.0,0.0,0.0,312.15,1.86,320.0,87530.0
1990-08-28 05:00:00+00:00,18.79,56.95,0.0,0.0,0.0,312.35,1.72,319.0,87540.0
1990-08-28 06:00:00+00:00,18.44,58.9,0.0,0.0,0.0,312.55,1.52,316.0,87560.0
1990-08-28 07:00:00+00:00,19.95,53.25,183.0,460.56,75.0,320.85,1.1,312.0,87650.0
1990-08-28 08:00:00+00:00,23.67,40.9,401.0,627.1,122.0,327.05,0.55,344.0,87660.0
1990-08-28 09:00:00+00:00,27.19,27.25,619.0,754.68,143.0,334.0,0.28,355.0,87710.0
1990-08-28 10:00:00+00:00,29.53,22.2,792.0,808.4,162.0,346.8,0.0,122.0,87720.0
1990-08-28 11:00:00+00:00,31.49,17.5,920.0,857.43,165.0,354.35,0.9,193.0,87700.0
1990-08-28 12:00:00+00:00,32.71,14.8,978.0,873.32,168.0,366.95,1.59,221.0,87650.0
1990-08-28 13:00:00+00:00,33.91,13.4,966.0,871.33,167.0,382.6,2.14,241.0,87580.0
1990-08-28 14:00:00+00:00,34.36,12.5,889.0,860.27,158.0,373.5,2.14,237.0,87510.0
1990-08-28 15:00:00+00:00,34.04,12.9,449.0,117.76,363.0,398.65,2.48,280.0,87450.0
1990-08-28 16:00:00+00:00,32.87,14.8,450.0,366.93,242.0,388.2,4.07,327.0,87450.0
1990-08-28 17:00:00+00:00,31.5,17.5,333.0,623.42,102.0,397.5,3.72,354.0,87470.0
1990-08-28 18:00:00+00:00,30.88,18.75,65.0,45.25,58.0,377.75,3.93,2.0,87490.0
1990-08-28 19:00:00+00:00,29.29,22.2,0.0,0.0,0.0,364.2,2.9,347.0,87530.0
1990-08-28 20:00:00+00:00,28.2,25.45,0.0,0.0,0.0,350.5,1.93,339.0,87560.0
1990-08-28 21:00:00+00:00,26.91,29.15,0.0,0.0,0.0,325.9,1.93,344.0,87650.0
1990-08-28 22:00:00+00:00,25.53,34.5,0.0,0.0,0.0,326.85,2.21,355.0,87670.0
1990-08-28 23:00:00+00:00,24.11,38.15,0.0,0.0,0.0,320.1,2.21,2.0,87690.0
1990-08-29 00:00:00+00:00,22.7,43.65,0.0,0.0,0.0,320.5,2.14,359.0,87670.0
1990-08-29 01:00:00+00:00,21.73,46.6,0.0,0.0,0.0,324.45,2.0,348.0,87630.0
1990-08-29 02:00:00+00:00,20.77,49.8,0.0,0.0,0.0,312.95,2.0,336.0,87580.0
1990-08-29 03:00:00+00:00,20.06,51.5,0.0,0.0,0.0,312.35,1.86,326.0,87560.0
1990-08-29 04:00:00+00:00,19.39,53.15,0.0,0.0,0.0,311.4,1.79,319.0,87550.0
1990-08-29 05:00:00+00:00,18.5,54.95,0.0,0.0,0.0,307.5,1.72,316.0,87550.0
1990-08-29 06:00:00+00:00,17.79,56.75,0.0,0.0,0.0,310.2,1.59,313.0,87570.0
1990-08-29 07:00:00+00:00,19.43,53.15,181.0,455.6,75.0,320.85,1.17,317.0,87650.0
1990-08-29 08:00:00+00:00,24.42,35.5,402.0,636.3,120.0,329.95,0.41,12.0,87710.0
1990-08-29 09:00:00+00:00,27.43,26.25,610.0,732.87,149.0,339.85,1.52,80.0,87760.0
1990-08-29 10:00:00+00:00,30.04,20.7,786.0,797.38,166.0,351.45,3.03,97.0,87780.0
1990-08-29 11:00:00+00:00,31.69,17.6,898.0,804.69,191.0,348.55,2.0,109.0,87760.0
1990-08-29 12:00:00+00:00,32.31,17.1,960.0,835.41,187.0,367.3,0.97,118.0,87730.0
1990-08-29 13:00:00+00:00,33.35,15.45,942.0,816.86,195.0,372.15,0.69,157.0,87680.0
1990-08-29 14:00:00+00:00,33.67,14.45,857.0,780.53,196.0,380.1,0.41,199.0,87580.0
1990-08-29 15:00:00+00:00,33.94,14.45,729.0,781.23,161.0,386.65,0.34,231.0,87540.0
1990-08-29 16:00:00+00:00,32.18,17.75,564.0,791.85,118.0,392.85,2.97,212.0,87530.0
1990-08-29 17:00:00+00:00,30.31,23.25,313.0,537.42,116.0,375.25,5.24,198.0,87620.0
1990-08-29 18:00:00+00:00,29.45,24.75,41.0,6.65,40.0,370.2,2.41,185.0,87600.0
1990-08-29 19:00:00+00:00,30.12,20.05,0.0,0.0,0.0,376.2,1.72,195.0,87630.0
1990-08-29 20:00:00+00:00,28.54,28.35,0.0,0.0,0.0,363.45,0.9,151.0,87640.0
1990-08-29 21:00:00+00:00,26.93,37.5,0.0,0.0,0.0,352.4,1.17,23.0,87670.0
1990-08-29 22:00:00+00:00,25.39,38.45,0.0,0.0,0.0,340.0,1.59,11.0,87700.0
1990-08-29 23:00:00+00:00,24.8,39.7,0.0,0.0,0.0,331.7,1.1,2.0,87700.0
1990-08-30 00:00:00+00:00,23.92,40.9,0.0,0.0,0.0,326.65,1.1,352.0,87700.0
1990-08-30 01:00:00+00:00,21.52,48.3,0.0,0.0,0.0,323.9,1.72,342.0,87670.0
1990-08-30 02:00:00+00:00,20.54,48.05,0.0,0.0,0.0,320.5,2.0,336.0,87610.0
1990-08-30 03:00:00+00:00,19.59,51.4,0.0,0.0,0.0,317.2,1.93,332.0,87600.0
1990-08-30 04:00:00+00:00,19.03,53.15,0.0,0.0,0.0,316.2,1.66,325.0,87580.0
1990-08-30 05:00:00+00:00,19.24,51.25,0.0,0.0,0.0,313.5,1.38,320.0,87570.0
1990-08-30 06:00:00+00:00,19.71,49.55,0.0,0.0,0.0,312.35,1.1,317.0,87610.0
1990-08-30 07:00:00+00:00,19.39,51.25,180.0,459.24,74.0,314.5,1.31,307.0,87690.0
1990-08-30 08:00:00+00:00,22.99,45.25,404.0,652.39,116.0,320.1,1.1,312.0,87710.0
1990-08-30 09:00:00+00:00,27.07,24.4,616.0,752.42,144.0,329.2,0.9,328.0,87730.0
1990-08-30 10:00:00+00:00,29.1,21.35,788.0,808.27,161.0,337.1,0.14,347.0,87730.0
1990-08-30 11:00:00+00:00,30.71,20.2,901.0,820.21,182.0,346.8,0.83,157.0,87720.0
1990-08-30 12:00:00+00:00,32.05,18.3,963.0,849.36,179.0,359.75,1.59,167.0,87660.0
1990-08-30 13:00:00+00:00,32.98,17.2,955.0,858.65,172.0,363.05,1.93,189.0,87600.0
1990-08-30 14:00:00+00:00,33.14,16.05,726.0,438.43,356.0,376.8,1.72,229.0,87530.0
1990-08-30 15:00:00+00:00,32.98,15.95,76.0,0.0,76.0,393.25,2.28,289.0,87470.0
1990-08-30 16:00:00+00:00,32.52,16.45,209.0,7.15,205.0,389.55,3.86,322.0,87430.0
1990-08-30 17:00:00+00:00,30.93,19.45,318.0,584.78,106.0,386.65,2.83,353.0,87470.0
1990-08-30 18:00:00+00:00,29.85,21.5,65.0,61.59,56.0,380.85,2.07,47.0,87500.0
1990-08-30 19:00:00+00:00,28.96,24.65,0.0,0.0,0.0,358.0,2.14,136.0,87500.0
1990-08-30 20:00:00+00:00,28.0,27.35,0.0,0.0,0.0,362.85,2.07,141.0,87560.0
1990-08-30 21:00:00+00:00,26.72,32.5,0.0,0.0,0.0,346.6,1.31,164.0,87620.0
1990-08-30 22:00:00+00:00,26.78,31.35,0.0,0.0,0.0,335.75,0.55,247.0,87620.0
1990-08-30 23:00:00+00:00,25.37,37.1,0.0,0.0,0.0,343.7,0.83,308.0,87620.0
1990-08-31 00:00:00+00:00,24.46,39.55,0.0,0.0,0.0,340.8,1.1,344.0,87610.0
1990-08-31 01:00:00+00:00,23.01,43.65,0.0,0.0,0.0,328.9,1.45,0.0,87560.0
1990-08-31 02:00:00+00:00,21.67,48.3,0.0,0.0,0.0,347.55,1.79,2.0,87480.0
1990-08-31 03:00:00+00:00,20.74,49.8,0.0,0.0,0.0,322.6,2.0,355.0,87440.0
1990-08-31 04:00:00+00:00,19.88,53.25,0.0,0.0,0.0,328.6,1.86,342.0,87400.0
1990-08-31 05:00:00+00:00,19.22,55.05,0.0,0.0,0.0,320.5,1.66,324.0,87390.0
1990-08-31 06:00:00+00:00,19.0,53.15,0.0,0.0,0.0,316.05,1.52,313.0,87400.0
1990-08-31 07:00:00+00:00,20.74,46.35,179.0,462.95,73.0,321.25,1.03,310.0,87440.0
1990-08-31 08:00:00+00:00,23.89,36.7,403.0,650.44,117.0,316.05,0.69,303.0,87470.0
1990-08-31 09:00:00+00:00,26.31,26.95,614.0,752.92,143.0,330.95,0.28,297.0,87500.0
1990-08-31 10:00:00+00:00,28.6,22.05,791.0,819.24,157.0,333.65,0.48,194.0,87480.0
1990-08-31 11:00:00+00:00,30.64,18.75,904.0,833.55,175.0,354.95,1.59,214.0,87460.0
1990-08-31 12:00:00+00:00,31.8,16.35,940.0,788.49,214.0,366.15,2.69,221.0,87400.0
1990-08-31 13:00:00+00:00,32.78,14.8,932.0,800.65,204.0,357.45,2.9,228.0,87310.0
1990-08-31 14:00:00+00:00,33.1,14.8,723.0,437.62,355.0,371.2,2.62,240.0,87230.0
1990-08-31 15:00:00+00:00,33.09,14.25,694.0,681.61,203.0,396.75,2.14,260.0,87160.0
1990-08-31 16:00:00+00:00,32.03,17.98,328.0,109.75,267.0,381.1,2.93,281.0,87090.0
1990-08-31 17:00:00+00:00,31.06,19.96,302.0,510.54,119.0,374.76,2.78,308.0,87110.0
1990-08-31 18:00:00+00:00,30.09,21.93,53.0,28.21,49.0,368.42,2.63,319.0,87180.0
1990-08-31 19:00:00+00:00,29.13,23.91,0.0,0.0,0.0,362.08,2.48,347.0,87220.0
1990-08-31 20:00:00+00:00,28.16,25.89,0.0,0.0,0.0,355.74,2.33,325.0,87280.0
1990-08-31 21:00:00+00:00,27.2,27.86,0.0,0.0,0.0,349.41,2.17,295.0,87320.0
1990-08-31 22:00:00+00:00,26.23,29.84,0.0,0.0,0.0,343.07,2.02,292.0,87320.0
1990-08-31 23:00:00+00:00,25.26,31.82,0.0,0.0,0.0,336.73,1.87,295.0,87320.0
1990-09-01 00:00:00+00:00,24.3,33.79,0.0,0.0,0.0,330.39,1.72,8.0,87260.0
1990-09-01 01:00:00+00:00,23.33,35.77,0.0,0.0,0.0,324.06,1.57,5.0,87260.0
1990-09-01 02:00:00+00:00,22.37,37.75,0.0,0.0,0.0,317.72,1.42,2.0,87210.0
1990-09-01 03:00:00+00:00,21.4,39.73,0.0,0.0,0.0,311.38,1.27,355.0,87200.0
1990-09-01 04:00:00+00:00,20.43,41.7,0.0,0.0,0.0,305.04,1.12,354.0,87190.0
1990-09-01 05:00:00+00:00,19.47,43.68,0.0,0.0,0.0,298.7,0.97,356.0,87200.0
1990-09-01 06:00:00+00:00,18.5,45.66,0.0,0.0,0.0,292.37,0.82,358.0,87250.0
1990-09-01 07:00:00+00:00,17.54,47.63,175.0,423.64,78.0,286.03,0.66,36.0,87310.0
1990-09-01 08:00:00+00:00,22.73,33.85,399.0,627.7,123.0,303.65,0.76,97.0,87380.0
1990-09-01 09:00:00+00:00,24.77,26.6,618.0,754.52,146.0,310.2,2.21,119.0,87380.0
1990-09-01 10:00:00+00:00,26.38,24.15,800.0,830.87,157.0,317.0,2.48,134.0,87400.0
1990-09-01 11:00:00+00:00,27.8,21.95,929.0,880.43,159.0,324.95,2.41,157.0,87370.0
1990-09-01 12:00:00+00:00,29.13,20.6,1002.0,932.94,143.0,333.45,2.41,181.0,87290.0
1990-09-01 13:00:00+00:00,30.39,18.75,968.0,880.93,167.0,340.6,2.76,194.0,87220.0
1990-09-01 14:00:00+00:00,31.43,17.6,879.0,846.7,167.0,346.2,3.24,197.0,87140.0
1990-09-01 15:00:00+00:00,32.08,16.45,730.0,791.28,160.0,349.9,3.52,201.0,87090.0
1990-09-01 16:00:00+00:00,32.43,15.95,531.0,689.11,148.0,357.45,3.31,202.0,87030.0
1990-09-01 17:00:00+00:00,32.4,15.35,306.0,524.49,118.0,345.45,2.41,207.0,87000.0
1990-09-01 18:00:00+00:00,31.75,15.75,93.0,282.15,53.0,338.65,1.17,236.0,87010.0
1990-09-01 19:00:00+00:00,30.24,17.95,0.0,0.0,0.0,330.95,1.66,204.0,87030.0
1990-09-01 20:00:00+00:00,28.46,20.45,0.0,0.0,0.0,321.45,1.52,221.0,87120.0
1990-09-01 21:00:00+00:00,26.77,23.4,0.0,0.0,0.0,315.65,1.1,244.0,87210.0
1990-09-01 22:00:00+00:00,26.41,24.15,0.0,0.0,0.0,310.2,0.76,288.0,87270.0
1990-09-01 23:00:00+00:00,25.3,25.75,0.0,0.0,0.0,306.75,0.62,345.0,87290.0
1990-09-02 00:00:00+00:00,23.78,28.35,0.0,0.0,0.0,304.8,0.83,16.0,87280.0
1990-09-02 01:00:00+00:00,22.49,32.5,0.0,0.0,0.0,304.9,0.97,22.0,87270.0
1990-09-02 02:00:00+00:00,21.65,33.6,0.0,0.0,0.0,304.2,0.97,14.0,87230.0
1990-09-02 03:00:00+00:00,21.0,34.7,0.0,0.0,0.0,302.5,0.9,358.0,87220.0
1990-09-02 04:00:00+00:00,20.31,35.9,0.0,0.0,0.0,300.75,0.9,340.0,87220.0
1990-09-02 05:00:00+00:00,19.45,38.35,0.0,0.0,0.0,299.75,0.97,327.0,87260.0
1990-09-02 06:00:00+00:00,19.18,39.65,0.0,0.0,0.0,298.8,0.9,322.0,87290.0
1990-09-02 07:00:00+00:00,20.53,37.25,174.0,431.5,76.0,301.9,0.62,334.0,87340.0
1990-09-02 08:00:00+00:00,22.96,32.6,395.0,621.09,123.0,307.3,0.07,47.0,87430.0
1990-09-02 09:00:00+00:00,24.95,28.65,609.0,739.03,148.0,316.6,1.45,142.0,87450.0
1990-09-02 10:00:00+00:00,26.8,26.1,790.0,813.46,162.0,325.1,2.62,158.0,87480.0
1990-09-02 11:00:00+00:00,28.25,24.5,917.0,863.05,164.0,333.05,2.9,173.0,87470.0
1990-09-02 12:00:00+00:00,29.47,21.5,990.0,914.65,150.0,341.0,2.9,186.0,87410.0
1990-09-02 13:00:00+00:00,30.35,20.2,966.0,887.96,161.0,355.3,2.69,199.0,87330.0
1990-09-02 14:00:00+00:00,30.98,18.85,867.0,829.5,172.0,363.45,2.62,197.0,87270.0
1990-09-02 15:00:00+00:00,31.52,17.6,730.0,806.25,152.0,380.45,3.03,196.0,87210.0
1990-09-02 16:00:00+00:00,31.88,16.45,484.0,516.33,199.0,367.1,3.52,200.0,87190.0
1990-09-02 17:00:00+00:00,31.59,16.95,283.0,420.54,134.0,351.25,3.59,205.0,87170.0
1990-09-02 18:00:00+00:00,30.96,17.5,93.0,313.04,50.0,346.4,3.31,202.0,87200.0
1990-09-02 19:00:00+00:00,29.96,19.35,0.0,0.0,0.0,338.1,3.59,179.0,87210.0
1990-09-02 20:00:00+00:00,28.5,22.05,0.0,0.0,0.0,328.4,3.17,181.0,87270.0
1990-09-02 21:00:00+00:00,27.31,23.5,0.0,0.0,0.0,328.8,2.34,190.0,87380.0
1990-09-02 22:00:00+00:00,25.73,26.7,0.0,0.0,0.0,320.3,1.59,201.0,87410.0
1990-09-02 23:00:00+00:00,24.9,27.6,0.0,0.0,0.0,318.95,0.9,205.0,87430.0
1990-09-03 00:00:00+00:00,24.8,26.6,0.0,0.0,0.0,324.15,0.48,176.0,87420.0
1990-09-03 01:00:00+00:00,23.97,28.35,0.0,0.0,0.0,310.7,0.48,124.0,87410.0
1990-09-03 02:00:00+00:00,23.17,29.2,0.0,0.0,0.0,308.65,0.62,100.0,87390.0
1990-09-03 03:00:00+00:00,22.23,30.15,0.0,0.0,0.0,305.55,0.62,86.0,87380.0
1990-09-03 04:00:00+00:00,21.24,31.15,0.0,0.0,0.0,302.85,0.55,72.0,87420.0
1990-09-03 05:00:00+00:00,20.41,34.55,0.0,0.0,0.0,300.35,0.34,50.0,87430.0
1990-09-03 06:00:00+00:00,19.76,35.75,0.0,0.0,0.0,298.05,0.28,17.0,87460.0
1990-09-03 07:00:00+00:00,20.17,35.75,173.0,435.07,75.0,298.05,0.21,345.0,87510.0
1990-09-03 08:00:00+00:00,23.1,29.2,395.0,619.04,125.0,301.7,0.34,131.0,87570.0
1990-09-03 09:00:00+00:00,25.38,24.8,613.0,747.6,148.0,308.85,1.72,162.0,87580.0
1990-09-03 10:00:00+00:00,27.53,21.8,803.0,845.35,152.0,316.6,3.24,184.0,87640.0
1990-09-03 11:00:00+00:00,29.24,19.85,928.0,883.53,159.0,323.55,3.86,198.0,87580.0
1990-09-03 12:00:00+00:00,30.71,16.75,1001.0,936.7,143.0,330.35,4.28,206.0,87510.0
1990-09-03 13:00:00+00:00,31.92,14.15,971.0,896.19,161.0,335.75,4.62,209.0,87440.0
1990-09-03 14:00:00+00:00,32.81,12.7,881.0,861.36,162.0,339.65,4.76,210.0,87350.0
1990-09-03 15:00:00+00:00,33.42,11.4,729.0,804.6,155.0,340.8,4.83,211.0,87290.0
1990-09-03 16:00:00+00:00,33.65,9.75,516.0,651.34,159.0,340.6,4.76,213.0,87250.0
1990-09-03 17:00:00+00:00,33.3,9.3,301.0,534.12,114.0,343.5,4.48,217.0,87250.0
1990-09-03 18:00:00+00:00,32.43,9.3,85.0,263.34,50.0,330.15,3.93,224.0,87240.0
1990-09-03 19:00:00+00:00,30.96,10.2,0.0,0.0,0.0,319.5,2.9,225.0,87250.0
1990-09-03 20:00:00+00:00,29.11,12.55,0.0,0.0,0.0,314.65,2.28,246.0,87240.0
1990-09-03 21:00:00+00:00,27.17,14.8,0.0,0.0,0.0,310.05,2.07,268.0,87380.0
1990-09-03 22:00:00+00:00,25.18,18.9,0.0,0.0,0.0,305.2,2.21,285.0,87440.0
1990-09-03 23:00:00+00:00,23.43,22.5,0.0,0.0,0.0,300.95,2.28,291.0,87430.0
1990-09-04 00:00:00+00:00,21.87,24.95,0.0,0.0,0.0,296.5,2.14,292.0,87430.0
1990-09-04 01:00:00+00:00,20.36,28.65,0.0,0.0,0.0,294.25,1.93,293.0,87400.0
1990-09-04 02:00:00+00:00,19.11,31.65,0.0,0.0,0.0,292.2,1.66,294.0,87350.0
1990-09-04 03:00:00+00:00,17.85,35.2,0.0,0.0,0.0,290.5,1.45,296.0,87330.0
1990-09-04 04:00:00+00:00,17.23,36.4,0.0,0.0,0.0,288.75,1.1,298.0,87330.0
1990-09-04 05:00:00+00:00,17.32,35.05,0.0,0.0,0.0,286.8,0.83,303.0,87340.0
1990-09-04 06:00:00+00:00,17.36,33.75,0.0,0.0,0.0,285.25,0.69,310.0,87370.0
1990-09-04 07:00:00+00:00,17.93,33.9,174.0,447.67,74.0,285.25,0.62,304.0,87420.0
1990-09-04 08:00:00+00:00,22.09,24.95,398.0,637.72,121.0,289.7,0.14,299.0,87450.0
1990-09-04 09:00:00+00:00,25.22,19.65,615.0,754.64,147.0,298.4,0.55,143.0,87460.0
1990-09-04 10:00:00+00:00,27.87,15.0,797.0,829.27,160.0,307.5,1.59,166.0,87480.0
1990-09-04 11:00:00+00:00,30.14,10.45,925.0,877.68,163.0,315.65,2.69,185.0,87420.0
1990-09-04 12:00:00+00:00,32.01,7.55,993.0,918.42,154.0,320.65,3.45,201.0,87330.0
1990-09-04 13:00:00+00:00,33.48,6.8,963.0,879.0,171.0,324.55,4.14,212.0,87250.0
1990-09-04 14:00:00+00:00,34.45,6.7,882.0,867.06,161.0,327.45,4.69,220.0,87160.0
1990-09-04 15:00:00+00:00,34.7,6.95,729.0,810.05,154.0,333.05,4.48,233.0,87100.0
1990-09-04 16:00:00+00:00,34.53,6.95,521.0,683.6,149.0,337.9,3.93,254.0,87050.0
1990-09-04 17:00:00+00:00,33.8,7.7,304.0,569.59,107.0,332.3,4.21,279.0,87060.0
1990-09-04 18:00:00+00:00,32.23,8.85,85.0,295.92,47.0,327.65,4.34,296.0,87090.0
1990-09-04 19:00:00+00:00,30.11,11.3,0.0,0.0,0.0,311.75,4.14,314.0,87090.0
1990-09-04 20:00:00+00:00,28.05,13.9,0.0,0.0,0.0,306.15,4.14,323.0,87160.0
1990-09-04 21:00:00+00:00,26.25,16.4,0.0,0.0,0.0,302.65,3.45,321.0,87240.0
1990-09-04 22:00:00+00:00,24.44,18.8,0.0,0.0,0.0,299.4,2.76,310.0,87260.0
1990-09-04 23:00:00+00:00,22.74,20.7,0.0,0.0,0.0,295.9,2.48,300.0,87250.0
1990-09-05 00:00:00+00:00,21.24,22.15,0.0,0.0,0.0,292.4,2.14,298.0,87230.0
1990-09-05 01:00:00+00:00,19.9,24.45,0.0,0.0,0.0,289.45,1.86,298.0,87180.0
1990-09-05 02:00:00+00:00,18.75,27.2,0.0,0.0,0.0,286.8,1.66,293.0,87110.0
1990-09-05 03:00:00+00:00,17.66,30.1,0.0,0.0,0.0,284.5,1.52,291.0,87080.0
1990-09-05 04:00:00+00:00,16.59,33.5,0.0,0.0,0.0,282.95,1.45,291.0,87080.0
1990-09-05 05:00:00+00:00,15.82,34.65,0.0,0.0,0.0,282.35,1.31,290.0,87090.0
1990-09-05 06:00:00+00:00,15.39,37.25,0.0,0.0,0.0,281.2,1.24,290.0,87110.0
1990-09-05 07:00:00+00:00,16.29,37.55,174.0,446.95,75.0,280.2,1.17,288.0,87120.0
1990-09-05 08:00:00+00:00,21.05,27.7,403.0,651.96,121.0,285.65,0.9,277.0,87140.0
1990-09-05 09:00:00+00:00,25.33,19.75,618.0,756.9,150.0,294.75,0.69,238.0,87170.0
1990-09-05 10:00:00+00:00,28.23,15.6,805.0,844.48,158.0,305.55,1.66,214.0,87170.0
1990-09-05 11:00:00+00:00,30.9,10.2,930.0,881.08,167.0,313.3,3.79,218.0,87140.0
1990-09-05 12:00:00+00:00,32.71,7.65,1003.0,933.03,153.0,317.2,5.86,225.0,87050.0
1990-09-05 13:00:00+00:00,33.64,6.55,966.0,880.69,175.0,320.85,7.31,229.0,86990.0
1990-09-05 14:00:00+00:00,33.97,6.1,875.0,843.89,176.0,320.65,8.14,231.0,86900.0
1990-09-05 15:00:00+00:00,33.68,6.05,731.0,812.79,157.0,324.35,8.28,235.0,86860.0
1990-09-05 16:00:00+00:00,33.16,5.95,527.0,709.01,144.0,322.2,8.0,238.0,86840.0
1990-09-05 17:00:00+00:00,32.3,5.9,321.0,673.36,91.0,317.2,7.31,239.0,86830.0
1990-09-05 18:00:00+00:00,30.91,6.3,87.0,355.2,43.0,314.1,5.93,240.0,86850.0
1990-09-05 19:00:00+00:00,28.99,9.1,0.0,0.0,0.0,308.85,4.28,250.0,86900.0
1990-09-05 20:00:00+00:00,27.38,11.75,0.0,0.0,0.0,304.4,3.52,252.0,86960.0
1990-09-05 21:00:00+00:00,25.92,14.0,0.0,0.0,0.0,304.4,2.97,255.0,87020.0
1990-09-05 22:00:00+00:00,24.35,18.05,0.0,0.0,0.0,298.4,2.62,259.0,87050.0
1990-09-05 23:00:00+00:00,22.52,24.05,0.0,0.0,0.0,292.8,2.28,269.0,87050.0
1990-09-06 00:00:00+00:00,20.75,29.9,0.0,0.0,0.0,283.9,1.93,274.0,87050.0
1990-09-06 01:00:00+00:00,19.34,35.6,0.0,0.0,0.0,278.4,1.59,276.0,87020.0
1990-09-06 02:00:00+00:00,17.95,42.45,0.0,0.0,0.0,274.6,1.17,276.0,86980.0
1990-09-06 03:00:00+00:00,17.29,43.9,0.0,0.0,0.0,273.05,0.9,279.0,86960.0
1990-09-06 04:00:00+00:00,17.3,42.3,0.0,0.0,0.0,272.1,0.69,282.0,86970.0
1990-09-06 05:00:00+00:00,16.86,40.6,0.0,0.0,0.0,271.9,0.55,284.0,86980.0
1990-09-06 06:00:00+00:00,16.32,39.0,0.0,0.0,0.0,271.5,0.55,291.0,87000.0
1990-09-06 07:00:00+00:00,16.64,40.5,170.0,441.68,73.0,272.85,0.55,290.0,87060.0
1990-09-06 08:00:00+00:00,20.68,28.65,389.0,608.3,127.0,279.25,0.28,245.0,87090.0
1990-09-06 09:00:00+00:00,24.3,18.05,600.0,710.54,162.0,289.5,0.76,196.0,87120.0
1990-09-06 10:00:00+00:00,27.52,11.75,791.0,825.78,160.0,305.0,2.48,217.0,87130.0
1990-09-06 11:00:00+00:00,29.81,10.05,924.0,886.86,158.0,317.0,5.24,216.0,87130.0
1990-09-06 12:00:00+00:00,30.84,11.5,991.0,927.96,148.0,328.0,7.03,219.0,87070.0
1990-09-06 13:00:00+00:00,31.52,12.55,421.0,23.46,400.0,339.25,7.79,225.0,87020.0
1990-09-06 14:00:00+00:00,31.54,13.55,816.0,693.33,244.0,344.85,8.14,230.0,86940.0
1990-09-06 15:00:00+00:00,30.02,16.65,434.0,115.3,353.0,358.4,7.93,226.0,86970.0
1990-09-06 16:00:00+00:00,29.3,17.85,172.0,1.87,171.0,356.85,5.66,227.0,86970.0
1990-09-06 17:00:00+00:00,28.76,18.3,50.0,0.0,50.0,357.45,6.55,239.0,87020.0
1990-09-06 18:00:00+00:00,26.84,20.9,39.0,16.76,37.0,347.75,6.28,246.0,87070.0
1990-09-06 19:00:00+00:00,25.37,23.9,0.0,0.0,0.0,353.75,4.21,256.0,87080.0
1990-09-06 20:00:00+00:00,24.57,25.5,0.0,0.0,0.0,354.55,4.14,278.0,87120.0
1990-09-06 21:00:00+00:00,23.41,31.55,0.0,0.0,0.0,356.5,4.07,285.0,87250.0
1990-09-06 22:00:00+00:00,21.61,37.5,0.0,0.0,0.0,359.95,4.28,270.0,87340.0
1990-09-06 23:00:00+00:00,20.15,46.2,0.0,0.0,0.0,343.5,3.31,284.0,87340.0
1990-09-07 00:00:00+00:00,19.51,49.55,0.0,0.0,0.0,352.6,2.41,316.0,87230.0
1990-09-07 01:00:00+00:00,18.99,51.25,0.0,0.0,0.0,344.95,1.72,342.0,87210.0
1990-09-07 02:00:00+00:00,18.54,54.95,0.0,0.0,0.0,336.55,1.86,355.0,87110.0
1990-09-07 03:00:00+00:00,18.42,54.95,0.0,0.0,0.0,344.5,1.17,351.0,87100.0
1990-09-07 04:00:00+00:00,17.58,63.2,0.0,0.0,0.0,336.35,0.83,295.0,87100.0
1990-09-07 05:00:00+00:00,17.76,61.05,0.0,0.0,0.0,348.15,0.48,23.0,87080.0
1990-09-07 06:00:00+00:00,16.59,70.1,0.0,0.0,0.0,346.8,1.38,60.0,87090.0
1990-09-07 07:00:00+00:00,16.82,70.2,43.0,0.0,43.0,348.75,2.14,49.0,87200.0
1990-09-07 08:00:00+00:00,17.2,67.85,50.0,0.0,50.0,351.25,1.93,38.0,87260.0
1990-09-07 09:00:00+00:00,17.34,67.85,185.0,0.0,185.0,354.55,2.14,21.0,87300.0
1990-09-07 10:00:00+00:00,17.94,65.55,114.0,0.0,114.0,355.5,2.0,17.0,87310.0
1990-09-07 11:00:00+00:00,17.83,67.95,207.0,0.0,207.0,355.9,2.28,31.0,87330.0
1990-09-07 12:00:00+00:00,19.25,61.4,156.0,0.0,156.0,355.3,1.93,75.0,87290.0
1990-09-07 13:00:00+00:00,19.77,59.35,102.0,0.0,102.0,359.0,2.69,112.0,87270.0
1990-09-07 14:00:00+00:00,20.35,59.5,146.0,0.0,146.0,358.2,3.38,119.0,87200.0
1990-09-07 15:00:00+00:00,20.58,59.5,180.0,0.0,180.0,358.4,4.21,131.0,87160.0
1990-09-07 16:00:00+00:00,20.27,59.5,502.0,691.64,134.0,355.3,3.79,122.0,87140.0
1990-09-07 17:00:00+00:00,20.26,59.5,193.0,132.2,149.0,356.3,3.79,90.0,87090.0
1990-09-07 18:00:00+00:00,20.14,61.5,49.0,61.04,42.0,344.85,2.83,78.0,87120.0
1990-09-07 19:00:00+00:00,19.42,63.6,0.0,0.0,0.0,331.3,2.41,82.0,87140.0
1990-09-07 20:00:00+00:00,18.67,70.45,0.0,0.0,0.0,325.9,2.14,74.0,87220.0
1990-09-07 21:00:00+00:00,18.02,75.45,0.0,0.0,0.0,321.85,1.86,68.0,87310.0
1990-09-07 22:00:00+00:00,17.32,78.1,0.0,0.0,0.0,319.1,1.59,60.0,87340.0
1990-09-07 23:00:00+00:00,16.52,86.55,0.0,0.0,0.0,322.05,1.24,51.0,87340.0
1990-09-08 00:00:00+00:00,16.88,80.8,0.0,0.0,0.0,324.95,0.9,52.0,87360.0
1990-09-08 01:00:00+00:00,16.77,78.0,0.0,0.0,0.0,318.45,0.9,50.0,87350.0
1990-09-08 02:00:00+00:00,16.72,78.0,0.0,0.0,0.0,335.0,0.9,53.0,87310.0
1990-09-08 03:00:00+00:00,16.68,78.0,0.0,0.0,0.0,336.15,0.9,73.0,87310.0
1990-09-08 04:00:00+00:00,15.6,86.5,0.0,0.0,0.0,329.55,1.31,103.0,87320.0
1990-09-08 05:00:00+00:00,15.37,86.5,0.0,0.0,0.0,337.7,1.52,111.0,87350.0
1990-09-08 06:00:00+00:00,15.2,86.5,0.0,0.0,0.0,328.6,1.24,105.0,87390.0
1990-09-08 07:00:00+00:00,16.15,83.55,91.0,41.7,82.0,323.55,0.97,119.0,87480.0
1990-09-08 08:00:00+00:00,16.76,83.65,97.0,0.0,97.0,332.5,0.97,124.0,87540.0
1990-09-08 09:00:00+00:00,18.48,70.45,317.0,58.77,281.0,338.3,0.97,136.0,87570.0
1990-09-08 10:00:00+00:00,19.49,68.2,522.0,190.8,377.0,343.1,1.1,155.0,87590.0
1990-09-08 11:00:00+00:00,20.59,63.8,236.0,0.0,236.0,348.95,2.14,180.0,87600.0
1990-09-08 12:00:00+00:00,21.98,59.8,856.0,612.29,303.0,344.85,3.38,190.0,87550.0
1990-09-08 13:00:00+00:00,23.15,55.9,800.0,510.55,346.0,360.55,4.83,204.0,87480.0
1990-09-08 14:00:00+00:00,23.78,52.35,567.0,190.65,411.0,357.65,5.52,210.0,87400.0
1990-09-08 15:00:00+00:00,24.11,50.55,611.0,499.28,264.0,365.95,5.93,208.0,87370.0
1990-09-08 16:00:00+00:00,22.96,52.1,521.0,765.25,117.0,345.85,7.03,208.0,87370.0
1990-09-08 17:00:00+00:00,22.2,53.85,280.0,548.09,100.0,364.4,6.07,200.0,87380.0
1990-09-08 18:00:00+00:00,21.79,55.8,36.0,18.18,34.0,362.3,5.03,198.0,87400.0
1990-09-08 19:00:00+00:00,20.09,65.95,0.0,0.0,0.0,325.7,4.34,192.0,87500.0
1990-09-08 20:00:00+00:00,19.64,70.65,0.0,0.0,0.0,335.2,2.83,189.0,87560.0
1990-09-08 21:00:00+00:00,19.02,73.05,0.0,0.0,0.0,325.5,1.79,174.0,87640.0
1990-09-08 22:00:00+00:00,18.19,78.25,0.0,0.0,0.0,314.1,0.97,153.0,87650.0
1990-09-08 23:00:00+00:00,18.9,70.55,0.0,0.0,0.0,318.35,0.55,102.0,87660.0
1990-09-09 00:00:00+00:00,18.48,72.95,0.0,0.0,0.0,318.55,0.69,65.0,87650.0
1990-09-09 01:00:00+00:00,17.94,75.45,0.0,0.0,0.0,306.25,0.76,26.0,87600.0
1990-09-09 02:00:00+00:00,16.02,83.55,0.0,0.0,0.0,292.6,1.1,353.0,87540.0
1990-09-09 03:00:00+00:00,14.76,86.45,0.0,0.0,0.0,290.3,1.31,339.0,87500.0
1990-09-09 04:00:00+00:00,13.47,89.4,0.0,0.0,0.0,287.95,1.38,332.0,87500.0
1990-09-09 05:00:00+00:00,12.71,89.4,0.0,0.0,0.0,289.7,1.24,320.0,87480.0
1990-09-09 06:00:00+00:00,12.13,89.35,0.0,0.0,0.0,284.5,1.24,312.0,87490.0
1990-09-09 07:00:00+00:00,12.6,92.6,166.0,448.82,70.0,285.65,0.97,306.0,87610.0
1990-09-09 08:00:00+00:00,16.46,75.25,391.0,651.64,114.0,287.95,0.76,309.0,87630.0
1990-09-09 09:00:00+00:00,19.46,61.4,606.0,764.82,139.0,298.8,0.48,292.0,87650.0
1990-09-09 10:00:00+00:00,21.35,51.9,784.0,833.99,152.0,302.85,0.55,255.0,87650.0
1990-09-09 11:00:00+00:00,23.03,43.65,906.0,871.98,159.0,311.75,0.97,229.0,87620.0
1990-09-09 12:00:00+00:00,24.42,34.25,977.0,923.99,145.0,314.65,1.52,240.0,87560.0
1990-09-09 13:00:00+00:00,25.37,28.75,944.0,883.59,161.0,320.85,1.66,256.0,87520.0
1990-09-09 14:00:00+00:00,26.02,27.85,852.0,848.09,161.0,325.5,1.59,276.0,87440.0
1990-09-09 15:00:00+00:00,26.5,26.0,702.0,798.66,150.0,327.45,1.59,292.0,87390.0
1990-09-09 16:00:00+00:00,26.58,26.0,494.0,670.17,143.0,329.75,1.59,315.0,87350.0
1990-09-09 17:00:00+00:00,26.26,26.95,279.0,552.57,100.0,313.5,1.79,341.0,87330.0
1990-09-09 18:00:00+00:00,25.37,29.85,65.0,246.79,39.0,316.4,2.28,355.0,87350.0
1990-09-09 19:00:00+00:00,23.93,45.5,0.0,0.0,0.0,308.5,1.17,5.0,87360.0
1990-09-09 20:00:00+00:00,22.31,41.95,0.0,0.0,0.0,308.1,1.86,0.0,87410.0
1990-09-09 21:00:00+00:00,20.35,46.35,0.0,0.0,0.0,302.5,2.28,352.0,87490.0
1990-09-09 22:00:00+00:00,18.53,56.95,0.0,0.0,0.0,294.95,2.28,337.0,87480.0
1990-09-09 23:00:00+00:00,17.27,60.95,0.0,0.0,0.0,292.2,2.14,322.0,87500.0
1990-09-10 00:00:00+00:00,16.19,67.65,0.0,0.0,0.0,289.5,2.0,315.0,87510.0
1990-09-10 01:00:00+00:00,15.08,75.0,0.0,0.0,0.0,287.5,1.79,311.0,87480.0
1990-09-10 02:00:00+00:00,13.96,80.4,0.0,0.0,0.0,286.8,1.59,311.0,87420.0
1990-09-10 03:00:00+00:00,13.12,83.25,0.0,0.0,0.0,285.05,1.38,319.0,87390.0
1990-09-10 04:00:00+00:00,13.01,80.3,0.0,0.0,0.0,281.4,1.24,329.0,87370.0
1990-09-10 05:00:00+00:00,12.9,77.45,0.0,0.0,0.0,281.4,1.24,341.0,87370.0
1990-09-10 06:00:00+00:00,12.68,77.45,0.0,0.0,0.0,281.6,1.31,348.0,87370.0
1990-09-10 07:00:00+00:00,13.55,77.5,162.0,429.32,71.0,281.75,1.31,343.0,87420.0
1990-09-10 08:00:00+00:00,17.11,70.2,387.0,640.41,116.0,286.8,0.83,353.0,87460.0
1990-09-10 09:00:00+00:00,21.0,48.2,605.0,762.41,141.0,295.3,0.9,66.0,87490.0
1990-09-10 10:00:00+00:00,23.0,43.65,786.0,840.37,151.0,305.4,2.0,95.0,87510.0
1990-09-10 11:00:00+00:00,24.48,39.55,904.0,866.29,164.0,314.1,2.48,105.0,87460.0
1990-09-10 12:00:00+00:00,25.72,35.8,953.0,870.03,172.0,320.65,2.55,117.0,87410.0
1990-09-10 13:00:00+00:00,26.81,30.25,875.0,690.82,265.0,325.7,2.21,128.0,87350.0
1990-09-10 14:00:00+00:00,27.57,27.25,857.0,865.33,155.0,330.55,2.14,127.0,87260.0
1990-09-10 15:00:00+00:00,27.63,26.25,622.0,534.0,255.0,352.0,1.93,120.0,87200.0
1990-09-10 16:00:00+00:00,27.92,24.5,479.0,612.11,161.0,345.85,1.86,113.0,87140.0
1990-09-10 17:00:00+00:00,27.75,25.3,233.0,303.66,136.0,343.9,1.86,114.0,87100.0
1990-09-10 18:00:00+00:00,27.09,26.1,58.0,198.72,38.0,348.15,1.93,110.0,87120.0
1990-09-10 19:00:00+00:00,25.82,31.1,0.0,0.0,0.0,335.55,1.79,73.0,87100.0
1990-09-10 20:00:00+00:00,24.5,35.5,0.0,0.0,0.0,326.5,2.28,53.0,87150.0
1990-09-10 21:00:00+00:00,22.49,45.1,0.0,0.0,0.0,321.45,2.07,33.0,87190.0
1990-09-10 22:00:00+00:00,20.27,55.45,0.0,0.0,0.0,320.1,1.72,17.0,87180.0
1990-09-10 23:00:00+00:00,19.09,63.5,0.0,0.0,0.0,324.75,1.45,359.0,87200.0
1990-09-11 00:00:00+00:00,18.49,63.4,0.0,0.0,0.0,324.35,1.31,346.0,87190.0
1990-09-11 01:00:00+00:00,17.78,61.05,0.0,0.0,0.0,316.9,1.31,344.0,87160.0
1990-09-11 02:00:00+00:00,17.02,63.05,0.0,0.0,0.0,311.0,1.24,342.0,87100.0
1990-09-11 03:00:00+00:00,16.45,62.95,0.0,0.0,0.0,309.05,1.24,340.0,87080.0
1990-09-11 04:00:00+00:00,15.9,62.85,0.0,0.0,0.0,306.55,1.17,335.0,87050.0
1990-09-11 05:00:00+00:00,16.51,56.5,0.0,0.0,0.0,320.5,0.9,327.0,87050.0
1990-09-11 06:00:00+00:00,17.46,50.85,0.0,0.0,0.0,333.65,0.34,294.0,87070.0
1990-09-11 07:00:00+00:00,16.48,62.95,128.0,199.98,86.0,341.0,1.24,184.0,87170.0
1990-09-11 08:00:00+00:00,17.87,56.85,202.0,49.85,181.0,336.95,0.62,110.0,87210.0
1990-09-11 09:00:00+00:00,18.88,55.05,589.0,732.0,145.0,335.75,1.59,45.0,87230.0
1990-09-11 10:00:00+00:00,20.85,46.5,726.0,676.93,216.0,331.5,2.76,53.0,87210.0
1990-09-11 11:00:00+00:00,22.56,41.95,244.0,0.0,244.0,339.65,3.45,70.0,87180.0
1990-09-11 12:00:00+00:00,23.9,39.45,379.0,12.29,368.0,344.65,3.1,88.0,87120.0
1990-09-11 13:00:00+00:00,24.56,38.15,328.0,4.55,324.0,355.7,2.69,106.0,87050.0
1990-09-11 14:00:00+00:00,25.44,35.8,160.0,0.0,160.0,362.3,2.14,118.0,86990.0
1990-09-11 15:00:00+00:00,25.83,33.4,236.0,2.93,234.0,356.5,1.52,144.0,86960.0
1990-09-11 16:00:00+00:00,26.04,33.4,384.0,295.01,232.0,347.0,1.38,160.0,86930.0
1990-09-11 17:00:00+00:00,25.91,33.4,252.0,438.25,114.0,357.05,1.1,187.0,86940.0
1990-09-11 18:00:00+00:00,25.5,34.5,59.0,250.25,35.0,349.7,0.83,191.0,86950.0
1990-09-11 19:00:00+00:00,24.65,45.6,0.0,0.0,0.0,338.85,1.03,170.0,86900.0
1990-09-11 20:00:00+00:00,23.95,47.15,0.0,0.0,0.0,344.85,1.1,106.0,86960.0
1990-09-11 21:00:00+00:00,22.6,50.2,0.0,0.0,0.0,335.95,1.17,84.0,87010.0
1990-09-11 22:00:00+00:00,21.85,45.1,0.0,0.0,0.0,322.8,1.1,61.0,87030.0
1990-09-11 23:00:00+00:00,20.92,44.85,0.0,0.0,0.0,311.95,1.1,36.0,87060.0
1990-09-12 00:00:00+00:00,20.21,44.7,0.0,0.0,0.0,308.85,0.97,16.0,87050.0
1990-09-12 01:00:00+00:00,18.89,51.25,0.0,0.0,0.0,306.25,1.03,5.0,87040.0
1990-09-12 02:00:00+00:00,17.51,56.75,0.0,0.0,0.0,308.1,1.17,1.0,87020.0
1990-09-12 03:00:00+00:00,16.64,60.75,0.0,0.0,0.0,305.75,1.17,358.0,86990.0
1990-09-12 04:00:00+00:00,16.19,60.75,0.0,0.0,0.0,320.5,1.24,354.0,87000.0
1990-09-12 05:00:00+00:00,15.57,65.05,0.0,0.0,0.0,315.25,1.24,351.0,87030.0
1990-09-12 06:00:00+00:00,15.1,67.35,0.0,0.0,0.0,316.6,1.24,354.0,87050.0
1990-09-12 07:00:00+00:00,15.1,69.85,114.0,129.77,87.0,324.75,1.31,314.0,87110.0
1990-09-12 08:00:00+00:00,18.53,56.95,349.0,472.26,151.0,323.0,0.69,304.0,87170.0
1990-09-12 09:00:00+00:00,21.52,41.85,386.0,148.89,296.0,321.45,0.41,351.0,87220.0
1990-09-12 10:00:00+00:00,23.32,36.55,642.0,434.01,316.0,341.55,0.83,88.0,87240.0
1990-09-12 11:00:00+00:00,25.09,30.8,637.0,252.01,423.0,331.1,2.21,127.0,87250.0
1990-09-12 12:00:00+00:00,26.43,25.05,910.0,773.57,220.0,341.95,2.41,148.0,87200.0
1990-09-12 13:00:00+00:00,27.4,21.8,155.0,0.0,155.0,342.35,2.14,174.0,87170.0
1990-09-12 14:00:00+00:00,28.07,19.6,105.0,0.0,105.0,343.7,2.14,196.0,87090.0
1990-09-12 15:00:00+00:00,28.52,18.3,273.0,10.3,266.0,353.75,3.03,207.0,87050.0
1990-09-12 16:00:00+00:00,28.49,19.0,189.0,7.83,185.0,369.25,4.34,214.0,87040.0
1990-09-12 17:00:00+00:00,27.37,21.8,171.0,103.12,139.0,371.2,5.03,217.0,87090.0
1990-09-12 18:00:00+00:00,26.09,25.85,44.0,109.72,34.0,362.65,3.66,215.0,87110.0
1990-09-12 19:00:00+00:00,24.39,28.5,0.0,0.0,0.0,356.65,5.24,208.0,87180.0
1990-09-12 20:00:00+00:00,22.97,33.85,0.0,0.0,0.0,349.7,3.24,207.0,87230.0
1990-09-12 21:00:00+00:00,21.96,48.45,0.0,0.0,0.0,345.05,0.76,208.0,87280.0
1990-09-12 22:00:00+00:00,21.22,48.3,0.0,0.0,0.0,340.0,0.69,21.0,87270.0
1990-09-12 23:00:00+00:00,20.84,44.85,0.0,0.0,0.0,332.3,0.83,6.0,87260.0
1990-09-13 00:00:00+00:00,20.58,41.55,0.0,0.0,0.0,316.2,0.76,342.0,87270.0
1990-09-13 01:00:00+00:00,18.96,49.45,0.0,0.0,0.0,320.95,1.1,331.0,87260.0
1990-09-13 02:00:00+00:00,17.5,56.75,0.0,0.0,0.0,316.8,1.45,318.0,87250.0
1990-09-13 03:00:00+00:00,16.94,56.6,0.0,0.0,0.0,317.55,1.38,320.0,87250.0
1990-09-13 04:00:00+00:00,16.85,54.6,0.0,0.0,0.0,307.5,1.1,322.0,87230.0
1990-09-13 05:00:00+00:00,16.5,54.45,0.0,0.0,0.0,314.85,0.97,316.0,87240.0
1990-09-13 06:00:00+00:00,16.33,52.5,0.0,0.0,0.0,301.5,0.9,316.0,87250.0
1990-09-13 07:00:00+00:00,16.71,48.9,112.0,131.01,85.0,302.5,0.69,302.0,87310.0
1990-09-13 08:00:00+00:00,19.36,42.85,297.0,275.6,182.0,305.75,0.28,282.0,87370.0
1990-09-13 09:00:00+00:00,22.42,32.5,585.0,735.41,142.0,320.1,0.55,187.0,87440.0
1990-09-13 10:00:00+00:00,24.67,29.55,730.0,711.79,197.0,338.85,1.72,193.0,87470.0
1990-09-13 11:00:00+00:00,26.54,26.95,731.0,446.5,353.0,341.0,3.93,219.0,87480.0
1990-09-13 12:00:00+00:00,27.46,25.3,154.0,0.0,154.0,360.75,7.31,236.0,87450.0
1990-09-13 13:00:00+00:00,26.22,27.85,184.0,0.0,184.0,368.45,8.62,234.0,87460.0
1990-09-13 14:00:00+00:00,25.92,27.85,275.0,1.25,274.0,373.9,7.45,234.0,87430.0
1990-09-13 15:00:00+00:00,25.61,28.75,111.0,0.0,111.0,370.4,6.97,234.0,87380.0
1990-09-13 16:00:00+00:00,25.54,28.75,45.0,0.0,45.0,362.65,6.97,233.0,87360.0
1990-09-13 17:00:00+00:00,24.82,29.7,39.0,0.0,39.0,365.75,6.41,232.0,87380.0
1990-09-13 18:00:00+00:00,24.0,32.9,52.0,231.59,32.0,363.85,6.0,224.0,87410.0
1990-09-13 19:00:00+00:00,19.36,57.2,0.0,0.0,0.0,353.95,4.83,176.0,87560.0
1990-09-13 20:00:00+00:00,18.5,61.2,0.0,0.0,0.0,342.15,3.72,158.0,87580.0
1990-09-13 21:00:00+00:00,18.12,61.05,0.0,0.0,0.0,338.1,2.28,138.0,87590.0
1990-09-13 22:00:00+00:00,17.77,61.05,0.0,0.0,0.0,324.75,1.86,144.0,87650.0
1990-09-13 23:00:00+00:00,16.95,67.75,0.0,0.0,0.0,333.85,2.28,163.0,87660.0
1990-09-14 00:00:00+00:00,16.27,72.65,0.0,0.0,0.0,341.4,2.21,138.0,87640.0
1990-09-14 01:00:00+00:00,15.91,75.15,0.0,0.0,0.0,341.3,2.41,107.0,87600.0
1990-09-14 02:00:00+00:00,15.73,75.15,0.0,0.0,0.0,347.0,2.62,80.0,87490.0
1990-09-14 03:00:00+00:00,15.51,77.8,0.0,0.0,0.0,341.55,2.62,75.0,87410.0
1990-09-14 04:00:00+00:00,15.24,77.8,0.0,0.0,0.0,330.55,2.41,69.0,87340.0
1990-09-14 05:00:00+00:00,14.84,80.55,0.0,0.0,0.0,311.95,2.14,69.0,87320.0
1990-09-14 06:00:00+00:00,14.4,80.45,0.0,0.0,0.0,308.85,1.93,74.0,87310.0
1990-09-14 07:00:00+00:00,14.62,80.45,32.0,0.0,32.0,311.95,2.55,81.0,87360.0
1990-09-14 08:00:00+00:00,16.02,70.0,331.0,409.38,161.0,314.1,2.9,83.0,87370.0
1990-09-14 09:00:00+00:00,17.68,61.05,309.0,54.98,276.0,317.75,3.1,99.0,87410.0
1990-09-14 10:00:00+00:00,19.4,55.2,791.0,889.52,127.0,323.0,3.03,136.0,87450.0
1990-09-14 11:00:00+00:00,20.93,49.95,915.0,931.33,129.0,309.65,3.66,161.0,87440.0
1990-09-14 12:00:00+00:00,22.62,41.95,713.0,329.55,421.0,313.1,5.1,176.0,87400.0
1990-09-14 13:00:00+00:00,23.57,35.25,837.0,637.98,282.0,322.6,6.83,183.0,87330.0
1990-09-14 14:00:00+00:00,23.97,31.7,832.0,847.3,157.0,318.95,7.66,187.0,87270.0
1990-09-14 15:00:00+00:00,23.76,32.9,676.0,785.14,149.0,320.85,7.79,187.0,87240.0
1990-09-14 16:00:00+00:00,23.03,35.1,468.0,653.15,140.0,319.9,7.45,187.0,87250.0
1990-09-14 17:00:00+00:00,22.12,39.05,252.0,518.18,96.0,316.05,6.76,185.0,87280.0
1990-09-14 18:00:00+00:00,21.28,43.4,48.0,220.71,30.0,328.8,5.45,182.0,87330.0
1990-09-14 19:00:00+00:00,19.82,51.5,0.0,0.0,0.0,318.75,4.21,173.0,87350.0
1990-09-14 20:00:00+00:00,19.15,57.1,0.0,0.0,0.0,304.4,2.62,162.0,87380.0
1990-09-14 21:00:00+00:00,18.92,61.3,0.0,0.0,0.0,343.3,1.59,129.0,87450.0
1990-09-14 22:00:00+00:00,18.18,63.4,0.0,0.0,0.0,322.2,1.59,82.0,87430.0
1990-09-14 23:00:00+00:00,16.77,70.2,0.0,0.0,0.0,292.2,1.79,67.0,87410.0
1990-09-15 00:00:00+00:00,15.45,77.8,0.0,0.0,0.0,288.55,1.72,66.0,87340.0
1990-09-15 01:00:00+00:00,14.32,80.45,0.0,0.0,0.0,284.0,1.52,63.0,87320.0
1990-09-15 02:00:00+00:00,13.66,80.4,0.0,0.0,0.0,276.75,1.45,62.0,87290.0
1990-09-15 03:00:00+00:00,13.1,83.25,0.0,0.0,0.0,281.95,1.45,58.0,87250.0
1990-09-15 04:00:00+00:00,12.66,80.3,0.0,0.0,0.0,279.85,1.45,55.0,87240.0
1990-09-15 05:00:00+00:00,12.47,80.2,0.0,0.0,0.0,267.05,1.24,61.0,87230.0
1990-09-15 06:00:00+00:00,12.62,77.45,0.0,0.0,0.0,266.1,1.1,58.0,87260.0
1990-09-15 07:00:00+00:00,13.54,74.75,156.0,440.35,67.0,279.05,0.83,41.0,87280.0
1990-09-15 08:00:00+00:00,15.15,69.9,382.0,650.98,113.0,272.3,0.76,66.0,87300.0
1990-09-15 09:00:00+00:00,18.42,53.0,601.0,777.49,136.0,281.6,1.66,107.0,87340.0
1990-09-15 10:00:00+00:00,20.38,41.55,733.0,697.51,214.0,294.75,2.48,143.0,87380.0
1990-09-15 11:00:00+00:00,22.16,35.0,677.0,322.13,406.0,295.7,3.45,168.0,87360.0
1990-09-15 12:00:00+00:00,23.58,30.4,877.0,684.0,273.0,303.25,4.48,182.0,87310.0
1990-09-15 13:00:00+00:00,24.44,25.5,873.0,723.57,246.0,311.2,5.45,188.0,87250.0
1990-09-15 14:00:00+00:00,24.68,24.55,811.0,773.13,198.0,311.2,5.93,191.0,87160.0
1990-09-15 15:00:00+00:00,24.42,24.55,688.0,815.48,144.0,321.25,6.07,190.0,87120.0
1990-09-15 16:00:00+00:00,23.65,27.2,423.0,456.05,196.0,324.75,6.14,186.0,87120.0
1990-09-15 17:00:00+00:00,22.69,30.15,164.0,104.59,133.0,319.7,5.93,182.0,87160.0
1990-09-15 18:00:00+00:00,21.66,32.35,34.0,91.22,27.0,310.05,5.38,178.0,87200.0
1990-09-15 19:00:00+00:00,21.04,37.35,0.0,0.0,0.0,334.8,4.97,174.0,87180.0
1990-09-15 20:00:00+00:00,20.06,41.45,0.0,0.0,0.0,314.1,4.07,172.0,87280.0
1990-09-15 21:00:00+00:00,19.31,44.45,0.0,0.0,0.0,310.8,3.17,168.0,87310.0
1990-09-15 22:00:00+00:00,18.47,51.15,0.0,0.0,0.0,300.15,2.14,162.0,87320.0
1990-09-15 23:00:00+00:00,17.55,58.8,0.0,0.0,0.0,296.3,1.38,143.0,87310.0
1990-09-16 00:00:00+00:00,16.96,63.05,0.0,0.0,0.0,302.3,1.17,102.0,87260.0
1990-09-16 01:00:00+00:00,16.03,65.15,0.0,0.0,0.0,290.6,1.24,88.0,87240.0
1990-09-16 02:00:00+00:00,15.71,60.65,0.0,0.0,0.0,270.75,1.1,68.0,87180.0
1990-09-16 03:00:00+00:00,15.48,62.75,0.0,0.0,0.0,265.7,0.83,54.0,87150.0
1990-09-16 04:00:00+00:00,14.49,64.85,0.0,0.0,0.0,262.2,0.62,44.0,87160.0
1990-09-16 05:00:00+00:00,13.77,67.15,0.0,0.0,0.0,260.65,0.48,37.0,87160.0
1990-09-16 06:00:00+00:00,13.22,67.05,0.0,0.0,0.0,259.7,0.41,23.0,87170.0
1990-09-16 07:00:00+00:00,13.17,62.3,152.0,424.79,67.0,261.85,0.55,61.0,87260.0
1990-09-16 08:00:00+00:00,15.57,54.25,376.0,634.79,115.0,268.4,0.69,85.0,87270.0
1990-09-16 09:00:00+00:00,18.17,45.7,589.0,748.49,143.0,277.1,1.31,106.0,87300.0
1990-09-16 10:00:00+00:00,20.05,39.95,764.0,815.76,159.0,287.95,1.79,144.0,87310.0
1990-09-16 11:00:00+00:00,21.78,32.5,840.0,722.69,234.0,296.65,2.55,177.0,87300.0
1990-09-16 12:00:00+00:00,23.39,28.25,797.0,500.02,357.0,303.85,3.52,192.0,87230.0
1990-09-16 13:00:00+00:00,24.52,24.55,800.0,544.56,330.0,314.85,4.41,199.0,87170.0
1990-09-16 14:00:00+00:00,25.12,22.9,694.0,460.04,331.0,327.65,4.97,201.0,87080.0
1990-09-16 15:00:00+00:00,25.62,21.35,606.0,553.61,239.0,328.8,5.52,204.0,87010.0
1990-09-16 16:00:00+00:00,25.33,21.35,424.0,480.45,187.0,333.65,5.66,203.0,86970.0
1990-09-16 17:00:00+00:00,24.73,23.65,199.0,246.83,127.0,342.15,5.59,202.0,86970.0
1990-09-16 18:00:00+00:00,23.7,27.2,4.0,0.0,4.0,335.55,5.17,201.0,87010.0
1990-09-16 19:00:00+00:00,22.37,30.15,0.0,0.0,0.0,316.6,4.55,206.0,87080.0
1990-09-16 20:00:00+00:00,21.48,32.35,0.0,0.0,0.0,319.5,3.93,205.0,87150.0
1990-09-16 21:00:00+00:00,20.49,35.9,0.0,0.0,0.0,311.0,3.38,200.0,87170.0
1990-09-16 22:00:00+00:00,19.48,39.8,0.0,0.0,0.0,301.1,2.69,194.0,87170.0
1990-09-16 23:00:00+00:00,18.48,44.2,0.0,0.0,0.0,298.6,1.79,194.0,87170.0
1990-09-17 00:00:00+00:00,17.7,49.15,0.0,0.0,0.0,294.55,0.97,187.0,87160.0
1990-09-17 01:00:00+00:00,17.21,49.05,0.0,0.0,0.0,290.6,0.9,148.0,87130.0
1990-09-17 02:00:00+00:00,16.73,48.9,0.0,0.0,0.0,289.9,0.97,138.0,87090.0
1990-09-17 03:00:00+00:00,16.59,50.6,0.0,0.0,0.0,286.4,0.76,143.0,87060.0
1990-09-17 04:00:00+00:00,15.79,52.4,0.0,0.0,0.0,283.1,0.34,147.0,87070.0
1990-09-17 05:00:00+00:00,15.06,56.15,0.0,0.0,0.0,295.5,0.14,301.0,87060.0
1990-09-17 06:00:00+00:00,13.72,60.2,0.0,0.0,0.0,282.35,0.76,305.0,87090.0
1990-09-17 07:00:00+00:00,13.1,62.2,149.0,419.06,66.0,270.75,0.69,301.0,87160.0
1990-09-17 08:00:00+00:00,15.31,62.75,368.0,611.15,118.0,275.6,0.34,260.0,87210.0
1990-09-17 09:00:00+00:00,18.92,41.15,582.0,734.47,146.0,284.5,1.03,169.0,87230.0
1990-09-17 10:00:00+00:00,21.08,36.0,760.0,811.73,160.0,293.55,2.0,172.0,87260.0
1990-09-17 11:00:00+00:00,22.78,30.3,869.0,824.4,180.0,301.5,2.41,182.0,87230.0
1990-09-17 12:00:00+00:00,24.16,26.35,894.0,761.83,226.0,309.05,3.03,190.0,87180.0
1990-09-17 13:00:00+00:00,25.31,23.0,879.0,772.47,215.0,314.1,4.07,194.0,87100.0
1990-09-17 14:00:00+00:00,25.95,21.45,787.0,733.58,211.0,313.9,4.9,198.0,87040.0
1990-09-17 15:00:00+00:00,26.02,21.45,655.0,743.87,165.0,315.85,5.31,199.0,86970.0
1990-09-17 16:00:00+00:00,25.87,21.45,442.0,574.89,161.0,317.2,5.59,203.0,86960.0
1990-09-17 17:00:00+00:00,25.14,22.9,187.0,205.59,128.0,324.75,5.66,207.0,86960.0
1990-09-17 18:00:00+00:00,24.09,24.4,37.0,208.79,23.0,321.05,5.1,213.0,86990.0
1990-09-17 19:00:00+00:00,22.82,28.1,0.0,0.0,0.0,329.95,4.41,219.0,87010.0
1990-09-17 20:00:00+00:00,21.99,29.05,0.0,0.0,0.0,320.85,3.17,221.0,87070.0
1990-09-17 21:00:00+00:00,21.29,30.0,0.0,0.0,0.0,316.6,2.62,204.0,87140.0
1990-09-17 22:00:00+00:00,20.48,32.1,0.0,0.0,0.0,320.3,3.03,185.0,87140.0
1990-09-17 23:00:00+00:00,19.48,35.6,0.0,0.0,0.0,304.6,3.31,175.0,87120.0
1990-09-18 00:00:00+00:00,18.67,39.55,0.0,0.0,0.0,304.4,2.76,169.0,87080.0
1990-09-18 01:00:00+00:00,17.54,50.85,0.0,0.0,0.0,296.0,1.1,158.0,87050.0
1990-09-18 02:00:00+00:00,18.17,42.45,0.0,0.0,0.0,299.0,0.28,342.0,86990.0
1990-09-18 03:00:00+00:00,17.53,45.55,0.0,0.0,0.0,301.9,0.48,336.0,86980.0
1990-09-18 04:00:00+00:00,15.21,54.25,0.0,0.0,0.0,304.8,1.17,336.0,87000.0
1990-09-18 05:00:00+00:00,14.37,58.1,0.0,0.0,0.0,307.5,1.59,322.0,87010.0
1990-09-18 06:00:00+00:00,14.24,58.1,0.0,0.0,0.0,302.85,2.07,320.0,87010.0
1990-09-18 07:00:00+00:00,14.17,62.55,147.0,413.24,66.0,311.0,1.93,311.0,87100.0
1990-09-18 08:00:00+00:00,16.38,54.45,366.0,614.33,116.0,297.45,2.21,311.0,87130.0
1990-09-18 09:00:00+00:00,18.67,47.55,579.0,737.3,143.0,290.1,2.28,321.0,87170.0
1990-09-18 10:00:00+00:00,20.66,38.65,757.0,815.87,156.0,312.35,2.07,333.0,87150.0
1990-09-18 11:00:00+00:00,22.24,33.7,871.0,842.81,169.0,314.3,2.0,337.0,87140.0
1990-09-18 12:00:00+00:00,23.56,29.3,896.0,786.35,209.0,325.1,2.34,339.0,87080.0
1990-09-18 13:00:00+00:00,24.6,26.45,910.0,876.13,160.0,332.3,3.1,340.0,87040.0
1990-09-18 14:00:00+00:00,24.96,26.6,818.0,848.61,155.0,355.1,3.79,336.0,86980.0
1990-09-18 15:00:00+00:00,24.95,27.6,650.0,750.22,159.0,349.7,4.34,332.0,86940.0
1990-09-18 16:00:00+00:00,24.39,29.55,441.0,600.91,150.0,357.25,4.97,329.0,86920.0
1990-09-18 17:00:00+00:00,23.42,32.75,204.0,308.24,117.0,358.0,5.52,330.0,86950.0
1990-09-18 18:00:00+00:00,22.0,37.65,32.0,160.78,22.0,320.65,5.59,331.0,87010.0
1990-09-18 19:00:00+00:00,21.14,40.2,0.0,0.0,0.0,336.35,5.17,336.0,87000.0
1990-09-18 20:00:00+00:00,19.74,46.2,0.0,0.0,0.0,319.9,4.48,333.0,87070.0
1990-09-18 21:00:00+00:00,18.66,54.95,0.0,0.0,0.0,311.55,3.45,326.0,87140.0
1990-09-18 22:00:00+00:00,17.87,56.85,0.0,0.0,0.0,312.15,2.76,317.0,87160.0
1990-09-18 23:00:00+00:00,16.99,60.85,0.0,0.0,0.0,305.0,2.48,316.0,87180.0
1990-09-19 00:00:00+00:00,16.13,65.15,0.0,0.0,0.0,300.35,2.41,316.0,87170.0
1990-09-19 01:00:00+00:00,15.33,67.45,0.0,0.0,0.0,295.8,2.34,317.0,87170.0
1990-09-19 02:00:00+00:00,14.6,72.3,0.0,0.0,0.0,291.25,2.21,318.0,87120.0
1990-09-19 03:00:00+00:00,13.96,74.85,0.0,0.0,0.0,289.5,1.86,318.0,87080.0
1990-09-19 04:00:00+00:00,13.43,74.75,0.0,0.0,0.0,286.4,1.66,315.0,87070.0
1990-09-19 05:00:00+00:00,12.92,74.7,0.0,0.0,0.0,289.1,1.52,310.0,87080.0
1990-09-19 06:00:00+00:00,12.13,77.35,0.0,0.0,0.0,281.6,1.45,306.0,87110.0
1990-09-19 07:00:00+00:00,12.14,77.35,144.0,402.18,66.0,282.15,1.24,306.0,87170.0
1990-09-19 08:00:00+00:00,16.22,56.5,365.0,615.12,116.0,284.5,0.97,314.0,87220.0
1990-09-19 09:00:00+00:00,19.34,44.45,575.0,730.02,145.0,292.8,0.41,322.0,87230.0
1990-09-19 10:00:00+00:00,21.57,37.5,752.0,807.82,159.0,303.45,1.1,106.0,87250.0
1990-09-19 11:00:00+00:00,23.53,32.75,865.0,834.88,172.0,311.75,1.79,131.0,87210.0
1990-09-19 12:00:00+00:00,24.99,29.7,926.0,873.13,166.0,321.85,1.86,160.0,87140.0
1990-09-19 13:00:00+00:00,25.87,26.85,899.0,855.18,170.0,335.95,1.86,186.0,87070.0
1990-09-19 14:00:00+00:00,26.71,24.15,768.0,702.4,222.0,353.95,1.72,190.0,86980.0
1990-09-19 15:00:00+00:00,27.03,22.5,605.0,593.67,219.0,353.4,1.79,181.0,86910.0
1990-09-19 16:00:00+00:00,26.92,21.7,443.0,625.37,143.0,347.2,1.66,178.0,86860.0
1990-09-19 17:00:00+00:00,26.7,21.55,229.0,486.49,94.0,365.95,1.59,184.0,86880.0
1990-09-19 18:00:00+00:00,26.22,22.3,27.0,122.09,20.0,359.0,1.72,187.0,86890.0
1990-09-19 19:00:00+00:00,25.67,23.9,0.0,0.0,0.0,353.2,1.59,161.0,86890.0
1990-09-19 20:00:00+00:00,24.79,24.65,0.0,0.0,0.0,339.25,2.28,159.0,86960.0
1990-09-19 21:00:00+00:00,24.08,27.35,0.0,0.0,0.0,354.15,2.83,161.0,87030.0
1990-09-19 22:00:00+00:00,23.37,28.25,0.0,0.0,0.0,349.9,3.17,159.0,87070.0
1990-09-19 23:00:00+00:00,22.67,31.3,0.0,0.0,0.0,348.95,2.48,147.0,87080.0
1990-09-20 00:00:00+00:00,21.68,32.35,0.0,0.0,0.0,331.1,1.86,116.0,87060.0
1990-09-20 01:00:00+00:00,20.85,33.45,0.0,0.0,0.0,338.8,1.86,83.0,87060.0
1990-09-20 02:00:00+00:00,20.14,35.75,0.0,0.0,0.0,329.0,2.07,65.0,87010.0
1990-09-20 03:00:00+00:00,19.2,36.95,0.0,0.0,0.0,318.15,2.14,54.0,87020.0
1990-09-20 04:00:00+00:00,18.21,39.55,0.0,0.0,0.0,311.0,2.07,41.0,87010.0
1990-09-20 05:00:00+00:00,17.07,45.45,0.0,0.0,0.0,309.25,1.93,29.0,87040.0
1990-09-20 06:00:00+00:00,16.12,48.65,0.0,0.0,0.0,311.55,1.79,20.0,87090.0
1990-09-20 07:00:00+00:00,15.87,50.5,102.0,119.88,79.0,303.05,1.72,3.0,87170.0
1990-09-20 08:00:00+00:00,18.83,41.15,372.0,655.7,108.0,308.1,1.38,10.0,87220.0
1990-09-20 09:00:00+00:00,22.09,32.5,519.0,519.88,214.0,308.5,1.93,52.0,87270.0
1990-09-20 10:00:00+00:00,23.82,29.45,688.0,604.26,246.0,310.6,2.69,92.0,87300.0
1990-09-20 11:00:00+00:00,25.47,24.8,757.0,533.16,316.0,326.1,3.59,111.0,87280.0
1990-09-20 12:00:00+00:00,26.47,22.4,791.0,517.78,342.0,349.5,3.93,119.0,87220.0
1990-09-20 13:00:00+00:00,26.76,20.9,256.0,0.0,256.0,341.55,3.93,122.0,87180.0
1990-09-20 14:00:00+00:00,27.39,20.25,132.0,0.0,132.0,343.5,3.93,124.0,87140.0
1990-09-20 15:00:00+00:00,27.39,20.25,290.0,23.22,275.0,340.2,3.86,124.0,87100.0
1990-09-20 16:00:00+00:00,27.08,20.9,232.0,46.3,210.0,349.7,3.93,123.0,87100.0
1990-09-20 17:00:00+00:00,26.63,21.55,238.0,571.98,82.0,356.1,3.72,122.0,87130.0
1990-09-20 18:00:00+00:00,25.96,22.3,27.0,171.53,18.0,329.75,3.38,126.0,87170.0
1990-09-20 19:00:00+00:00,25.59,20.55,0.0,0.0,0.0,345.85,1.86,99.0,87190.0
1990-09-20 20:00:00+00:00,25.06,21.2,0.0,0.0,0.0,357.25,1.93,76.0,87250.0
1990-09-20 21:00:00+00:00,23.98,22.65,0.0,0.0,0.0,326.5,2.14,75.0,87330.0
1990-09-20 22:00:00+00:00,23.15,24.15,0.0,0.0,0.0,335.75,2.21,74.0,87340.0
1990-09-20 23:00:00+00:00,21.84,25.95,0.0,0.0,0.0,313.7,2.21,71.0,87360.0
1990-09-21 00:00:00+00:00,20.51,28.65,0.0,0.0,0.0,310.8,2.21,59.0,87360.0
1990-09-21 01:00:00+00:00,18.77,32.9,0.0,0.0,0.0,296.4,2.07,49.0,87360.0
1990-09-21 02:00:00+00:00,17.53,36.4,0.0,0.0,0.0,304.6,1.86,37.0,87340.0
1990-09-21 03:00:00+00:00,16.69,37.65,0.0,0.0,0.0,296.1,1.72,24.0,87360.0
1990-09-21 04:00:00+00:00,15.9,40.35,0.0,0.0,0.0,294.95,1.66,15.0,87390.0
1990-09-21 05:00:00+00:00,15.12,43.25,0.0,0.0,0.0,297.65,1.66,6.0,87430.0
1990-09-21 06:00:00+00:00,14.21,44.75,0.0,0.0,0.0,288.95,1.72,358.0,87470.0
1990-09-21 07:00:00+00:00,14.11,46.35,0.0,0.0,0.0,283.9,1.86,338.0,87530.0
1990-09-21 08:00:00+00:00,17.73,36.55,362.0,611.87,117.0,287.6,1.45,340.0,87560.0
1990-09-21 09:00:00+00:00,22.34,26.95,575.0,737.66,144.0,294.75,1.79,20.0,87630.0
1990-09-21 10:00:00+00:00,24.47,23.65,757.0,827.37,154.0,303.45,2.41,65.0,87640.0
1990-09-21 11:00:00+00:00,26.22,20.65,766.0,550.86,312.0,311.0,3.1,97.0,87630.0
1990-09-21 12:00:00+00:00,27.45,18.05,855.0,678.37,269.0,316.6,3.1,113.0,87580.0
1990-09-21 13:00:00+00:00,28.32,15.1,858.0,744.27,229.0,320.85,2.55,118.0,87520.0
1990-09-21 14:00:00+00:00,28.86,14.65,660.0,417.26,339.0,345.45,2.41,114.0,87440.0
1990-09-21 15:00:00+00:00,28.87,14.65,632.0,715.46,173.0,349.1,2.62,115.0,87390.0
1990-09-21 16:00:00+00:00,28.71,15.7,468.0,762.95,109.0,348.15,3.17,118.0,87380.0
1990-09-21 17:00:00+00:00,27.75,18.05,210.0,410.51,100.0,341.55,4.14,124.0,87440.0
1990-09-21 18:00:00+00:00,26.78,20.1,20.0,84.03,16.0,339.25,4.07,124.0,87480.0
1990-09-21 19:00:00+00:00,26.15,21.45,0.0,0.0,0.0,345.45,2.83,131.0,87460.0
1990-09-21 20:00:00+00:00,25.45,22.15,0.0,0.0,0.0,322.8,2.0,121.0,87500.0
1990-09-21 21:00:00+00:00,23.97,27.35,0.0,0.0,0.0,319.3,1.45,89.0,87580.0
1990-09-21 22:00:00+00:00,22.39,30.15,0.0,0.0,0.0,328.6,1.66,40.0,87590.0
1990-09-21 23:00:00+00:00,20.74,31.05,0.0,0.0,0.0,308.65,1.72,29.0,87620.0
1990-09-22 00:00:00+00:00,19.78,31.95,0.0,0.0,0.0,322.2,1.93,28.0,87610.0
1990-09-22 01:00:00+00:00,18.68,34.15,0.0,0.0,0.0,310.35,2.0,28.0,87620.0
1990-09-22 02:00:00+00:00,17.81,36.55,0.0,0.0,0.0,313.3,2.0,23.0,87600.0
1990-09-22 03:00:00+00:00,16.82,39.15,0.0,0.0,0.0,302.85,2.0,10.0,87600.0
1990-09-22 04:00:00+00:00,15.86,41.9,0.0,0.0,0.0,298.05,1.86,354.0,87590.0
1990-09-22 05:00:00+00:00,15.43,43.4,0.0,0.0,0.0,294.75,1.66,337.0,87590.0
1990-09-22 06:00:00+00:00,15.34,43.4,0.0,0.0,0.0,296.3,1.45,327.0,87630.0
1990-09-22 07:00:00+00:00,16.04,41.9,108.0,159.91,78.0,291.05,1.38,330.0,87720.0
1990-09-22 08:00:00+00:00,20.04,31.95,376.0,690.65,101.0,300.75,0.9,337.0,87770.0
1990-09-22 09:00:00+00:00,23.05,27.05,550.0,651.37,171.0,311.55,1.17,23.0,87800.0
1990-09-22 10:00:00+00:00,25.11,23.75,746.0,808.4,159.0,317.4,1.72,78.0,87830.0
1990-09-22 11:00:00+00:00,26.54,23.25,858.0,835.41,172.0,341.2,2.34,126.0,87780.0
1990-09-22 12:00:00+00:00,27.49,22.65,897.0,819.31,192.0,338.85,2.97,153.0,87770.0
1990-09-22 13:00:00+00:00,28.24,21.15,898.0,879.48,158.0,337.7,2.9,165.0,87700.0
1990-09-22 14:00:00+00:00,28.49,19.7,765.0,729.19,207.0,344.5,2.69,173.0,87640.0
1990-09-22 15:00:00+00:00,28.34,20.45,649.0,794.14,143.0,343.7,2.28,181.0,87600.0
1990-09-22 16:00:00+00:00,28.12,20.35,460.0,751.2,110.0,352.0,1.93,200.0,87560.0
1990-09-22 17:00:00+00:00,27.5,21.0,186.0,288.78,110.0,360.95,1.66,231.0,87570.0
1990-09-22 18:00:00+00:00,26.9,21.7,6.0,0.0,6.0,335.75,1.45,249.0,87570.0
1990-09-22 19:00:00+00:00,26.51,20.75,0.0,0.0,0.0,320.65,0.14,266.0,87580.0
1990-09-22 20:00:00+00:00,24.4,25.5,0.0,0.0,0.0,322.05,1.24,26.0,87580.0
1990-09-22 21:00:00+00:00,22.72,27.05,0.0,0.0,0.0,316.05,1.79,26.0,87660.0
1990-09-22 22:00:00+00:00,21.41,27.85,0.0,0.0,0.0,321.85,1.93,30.0,87650.0
1990-09-22 23:00:00+00:00,20.99,27.7,0.0,0.0,0.0,313.1,1.59,29.0,87650.0
1990-09-23 00:00:00+00:00,21.3,26.8,0.0,0.0,0.0,306.15,1.31,29.0,87630.0
1990-09-23 01:00:00+00:00,21.91,24.95,0.0,0.0,0.0,304.9,1.1,24.0,87610.0
1990-09-23 02:00:00+00:00,21.35,26.8,0.0,0.0,0.0,311.2,0.97,359.0,87560.0
1990-09-23 03:00:00+00:00,20.36,28.65,0.0,0.0,0.0,298.6,1.03,338.0,87550.0
1990-09-23 04:00:00+00:00,19.67,30.65,0.0,0.0,0.0,301.3,0.97,328.0,87540.0
1990-09-23 05:00:00+00:00,18.96,31.65,0.0,0.0,0.0,295.3,0.97,331.0,87550.0
1990-09-23 06:00:00+00:00,18.28,34.05,0.0,0.0,0.0,293.2,0.97,335.0,87570.0
1990-09-23 07:00:00+00:00,18.86,32.9,143.0,442.15,61.0,294.95,0.97,329.0,87610.0
1990-09-23 08:00:00+00:00,21.19,28.8,350.0,578.42,121.0,297.05,0.55,353.0,87640.0
1990-09-23 09:00:00+00:00,23.68,25.2,563.0,714.56,149.0,306.75,1.17,62.0,87650.0
1990-09-23 10:00:00+00:00,25.94,22.3,737.0,794.88,162.0,317.2,2.34,107.0,87650.0
1990-09-23 11:00:00+00:00,27.43,20.25,844.0,803.09,187.0,331.5,3.17,142.0,87600.0
1990-09-23 12:00:00+00:00,28.24,19.6,872.0,756.07,224.0,336.35,3.52,164.0,87560.0
1990-09-23 13:00:00+00:00,29.08,17.7,840.0,722.27,235.0,338.1,3.24,174.0,87490.0
1990-09-23 14:00:00+00:00,29.32,16.55,78.0,0.0,78.0,349.1,3.17,188.0,87390.0
1990-09-23 15:00:00+00:00,29.33,16.55,583.0,576.83,218.0,351.65,3.38,204.0,87320.0
1990-09-23 16:00:00+00:00,28.78,17.05,407.0,537.62,159.0,344.85,3.38,218.0,87260.0
1990-09-23 17:00:00+00:00,28.32,17.6,170.0,220.6,113.0,334.4,3.52,220.0,87250.0
1990-09-23 18:00:00+00:00,27.64,18.75,10.0,0.0,10.0,354.55,3.03,217.0,87250.0
1990-09-23 19:00:00+00:00,27.23,18.65,0.0,0.0,0.0,358.8,1.24,163.0,87220.0
1990-09-23 20:00:00+00:00,26.23,22.3,0.0,0.0,0.0,339.25,0.9,131.0,87240.0
1990-09-23 21:00:00+00:00,26.05,20.65,0.0,0.0,0.0,344.85,0.76,102.0,87270.0
1990-09-23 22:00:00+00:00,25.22,22.9,0.0,0.0,0.0,347.75,0.55,98.0,87240.0
1990-09-23 23:00:00+00:00,24.61,24.55,0.0,0.0,0.0,341.75,0.41,53.0,87250.0
1990-09-24 00:00:00+00:00,23.67,26.2,0.0,0.0,0.0,332.1,0.76,44.0,87230.0
1990-09-24 01:00:00+00:00,22.69,27.95,0.0,0.0,0.0,299.7,0.97,49.0,87210.0
1990-09-24 02:00:00+00:00,21.81,26.95,0.0,0.0,0.0,297.65,0.76,47.0,87170.0
1990-09-24 03:00:00+00:00,20.98,28.8,0.0,0.0,0.0,298.8,0.62,44.0,87150.0
1990-09-24 04:00:00+00:00,20.18,29.6,0.0,0.0,0.0,293.75,0.76,52.0,87140.0
1990-09-24 05:00:00+00:00,19.29,31.8,0.0,0.0,0.0,289.3,1.17,57.0,87140.0
1990-09-24 06:00:00+00:00,16.23,39.0,0.0,0.0,0.0,287.0,1.59,61.0,87170.0
1990-09-24 07:00:00+00:00,16.98,39.15,132.0,360.1,66.0,286.8,1.38,61.0,87230.0
1990-09-24 08:00:00+00:00,18.78,35.45,354.0,604.67,116.0,289.3,1.45,67.0,87290.0
1990-09-24 09:00:00+00:00,23.22,28.1,538.0,617.12,182.0,298.8,2.62,83.0,87310.0
1990-09-24 10:00:00+00:00,25.37,24.8,738.0,799.33,162.0,306.75,3.31,105.0,87300.0
1990-09-24 11:00:00+00:00,27.08,21.7,844.0,807.37,186.0,315.25,3.38,137.0,87270.0
1990-09-24 12:00:00+00:00,28.57,18.3,912.0,875.11,165.0,322.2,4.21,164.0,87230.0
1990-09-24 13:00:00+00:00,29.29,16.55,883.0,857.49,168.0,328.2,4.97,176.0,87150.0
1990-09-24 14:00:00+00:00,29.12,16.45,785.0,817.71,166.0,333.05,5.66,182.0,87070.0
1990-09-24 15:00:00+00:00,29.02,16.45,637.0,783.01,145.0,340.6,5.72,184.0,87040.0
1990-09-24 16:00:00+00:00,28.85,15.8,426.0,643.83,132.0,324.15,5.45,189.0,87000.0
1990-09-24 17:00:00+00:00,28.27,16.85,210.0,496.87,84.0,314.85,5.17,191.0,87000.0
1990-09-24 18:00:00+00:00,27.23,18.65,11.0,0.0,11.0,311.95,4.14,191.0,87030.0
1990-09-24 19:00:00+00:00,25.96,17.7,0.0,0.0,0.0,309.05,3.45,192.0,87000.0
1990-09-24 20:00:00+00:00,24.91,19.65,0.0,0.0,0.0,302.5,2.9,198.0,87060.0
1990-09-24 21:00:00+00:00,23.85,20.95,0.0,0.0,0.0,297.65,2.07,209.0,87080.0
1990-09-24 22:00:00+00:00,23.1,23.25,0.0,0.0,0.0,295.7,1.03,224.0,87090.0
1990-09-24 23:00:00+00:00,23.61,20.85,0.0,0.0,0.0,297.45,0.28,245.0,87080.0
1990-09-25 00:00:00+00:00,22.77,21.55,0.0,0.0,0.0,295.3,0.21,9.0,87080.0
1990-09-25 01:00:00+00:00,21.57,22.15,0.0,0.0,0.0,289.8,0.55,22.0,87040.0
1990-09-25 02:00:00+00:00,20.42,23.65,0.0,0.0,0.0,289.1,0.55,9.0,87030.0
1990-09-25 03:00:00+00:00,19.46,25.3,0.0,0.0,0.0,288.35,0.62,350.0,86980.0
1990-09-25 04:00:00+00:00,18.76,26.15,0.0,0.0,0.0,287.4,0.62,340.0,86960.0
1990-09-25 05:00:00+00:00,18.09,28.0,0.0,0.0,0.0,283.9,0.62,350.0,86960.0
1990-09-25 06:00:00+00:00,17.55,28.95,0.0,0.0,0.0,282.15,0.69,357.0,87000.0
1990-09-25 07:00:00+00:00,16.57,33.5,135.0,403.12,62.0,281.75,1.52,36.0,87050.0
1990-09-25 08:00:00+00:00,18.12,32.65,351.0,595.49,118.0,284.65,1.52,50.0,87130.0
1990-09-25 09:00:00+00:00,22.64,26.95,562.0,722.59,147.0,293.2,3.24,76.0,87200.0
1990-09-25 10:00:00+00:00,24.71,26.45,733.0,788.55,167.0,302.3,4.14,93.0,87180.0
1990-09-25 11:00:00+00:00,26.45,23.25,838.0,794.49,193.0,311.95,4.34,110.0,87160.0
1990-09-25 12:00:00+00:00,27.92,20.35,875.0,777.55,214.0,317.4,4.69,129.0,87120.0
1990-09-25 13:00:00+00:00,28.89,17.7,867.0,818.09,188.0,323.0,4.9,141.0,87040.0
1990-09-25 14:00:00+00:00,29.45,15.9,786.0,830.21,161.0,325.7,4.9,152.0,86980.0
1990-09-25 15:00:00+00:00,29.51,14.75,593.0,629.92,200.0,324.15,4.83,162.0,86930.0
1990-09-25 16:00:00+00:00,29.23,14.1,418.0,621.71,137.0,319.7,4.76,171.0,86920.0
1990-09-25 17:00:00+00:00,28.45,13.45,171.0,257.24,107.0,317.55,4.55,179.0,86940.0
1990-09-25 18:00:00+00:00,27.33,14.35,8.0,0.0,8.0,306.15,3.79,188.0,86970.0
1990-09-25 19:00:00+00:00,25.94,15.15,0.0,0.0,0.0,301.1,2.76,192.0,86950.0
1990-09-25 20:00:00+00:00,24.79,16.2,0.0,0.0,0.0,298.4,2.34,197.0,86990.0
1990-09-25 21:00:00+00:00,23.56,17.85,0.0,0.0,0.0,292.8,2.07,191.0,87060.0
1990-09-25 22:00:00+00:00,21.93,19.05,0.0,0.0,0.0,285.65,1.59,172.0,87060.0
1990-09-25 23:00:00+00:00,21.61,19.7,0.0,0.0,0.0,284.85,1.1,140.0,87080.0
1990-09-26 00:00:00+00:00,21.91,18.3,0.0,0.0,0.0,282.35,0.83,102.0,87070.0
1990-09-26 01:00:00+00:00,20.58,20.25,0.0,0.0,0.0,274.5,0.55,71.0,87040.0
1990-09-26 02:00:00+00:00,19.31,21.65,0.0,0.0,0.0,270.55,0.34,26.0,87060.0
1990-09-26 03:00:00+00:00,18.09,24.9,0.0,0.0,0.0,269.4,0.34,354.0,87020.0
1990-09-26 04:00:00+00:00,17.17,25.75,0.0,0.0,0.0,266.1,0.34,343.0,87030.0
1990-09-26 05:00:00+00:00,16.44,28.7,0.0,0.0,0.0,263.75,0.34,348.0,87050.0
1990-09-26 06:00:00+00:00,15.82,29.7,0.0,0.0,0.0,263.2,0.28,1.0,87100.0
1990-09-26 07:00:00+00:00,16.13,28.55,134.0,402.54,62.0,262.05,0.28,12.0,87160.0
1990-09-26 08:00:00+00:00,18.63,24.05,351.0,591.4,121.0,265.5,0.28,83.0,87250.0
1990-09-26 09:00:00+00:00,21.71,18.3,562.0,711.86,155.0,274.2,1.1,107.0,87310.0
1990-09-26 10:00:00+00:00,24.13,17.25,737.0,790.32,172.0,284.1,2.34,131.0,87320.0
1990-09-26 11:00:00+00:00,25.95,14.0,828.0,748.17,223.0,292.8,3.17,150.0,87300.0
1990-09-26 12:00:00+00:00,27.51,11.75,889.0,806.79,206.0,296.85,3.86,166.0,87270.0
1990-09-26 13:00:00+00:00,28.62,10.2,875.0,832.83,187.0,303.65,4.62,179.0,87190.0
1990-09-26 14:00:00+00:00,29.18,9.9,798.0,858.91,155.0,306.15,5.24,187.0,87130.0
1990-09-26 15:00:00+00:00,29.14,10.7,437.0,201.8,312.0,309.65,5.93,192.0,87080.0
1990-09-26 16:00:00+00:00,28.55,11.5,391.0,498.54,168.0,306.55,6.34,192.0,87080.0
1990-09-26 17:00:00+00:00,27.62,13.8,202.0,487.71,83.0,305.2,6.48,192.0,87100.0
1990-09-26 18:00:00+00:00,26.21,17.05,6.0,0.0,6.0,299.55,5.59,185.0,87130.0
1990-09-26 19:00:00+00:00,24.61,21.1,0.0,0.0,0.0,299.0,4.9,184.0,87160.0
1990-09-26 20:00:00+00:00,23.38,24.3,0.0,0.0,0.0,298.2,4.28,183.0,87220.0
1990-09-26 21:00:00+00:00,22.29,27.95,0.0,0.0,0.0,294.15,3.38,184.0,87280.0
1990-09-26 22:00:00+00:00,21.28,30.0,0.0,0.0,0.0,288.95,2.34,181.0,87310.0
1990-09-26 23:00:00+00:00,20.24,33.3,0.0,0.0,0.0,282.35,1.38,160.0,87310.0
1990-09-27 00:00:00+00:00,19.44,35.6,0.0,0.0,0.0,280.2,1.1,121.0,87310.0
1990-09-27 01:00:00+00:00,18.68,36.8,0.0,0.0,0.0,278.8,1.1,98.0,87290.0
1990-09-27 02:00:00+00:00,18.59,36.7,0.0,0.0,0.0,279.45,0.97,87.0,87280.0
1990-09-27 03:00:00+00:00,17.56,39.25,0.0,0.0,0.0,279.25,0.62,76.0,87240.0
1990-09-27 04:00:00+00:00,16.57,42.05,0.0,0.0,0.0,275.6,0.41,62.0,87250.0
1990-09-27 05:00:00+00:00,15.66,45.15,0.0,0.0,0.0,275.2,0.28,30.0,87240.0
1990-09-27 06:00:00+00:00,14.87,48.4,0.0,0.0,0.0,273.65,0.28,359.0,87270.0
1990-09-27 07:00:00+00:00,15.02,48.4,131.0,402.0,60.0,272.85,0.14,30.0,87300.0
1990-09-27 08:00:00+00:00,17.78,39.4,352.0,620.94,112.0,276.55,0.28,114.0,87350.0
1990-09-27 09:00:00+00:00,20.68,34.55,556.0,711.63,151.0,285.65,1.03,134.0,87390.0
1990-09-27 10:00:00+00:00,23.2,29.2,726.0,778.1,172.0,296.65,2.14,176.0,87390.0
1990-09-27 11:00:00+00:00,25.64,23.9,826.0,767.32,208.0,305.4,3.79,198.0,87380.0
1990-09-27 12:00:00+00:00,27.75,20.25,897.0,857.67,174.0,311.55,5.52,213.0,87300.0
1990-09-27 13:00:00+00:00,29.25,15.8,886.0,886.67,157.0,316.4,7.31,220.0,87220.0
1990-09-27 14:00:00+00:00,29.79,13.75,793.0,867.82,147.0,318.55,8.34,224.0,87150.0
1990-09-27 15:00:00+00:00,29.57,14.75,593.0,658.61,188.0,318.75,8.62,229.0,87150.0
1990-09-27 16:00:00+00:00,29.0,15.2,371.0,438.3,177.0,316.6,8.34,233.0,87140.0
1990-09-27 17:00:00+00:00,28.03,16.2,193.0,459.85,83.0,326.85,7.66,234.0,87160.0
1990-09-27 18:00:00+00:00,26.51,18.55,0.0,0.0,0.0,306.55,5.86,233.0,87190.0
1990-09-27 19:00:00+00:00,24.96,22.9,0.0,0.0,0.0,302.1,4.55,226.0,87200.0
1990-09-27 20:00:00+00:00,23.57,25.2,0.0,0.0,0.0,297.45,3.72,227.0,87270.0
1990-09-27 21:00:00+00:00,22.47,26.95,0.0,0.0,0.0,296.5,3.03,229.0,87290.0
1990-09-27 22:00:00+00:00,21.47,26.8,0.0,0.0,0.0,296.3,2.41,235.0,87330.0
1990-09-27 23:00:00+00:00,20.43,27.6,0.0,0.0,0.0,292.8,2.34,233.0,87300.0
1990-09-28 00:00:00+00:00,19.35,28.4,0.0,0.0,0.0,284.3,2.28,233.0,87290.0
1990-09-28 01:00:00+00:00,18.25,30.35,0.0,0.0,0.0,287.3,2.0,237.0,87250.0
1990-09-28 02:00:00+00:00,16.8,33.6,0.0,0.0,0.0,280.6,1.59,239.0,87220.0
1990-09-28 03:00:00+00:00,16.54,33.5,0.0,0.0,0.0,279.05,1.17,243.0,87190.0
1990-09-28 04:00:00+00:00,17.08,31.15,0.0,0.0,0.0,273.25,0.83,244.0,87190.0
1990-09-28 05:00:00+00:00,16.33,31.0,0.0,0.0,0.0,273.25,0.62,248.0,87190.0
1990-09-28 06:00:00+00:00,15.64,31.95,0.0,0.0,0.0,270.95,0.62,263.0,87210.0
1990-09-28 07:00:00+00:00,15.43,31.95,127.0,367.08,63.0,273.45,0.55,272.0,87230.0
1990-09-28 08:00:00+00:00,18.24,25.05,346.0,591.03,119.0,276.35,0.62,238.0,87300.0
1990-09-28 09:00:00+00:00,21.49,18.2,553.0,702.62,155.0,284.65,1.1,217.0,87310.0
1990-09-28 10:00:00+00:00,24.46,14.25,706.0,709.41,203.0,291.85,2.48,227.0,87330.0
1990-09-28 11:00:00+00:00,26.84,11.65,803.0,699.39,242.0,299.95,4.21,229.0,87290.0
1990-09-28 12:00:00+00:00,28.58,10.2,867.0,769.63,221.0,311.4,5.72,233.0,87240.0
1990-09-28 13:00:00+00:00,29.63,9.2,857.0,809.07,195.0,322.8,6.97,232.0,87150.0
1990-09-28 14:00:00+00:00,30.24,9.65,664.0,482.34,307.0,319.3,7.86,232.0,87070.0
1990-09-28 15:00:00+00:00,29.85,10.45,605.0,714.25,169.0,325.5,8.21,230.0,87020.0
1990-09-28 16:00:00+00:00,29.6,11.7,329.0,292.28,201.0,317.2,8.28,231.0,87000.0
1990-09-28 17:00:00+00:00,28.72,13.45,150.0,200.49,103.0,312.75,7.79,230.0,86990.0
1990-09-28 18:00:00+00:00,27.01,16.6,0.0,0.0,0.0,309.45,6.34,234.0,87030.0
1990-09-28 19:00:00+00:00,24.97,21.2,0.0,0.0,0.0,305.75,4.97,246.0,87140.0
1990-09-28 20:00:00+00:00,23.18,26.05,0.0,0.0,0.0,304.2,4.34,259.0,87180.0
1990-09-28 21:00:00+00:00,21.64,31.15,0.0,0.0,0.0,301.3,3.79,268.0,87250.0
1990-09-28 22:00:00+00:00,20.23,35.9,0.0,0.0,0.0,298.6,3.31,273.0,87260.0
1990-09-28 23:00:00+00:00,18.93,42.7,0.0,0.0,0.0,295.3,2.76,280.0,87250.0
1990-09-29 00:00:00+00:00,17.75,45.7,0.0,0.0,0.0,293.2,2.41,285.0,87230.0
1990-09-29 01:00:00+00:00,16.76,50.75,0.0,0.0,0.0,295.6,2.21,288.0,87230.0
1990-09-29 02:00:00+00:00,15.91,54.35,0.0,0.0,0.0,295.7,2.14,292.0,87180.0
1990-09-29 03:00:00+00:00,15.25,58.35,0.0,0.0,0.0,298.05,2.0,295.0,87150.0
1990-09-29 04:00:00+00:00,14.6,62.55,0.0,0.0,0.0,292.8,1.93,296.0,87160.0
1990-09-29 05:00:00+00:00,14.01,64.75,0.0,0.0,0.0,289.1,1.86,294.0,87150.0
1990-09-29 06:00:00+00:00,13.52,67.05,0.0,0.0,0.0,287.75,1.86,295.0,87160.0
1990-09-29 07:00:00+00:00,14.02,64.75,98.0,162.74,70.0,295.3,1.93,296.0,87180.0
1990-09-29 08:00:00+00:00,16.74,52.65,266.0,243.7,173.0,299.55,1.79,299.0,87210.0
1990-09-29 09:00:00+00:00,20.83,38.75,503.0,528.61,205.0,304.4,1.86,306.0,87240.0
1990-09-29 10:00:00+00:00,23.58,30.4,690.0,682.68,208.0,313.5,2.76,321.0,87250.0
1990-09-29 11:00:00+00:00,25.88,21.45,803.0,728.59,221.0,317.0,3.79,325.0,87230.0
1990-09-29 12:00:00+00:00,27.3,17.4,843.0,727.53,235.0,327.65,3.93,325.0,87170.0
1990-09-29 13:00:00+00:00,28.49,15.1,776.0,599.34,288.0,321.25,4.21,325.0,87110.0
1990-09-29 14:00:00+00:00,29.16,13.55,744.0,752.87,190.0,325.3,4.97,328.0,87040.0
1990-09-29 15:00:00+00:00,29.07,13.55,598.0,726.18,158.0,318.15,5.72,334.0,87030.0
1990-09-29 16:00:00+00:00,28.22,15.0,376.0,507.79,156.0,317.2,6.48,338.0,87050.0
1990-09-29 17:00:00+00:00,26.7,17.15,191.0,505.12,75.0,309.85,6.69,341.0,87070.0
1990-09-29 18:00:00+00:00,24.68,21.9,0.0,0.0,0.0,304.2,5.66,336.0,87110.0
1990-09-29 19:00:00+00:00,23.34,27.2,0.0,0.0,0.0,304.4,4.97,337.0,87120.0
1990-09-29 20:00:00+00:00,21.6,33.6,0.0,0.0,0.0,297.25,3.86,326.0,87160.0
1990-09-29 21:00:00+00:00,20.12,39.95,0.0,0.0,0.0,291.05,3.38,318.0,87200.0
1990-09-29 22:00:00+00:00,18.79,44.3,0.0,0.0,0.0,284.3,3.1,317.0,87220.0
1990-09-29 23:00:00+00:00,17.64,50.85,0.0,0.0,0.0,282.15,2.69,318.0,87230.0
1990-09-30 00:00:00+00:00,16.59,54.45,0.0,0.0,0.0,280.4,2.41,318.0,87210.0
1990-09-30 01:00:00+00:00,15.69,56.35,0.0,0.0,0.0,279.95,2.34,318.0,87170.0
1990-09-30 02:00:00+00:00,14.97,58.25,0.0,0.0,0.0,281.2,2.28,317.0,87130.0
1990-09-30 03:00:00+00:00,14.44,58.1,0.0,0.0,0.0,281.0,2.21,314.0,87080.0
1990-09-30 04:00:00+00:00,14.02,58.0,0.0,0.0,0.0,279.45,2.0,312.0,87090.0
1990-09-30 05:00:00+00:00,13.67,55.9,0.0,0.0,0.0,282.55,1.86,310.0,87070.0
1990-09-30 06:00:00+00:00,13.19,53.7,0.0,0.0,0.0,280.8,1.66,310.0,87100.0
1990-09-30 07:00:00+00:00,13.15,53.7,123.0,382.96,58.0,281.6,1.31,307.0,87130.0
1990-09-30 08:00:00+00:00,17.53,39.25,340.0,596.13,114.0,287.4,0.9,317.0,87180.0
1990-09-30 09:00:00+00:00,22.0,26.95,544.0,700.54,151.0,298.6,0.55,346.0,87220.0
1990-09-30 10:00:00+00:00,24.63,25.5,712.0,768.14,172.0,310.05,1.03,86.0,87270.0
1990-09-30 11:00:00+00:00,26.66,23.25,810.0,759.33,206.0,319.3,2.34,109.0,87220.0
1990-09-30 12:00:00+00:00,28.11,20.35,879.0,847.35,174.0,325.9,2.34,122.0,87170.0
1990-09-30 13:00:00+00:00,29.19,18.4,853.0,840.52,172.0,331.9,2.0,135.0,87100.0
1990-09-30 14:00:00+00:00,29.92,16.65,761.0,821.54,160.0,334.8,1.79,147.0,87010.0
1990-09-30 15:00:00+00:00,30.35,15.55,607.0,773.22,142.0,335.4,1.79,155.0,86970.0
1990-09-30 16:00:00+00:00,30.23,17.01,396.0,630.01,126.0,325.99,2.13,158.0,86950.0
1990-09-30 17:00:00+00:00,29.25,18.2,181.0,466.9,76.0,324.33,2.08,153.0,86950.0
1990-09-30 18:00:00+00:00,28.27,19.39,0.0,0.0,0.0,322.66,2.04,145.0,86980.0
1990-09-30 19:00:00+00:00,27.29,20.57,0.0,0.0,0.0,321.0,1.99,122.0,86970.0
1990-09-30 20:00:00+00:00,26.31,21.76,0.0,0.0,0.0,319.33,1.95,113.0,87030.0
1990-09-30 21:00:00+00:00,25.33,22.94,0.0,0.0,0.0,317.67,1.9,105.0,87080.0
1990-09-30 22:00:00+00:00,24.34,24.13,0.0,0.0,0.0,316.01,1.86,80.0,87110.0
1990-09-30 23:00:00+00:00,23.36,25.31,0.0,0.0,0.0,314.34,1.81,49.0,87140.0
1990-10-01 00:00:00+00:00,22.38,26.5,0.0,0.0,0.0,312.68,1.77,329.0,87700.0
1990-10-01 01:00:00+00:00,21.4,27.68,0.0,0.0,0.0,311.02,1.72,322.0,87700.0
1990-10-01 02:00:00+00:00,20.42,28.87,0.0,0.0,0.0,309.35,1.68,314.0,87650.0
1990-10-01 03:00:00+00:00,19.44,30.06,0.0,0.0,0.0,307.69,1.63,311.0,87610.0
1990-10-01 04:00:00+00:00,18.46,31.24,0.0,0.0,0.0,306.03,1.58,310.0,87610.0
1990-10-01 05:00:00+00:00,17.48,32.43,0.0,0.0,0.0,304.36,1.54,309.0,87610.0
1990-10-01 06:00:00+00:00,16.5,33.61,0.0,0.0,0.0,302.7,1.49,308.0,87620.0
1990-10-01 07:00:00+00:00,15.52,34.8,128.0,454.06,52.0,301.04,1.45,304.0,87640.0
1990-10-01 08:00:00+00:00,21.35,26.7,344.0,647.94,100.0,306.15,0.97,300.0,87690.0
1990-10-01 09:00:00+00:00,25.79,18.4,558.0,782.85,121.0,307.7,1.03,286.0,87740.0
1990-10-01 10:00:00+00:00,28.61,14.0,717.0,807.24,152.0,318.55,1.59,269.0,87750.0
1990-10-01 11:00:00+00:00,30.74,11.85,842.0,883.81,142.0,326.65,2.14,264.0,87720.0
1990-10-01 12:00:00+00:00,32.12,10.0,878.0,870.49,157.0,338.3,2.76,275.0,87650.0
1990-10-01 13:00:00+00:00,32.43,10.0,856.0,878.23,148.0,353.4,3.03,275.0,87580.0
1990-10-01 14:00:00+00:00,32.84,9.3,527.0,220.01,367.0,344.65,3.17,272.0,87500.0
1990-10-01 15:00:00+00:00,32.97,9.3,297.0,40.21,273.0,351.45,3.45,276.0,87440.0
1990-10-01 16:00:00+00:00,32.58,8.95,209.0,47.18,189.0,336.95,4.0,288.0,87420.0
1990-10-01 17:00:00+00:00,31.86,9.5,111.0,77.22,94.0,339.65,4.76,305.0,87430.0
1990-10-01 18:00:00+00:00,30.27,10.9,0.0,0.0,0.0,327.85,4.69,311.0,87470.0
1990-10-01 19:00:00+00:00,28.63,11.5,0.0,0.0,0.0,326.85,4.07,328.0,87490.0
1990-10-01 20:00:00+00:00,26.82,14.1,0.0,0.0,0.0,307.5,3.86,330.0,87520.0
1990-10-01 21:00:00+00:00,25.12,16.3,0.0,0.0,0.0,304.8,3.66,328.0,87580.0
1990-10-01 22:00:00+00:00,23.51,19.4,0.0,0.0,0.0,300.75,3.31,326.0,87570.0
1990-10-01 23:00:00+00:00,22.09,23.15,0.0,0.0,0.0,297.05,3.03,323.0,87570.0
1990-10-02 00:00:00+00:00,20.7,27.6,0.0,0.0,0.0,293.95,2.83,320.0,87540.0
1990-10-02 01:00:00+00:00,19.44,30.65,0.0,0.0,0.0,290.4,2.69,318.0,87490.0
1990-10-02 02:00:00+00:00,18.31,33.9,0.0,0.0,0.0,287.0,2.55,314.0,87450.0
1990-10-02 03:00:00+00:00,17.28,37.65,0.0,0.0,0.0,283.7,2.48,311.0,87380.0
1990-10-02 04:00:00+00:00,16.4,39.0,0.0,0.0,0.0,279.45,2.34,307.0,87350.0
1990-10-02 05:00:00+00:00,15.63,41.75,0.0,0.0,0.0,276.15,2.34,304.0,87320.0
1990-10-02 06:00:00+00:00,15.0,41.75,0.0,0.0,0.0,273.05,2.21,304.0,87330.0
1990-10-02 07:00:00+00:00,15.15,43.4,134.0,527.26,47.0,270.15,2.28,305.0,87370.0
1990-10-02 08:00:00+00:00,18.65,35.35,356.0,700.52,94.0,273.25,1.86,312.0,87400.0
1990-10-02 09:00:00+00:00,23.4,22.65,574.0,824.64,116.0,282.15,2.0,319.0,87440.0
1990-10-02 10:00:00+00:00,26.53,15.3,740.0,865.39,137.0,291.85,3.17,326.0,87470.0
1990-10-02 11:00:00+00:00,28.54,11.5,855.0,900.35,145.0,298.4,3.45,342.0,87420.0
1990-10-02 12:00:00+00:00,29.98,9.3,896.0,897.52,156.0,303.85,3.03,353.0,87390.0
1990-10-02 13:00:00+00:00,31.05,8.05,887.0,943.79,130.0,307.9,2.9,347.0,87340.0
1990-10-02 14:00:00+00:00,31.71,7.2,783.0,903.32,130.0,310.05,3.03,335.0,87250.0
1990-10-02 15:00:00+00:00,31.98,6.9,625.0,859.37,116.0,309.05,3.38,324.0,87230.0
1990-10-02 16:00:00+00:00,31.7,6.6,410.0,729.96,104.0,307.3,4.0,318.0,87180.0
1990-10-02 17:00:00+00:00,30.67,7.65,188.0,584.93,62.0,303.65,5.17,322.0,87180.0
1990-10-02 18:00:00+00:00,28.54,10.2,0.0,0.0,0.0,299.4,5.52,327.0,87210.0
1990-10-02 19:00:00+00:00,25.89,15.75,0.0,0.0,0.0,294.95,5.72,328.0,87260.0
1990-10-02 20:00:00+00:00,23.97,19.55,0.0,0.0,0.0,288.95,4.41,326.0,87300.0
1990-10-02 21:00:00+00:00,22.39,23.15,0.0,0.0,0.0,282.75,3.52,323.0,87350.0
1990-10-02 22:00:00+00:00,20.77,25.55,0.0,0.0,0.0,276.15,2.97,323.0,87360.0
1990-10-02 23:00:00+00:00,19.36,28.4,0.0,0.0,0.0,272.1,2.55,321.0,87410.0
1990-10-03 00:00:00+00:00,18.04,31.4,0.0,0.0,0.0,269.75,2.34,319.0,87380.0
1990-10-03 01:00:00+00:00,16.89,33.6,0.0,0.0,0.0,268.7,2.34,317.0,87370.0
1990-10-03 02:00:00+00:00,15.92,36.0,0.0,0.0,0.0,267.85,2.28,316.0,87330.0
1990-10-03 03:00:00+00:00,15.21,35.85,0.0,0.0,0.0,266.85,2.14,313.0,87330.0
1990-10-03 04:00:00+00:00,14.63,34.35,0.0,0.0,0.0,266.1,1.93,312.0,87330.0
1990-10-03 05:00:00+00:00,14.07,32.95,0.0,0.0,0.0,266.3,1.72,309.0,87370.0
1990-10-03 06:00:00+00:00,13.26,33.95,0.0,0.0,0.0,266.85,1.59,308.0,87390.0
1990-10-03 07:00:00+00:00,13.32,35.45,130.0,504.3,48.0,268.4,1.31,303.0,87430.0
1990-10-03 08:00:00+00:00,17.73,25.75,350.0,678.5,98.0,274.2,0.9,307.0,87480.0
1990-10-03 09:00:00+00:00,22.34,16.25,562.0,789.1,126.0,283.9,0.55,305.0,87550.0
1990-10-03 10:00:00+00:00,25.13,11.85,742.0,877.99,133.0,293.75,0.21,187.0,87560.0
1990-10-03 11:00:00+00:00,27.24,12.65,852.0,900.53,145.0,303.85,1.52,154.0,87530.0
1990-10-03 12:00:00+00:00,28.91,11.95,921.0,977.23,119.0,312.15,2.62,167.0,87480.0
1990-10-03 13:00:00+00:00,29.97,11.3,892.0,969.95,118.0,312.95,3.1,181.0,87420.0
1990-10-03 14:00:00+00:00,30.68,10.55,779.0,903.23,130.0,316.4,3.17,192.0,87340.0
1990-10-03 15:00:00+00:00,30.95,10.55,607.0,811.58,130.0,316.6,3.17,196.0,87300.0
1990-10-03 16:00:00+00:00,30.87,10.15,392.0,651.34,122.0,315.45,3.17,198.0,87270.0
1990-10-03 17:00:00+00:00,30.37,10.45,176.0,522.07,66.0,311.75,3.24,198.0,87250.0
1990-10-03 18:00:00+00:00,29.35,11.6,0.0,0.0,0.0,307.9,2.69,195.0,87250.0
1990-10-03 19:00:00+00:00,28.17,11.85,0.0,0.0,0.0,305.0,1.52,243.0,87280.0
1990-10-03 20:00:00+00:00,25.65,15.15,0.0,0.0,0.0,301.5,1.52,289.0,87330.0
1990-10-03 21:00:00+00:00,23.27,20.05,0.0,0.0,0.0,296.3,1.59,322.0,87380.0
1990-10-03 22:00:00+00:00,21.67,23.9,0.0,0.0,0.0,292.05,1.31,330.0,87410.0
1990-10-03 23:00:00+00:00,20.68,26.55,0.0,0.0,0.0,288.35,1.03,319.0,87440.0
1990-10-04 00:00:00+00:00,19.32,30.5,0.0,0.0,0.0,286.6,1.03,314.0,87420.0
1990-10-04 01:00:00+00:00,18.57,31.55,0.0,0.0,0.0,283.8,0.9,314.0,87410.0
1990-10-04 02:00:00+00:00,17.92,32.65,0.0,0.0,0.0,282.15,0.83,313.0,87400.0
1990-10-04 03:00:00+00:00,17.04,33.6,0.0,0.0,0.0,280.8,0.76,315.0,87390.0
1990-10-04 04:00:00+00:00,16.39,33.5,0.0,0.0,0.0,279.05,0.69,314.0,87390.0
1990-10-04 05:00:00+00:00,15.87,32.1,0.0,0.0,0.0,276.95,0.69,313.0,87430.0
1990-10-04 06:00:00+00:00,15.36,31.95,0.0,0.0,0.0,275.6,0.76,307.0,87430.0
1990-10-04 07:00:00+00:00,15.42,34.5,115.0,368.35,56.0,275.2,0.69,307.0,87460.0
1990-10-04 08:00:00+00:00,18.84,27.05,341.0,658.95,98.0,277.9,0.21,326.0,87510.0
1990-10-04 09:00:00+00:00,22.15,20.6,553.0,784.17,122.0,285.25,0.41,115.0,87560.0
1990-10-04 10:00:00+00:00,24.68,16.85,731.0,870.47,130.0,293.75,1.38,146.0,87560.0
1990-10-04 11:00:00+00:00,26.56,14.7,836.0,882.84,146.0,302.85,2.21,162.0,87530.0
1990-10-04 12:00:00+00:00,28.16,12.85,894.0,932.85,132.0,308.1,2.62,179.0,87470.0
1990-10-04 13:00:00+00:00,29.34,12.05,866.0,924.6,132.0,313.7,3.1,191.0,87390.0
1990-10-04 14:00:00+00:00,30.17,10.9,766.0,896.16,126.0,315.45,3.66,198.0,87290.0
1990-10-04 15:00:00+00:00,30.56,10.55,596.0,804.2,127.0,315.65,4.14,199.0,87230.0
1990-10-04 16:00:00+00:00,30.44,10.9,389.0,683.15,109.0,314.3,4.48,199.0,87200.0
1990-10-04 17:00:00+00:00,29.72,11.25,156.0,378.62,78.0,311.0,4.69,197.0,87200.0
1990-10-04 18:00:00+00:00,28.37,12.35,0.0,0.0,0.0,305.95,3.93,192.0,87210.0
1990-10-04 19:00:00+00:00,27.03,12.65,0.0,0.0,0.0,301.5,3.31,188.0,87270.0
1990-10-04 20:00:00+00:00,25.62,13.5,0.0,0.0,0.0,300.15,2.34,202.0,87320.0
1990-10-04 21:00:00+00:00,23.76,15.95,0.0,0.0,0.0,300.75,1.45,233.0,87370.0
1990-10-04 22:00:00+00:00,22.75,17.75,0.0,0.0,0.0,295.5,1.1,268.0,87380.0
1990-10-04 23:00:00+00:00,22.6,17.05,0.0,0.0,0.0,290.85,0.76,287.0,87400.0
1990-10-05 00:00:00+00:00,21.1,18.8,0.0,0.0,0.0,288.15,0.41,310.0,87370.0
1990-10-05 01:00:00+00:00,19.61,20.8,0.0,0.0,0.0,285.15,0.34,338.0,87340.0
1990-10-05 02:00:00+00:00,18.32,23.0,0.0,0.0,0.0,283.1,0.41,333.0,87300.0
1990-10-05 03:00:00+00:00,17.18,24.65,0.0,0.0,0.0,281.6,0.55,323.0,87280.0
1990-10-05 04:00:00+00:00,16.3,26.4,0.0,0.0,0.0,282.35,0.76,313.0,87270.0
1990-10-05 05:00:00+00:00,15.7,27.3,0.0,0.0,0.0,285.25,0.76,311.0,87280.0
1990-10-05 06:00:00+00:00,15.34,26.25,0.0,0.0,0.0,284.1,0.69,312.0,87320.0
1990-10-05 07:00:00+00:00,14.98,27.3,121.0,456.52,49.0,282.95,0.69,310.0,87380.0
1990-10-05 08:00:00+00:00,18.23,23.0,331.0,609.13,108.0,287.0,0.28,324.0,87430.0
1990-10-05 09:00:00+00:00,21.94,17.6,550.0,782.9,122.0,295.3,0.41,149.0,87470.0
1990-10-05 10:00:00+00:00,24.56,15.55,712.0,817.83,150.0,303.45,1.31,167.0,87510.0
1990-10-05 11:00:00+00:00,26.58,14.1,832.0,881.73,146.0,311.4,2.14,180.0,87470.0
1990-10-05 12:00:00+00:00,28.17,12.35,904.0,969.27,116.0,318.55,2.76,188.0,87420.0
1990-10-05 13:00:00+00:00,29.33,11.6,866.0,937.06,126.0,321.05,3.31,193.0,87340.0
1990-10-05 14:00:00+00:00,30.05,11.3,757.0,881.97,131.0,324.55,3.72,196.0,87260.0
1990-10-05 15:00:00+00:00,30.4,11.3,607.0,858.92,110.0,323.75,3.93,200.0,87210.0
1990-10-05 16:00:00+00:00,30.29,11.3,384.0,678.64,109.0,322.4,3.79,202.0,87180.0
1990-10-05 17:00:00+00:00,29.76,12.15,163.0,486.71,65.0,317.2,3.52,203.0,87180.0
1990-10-05 18:00:00+00:00,28.6,12.95,0.0,0.0,0.0,311.55,2.62,204.0,87230.0
1990-10-05 19:00:00+00:00,27.12,14.25,0.0,0.0,0.0,306.15,1.72,241.0,87250.0
1990-10-05 20:00:00+00:00,25.29,16.3,0.0,0.0,0.0,301.3,1.93,295.0,87330.0
1990-10-05 21:00:00+00:00,23.74,17.95,0.0,0.0,0.0,294.95,2.62,314.0,87410.0
1990-10-05 22:00:00+00:00,21.98,19.8,0.0,0.0,0.0,290.65,2.62,316.0,87430.0
1990-10-05 23:00:00+00:00,20.45,22.75,0.0,0.0,0.0,292.6,2.41,313.0,87450.0
1990-10-06 00:00:00+00:00,19.01,25.15,0.0,0.0,0.0,286.4,2.21,313.0,87440.0
1990-10-06 01:00:00+00:00,17.77,27.85,0.0,0.0,0.0,285.55,2.0,315.0,87430.0
1990-10-06 02:00:00+00:00,16.52,31.0,0.0,0.0,0.0,282.95,1.79,316.0,87400.0
1990-10-06 03:00:00+00:00,15.18,33.2,0.0,0.0,0.0,282.35,1.52,317.0,87380.0
1990-10-06 04:00:00+00:00,14.47,34.35,0.0,0.0,0.0,281.0,1.38,314.0,87370.0
1990-10-06 05:00:00+00:00,14.05,35.6,0.0,0.0,0.0,279.65,1.24,310.0,87400.0
1990-10-06 06:00:00+00:00,13.72,36.85,0.0,0.0,0.0,278.65,1.17,307.0,87420.0
1990-10-06 07:00:00+00:00,14.33,35.75,116.0,431.62,49.0,279.25,1.03,303.0,87480.0
1990-10-06 08:00:00+00:00,18.9,27.2,336.0,663.2,95.0,283.9,0.62,315.0,87530.0
1990-10-06 09:00:00+00:00,22.52,21.55,551.0,800.06,116.0,291.85,0.21,326.0,87590.0
1990-10-06 10:00:00+00:00,25.1,17.6,714.0,843.69,137.0,301.5,0.28,122.0,87580.0
1990-10-06 11:00:00+00:00,27.25,14.8,839.0,915.53,130.0,309.05,0.83,135.0,87580.0
1990-10-06 12:00:00+00:00,28.8,12.45,883.0,928.21,132.0,315.45,1.38,149.0,87530.0
1990-10-06 13:00:00+00:00,29.8,11.25,854.0,920.39,131.0,319.9,1.72,169.0,87470.0
1990-10-06 14:00:00+00:00,30.41,10.9,750.0,878.96,130.0,323.0,2.07,186.0,87380.0
1990-10-06 15:00:00+00:00,30.64,10.55,584.0,797.8,126.0,329.2,2.69,191.0,87340.0
1990-10-06 16:00:00+00:00,30.5,10.15,380.0,686.49,105.0,332.5,3.03,198.0,87310.0
1990-10-06 17:00:00+00:00,30.16,10.45,159.0,488.01,63.0,317.95,2.76,210.0,87310.0
1990-10-06 18:00:00+00:00,29.29,11.15,0.0,0.0,0.0,311.0,1.72,225.0,87300.0
1990-10-06 19:00:00+00:00,27.8,12.75,0.0,0.0,0.0,305.55,1.45,256.0,87340.0
1990-10-06 20:00:00+00:00,25.73,14.0,0.0,0.0,0.0,301.9,2.0,305.0,87400.0
1990-10-06 21:00:00+00:00,24.18,16.05,0.0,0.0,0.0,298.2,2.28,316.0,87450.0
1990-10-06 22:00:00+00:00,22.02,19.05,0.0,0.0,0.0,294.75,2.0,302.0,87450.0
1990-10-06 23:00:00+00:00,19.92,21.75,0.0,0.0,0.0,292.2,1.86,298.0,87480.0
1990-10-07 00:00:00+00:00,18.08,25.9,0.0,0.0,0.0,289.9,1.72,305.0,87460.0
1990-10-07 01:00:00+00:00,16.64,28.7,0.0,0.0,0.0,287.9,1.66,311.0,87440.0
1990-10-07 02:00:00+00:00,15.45,30.7,0.0,0.0,0.0,286.2,1.59,314.0,87410.0
1990-10-07 03:00:00+00:00,14.51,31.8,0.0,0.0,0.0,284.1,1.59,313.0,87370.0
1990-10-07 04:00:00+00:00,13.86,34.25,0.0,0.0,0.0,282.35,1.59,310.0,87370.0
1990-10-07 05:00:00+00:00,13.41,35.45,0.0,0.0,0.0,281.2,1.52,305.0,87380.0
1990-10-07 06:00:00+00:00,13.11,36.7,0.0,0.0,0.0,279.65,1.38,302.0,87390.0
1990-10-07 07:00:00+00:00,13.41,35.45,113.0,419.08,49.0,278.3,1.31,302.0,87450.0
1990-10-07 08:00:00+00:00,18.43,26.0,333.0,654.38,97.0,282.55,0.9,307.0,87480.0
1990-10-07 09:00:00+00:00,22.78,19.95,550.0,802.67,116.0,290.5,0.76,313.0,87520.0
1990-10-07 10:00:00+00:00,25.59,15.15,713.0,846.33,137.0,300.15,0.28,307.0,87500.0
1990-10-07 11:00:00+00:00,27.63,13.25,829.0,893.89,140.0,308.65,0.41,176.0,87470.0
1990-10-07 12:00:00+00:00,29.21,11.6,882.0,931.5,132.0,315.05,1.31,187.0,87410.0
1990-10-07 13:00:00+00:00,30.38,10.45,852.0,924.05,130.0,319.5,2.07,203.0,87330.0
1990-10-07 14:00:00+00:00,31.09,9.8,752.0,893.04,126.0,322.2,2.41,212.0,87230.0
1990-10-07 15:00:00+00:00,31.42,9.45,588.0,823.48,119.0,322.2,2.34,217.0,87180.0
1990-10-07 16:00:00+00:00,31.41,9.05,376.0,689.44,103.0,320.65,1.72,230.0,87150.0
1990-10-07 17:00:00+00:00,31.0,9.05,155.0,489.29,61.0,317.0,1.1,271.0,87120.0
1990-10-07 18:00:00+00:00,30.11,10.05,0.0,0.0,0.0,310.8,1.66,318.0,87130.0
1990-10-07 19:00:00+00:00,28.58,11.05,0.0,0.0,0.0,305.55,2.14,328.0,87160.0
1990-10-07 20:00:00+00:00,26.55,13.05,0.0,0.0,0.0,301.5,2.62,330.0,87220.0
1990-10-07 21:00:00+00:00,24.41,15.45,0.0,0.0,0.0,297.45,2.34,313.0,87260.0
1990-10-07 22:00:00+00:00,22.42,17.75,0.0,0.0,0.0,293.2,2.14,302.0,87290.0
1990-10-07 23:00:00+00:00,20.74,21.05,0.0,0.0,0.0,289.7,1.86,302.0,87320.0
1990-10-08 00:00:00+00:00,19.04,23.25,0.0,0.0,0.0,287.4,1.66,309.0,87320.0
1990-10-08 01:00:00+00:00,17.32,26.65,0.0,0.0,0.0,285.15,1.52,315.0,87300.0
1990-10-08 02:00:00+00:00,15.97,28.55,0.0,0.0,0.0,282.75,1.45,317.0,87280.0
1990-10-08 03:00:00+00:00,15.25,29.55,0.0,0.0,0.0,281.0,1.45,317.0,87270.0
1990-10-08 04:00:00+00:00,14.83,28.4,0.0,0.0,0.0,279.25,1.38,316.0,87290.0
1990-10-08 05:00:00+00:00,14.38,29.4,0.0,0.0,0.0,277.7,1.31,313.0,87300.0
1990-10-08 06:00:00+00:00,13.92,30.45,0.0,0.0,0.0,276.35,1.31,313.0,87330.0
1990-10-08 07:00:00+00:00,14.42,29.4,112.0,426.18,48.0,274.2,1.1,313.0,87370.0
1990-10-08 08:00:00+00:00,19.06,22.35,327.0,617.54,106.0,277.9,0.55,347.0,87430.0
1990-10-08 09:00:00+00:00,22.58,17.05,550.0,803.51,118.0,285.25,0.97,57.0,87440.0
1990-10-08 10:00:00+00:00,25.4,14.5,705.0,812.14,155.0,293.75,2.28,94.0,87470.0
1990-10-08 11:00:00+00:00,27.22,13.15,815.0,844.72,167.0,300.55,2.55,106.0,87400.0
1990-10-08 12:00:00+00:00,28.63,11.5,872.0,904.89,147.0,306.75,2.0,125.0,87350.0
1990-10-08 13:00:00+00:00,29.69,10.35,852.0,922.62,135.0,311.55,1.86,158.0,87250.0
1990-10-08 14:00:00+00:00,30.45,9.65,747.0,880.02,134.0,314.5,2.28,178.0,87180.0
1990-10-08 15:00:00+00:00,30.81,9.35,583.0,812.39,124.0,314.85,2.69,186.0,87140.0
1990-10-08 16:00:00+00:00,30.73,9.0,374.0,684.76,106.0,313.1,2.83,189.0,87120.0
1990-10-08 17:00:00+00:00,30.21,9.3,155.0,517.21,58.0,309.65,2.83,191.0,87100.0
1990-10-08 18:00:00+00:00,29.17,9.9,0.0,0.0,0.0,304.6,2.28,193.0,87110.0
1990-10-08 19:00:00+00:00,27.89,10.85,0.0,0.0,0.0,299.2,2.0,186.0,87140.0
1990-10-08 20:00:00+00:00,25.78,13.5,0.0,0.0,0.0,296.1,1.31,184.0,87210.0
1990-10-08 21:00:00+00:00,25.92,12.95,0.0,0.0,0.0,293.4,0.9,140.0,87270.0
1990-10-08 22:00:00+00:00,23.53,15.35,0.0,0.0,0.0,290.3,1.31,88.0,87300.0
1990-10-08 23:00:00+00:00,20.95,18.8,0.0,0.0,0.0,288.15,1.66,75.0,87290.0
1990-10-09 00:00:00+00:00,20.86,19.45,0.0,0.0,0.0,286.2,1.31,63.0,87290.0
1990-10-09 01:00:00+00:00,20.89,18.8,0.0,0.0,0.0,284.8,0.76,31.0,87270.0
1990-10-09 02:00:00+00:00,19.65,20.8,0.0,0.0,0.0,283.1,0.76,336.0,87250.0
1990-10-09 03:00:00+00:00,17.86,23.0,0.0,0.0,0.0,281.4,1.03,315.0,87220.0
1990-10-09 04:00:00+00:00,16.5,25.5,0.0,0.0,0.0,280.6,1.1,310.0,87220.0
1990-10-09 05:00:00+00:00,16.11,26.4,0.0,0.0,0.0,279.65,1.1,313.0,87250.0
1990-10-09 06:00:00+00:00,16.44,25.5,0.0,0.0,0.0,281.0,0.9,316.0,87280.0
1990-10-09 07:00:00+00:00,15.78,27.3,84.0,162.6,60.0,281.4,0.76,307.0,87310.0
1990-10-09 08:00:00+00:00,18.76,22.25,286.0,408.38,141.0,287.95,0.14,315.0,87370.0
1990-10-09 09:00:00+00:00,21.84,18.95,512.0,658.5,160.0,294.35,0.76,147.0,87410.0
1990-10-09 10:00:00+00:00,23.95,18.05,727.0,906.75,116.0,300.75,2.14,162.0,87430.0
1990-10-09 11:00:00+00:00,25.52,17.7,823.0,894.65,140.0,307.5,2.62,172.0,87390.0
1990-10-09 12:00:00+00:00,26.78,17.85,880.0,945.78,126.0,309.85,2.9,182.0,87340.0
1990-10-09 13:00:00+00:00,27.91,16.75,840.0,912.13,135.0,316.6,3.24,187.0,87250.0
1990-10-09 14:00:00+00:00,28.61,15.7,736.0,869.74,134.0,317.55,3.66,190.0,87180.0
1990-10-09 15:00:00+00:00,28.87,15.7,573.0,801.12,124.0,318.55,4.21,193.0,87120.0
1990-10-09 16:00:00+00:00,28.64,15.7,369.0,698.02,99.0,316.05,4.48,194.0,87100.0
1990-10-09 17:00:00+00:00,27.87,17.4,148.0,497.24,57.0,312.55,4.48,198.0,87110.0
1990-10-09 18:00:00+00:00,26.52,19.25,0.0,0.0,0.0,308.1,3.79,201.0,87130.0
1990-10-09 19:00:00+00:00,25.48,19.15,0.0,0.0,0.0,303.05,3.03,203.0,87180.0
1990-10-09 20:00:00+00:00,24.3,21.9,0.0,0.0,0.0,300.55,2.07,204.0,87230.0
1990-10-09 21:00:00+00:00,22.57,25.1,0.0,0.0,0.0,299.2,1.24,200.0,87310.0
1990-10-09 22:00:00+00:00,23.14,23.4,0.0,0.0,0.0,299.0,0.76,190.0,87330.0
1990-10-09 23:00:00+00:00,22.41,24.15,0.0,0.0,0.0,298.05,0.41,142.0,87350.0
1990-10-10 00:00:00+00:00,21.51,25.8,0.0,0.0,0.0,303.45,0.55,95.0,87340.0
1990-10-10 01:00:00+00:00,20.4,27.6,0.0,0.0,0.0,303.75,0.62,80.0,87320.0
1990-10-10 02:00:00+00:00,19.49,29.5,0.0,0.0,0.0,311.0,0.55,70.0,87290.0
1990-10-10 03:00:00+00:00,18.78,31.55,0.0,0.0,0.0,312.35,0.48,56.0,87260.0
1990-10-10 04:00:00+00:00,18.25,32.65,0.0,0.0,0.0,313.1,0.41,33.0,87240.0
1990-10-10 05:00:00+00:00,17.96,31.4,0.0,0.0,0.0,316.4,0.34,337.0,87270.0
1990-10-10 06:00:00+00:00,17.71,32.5,0.0,0.0,0.0,309.05,0.48,303.0,87290.0
1990-10-10 07:00:00+00:00,17.79,35.05,103.0,379.3,48.0,301.7,0.34,319.0,87330.0
1990-10-10 08:00:00+00:00,19.3,31.65,322.0,647.33,94.0,307.9,0.14,121.0,87390.0
1990-10-10 09:00:00+00:00,21.22,27.7,528.0,769.64,119.0,322.2,0.76,139.0,87450.0
1990-10-10 10:00:00+00:00,23.02,24.3,683.0,796.53,149.0,334.4,1.24,157.0,87490.0
1990-10-10 11:00:00+00:00,24.47,22.05,813.0,897.72,131.0,347.75,1.38,168.0,87470.0
1990-10-10 12:00:00+00:00,25.49,19.9,864.0,935.43,122.0,346.2,1.24,169.0,87420.0
1990-10-10 13:00:00+00:00,26.56,19.25,572.0,238.07,389.0,347.75,1.31,175.0,87350.0
1990-10-10 14:00:00+00:00,27.25,18.65,710.0,821.52,145.0,347.0,1.45,183.0,87270.0
1990-10-10 15:00:00+00:00,27.7,18.05,538.0,692.51,153.0,338.3,1.86,191.0,87240.0
1990-10-10 16:00:00+00:00,27.75,18.05,306.0,392.4,156.0,336.95,2.28,194.0,87230.0
1990-10-10 17:00:00+00:00,27.23,18.65,146.0,520.97,53.0,335.0,2.76,194.0,87230.0
1990-10-10 18:00:00+00:00,26.14,19.9,0.0,0.0,0.0,323.55,2.9,197.0,87260.0
1990-10-10 19:00:00+00:00,25.45,19.15,0.0,0.0,0.0,337.7,2.97,188.0,87270.0
1990-10-10 20:00:00+00:00,24.65,20.4,0.0,0.0,0.0,336.15,2.55,186.0,87340.0
1990-10-10 21:00:00+00:00,23.81,21.8,0.0,0.0,0.0,334.2,2.0,179.0,87410.0
1990-10-10 22:00:00+00:00,22.5,24.15,0.0,0.0,0.0,317.75,1.79,157.0,87430.0
1990-10-10 23:00:00+00:00,21.26,26.7,0.0,0.0,0.0,320.85,1.86,135.0,87470.0
1990-10-11 00:00:00+00:00,20.13,28.5,0.0,0.0,0.0,317.4,1.86,112.0,87450.0
1990-10-11 01:00:00+00:00,19.19,30.5,0.0,0.0,0.0,323.3,1.79,89.0,87450.0
1990-10-11 02:00:00+00:00,18.44,31.55,0.0,0.0,0.0,329.2,1.66,73.0,87430.0
1990-10-11 03:00:00+00:00,18.34,32.65,0.0,0.0,0.0,333.45,1.45,66.0,87410.0
1990-10-11 04:00:00+00:00,18.56,31.55,0.0,0.0,0.0,330.75,1.17,64.0,87420.0
1990-10-11 05:00:00+00:00,19.7,29.5,0.0,0.0,0.0,336.15,0.83,62.0,87440.0
1990-10-11 06:00:00+00:00,19.49,29.5,0.0,0.0,0.0,331.3,0.83,70.0,87470.0
1990-10-11 07:00:00+00:00,19.21,30.5,96.0,316.07,51.0,328.8,0.69,56.0,87510.0
1990-10-11 08:00:00+00:00,19.88,28.5,331.0,712.78,82.0,327.65,0.48,85.0,87590.0
1990-10-11 09:00:00+00:00,21.3,26.7,374.0,223.38,256.0,312.95,1.52,126.0,87650.0
1990-10-11 10:00:00+00:00,22.61,24.15,582.0,460.31,275.0,328.2,2.28,136.0,87660.0
1990-10-11 11:00:00+00:00,23.62,21.8,745.0,683.91,228.0,338.65,2.41,134.0,87640.0
1990-10-11 12:00:00+00:00,24.52,20.4,440.0,63.36,390.0,333.05,2.83,133.0,87570.0
1990-10-11 13:00:00+00:00,25.35,19.75,411.0,53.63,370.0,338.1,3.03,131.0,87510.0
1990-10-11 14:00:00+00:00,25.52,19.15,651.0,621.94,226.0,345.65,3.1,118.0,87410.0
1990-10-11 15:00:00+00:00,25.33,19.0,578.0,872.25,97.0,346.2,3.31,111.0,87370.0
1990-10-11 16:00:00+00:00,24.9,19.65,342.0,608.88,112.0,337.5,3.45,110.0,87350.0
1990-10-11 17:00:00+00:00,24.23,20.3,116.0,270.02,69.0,327.45,3.66,114.0,87350.0
1990-10-11 18:00:00+00:00,23.21,22.5,0.0,0.0,0.0,309.05,3.1,126.0,87360.0
1990-10-11 19:00:00+00:00,22.55,23.25,0.0,0.0,0.0,320.65,2.34,111.0,87410.0
1990-10-11 20:00:00+00:00,21.72,24.85,0.0,0.0,0.0,306.75,2.0,114.0,87440.0
1990-10-11 21:00:00+00:00,20.25,28.5,0.0,0.0,0.0,289.1,1.66,120.0,87530.0
1990-10-11 22:00:00+00:00,20.27,28.5,0.0,0.0,0.0,287.4,0.97,100.0,87540.0
1990-10-11 23:00:00+00:00,20.35,28.5,0.0,0.0,0.0,279.45,0.83,52.0,87550.0
1990-10-12 00:00:00+00:00,19.1,30.5,0.0,0.0,0.0,283.3,1.03,35.0,87530.0
1990-10-12 01:00:00+00:00,17.31,34.9,0.0,0.0,0.0,275.9,1.24,27.0,87490.0
1990-10-12 02:00:00+00:00,16.23,37.4,0.0,0.0,0.0,273.05,1.31,19.0,87470.0
1990-10-12 03:00:00+00:00,15.0,38.7,0.0,0.0,0.0,271.5,1.38,7.0,87450.0
1990-10-12 04:00:00+00:00,14.07,41.5,0.0,0.0,0.0,269.75,1.38,358.0,87440.0
1990-10-12 05:00:00+00:00,13.47,42.95,0.0,0.0,0.0,268.4,1.31,348.0,87460.0
1990-10-12 06:00:00+00:00,13.32,42.95,0.0,0.0,0.0,267.05,1.17,338.0,87490.0
1990-10-12 07:00:00+00:00,14.04,43.1,106.0,450.91,43.0,269.95,1.1,338.0,87510.0
1990-10-12 08:00:00+00:00,16.39,37.55,321.0,666.81,90.0,274.05,0.69,334.0,87560.0
1990-10-12 09:00:00+00:00,18.75,32.75,520.0,754.2,124.0,281.0,0.62,24.0,87610.0
1990-10-12 10:00:00+00:00,20.64,32.1,678.0,789.81,154.0,290.3,1.17,94.0,87630.0
1990-10-12 11:00:00+00:00,22.3,29.05,794.0,854.87,151.0,298.6,1.52,118.0,87600.0
1990-10-12 12:00:00+00:00,23.74,25.35,816.0,802.39,186.0,305.0,1.59,141.0,87520.0
1990-10-12 13:00:00+00:00,24.89,22.9,791.0,811.65,174.0,309.65,1.72,162.0,87440.0
1990-10-12 14:00:00+00:00,25.69,21.45,698.0,798.3,156.0,313.7,1.86,179.0,87340.0
1990-10-12 15:00:00+00:00,26.19,21.45,506.0,583.22,187.0,313.1,2.0,188.0,87310.0
1990-10-12 16:00:00+00:00,26.32,20.65,331.0,557.26,123.0,314.3,2.34,193.0,87270.0
1990-10-12 17:00:00+00:00,25.91,21.45,113.0,259.36,69.0,312.55,2.69,194.0,87280.0
1990-10-12 18:00:00+00:00,24.92,23.0,0.0,0.0,0.0,303.25,2.55,186.0,87290.0
1990-10-12 19:00:00+00:00,23.72,25.35,0.0,0.0,0.0,304.6,3.03,187.0,87320.0
1990-10-12 20:00:00+00:00,22.73,28.1,0.0,0.0,0.0,300.15,2.97,190.0,87370.0
1990-10-12 21:00:00+00:00,21.74,31.15,0.0,0.0,0.0,299.75,2.34,192.0,87420.0
1990-10-12 22:00:00+00:00,20.66,34.55,0.0,0.0,0.0,290.1,1.03,183.0,87460.0
1990-10-12 23:00:00+00:00,21.19,32.2,0.0,0.0,0.0,291.05,0.76,66.0,87470.0
1990-10-13 00:00:00+00:00,18.23,39.4,0.0,0.0,0.0,290.3,1.31,46.0,87460.0
1990-10-13 01:00:00+00:00,17.51,40.75,0.0,0.0,0.0,292.5,1.17,38.0,87450.0
1990-10-13 02:00:00+00:00,17.72,40.75,0.0,0.0,0.0,300.75,0.76,37.0,87430.0
1990-10-13 03:00:00+00:00,17.07,43.8,0.0,0.0,0.0,304.6,0.55,43.0,87420.0
1990-10-13 04:00:00+00:00,16.62,45.3,0.0,0.0,0.0,305.4,0.69,50.0,87450.0
1990-10-13 05:00:00+00:00,16.33,48.65,0.0,0.0,0.0,309.05,0.83,54.0,87450.0
1990-10-13 06:00:00+00:00,15.79,52.25,0.0,0.0,0.0,304.4,0.9,53.0,87480.0
1990-10-13 07:00:00+00:00,15.81,52.25,16.0,0.0,16.0,314.3,0.34,343.0,87470.0
1990-10-13 08:00:00+00:00,17.47,49.05,100.0,0.0,100.0,309.05,0.41,308.0,87510.0
1990-10-13 09:00:00+00:00,19.04,51.25,316.0,116.9,255.0,325.7,0.34,63.0,87570.0
1990-10-13 10:00:00+00:00,20.09,51.5,686.0,850.1,125.0,327.65,0.83,111.0,87570.0
1990-10-13 11:00:00+00:00,21.53,48.3,163.0,0.0,163.0,326.85,1.31,146.0,87570.0
1990-10-13 12:00:00+00:00,22.87,46.85,571.0,222.76,397.0,349.5,2.21,158.0,87470.0
1990-10-13 13:00:00+00:00,24.52,39.7,732.0,650.86,240.0,352.4,3.86,174.0,87380.0
1990-10-13 14:00:00+00:00,25.25,35.8,679.0,764.96,163.0,349.5,4.62,187.0,87290.0
1990-10-13 15:00:00+00:00,24.97,35.8,285.0,58.99,253.0,352.6,5.1,195.0,87280.0
1990-10-13 16:00:00+00:00,24.93,33.3,346.0,688.72,92.0,339.05,5.1,198.0,87280.0
1990-10-13 17:00:00+00:00,24.77,30.8,120.0,375.13,58.0,336.75,4.69,198.0,87270.0
1990-10-13 18:00:00+00:00,24.12,30.7,0.0,0.0,0.0,332.65,3.59,187.0,87300.0
1990-10-13 19:00:00+00:00,23.38,32.75,0.0,0.0,0.0,329.4,2.83,175.0,87340.0
1990-10-13 20:00:00+00:00,22.37,36.3,0.0,0.0,0.0,308.1,3.24,176.0,87410.0
1990-10-13 21:00:00+00:00,21.48,37.5,0.0,0.0,0.0,312.75,3.24,182.0,87460.0
1990-10-13 22:00:00+00:00,20.77,41.55,0.0,0.0,0.0,321.85,2.62,187.0,87480.0
1990-10-13 23:00:00+00:00,19.81,47.8,0.0,0.0,0.0,309.85,1.52,188.0,87470.0
1990-10-14 00:00:00+00:00,20.48,43.1,0.0,0.0,0.0,304.2,0.41,174.0,87440.0
1990-10-14 01:00:00+00:00,19.7,46.1,0.0,0.0,0.0,301.25,0.07,49.0,87420.0
1990-10-14 02:00:00+00:00,18.72,51.15,0.0,0.0,0.0,293.0,0.14,301.0,87360.0
1990-10-14 03:00:00+00:00,17.9,52.9,0.0,0.0,0.0,288.35,0.28,240.0,87360.0
1990-10-14 04:00:00+00:00,17.18,56.6,0.0,0.0,0.0,282.95,0.48,216.0,87350.0
1990-10-14 05:00:00+00:00,16.52,58.6,0.0,0.0,0.0,280.6,0.62,209.0,87360.0
1990-10-14 06:00:00+00:00,15.77,62.75,0.0,0.0,0.0,275.2,0.62,218.0,87380.0
1990-10-14 07:00:00+00:00,15.58,62.75,101.0,439.24,42.0,272.85,0.41,212.0,87380.0
1990-10-14 08:00:00+00:00,17.0,54.6,325.0,722.46,79.0,277.7,0.62,228.0,87450.0
1990-10-14 09:00:00+00:00,19.88,37.1,539.0,856.22,95.0,284.65,1.79,218.0,87470.0
1990-10-14 10:00:00+00:00,22.33,29.05,699.0,888.23,116.0,294.15,3.45,228.0,87510.0
1990-10-14 11:00:00+00:00,24.13,23.65,767.0,788.43,180.0,298.6,4.62,233.0,87450.0
1990-10-14 12:00:00+00:00,25.52,19.9,770.0,682.09,240.0,310.6,5.72,240.0,87400.0
1990-10-14 13:00:00+00:00,26.52,16.5,803.0,882.05,140.0,309.05,6.41,242.0,87300.0
1990-10-14 14:00:00+00:00,26.98,14.25,695.0,825.19,142.0,314.65,6.62,240.0,87240.0
1990-10-14 15:00:00+00:00,26.86,13.05,547.0,799.17,117.0,318.55,6.62,238.0,87210.0
1990-10-14 16:00:00+00:00,26.44,12.05,338.0,655.91,99.0,310.05,6.34,237.0,87210.0
1990-10-14 17:00:00+00:00,25.49,12.45,130.0,503.24,49.0,311.0,5.66,244.0,87190.0
1990-10-14 18:00:00+00:00,23.69,16.6,0.0,0.0,0.0,297.65,4.62,262.0,87240.0
1990-10-14 19:00:00+00:00,22.26,21.4,0.0,0.0,0.0,290.5,3.93,275.0,87320.0
1990-10-14 20:00:00+00:00,20.48,30.9,0.0,0.0,0.0,289.3,3.66,293.0,87380.0
1990-10-14 21:00:00+00:00,18.81,41.05,0.0,0.0,0.0,283.5,3.17,299.0,87410.0
1990-10-14 22:00:00+00:00,17.49,49.05,0.0,0.0,0.0,287.95,2.9,300.0,87420.0
1990-10-14 23:00:00+00:00,16.24,56.35,0.0,0.0,0.0,282.15,2.55,301.0,87420.0
1990-10-15 00:00:00+00:00,15.03,58.35,0.0,0.0,0.0,275.4,2.28,300.0,87390.0
1990-10-15 01:00:00+00:00,13.97,62.55,0.0,0.0,0.0,274.15,2.07,296.0,87340.0
1990-10-15 02:00:00+00:00,13.18,67.05,0.0,0.0,0.0,275.0,2.0,296.0,87310.0
1990-10-15 03:00:00+00:00,12.59,69.45,0.0,0.0,0.0,276.35,1.93,298.0,87290.0
1990-10-15 04:00:00+00:00,11.97,69.35,0.0,0.0,0.0,270.75,1.86,301.0,87310.0
1990-10-15 05:00:00+00:00,11.34,71.85,0.0,0.0,0.0,269.0,1.79,300.0,87310.0
1990-10-15 06:00:00+00:00,10.74,74.4,0.0,0.0,0.0,267.45,1.66,299.0,87340.0
1990-10-15 07:00:00+00:00,10.05,74.3,95.0,402.79,42.0,268.6,1.31,304.0,87340.0
1990-10-15 08:00:00+00:00,13.22,62.3,317.0,687.42,85.0,268.6,1.03,312.0,87380.0
1990-10-15 09:00:00+00:00,17.74,43.9,519.0,782.13,116.0,274.6,0.69,340.0,87420.0
1990-10-15 10:00:00+00:00,20.32,35.75,682.0,837.96,135.0,285.45,0.76,74.0,87430.0
1990-10-15 11:00:00+00:00,22.35,30.15,804.0,911.35,129.0,294.55,1.52,109.0,87410.0
1990-10-15 12:00:00+00:00,23.84,26.35,849.0,935.4,126.0,301.3,1.38,135.0,87340.0
1990-10-15 13:00:00+00:00,25.01,22.15,800.0,877.72,144.0,306.55,1.52,166.0,87250.0
1990-10-15 14:00:00+00:00,25.9,20.65,696.0,832.12,142.0,311.4,1.86,185.0,87200.0
1990-10-15 15:00:00+00:00,26.37,19.9,546.0,807.66,115.0,311.2,2.07,187.0,87140.0
1990-10-15 16:00:00+00:00,26.49,17.85,339.0,675.0,96.0,305.4,1.93,182.0,87130.0
1990-10-15 17:00:00+00:00,26.22,17.05,120.0,427.61,53.0,301.3,1.86,180.0,87130.0
1990-10-15 18:00:00+00:00,25.45,16.4,0.0,0.0,0.0,297.25,1.52,180.0,87140.0
1990-10-15 19:00:00+00:00,23.98,18.05,0.0,0.0,0.0,289.9,1.45,266.0,87180.0
1990-10-15 20:00:00+00:00,21.89,24.95,0.0,0.0,0.0,285.85,2.07,286.0,87230.0
1990-10-15 21:00:00+00:00,19.88,33.15,0.0,0.0,0.0,281.2,2.62,299.0,87310.0
1990-10-15 22:00:00+00:00,18.14,42.45,0.0,0.0,0.0,281.4,2.55,306.0,87360.0
1990-10-15 23:00:00+00:00,16.52,50.6,0.0,0.0,0.0,275.6,2.28,306.0,87390.0
1990-10-16 00:00:00+00:00,15.08,56.25,0.0,0.0,0.0,273.05,2.07,305.0,87390.0
1990-10-16 01:00:00+00:00,13.85,62.55,0.0,0.0,0.0,268.5,1.86,307.0,87370.0
1990-10-16 02:00:00+00:00,12.81,67.05,0.0,0.0,0.0,265.9,1.72,308.0,87340.0
1990-10-16 03:00:00+00:00,11.72,74.55,0.0,0.0,0.0,263.75,1.59,307.0,87320.0
1990-10-16 04:00:00+00:00,10.71,77.15,0.0,0.0,0.0,263.6,1.52,308.0,87310.0
1990-10-16 05:00:00+00:00,10.01,77.1,0.0,0.0,0.0,264.75,1.45,308.0,87310.0
1990-10-16 06:00:00+00:00,9.84,74.3,0.0,0.0,0.0,265.7,1.31,309.0,87320.0
1990-10-16 07:00:00+00:00,9.56,77.0,89.0,341.58,45.0,259.5,1.24,306.0,87350.0
1990-10-16 08:00:00+00:00,13.74,55.9,307.0,645.83,91.0,267.85,0.9,320.0,87420.0
1990-10-16 09:00:00+00:00,18.1,39.4,517.0,789.17,113.0,278.3,0.62,2.0,87460.0
1990-10-16 10:00:00+00:00,20.79,29.75,681.0,847.25,131.0,294.75,1.17,84.0,87490.0
1990-10-16 11:00:00+00:00,22.58,25.1,746.0,734.27,205.0,300.75,2.34,107.0,87440.0
1990-10-16 12:00:00+00:00,24.08,21.1,762.0,671.15,246.0,308.65,2.48,124.0,87370.0
1990-10-16 13:00:00+00:00,24.9,19.65,610.0,341.8,356.0,316.05,2.14,144.0,87290.0
1990-10-16 14:00:00+00:00,25.51,17.7,644.0,654.67,211.0,317.4,1.93,161.0,87230.0
1990-10-16 15:00:00+00:00,25.79,17.05,426.0,347.66,242.0,319.5,1.93,170.0,87170.0
1990-10-16 16:00:00+00:00,25.74,17.05,203.0,101.22,167.0,315.05,1.86,168.0,87160.0
1990-10-16 17:00:00+00:00,25.35,16.95,107.0,327.94,57.0,317.0,2.07,164.0,87140.0
1990-10-16 18:00:00+00:00,24.57,17.5,0.0,0.0,0.0,311.4,2.0,155.0,87160.0
1990-10-16 19:00:00+00:00,23.88,19.4,0.0,0.0,0.0,302.5,1.86,131.0,87180.0
1990-10-16 20:00:00+00:00,21.92,24.95,0.0,0.0,0.0,302.65,1.45,136.0,87210.0
1990-10-16 21:00:00+00:00,22.22,22.25,0.0,0.0,0.0,292.2,0.9,151.0,87270.0
1990-10-16 22:00:00+00:00,20.96,23.8,0.0,0.0,0.0,290.85,0.28,151.0,87310.0
1990-10-16 23:00:00+00:00,19.19,28.25,0.0,0.0,0.0,288.75,0.41,346.0,87330.0
1990-10-17 00:00:00+00:00,16.55,36.15,0.0,0.0,0.0,286.6,0.97,324.0,87300.0
1990-10-17 01:00:00+00:00,14.24,44.75,0.0,0.0,0.0,277.8,1.31,316.0,87290.0
1990-10-17 02:00:00+00:00,12.51,51.65,0.0,0.0,0.0,269.4,1.52,313.0,87260.0
1990-10-17 03:00:00+00:00,11.22,59.6,0.0,0.0,0.0,265.7,1.52,307.0,87230.0
1990-10-17 04:00:00+00:00,10.28,61.75,0.0,0.0,0.0,263.2,1.52,304.0,87220.0
1990-10-17 05:00:00+00:00,9.62,66.35,0.0,0.0,0.0,260.5,1.45,306.0,87240.0
1990-10-17 06:00:00+00:00,9.17,66.25,0.0,0.0,0.0,257.75,1.45,307.0,87250.0
1990-10-17 07:00:00+00:00,9.42,63.9,93.0,420.57,40.0,261.45,1.38,307.0,87320.0
1990-10-17 08:00:00+00:00,13.74,48.15,312.0,682.0,86.0,264.95,1.03,314.0,87330.0
1990-10-17 09:00:00+00:00,18.86,30.5,513.0,776.68,118.0,272.5,0.97,330.0,87400.0
1990-10-17 10:00:00+00:00,21.84,23.0,682.0,855.13,130.0,283.7,0.69,21.0,87390.0
1990-10-17 11:00:00+00:00,23.96,20.3,808.0,941.48,118.0,292.4,1.45,93.0,87390.0
1990-10-17 12:00:00+00:00,25.41,19.0,823.0,877.44,152.0,299.55,2.07,118.0,87320.0
1990-10-17 13:00:00+00:00,26.29,17.7,795.0,883.8,142.0,304.2,1.72,132.0,87270.0
1990-10-17 14:00:00+00:00,26.84,15.9,694.0,850.77,135.0,307.3,1.24,142.0,87200.0
1990-10-17 15:00:00+00:00,27.09,14.8,531.0,775.41,124.0,307.7,0.97,156.0,87160.0
1990-10-17 16:00:00+00:00,26.98,14.8,332.0,677.37,94.0,305.0,0.69,164.0,87150.0
1990-10-17 17:00:00+00:00,26.43,15.15,112.0,418.06,50.0,300.95,0.41,156.0,87140.0
1990-10-17 18:00:00+00:00,25.47,15.75,0.0,0.0,0.0,295.3,0.14,29.0,87160.0
1990-10-17 19:00:00+00:00,23.74,20.95,0.0,0.0,0.0,291.85,1.17,101.0,87180.0
1990-10-17 20:00:00+00:00,22.71,21.55,0.0,0.0,0.0,288.95,1.17,73.0,87250.0
1990-10-17 21:00:00+00:00,20.93,23.8,0.0,0.0,0.0,286.4,1.24,56.0,87330.0
1990-10-17 22:00:00+00:00,19.67,27.3,0.0,0.0,0.0,283.9,1.24,41.0,87380.0
1990-10-17 23:00:00+00:00,18.64,29.2,0.0,0.0,0.0,282.55,1.1,21.0,87410.0
1990-10-18 00:00:00+00:00,17.28,32.35,0.0,0.0,0.0,281.95,1.17,0.0,87390.0
1990-10-18 01:00:00+00:00,15.75,35.85,0.0,0.0,0.0,281.1,1.31,341.0,87390.0
1990-10-18 02:00:00+00:00,13.95,38.45,0.0,0.0,0.0,280.2,1.66,329.0,87390.0
1990-10-18 03:00:00+00:00,12.92,39.65,0.0,0.0,0.0,278.5,1.79,323.0,87380.0
1990-10-18 04:00:00+00:00,12.5,41.1,0.0,0.0,0.0,277.5,1.72,318.0,87360.0
1990-10-18 05:00:00+00:00,12.3,41.1,0.0,0.0,0.0,275.6,1.66,317.0,87370.0
1990-10-18 06:00:00+00:00,12.0,40.95,0.0,0.0,0.0,274.05,1.66,316.0,87390.0
1990-10-18 07:00:00+00:00,12.47,42.7,86.0,365.27,41.0,273.05,1.66,317.0,87390.0
1990-10-18 08:00:00+00:00,16.24,34.65,300.0,639.7,90.0,276.95,1.03,318.0,87440.0
1990-10-18 09:00:00+00:00,20.04,25.4,501.0,750.22,122.0,283.5,0.9,330.0,87490.0
1990-10-18 10:00:00+00:00,22.68,21.55,660.0,802.37,145.0,293.4,0.69,18.0,87490.0
1990-10-18 11:00:00+00:00,24.42,19.65,787.0,904.01,128.0,301.7,1.03,98.0,87490.0
1990-10-18 12:00:00+00:00,25.68,18.4,815.0,879.56,146.0,307.9,1.38,132.0,87430.0
1990-10-18 13:00:00+00:00,26.59,17.85,778.0,856.25,149.0,313.1,1.66,154.0,87360.0
1990-10-18 14:00:00+00:00,27.18,17.25,671.0,793.6,153.0,317.55,2.0,166.0,87280.0
1990-10-18 15:00:00+00:00,27.48,16.75,515.0,733.83,133.0,316.8,2.34,174.0,87250.0
1990-10-18 16:00:00+00:00,27.18,17.25,321.0,651.1,95.0,338.65,2.55,180.0,87220.0
1990-10-18 17:00:00+00:00,26.76,17.85,104.0,367.56,51.0,325.1,2.83,191.0,87200.0
1990-10-18 18:00:00+00:00,25.56,19.9,0.0,0.0,0.0,307.1,2.76,199.0,87190.0
1990-10-18 19:00:00+00:00,24.58,21.2,0.0,0.0,0.0,301.3,2.62,188.0,87220.0
1990-10-18 20:00:00+00:00,23.55,24.4,0.0,0.0,0.0,299.6,2.69,191.0,87300.0
1990-10-18 21:00:00+00:00,22.46,28.1,0.0,0.0,0.0,299.95,2.76,189.0,87350.0
1990-10-18 22:00:00+00:00,21.32,31.05,0.0,0.0,0.0,297.45,2.28,185.0,87370.0
1990-10-18 23:00:00+00:00,20.13,34.45,0.0,0.0,0.0,294.35,1.31,175.0,87380.0
1990-10-19 00:00:00+00:00,20.98,32.2,0.0,0.0,0.0,293.0,0.62,131.0,87340.0
1990-10-19 01:00:00+00:00,20.07,34.45,0.0,0.0,0.0,291.15,0.48,75.0,87320.0
1990-10-19 02:00:00+00:00,18.99,36.8,0.0,0.0,0.0,291.65,0.41,35.0,87270.0
1990-10-19 03:00:00+00:00,17.75,39.25,0.0,0.0,0.0,287.0,0.48,356.0,87250.0
1990-10-19 04:00:00+00:00,16.6,42.05,0.0,0.0,0.0,284.85,0.62,326.0,87220.0
1990-10-19 05:00:00+00:00,15.67,45.05,0.0,0.0,0.0,284.1,0.76,318.0,87240.0
1990-10-19 06:00:00+00:00,14.92,45.05,0.0,0.0,0.0,282.95,0.69,320.0,87230.0
1990-10-19 07:00:00+00:00,16.39,42.05,80.0,315.75,42.0,291.25,0.41,350.0,87240.0
1990-10-19 08:00:00+00:00,17.51,40.75,291.0,612.03,92.0,296.5,0.07,28.0,87280.0
1990-10-19 09:00:00+00:00,20.39,33.3,494.0,749.35,118.0,294.55,0.48,125.0,87320.0
1990-10-19 10:00:00+00:00,22.73,29.2,650.0,789.77,146.0,309.45,1.86,187.0,87310.0
1990-10-19 11:00:00+00:00,24.59,25.6,763.0,855.13,143.0,311.0,3.52,204.0,87270.0
1990-10-19 12:00:00+00:00,25.86,23.15,775.0,774.64,189.0,322.05,4.62,208.0,87180.0
1990-10-19 13:00:00+00:00,26.54,21.55,745.0,765.39,186.0,324.95,5.38,208.0,87090.0
1990-10-19 14:00:00+00:00,26.79,20.75,557.0,427.2,280.0,327.65,5.86,206.0,87000.0
1990-10-19 15:00:00+00:00,26.38,21.45,406.0,331.23,235.0,341.95,6.14,205.0,86970.0
1990-10-19 16:00:00+00:00,25.64,22.3,208.0,137.07,161.0,337.5,6.21,200.0,86960.0
1990-10-19 17:00:00+00:00,24.87,23.75,64.0,64.22,55.0,343.7,6.0,196.0,86950.0
1990-10-19 18:00:00+00:00,24.02,24.55,0.0,0.0,0.0,338.1,4.9,195.0,86950.0
1990-10-19 19:00:00+00:00,23.39,25.2,0.0,0.0,0.0,331.1,4.21,207.0,86960.0
1990-10-19 20:00:00+00:00,22.6,27.05,0.0,0.0,0.0,328.2,3.59,208.0,87020.0
1990-10-19 21:00:00+00:00,21.81,28.9,0.0,0.0,0.0,326.85,2.97,214.0,87020.0
1990-10-19 22:00:00+00:00,20.85,30.9,0.0,0.0,0.0,314.3,2.41,224.0,87050.0
1990-10-19 23:00:00+00:00,19.69,33.05,0.0,0.0,0.0,302.85,2.0,236.0,87050.0
1990-10-20 00:00:00+00:00,18.49,35.35,0.0,0.0,0.0,298.05,1.93,252.0,87030.0
1990-10-20 01:00:00+00:00,17.22,39.15,0.0,0.0,0.0,290.95,1.86,265.0,86990.0
1990-10-20 02:00:00+00:00,15.69,43.4,0.0,0.0,0.0,285.25,1.52,273.0,86950.0
1990-10-20 03:00:00+00:00,14.85,43.4,0.0,0.0,0.0,281.75,1.1,271.0,86930.0
1990-10-20 04:00:00+00:00,14.73,43.25,0.0,0.0,0.0,278.65,0.83,266.0,86920.0
1990-10-20 05:00:00+00:00,14.55,43.25,0.0,0.0,0.0,276.35,0.69,264.0,86920.0
1990-10-20 06:00:00+00:00,14.08,44.75,0.0,0.0,0.0,274.8,0.55,256.0,86930.0
1990-10-20 07:00:00+00:00,13.6,46.35,84.0,391.57,38.0,272.3,0.69,276.0,86920.0
1990-10-20 08:00:00+00:00,15.81,40.2,274.0,503.12,112.0,275.0,0.69,255.0,86970.0
1990-10-20 09:00:00+00:00,19.0,30.5,444.0,519.75,185.0,283.5,1.03,223.0,87000.0
1990-10-20 10:00:00+00:00,21.93,22.25,663.0,841.68,129.0,290.65,2.41,215.0,87010.0
1990-10-20 11:00:00+00:00,24.04,18.8,779.0,901.41,129.0,297.85,4.55,212.0,86960.0
1990-10-20 12:00:00+00:00,25.29,19.0,748.0,681.86,235.0,306.35,6.41,215.0,86890.0
1990-10-20 13:00:00+00:00,25.96,17.7,693.0,593.58,262.0,313.5,7.66,219.0,86800.0
1990-10-20 14:00:00+00:00,25.93,17.7,481.0,245.3,323.0,316.4,7.93,218.0,86720.0
1990-10-20 15:00:00+00:00,25.57,17.7,494.0,675.79,148.0,323.75,7.93,217.0,86700.0
1990-10-20 16:00:00+00:00,25.25,18.3,144.0,23.62,136.0,328.4,7.79,219.0,86700.0
1990-10-20 17:00:00+00:00,24.32,18.05,97.0,367.23,47.0,307.7,6.97,222.0,86700.0
1990-10-20 18:00:00+00:00,22.89,19.15,0.0,0.0,0.0,302.1,5.1,225.0,86730.0
1990-10-20 19:00:00+00:00,22.04,20.6,0.0,0.0,0.0,304.8,3.79,251.0,86780.0
1990-10-20 20:00:00+00:00,20.83,21.05,0.0,0.0,0.0,292.05,3.1,254.0,86800.0
1990-10-20 21:00:00+00:00,19.77,21.65,0.0,0.0,0.0,287.75,2.69,247.0,86840.0
1990-10-20 22:00:00+00:00,18.7,23.15,0.0,0.0,0.0,284.1,2.34,238.0,86830.0
1990-10-20 23:00:00+00:00,17.64,23.8,0.0,0.0,0.0,280.6,2.07,227.0,86840.0
1990-10-21 00:00:00+00:00,16.43,25.5,0.0,0.0,0.0,273.05,1.79,226.0,86810.0
1990-10-21 01:00:00+00:00,14.96,28.4,0.0,0.0,0.0,266.6,1.52,230.0,86780.0
1990-10-21 02:00:00+00:00,14.58,30.6,0.0,0.0,0.0,264.35,1.31,237.0,86740.0
1990-10-21 03:00:00+00:00,14.33,31.8,0.0,0.0,0.0,260.85,1.1,251.0,86730.0
1990-10-21 04:00:00+00:00,13.94,35.6,0.0,0.0,0.0,259.7,1.03,264.0,86720.0
1990-10-21 05:00:00+00:00,13.37,38.3,0.0,0.0,0.0,264.35,0.9,276.0,86720.0
1990-10-21 06:00:00+00:00,12.74,44.35,0.0,0.0,0.0,274.4,0.83,285.0,86730.0
1990-10-21 07:00:00+00:00,11.69,55.4,58.0,122.19,44.0,257.95,0.55,330.0,86780.0
1990-10-21 08:00:00+00:00,13.61,46.35,222.0,241.53,145.0,268.8,0.28,6.0,86820.0
1990-10-21 09:00:00+00:00,16.54,33.5,487.0,723.45,129.0,275.6,0.48,93.0,86860.0
1990-10-21 10:00:00+00:00,19.49,24.35,659.0,833.98,133.0,282.35,1.66,158.0,86870.0
1990-10-21 11:00:00+00:00,22.13,19.05,770.0,882.68,137.0,283.9,3.79,184.0,86810.0
1990-10-21 12:00:00+00:00,24.23,17.4,791.0,835.31,166.0,294.55,6.07,200.0,86720.0
1990-10-21 13:00:00+00:00,25.27,16.95,751.0,795.16,177.0,298.6,8.41,211.0,86610.0
1990-10-21 14:00:00+00:00,25.45,17.05,623.0,651.71,206.0,308.3,9.72,215.0,86530.0
1990-10-21 15:00:00+00:00,25.21,17.6,229.0,23.63,217.0,322.2,9.86,218.0,86490.0
1990-10-21 16:00:00+00:00,24.25,19.55,55.0,0.0,55.0,312.55,9.1,221.0,86470.0
1990-10-21 17:00:00+00:00,23.24,20.05,24.0,0.0,24.0,316.4,7.1,224.0,86470.0
1990-10-21 18:00:00+00:00,21.95,20.6,0.0,0.0,0.0,320.1,5.03,232.0,86470.0
1990-10-21 19:00:00+00:00,20.02,23.5,0.0,0.0,0.0,311.2,4.07,258.0,86540.0
1990-10-21 20:00:00+00:00,18.62,27.05,0.0,0.0,0.0,328.8,3.59,273.0,86590.0
1990-10-21 21:00:00+00:00,17.04,33.6,0.0,0.0,0.0,322.4,3.59,296.0,86630.0
1990-10-21 22:00:00+00:00,15.47,41.75,0.0,0.0,0.0,310.2,4.34,310.0,86650.0
1990-10-21 23:00:00+00:00,13.44,50.0,0.0,0.0,0.0,275.75,5.24,315.0,86620.0
1990-10-22 00:00:00+00:00,11.75,59.7,0.0,0.0,0.0,266.3,5.38,320.0,86610.0
1990-10-22 01:00:00+00:00,10.69,61.75,0.0,0.0,0.0,259.45,4.28,322.0,86580.0
1990-10-22 02:00:00+00:00,10.03,64.0,0.0,0.0,0.0,248.1,3.79,321.0,86540.0
1990-10-22 03:00:00+00:00,9.76,66.35,0.0,0.0,0.0,257.75,3.66,319.0,86530.0
1990-10-22 04:00:00+00:00,9.65,66.35,0.0,0.0,0.0,270.95,3.72,321.0,86550.0
1990-10-22 05:00:00+00:00,9.15,66.25,0.0,0.0,0.0,253.15,3.52,329.0,86580.0
1990-10-22 06:00:00+00:00,9.0,66.25,0.0,0.0,0.0,272.85,3.59,333.0,86590.0
1990-10-22 07:00:00+00:00,8.96,63.8,80.0,403.03,35.0,256.8,4.14,331.0,86530.0
1990-10-22 08:00:00+00:00,10.13,57.15,293.0,649.57,88.0,259.3,4.41,331.0,86570.0
1990-10-22 09:00:00+00:00,12.08,42.55,487.0,714.35,136.0,243.85,5.24,329.0,86610.0
1990-10-22 10:00:00+00:00,14.11,31.65,666.0,853.32,131.0,251.2,5.52,326.0,86630.0
1990-10-22 11:00:00+00:00,15.78,26.25,766.0,858.15,154.0,252.95,5.59,323.0,86590.0
1990-10-22 12:00:00+00:00,17.17,21.85,795.0,837.26,172.0,256.8,5.45,320.0,86540.0
1990-10-22 13:00:00+00:00,18.17,19.65,768.0,844.43,162.0,259.5,5.17,317.0,86470.0
1990-10-22 14:00:00+00:00,18.61,19.0,663.0,797.66,156.0,263.95,5.03,321.0,86450.0
1990-10-22 15:00:00+00:00,18.55,19.0,511.0,766.49,125.0,268.6,5.31,329.0,86430.0
1990-10-22 16:00:00+00:00,17.62,22.0,312.0,668.52,91.0,265.5,6.0,338.0,86430.0
1990-10-22 17:00:00+00:00,15.78,27.3,94.0,381.72,45.0,259.3,6.83,345.0,86440.0
1990-10-22 18:00:00+00:00,13.51,32.8,0.0,0.0,0.0,258.95,6.28,349.0,86480.0
1990-10-22 19:00:00+00:00,12.73,38.0,0.0,0.0,0.0,255.45,5.86,346.0,86550.0
1990-10-22 20:00:00+00:00,11.24,47.45,0.0,0.0,0.0,254.3,5.52,349.0,86630.0
1990-10-22 21:00:00+00:00,10.25,55.05,0.0,0.0,0.0,261.85,4.76,351.0,86670.0
1990-10-22 22:00:00+00:00,9.47,57.05,0.0,0.0,0.0,253.5,3.93,351.0,86710.0
1990-10-22 23:00:00+00:00,8.87,59.15,0.0,0.0,0.0,248.1,3.1,346.0,86720.0
1990-10-23 00:00:00+00:00,8.13,63.6,0.0,0.0,0.0,243.65,2.55,337.0,86690.0
1990-10-23 01:00:00+00:00,7.48,63.5,0.0,0.0,0.0,245.7,2.21,331.0,86680.0
1990-10-23 02:00:00+00:00,6.92,65.85,0.0,0.0,0.0,245.95,1.86,331.0,86660.0
1990-10-23 03:00:00+00:00,6.76,65.85,0.0,0.0,0.0,254.5,1.38,334.0,86700.0
1990-10-23 04:00:00+00:00,6.16,73.65,0.0,0.0,0.0,238.4,0.97,342.0,86730.0
1990-10-23 05:00:00+00:00,6.38,68.3,0.0,0.0,0.0,232.2,0.76,332.0,86790.0
1990-10-23 06:00:00+00:00,5.01,73.45,0.0,0.0,0.0,230.65,1.24,322.0,86840.0
1990-10-23 07:00:00+00:00,5.0,70.7,77.0,386.36,35.0,228.55,1.24,322.0,86860.0
1990-10-23 08:00:00+00:00,6.68,63.25,289.0,637.09,90.0,227.4,1.1,339.0,86940.0
1990-10-23 09:00:00+00:00,9.97,40.4,487.0,729.75,131.0,232.8,1.24,344.0,87000.0
1990-10-23 10:00:00+00:00,12.33,30.05,660.0,840.83,136.0,239.4,1.1,341.0,87030.0
1990-10-23 11:00:00+00:00,14.64,22.25,754.0,827.71,167.0,244.4,1.17,328.0,86970.0
1990-10-23 12:00:00+00:00,16.76,17.75,793.0,839.23,172.0,249.85,0.97,290.0,86920.0
1990-10-23 13:00:00+00:00,18.6,13.7,765.0,846.61,161.0,254.5,1.45,246.0,86860.0
1990-10-23 14:00:00+00:00,20.11,10.9,668.0,829.9,144.0,257.6,2.21,231.0,86800.0
1990-10-23 15:00:00+00:00,21.08,10.2,511.0,782.86,120.0,259.5,2.28,236.0,86790.0
1990-10-23 16:00:00+00:00,21.28,10.2,310.0,679.77,88.0,260.3,1.86,269.0,86790.0
1990-10-23 17:00:00+00:00,20.51,11.5,92.0,401.38,42.0,259.3,2.41,319.0,86830.0
1990-10-23 18:00:00+00:00,18.56,14.85,0.0,0.0,0.0,255.25,3.38,342.0,86870.0
1990-10-23 19:00:00+00:00,17.14,18.6,0.0,0.0,0.0,254.3,2.76,335.0,86960.0
1990-10-23 20:00:00+00:00,15.48,22.4,0.0,0.0,0.0,249.85,2.21,324.0,87050.0
1990-10-23 21:00:00+00:00,13.88,26.0,0.0,0.0,0.0,246.95,2.07,318.0,87130.0
1990-10-23 22:00:00+00:00,12.36,31.25,0.0,0.0,0.0,244.6,1.93,317.0,87210.0
1990-10-23 23:00:00+00:00,11.0,36.15,0.0,0.0,0.0,243.05,1.86,318.0,87260.0
1990-10-24 00:00:00+00:00,9.71,40.25,0.0,0.0,0.0,242.1,1.66,319.0,87270.0
1990-10-24 01:00:00+00:00,8.36,45.0,0.0,0.0,0.0,241.6,1.45,319.0,87270.0
1990-10-24 02:00:00+00:00,7.52,50.35,0.0,0.0,0.0,241.3,1.24,320.0,87230.0
1990-10-24 03:00:00+00:00,7.09,48.25,0.0,0.0,0.0,240.35,1.17,322.0,87240.0
1990-10-24 04:00:00+00:00,7.0,46.4,0.0,0.0,0.0,240.15,1.03,324.0,87270.0
1990-10-24 05:00:00+00:00,7.28,41.3,0.0,0.0,0.0,239.6,0.97,328.0,87310.0
1990-10-24 06:00:00+00:00,7.51,38.1,0.0,0.0,0.0,239.6,0.9,326.0,87330.0
1990-10-24 07:00:00+00:00,6.56,37.85,73.0,359.38,35.0,237.85,0.62,322.0,87380.0
1990-10-24 08:00:00+00:00,9.5,30.4,284.0,624.4,91.0,242.1,0.28,343.0,87450.0
1990-10-24 09:00:00+00:00,13.08,23.7,480.0,714.43,134.0,248.3,0.55,115.0,87520.0
1990-10-24 10:00:00+00:00,15.77,23.3,655.0,839.52,135.0,255.65,0.97,137.0,87540.0
1990-10-24 11:00:00+00:00,18.27,19.65,758.0,857.91,153.0,262.2,1.59,156.0,87520.0
1990-10-24 12:00:00+00:00,20.54,16.6,806.0,901.0,143.0,269.0,2.41,171.0,87480.0
1990-10-24 13:00:00+00:00,22.29,14.45,772.0,892.49,139.0,273.65,3.17,181.0,87400.0
1990-10-24 14:00:00+00:00,23.39,13.0,666.0,844.99,136.0,276.75,3.66,185.0,87360.0
1990-10-24 15:00:00+00:00,23.85,13.1,506.0,779.23,120.0,277.7,3.86,186.0,87330.0
1990-10-24 16:00:00+00:00,23.76,13.1,306.0,675.67,88.0,277.1,3.93,183.0,87350.0
1990-10-24 17:00:00+00:00,22.97,14.05,87.0,372.39,42.0,274.05,3.79,178.0,87360.0
1990-10-24 18:00:00+00:00,21.23,16.05,0.0,0.0,0.0,269.95,3.03,167.0,87410.0
1990-10-24 19:00:00+00:00,19.45,18.45,0.0,0.0,0.0,264.95,2.62,170.0,87500.0
1990-10-24 20:00:00+00:00,18.07,22.1,0.0,0.0,0.0,262.05,1.52,161.0,87580.0
1990-10-24 21:00:00+00:00,17.72,22.9,0.0,0.0,0.0,259.5,0.9,136.0,87620.0
1990-10-24 22:00:00+00:00,17.51,22.0,0.0,0.0,0.0,257.6,0.83,117.0,87690.0
1990-10-24 23:00:00+00:00,16.54,22.65,0.0,0.0,0.0,256.05,0.55,102.0,87700.0
1990-10-25 00:00:00+00:00,15.65,24.25,0.0,0.0,0.0,254.3,0.21,100.0,87740.0
1990-10-25 01:00:00+00:00,14.81,25.1,0.0,0.0,0.0,252.85,0.14,3.0,87700.0
1990-10-25 02:00:00+00:00,13.99,24.95,0.0,0.0,0.0,251.4,0.41,332.0,87670.0
1990-10-25 03:00:00+00:00,13.26,26.75,0.0,0.0,0.0,249.45,0.55,315.0,87660.0
1990-10-25 04:00:00+00:00,12.71,27.75,0.0,0.0,0.0,248.1,0.76,308.0,87670.0
1990-10-25 05:00:00+00:00,12.16,28.75,0.0,0.0,0.0,246.95,0.97,311.0,87690.0
1990-10-25 06:00:00+00:00,11.57,29.75,0.0,0.0,0.0,246.15,1.1,315.0,87720.0
1990-10-25 07:00:00+00:00,11.0,30.85,70.0,340.65,35.0,246.35,0.97,313.0,87730.0
1990-10-25 08:00:00+00:00,12.05,28.75,284.0,653.99,84.0,252.55,0.55,305.0,87780.0
1990-10-25 09:00:00+00:00,15.07,26.25,472.0,696.84,137.0,258.35,0.28,285.0,87810.0
1990-10-25 10:00:00+00:00,18.43,19.0,646.0,820.33,141.0,270.75,0.28,219.0,87830.0
1990-10-25 11:00:00+00:00,20.89,16.05,580.0,336.56,344.0,273.65,0.83,201.0,87780.0
1990-10-25 12:00:00+00:00,22.97,13.0,706.0,587.65,276.0,283.9,1.59,196.0,87730.0
1990-10-25 13:00:00+00:00,24.45,10.85,656.0,519.09,290.0,290.3,2.21,194.0,87630.0
1990-10-25 14:00:00+00:00,25.4,9.7,695.0,959.75,97.0,299.4,2.69,195.0,87560.0
1990-10-25 15:00:00+00:00,25.78,9.0,494.0,746.98,127.0,306.55,3.03,198.0,87520.0
1990-10-25 16:00:00+00:00,25.49,8.65,279.0,520.77,113.0,303.85,3.17,201.0,87510.0
1990-10-25 17:00:00+00:00,25.05,8.9,54.0,68.27,46.0,310.4,2.76,203.0,87510.0
1990-10-25 18:00:00+00:00,23.67,10.65,0.0,0.0,0.0,304.2,1.86,201.0,87530.0
1990-10-25 19:00:00+00:00,22.03,13.3,0.0,0.0,0.0,291.45,1.52,212.0,87580.0
1990-10-25 20:00:00+00:00,20.54,15.3,0.0,0.0,0.0,285.45,1.03,244.0,87630.0
1990-10-25 21:00:00+00:00,18.72,17.5,0.0,0.0,0.0,276.35,1.1,274.0,87660.0
1990-10-25 22:00:00+00:00,16.96,20.2,0.0,0.0,0.0,275.2,0.97,285.0,87680.0
1990-10-25 23:00:00+00:00,15.3,23.3,0.0,0.0,0.0,273.85,0.97,295.0,87690.0
1990-10-26 00:00:00+00:00,13.61,26.9,0.0,0.0,0.0,275.75,1.1,302.0,87680.0
1990-10-26 01:00:00+00:00,12.29,28.85,0.0,0.0,0.0,279.35,1.17,304.0,87650.0
1990-10-26 02:00:00+00:00,11.47,32.25,0.0,0.0,0.0,276.35,1.24,307.0,87630.0
1990-10-26 03:00:00+00:00,11.01,33.4,0.0,0.0,0.0,276.15,1.24,308.0,87620.0
1990-10-26 04:00:00+00:00,10.22,35.85,0.0,0.0,0.0,270.55,1.31,304.0,87630.0
1990-10-26 05:00:00+00:00,9.66,38.7,0.0,0.0,0.0,270.35,1.31,303.0,87630.0
1990-10-26 06:00:00+00:00,9.48,38.7,0.0,0.0,0.0,270.35,1.24,303.0,87650.0
1990-10-26 07:00:00+00:00,9.89,35.85,64.0,300.8,34.0,267.05,0.97,300.0,87640.0
1990-10-26 08:00:00+00:00,13.57,28.0,210.0,247.92,135.0,271.1,0.69,302.0,87680.0
1990-10-26 09:00:00+00:00,17.76,24.75,437.0,578.41,161.0,278.5,0.55,296.0,87720.0
1990-10-26 10:00:00+00:00,21.56,18.2,611.0,730.64,164.0,292.2,0.48,269.0,87700.0
1990-10-26 11:00:00+00:00,23.76,17.25,720.0,793.15,167.0,310.6,0.76,245.0,87680.0
1990-10-26 12:00:00+00:00,25.46,15.15,775.0,867.2,144.0,320.65,1.38,240.0,87580.0
1990-10-26 13:00:00+00:00,26.78,14.7,470.0,151.23,364.0,326.3,2.14,238.0,87520.0
1990-10-26 14:00:00+00:00,27.72,13.8,243.0,6.46,239.0,328.8,2.48,256.0,87430.0
1990-10-26 15:00:00+00:00,28.04,13.35,269.0,73.87,233.0,326.85,2.69,274.0,87390.0
1990-10-26 16:00:00+00:00,27.93,13.8,142.0,34.93,131.0,325.5,3.1,293.0,87370.0
1990-10-26 17:00:00+00:00,27.06,15.4,49.0,61.62,42.0,323.75,3.38,305.0,87380.0
1990-10-26 18:00:00+00:00,25.3,18.3,0.0,0.0,0.0,310.8,3.38,322.0,87430.0
1990-10-26 19:00:00+00:00,23.76,23.5,0.0,0.0,0.0,303.85,3.93,328.0,87510.0
1990-10-26 20:00:00+00:00,22.03,29.05,0.0,0.0,0.0,295.9,4.0,332.0,87590.0
1990-10-26 21:00:00+00:00,20.39,33.3,0.0,0.0,0.0,292.4,3.66,327.0,87630.0
1990-10-26 22:00:00+00:00,18.87,38.2,0.0,0.0,0.0,288.95,3.38,321.0,87660.0
1990-10-26 23:00:00+00:00,17.53,42.3,0.0,0.0,0.0,285.65,2.97,320.0,87660.0
1990-10-27 00:00:00+00:00,16.3,48.65,0.0,0.0,0.0,282.75,2.48,321.0,87640.0
1990-10-27 01:00:00+00:00,14.99,50.35,0.0,0.0,0.0,279.15,2.21,317.0,87600.0
1990-10-27 02:00:00+00:00,13.79,55.9,0.0,0.0,0.0,276.15,1.93,315.0,87560.0
1990-10-27 03:00:00+00:00,12.81,57.9,0.0,0.0,0.0,274.05,1.79,311.0,87540.0
1990-10-27 04:00:00+00:00,11.95,59.85,0.0,0.0,0.0,272.5,1.72,307.0,87530.0
1990-10-27 05:00:00+00:00,11.26,64.25,0.0,0.0,0.0,271.9,1.66,306.0,87540.0
1990-10-27 06:00:00+00:00,10.49,61.75,0.0,0.0,0.0,271.7,1.59,306.0,87570.0
1990-10-27 07:00:00+00:00,10.09,64.0,59.0,258.53,34.0,273.25,1.38,302.0,87540.0
1990-10-27 08:00:00+00:00,13.48,50.0,262.0,584.92,87.0,277.3,1.03,309.0,87580.0
1990-10-27 09:00:00+00:00,18.55,34.05,460.0,728.5,115.0,285.45,0.83,316.0,87620.0
1990-10-27 10:00:00+00:00,21.65,27.85,623.0,812.53,129.0,297.25,0.48,332.0,87610.0
1990-10-27 11:00:00+00:00,23.89,25.35,723.0,839.55,141.0,307.1,0.41,339.0,87580.0
1990-10-27 12:00:00+00:00,25.57,23.15,760.0,851.38,144.0,314.85,0.28,319.0,87480.0
1990-10-27 13:00:00+00:00,26.73,22.4,724.0,828.05,147.0,322.05,0.69,284.0,87410.0
1990-10-27 14:00:00+00:00,27.45,21.0,625.0,792.0,138.0,326.65,1.45,292.0,87330.0
1990-10-27 15:00:00+00:00,27.73,21.8,473.0,736.5,117.0,327.85,2.83,305.0,87320.0
1990-10-27 16:00:00+00:00,27.24,24.25,269.0,543.09,100.0,333.05,3.72,324.0,87300.0
1990-10-27 17:00:00+00:00,26.09,27.85,75.0,345.2,37.0,342.15,4.9,324.0,87330.0
1990-10-27 18:00:00+00:00,24.05,34.25,0.0,0.0,0.0,329.0,5.17,324.0,87360.0
1990-10-27 19:00:00+00:00,22.72,39.15,0.0,0.0,0.0,330.75,5.31,331.0,87400.0
1990-10-27 20:00:00+00:00,21.34,44.85,0.0,0.0,0.0,325.7,4.55,327.0,87470.0
1990-10-27 21:00:00+00:00,20.15,49.7,0.0,0.0,0.0,312.95,4.0,321.0,87510.0
1990-10-27 22:00:00+00:00,19.22,53.15,0.0,0.0,0.0,311.4,3.45,322.0,87510.0
1990-10-27 23:00:00+00:00,18.32,56.85,0.0,0.0,0.0,309.05,2.83,321.0,87500.0
1990-10-28 00:00:00+00:00,17.26,60.85,0.0,0.0,0.0,301.3,2.34,321.0,87470.0
1990-10-28 01:00:00+00:00,16.33,65.25,0.0,0.0,0.0,303.55,2.21,321.0,87440.0
1990-10-28 02:00:00+00:00,15.67,69.9,0.0,0.0,0.0,309.85,2.21,323.0,87400.0
1990-10-28 03:00:00+00:00,14.82,69.9,0.0,0.0,0.0,297.85,2.28,323.0,87370.0
1990-10-28 04:00:00+00:00,14.12,74.95,0.0,0.0,0.0,296.3,2.21,320.0,87360.0
1990-10-28 05:00:00+00:00,13.69,77.6,0.0,0.0,0.0,300.35,2.07,318.0,87370.0
1990-10-28 06:00:00+00:00,13.23,80.35,0.0,0.0,0.0,293.2,1.93,319.0,87370.0
1990-10-28 07:00:00+00:00,13.23,80.35,60.0,309.66,31.0,301.1,1.93,314.0,87360.0
1990-10-28 08:00:00+00:00,15.27,69.9,255.0,567.87,87.0,306.15,1.59,320.0,87430.0
1990-10-28 09:00:00+00:00,18.61,56.95,447.0,689.41,123.0,314.1,1.38,339.0,87470.0
1990-10-28 10:00:00+00:00,20.98,48.2,612.0,799.48,129.0,320.1,1.45,1.0,87480.0
1990-10-28 11:00:00+00:00,22.84,40.6,712.0,827.0,142.0,324.75,0.83,40.0,87450.0
1990-10-28 12:00:00+00:00,24.16,35.5,720.0,735.28,191.0,325.9,0.34,100.0,87370.0
1990-10-28 13:00:00+00:00,25.05,30.95,716.0,828.61,142.0,337.7,0.41,275.0,87300.0
1990-10-28 14:00:00+00:00,25.71,27.85,601.0,721.92,160.0,344.1,1.38,290.0,87230.0
1990-10-28 15:00:00+00:00,25.94,25.85,405.0,452.58,188.0,332.5,2.41,298.0,87220.0
1990-10-28 16:00:00+00:00,25.43,24.9,283.0,666.68,78.0,345.85,2.97,303.0,87210.0
1990-10-28 17:00:00+00:00,24.48,25.6,71.0,328.2,36.0,335.4,2.83,297.0,87210.0
1990-10-28 18:00:00+00:00,23.61,27.35,0.0,0.0,0.0,340.0,2.48,272.0,87240.0
1990-10-28 19:00:00+00:00,21.64,38.9,0.0,0.0,0.0,326.85,1.59,246.0,87270.0
1990-10-28 20:00:00+00:00,20.83,41.55,0.0,0.0,0.0,320.1,1.59,286.0,87320.0
1990-10-28 21:00:00+00:00,19.69,46.1,0.0,0.0,0.0,309.85,1.79,316.0,87350.0
1990-10-28 22:00:00+00:00,18.23,51.0,0.0,0.0,0.0,295.7,1.86,329.0,87380.0
1990-10-28 23:00:00+00:00,17.05,54.6,0.0,0.0,0.0,300.75,1.93,332.0,87380.0
1990-10-29 00:00:00+00:00,15.83,58.45,0.0,0.0,0.0,295.7,1.72,331.0,87360.0
1990-10-29 01:00:00+00:00,14.55,62.65,0.0,0.0,0.0,286.7,1.59,323.0,87330.0
1990-10-29 02:00:00+00:00,13.37,67.15,0.0,0.0,0.0,288.15,1.45,318.0,87290.0
1990-10-29 03:00:00+00:00,12.4,72.05,0.0,0.0,0.0,288.15,1.45,314.0,87290.0
1990-10-29 04:00:00+00:00,11.82,74.6,0.0,0.0,0.0,294.75,1.38,315.0,87300.0
1990-10-29 05:00:00+00:00,11.12,80.1,0.0,0.0,0.0,285.45,1.38,314.0,87310.0
1990-10-29 06:00:00+00:00,11.02,77.2,0.0,0.0,0.0,291.25,1.24,312.0,87340.0
1990-10-29 07:00:00+00:00,10.98,74.45,51.0,209.76,32.0,285.65,1.1,309.0,87350.0
1990-10-29 08:00:00+00:00,13.55,62.45,235.0,423.95,111.0,289.5,0.9,321.0,87410.0
1990-10-29 09:00:00+00:00,17.61,45.55,456.0,729.08,116.0,285.85,0.83,340.0,87490.0
1990-10-29 10:00:00+00:00,20.08,37.1,612.0,784.59,141.0,287.4,0.34,19.0,87490.0
1990-10-29 11:00:00+00:00,21.89,33.6,719.0,837.64,145.0,292.05,0.55,147.0,87480.0
1990-10-29 12:00:00+00:00,23.33,28.25,756.0,849.89,148.0,297.05,1.1,175.0,87420.0
1990-10-29 13:00:00+00:00,24.45,24.65,720.0,823.34,153.0,300.55,1.59,198.0,87360.0
1990-10-29 14:00:00+00:00,25.2,22.15,614.0,759.62,153.0,301.9,1.86,211.0,87310.0
1990-10-29 15:00:00+00:00,25.5,19.9,463.0,708.52,126.0,302.5,1.86,211.0,87280.0
1990-10-29 16:00:00+00:00,25.46,18.4,275.0,621.98,86.0,302.65,1.72,202.0,87270.0
1990-10-29 17:00:00+00:00,24.98,19.0,64.0,261.43,37.0,297.65,1.52,193.0,87270.0
1990-10-29 18:00:00+00:00,23.96,19.55,0.0,0.0,0.0,292.05,1.17,188.0,87310.0
1990-10-29 19:00:00+00:00,23.05,22.5,0.0,0.0,0.0,291.25,0.76,250.0,87370.0
1990-10-29 20:00:00+00:00,21.19,27.7,0.0,0.0,0.0,287.0,0.9,289.0,87440.0
1990-10-29 21:00:00+00:00,19.96,30.75,0.0,0.0,0.0,281.95,0.9,307.0,87520.0
1990-10-29 22:00:00+00:00,17.87,36.55,0.0,0.0,0.0,277.5,1.1,312.0,87560.0
1990-10-29 23:00:00+00:00,15.6,45.05,0.0,0.0,0.0,273.65,1.31,311.0,87580.0
1990-10-30 00:00:00+00:00,13.81,48.25,0.0,0.0,0.0,271.5,1.38,306.0,87600.0
1990-10-30 01:00:00+00:00,12.31,53.6,0.0,0.0,0.0,269.1,1.38,302.0,87560.0
1990-10-30 02:00:00+00:00,11.34,57.55,0.0,0.0,0.0,266.85,1.38,301.0,87550.0
1990-10-30 03:00:00+00:00,10.49,61.75,0.0,0.0,0.0,264.75,1.31,301.0,87550.0
1990-10-30 04:00:00+00:00,9.84,64.0,0.0,0.0,0.0,263.2,1.31,302.0,87550.0
1990-10-30 05:00:00+00:00,9.44,63.9,0.0,0.0,0.0,262.6,1.24,300.0,87570.0
1990-10-30 06:00:00+00:00,9.14,63.8,0.0,0.0,0.0,260.3,1.17,300.0,87600.0
1990-10-30 07:00:00+00:00,8.88,63.8,53.0,262.87,30.0,259.7,1.17,301.0,87610.0
1990-10-30 08:00:00+00:00,12.42,46.1,257.0,594.93,85.0,261.85,0.9,310.0,87680.0
1990-10-30 09:00:00+00:00,16.84,31.15,453.0,728.32,116.0,268.6,0.83,323.0,87740.0
1990-10-30 10:00:00+00:00,20.07,25.4,609.0,786.29,140.0,278.1,0.41,319.0,87780.0
1990-10-30 11:00:00+00:00,22.14,20.6,708.0,807.31,158.0,286.8,0.48,266.0,87750.0
1990-10-30 12:00:00+00:00,23.8,17.25,749.0,833.63,156.0,293.6,0.83,238.0,87680.0
1990-10-30 13:00:00+00:00,25.1,13.9,708.0,793.13,165.0,297.65,1.24,230.0,87610.0
1990-10-30 14:00:00+00:00,25.95,12.95,611.0,759.61,153.0,301.5,1.59,229.0,87530.0
1990-10-30 15:00:00+00:00,26.39,12.45,462.0,722.67,121.0,302.5,1.72,231.0,87500.0
1990-10-30 16:00:00+00:00,26.35,12.45,268.0,599.37,88.0,302.5,1.72,239.0,87510.0
1990-10-30 17:00:00+00:00,25.76,13.5,64.0,280.01,36.0,299.95,1.59,267.0,87510.0
1990-10-30 18:00:00+00:00,24.42,15.55,0.0,0.0,0.0,295.3,1.93,303.0,87540.0
1990-10-30 19:00:00+00:00,22.45,24.15,0.0,0.0,0.0,294.35,3.17,323.0,87610.0
1990-10-30 20:00:00+00:00,20.75,30.9,0.0,0.0,0.0,291.25,2.76,314.0,87680.0
1990-10-30 21:00:00+00:00,19.04,35.45,0.0,0.0,0.0,286.4,2.69,305.0,87750.0
1990-10-30 22:00:00+00:00,17.52,42.3,0.0,0.0,0.0,283.5,2.48,306.0,87780.0
1990-10-30 23:00:00+00:00,16.2,48.65,0.0,0.0,0.0,281.2,2.14,314.0,87810.0
1990-10-31 00:00:00+00:00,15.02,50.35,0.0,0.0,0.0,280.4,2.0,322.0,87810.0
1990-10-31 01:00:00+00:00,13.98,56.0,0.0,0.0,0.0,279.15,1.86,324.0,87790.0
1990-10-31 02:00:00+00:00,13.1,57.9,0.0,0.0,0.0,278.65,1.93,323.0,87770.0
1990-10-31 03:00:00+00:00,12.36,59.95,0.0,0.0,0.0,277.1,1.93,321.0,87790.0
1990-10-31 04:00:00+00:00,11.8,62.1,0.0,0.0,0.0,278.3,1.79,318.0,87770.0
1990-10-31 05:00:00+00:00,11.19,64.25,0.0,0.0,0.0,275.2,1.72,315.0,87800.0
1990-10-31 06:00:00+00:00,10.47,66.55,0.0,0.0,0.0,274.2,1.66,315.0,87810.0
1990-10-31 07:00:00+00:00,9.85,69.0,51.0,272.54,28.0,271.3,1.59,313.0,87850.0
1990-10-31 08:00:00+00:00,12.48,55.65,245.0,545.99,89.0,274.2,1.17,317.0,87890.0
1990-10-31 09:00:00+00:00,17.61,39.25,446.0,725.38,113.0,281.4,0.97,333.0,87960.0
1990-10-31 10:00:00+00:00,20.52,29.75,595.0,757.64,146.0,291.65,0.41,15.0,87980.0
1990-10-31 11:00:00+00:00,22.4,25.1,708.0,838.62,140.0,299.4,0.69,120.0,87940.0
1990-10-31 12:00:00+00:00,23.84,22.65,745.0,851.1,143.0,305.4,0.97,158.0,87870.0
1990-10-31 13:00:00+00:00,24.97,19.75,688.0,750.78,177.0,309.85,1.1,192.0,87790.0
1990-10-31 14:00:00+00:00,25.81,18.4,600.0,746.18,153.0,312.55,1.17,218.0,87700.0
1990-10-31 15:00:00+00:00,26.35,17.7,455.0,722.0,117.0,313.3,1.24,249.0,87670.0
1990-10-31 16:00:00+00:00,25.34,17.49,265.0,609.77,84.0,300.97,2.58,287.0,87660.0
1990-10-31 17:00:00+00:00,24.01,21.69,60.0,268.63,34.0,300.12,2.6,309.0,87670.0
1990-10-31 18:00:00+00:00,22.68,25.89,0.0,0.0,0.0,299.27,2.63,316.0,87710.0
1990-10-31 19:00:00+00:00,21.36,30.09,0.0,0.0,0.0,298.43,2.66,316.0,87780.0
1990-10-31 20:00:00+00:00,20.03,34.29,0.0,0.0,0.0,297.58,2.68,311.0,87840.0
1990-10-31 21:00:00+00:00,18.71,38.49,0.0,0.0,0.0,296.73,2.71,308.0,87880.0
1990-10-31 22:00:00+00:00,17.38,42.69,0.0,0.0,0.0,295.89,2.74,316.0,87940.0
1990-10-31 23:00:00+00:00,16.06,46.89,0.0,0.0,0.0,295.04,2.76,324.0,87930.0
1990-11-01 00:00:00+00:00,14.73,51.09,0.0,0.0,0.0,294.19,2.79,282.0,86940.0
1990-11-01 01:00:00+00:00,13.41,55.29,0.0,0.0,0.0,293.35,2.82,276.0,86920.0
1990-11-01 02:00:00+00:00,12.08,59.49,0.0,0.0,0.0,292.5,2.84,268.0,86850.0
1990-11-01 03:00:00+00:00,10.76,63.69,0.0,0.0,0.0,291.65,2.87,264.0,86820.0
1990-11-01 04:00:00+00:00,9.43,67.89,0.0,0.0,0.0,290.8,2.9,261.0,86810.0
1990-11-01 05:00:00+00:00,8.11,72.09,0.0,0.0,0.0,289.96,2.92,260.0,86820.0
1990-11-01 06:00:00+00:00,6.78,76.29,0.0,0.0,0.0,289.11,2.95,260.0,86830.0
1990-11-01 07:00:00+00:00,5.46,80.49,55.0,381.42,24.0,288.26,2.98,253.0,86880.0
1990-11-01 08:00:00+00:00,11.94,66.75,236.0,488.82,98.0,317.2,3.31,254.0,86920.0
1990-11-01 09:00:00+00:00,13.78,58.0,414.0,573.1,153.0,309.45,4.28,270.0,87010.0
1990-11-01 10:00:00+00:00,15.71,46.9,515.0,461.96,243.0,290.85,4.48,287.0,87050.0
1990-11-01 11:00:00+00:00,17.46,40.75,578.0,414.35,299.0,290.3,4.34,296.0,87070.0
1990-11-01 12:00:00+00:00,18.89,34.15,525.0,236.02,359.0,291.45,4.21,305.0,87050.0
1990-11-01 13:00:00+00:00,19.61,30.65,518.0,266.01,338.0,308.3,4.34,314.0,87020.0
1990-11-01 14:00:00+00:00,20.16,28.5,427.0,211.69,301.0,294.15,4.83,322.0,87010.0
1990-11-01 15:00:00+00:00,19.92,29.5,348.0,275.57,220.0,301.5,5.1,331.0,87040.0
1990-11-01 16:00:00+00:00,19.19,31.65,190.0,184.04,136.0,303.25,5.24,335.0,87080.0
1990-11-01 17:00:00+00:00,17.71,35.2,50.0,160.15,35.0,286.8,5.24,342.0,87130.0
1990-11-01 18:00:00+00:00,15.81,43.5,0.0,0.0,0.0,281.95,4.62,344.0,87190.0
1990-11-01 19:00:00+00:00,14.51,50.25,0.0,0.0,0.0,276.75,2.69,338.0,87220.0
1990-11-01 20:00:00+00:00,13.35,57.9,0.0,0.0,0.0,267.65,1.86,334.0,87280.0
1990-11-01 21:00:00+00:00,12.12,62.1,0.0,0.0,0.0,265.7,1.93,340.0,87340.0
1990-11-01 22:00:00+00:00,10.9,69.1,0.0,0.0,0.0,267.45,2.14,336.0,87410.0
1990-11-01 23:00:00+00:00,9.56,74.2,0.0,0.0,0.0,262.8,2.14,330.0,87440.0
1990-11-02 00:00:00+00:00,8.46,79.75,0.0,0.0,0.0,263.0,1.93,325.0,87480.0
1990-11-02 01:00:00+00:00,7.82,79.7,0.0,0.0,0.0,259.6,1.66,317.0,87470.0
1990-11-02 02:00:00+00:00,7.42,76.8,0.0,0.0,0.0,257.4,1.59,313.0,87470.0
1990-11-02 03:00:00+00:00,6.82,82.6,0.0,0.0,0.0,255.25,1.66,310.0,87480.0
1990-11-02 04:00:00+00:00,6.19,79.5,0.0,0.0,0.0,254.65,1.72,310.0,87490.0
1990-11-02 05:00:00+00:00,5.69,79.4,0.0,0.0,0.0,254.3,1.66,313.0,87510.0
1990-11-02 06:00:00+00:00,5.47,76.5,0.0,0.0,0.0,253.9,1.52,312.0,87550.0
1990-11-02 07:00:00+00:00,6.4,70.95,50.0,332.71,24.0,253.9,1.17,308.0,87590.0
1990-11-02 08:00:00+00:00,9.81,57.05,257.0,681.25,67.0,256.4,0.76,303.0,87670.0
1990-11-02 09:00:00+00:00,13.51,46.35,451.0,788.03,95.0,263.75,0.55,280.0,87680.0
1990-11-02 10:00:00+00:00,16.5,36.15,607.0,839.38,116.0,273.05,0.69,199.0,87690.0
1990-11-02 11:00:00+00:00,18.55,30.5,705.0,855.99,132.0,281.2,1.66,180.0,87670.0
1990-11-02 12:00:00+00:00,20.1,28.5,742.0,866.53,136.0,287.95,1.93,196.0,87600.0
1990-11-02 13:00:00+00:00,21.3,26.7,717.0,891.87,117.0,298.2,1.86,210.0,87520.0
1990-11-02 14:00:00+00:00,22.31,24.05,625.0,886.02,101.0,296.5,1.79,218.0,87440.0
1990-11-02 15:00:00+00:00,22.9,22.4,458.0,765.9,105.0,297.05,1.52,229.0,87400.0
1990-11-02 16:00:00+00:00,22.96,22.4,273.0,713.59,66.0,294.95,1.17,248.0,87380.0
1990-11-02 17:00:00+00:00,22.31,24.05,65.0,441.4,25.0,290.5,1.1,281.0,87380.0
1990-11-02 18:00:00+00:00,20.45,34.45,0.0,0.0,0.0,282.95,1.17,300.0,87410.0
1990-11-02 19:00:00+00:00,17.91,49.15,0.0,0.0,0.0,277.5,1.31,286.0,87430.0
1990-11-02 20:00:00+00:00,15.85,52.4,0.0,0.0,0.0,272.85,1.52,311.0,87470.0
1990-11-02 21:00:00+00:00,13.7,58.0,0.0,0.0,0.0,268.4,1.72,315.0,87490.0
1990-11-02 22:00:00+00:00,12.01,62.1,0.0,0.0,0.0,265.9,1.72,308.0,87490.0
1990-11-02 23:00:00+00:00,10.55,69.1,0.0,0.0,0.0,265.3,1.66,303.0,87510.0
1990-11-03 00:00:00+00:00,9.47,71.5,0.0,0.0,0.0,266.5,1.52,303.0,87490.0
1990-11-03 01:00:00+00:00,8.76,74.05,0.0,0.0,0.0,264.25,1.38,304.0,87460.0
1990-11-03 02:00:00+00:00,8.33,71.35,0.0,0.0,0.0,262.6,1.17,307.0,87410.0
1990-11-03 03:00:00+00:00,7.92,68.6,0.0,0.0,0.0,257.4,1.17,308.0,87390.0
1990-11-03 04:00:00+00:00,7.4,68.5,0.0,0.0,0.0,257.0,1.24,308.0,87380.0
1990-11-03 05:00:00+00:00,7.18,65.95,0.0,0.0,0.0,256.4,1.17,306.0,87380.0
1990-11-03 06:00:00+00:00,6.93,65.95,0.0,0.0,0.0,255.65,1.1,299.0,87360.0
1990-11-03 07:00:00+00:00,7.08,63.5,44.0,253.31,25.0,254.65,0.83,302.0,87340.0
1990-11-03 08:00:00+00:00,9.99,51.0,255.0,686.08,66.0,256.6,0.41,319.0,87390.0
1990-11-03 09:00:00+00:00,13.82,53.85,452.0,805.62,91.0,262.8,0.14,90.0,87410.0
1990-11-03 10:00:00+00:00,17.59,26.9,612.0,874.17,104.0,272.5,0.62,165.0,87410.0
1990-11-03 11:00:00+00:00,19.9,22.5,708.0,877.58,124.0,281.2,1.17,189.0,87360.0
1990-11-03 12:00:00+00:00,21.71,18.2,753.0,920.34,113.0,288.75,1.86,197.0,87280.0
1990-11-03 13:00:00+00:00,23.02,16.4,716.0,895.56,117.0,294.75,2.34,203.0,87180.0
1990-11-03 14:00:00+00:00,23.81,15.35,596.0,769.14,144.0,297.65,2.41,210.0,87090.0
1990-11-03 15:00:00+00:00,24.15,15.45,459.0,784.93,100.0,298.4,2.0,211.0,87060.0
1990-11-03 16:00:00+00:00,24.02,16.6,269.0,707.76,66.0,297.65,1.59,214.0,87040.0
1990-11-03 17:00:00+00:00,23.29,19.3,63.0,444.91,24.0,293.0,1.31,221.0,87030.0
1990-11-03 18:00:00+00:00,21.31,28.8,0.0,0.0,0.0,286.05,1.38,216.0,87040.0
1990-11-03 19:00:00+00:00,19.32,36.8,0.0,0.0,0.0,280.8,1.17,219.0,87080.0
1990-11-03 20:00:00+00:00,18.58,31.65,0.0,0.0,0.0,275.75,0.83,227.0,87130.0
1990-11-03 21:00:00+00:00,17.4,35.05,0.0,0.0,0.0,271.5,0.28,250.0,87170.0
1990-11-03 22:00:00+00:00,15.77,40.35,0.0,0.0,0.0,269.75,0.28,10.0,87180.0
1990-11-03 23:00:00+00:00,14.21,44.75,0.0,0.0,0.0,270.55,0.41,18.0,87200.0
1990-11-04 00:00:00+00:00,12.78,51.65,0.0,0.0,0.0,270.75,0.41,359.0,87200.0
1990-11-04 01:00:00+00:00,11.91,55.4,0.0,0.0,0.0,264.05,0.34,340.0,87180.0
1990-11-04 02:00:00+00:00,11.15,55.3,0.0,0.0,0.0,263.4,0.34,323.0,87150.0
1990-11-04 03:00:00+00:00,10.65,57.3,0.0,0.0,0.0,261.85,0.41,314.0,87120.0
1990-11-04 04:00:00+00:00,10.35,57.15,0.0,0.0,0.0,261.45,0.34,317.0,87120.0
1990-11-04 05:00:00+00:00,9.99,57.15,0.0,0.0,0.0,259.3,0.21,318.0,87130.0
1990-11-04 06:00:00+00:00,9.64,57.05,0.0,0.0,0.0,259.1,0.21,304.0,87170.0
1990-11-04 07:00:00+00:00,8.67,61.3,41.0,222.67,25.0,255.25,0.41,310.0,87160.0
1990-11-04 08:00:00+00:00,10.46,53.1,250.0,676.36,66.0,256.4,0.14,305.0,87230.0
1990-11-04 09:00:00+00:00,13.43,60.05,447.0,801.01,91.0,261.85,0.41,151.0,87240.0
1990-11-04 10:00:00+00:00,16.76,36.3,593.0,807.21,127.0,269.4,1.31,164.0,87270.0
1990-11-04 11:00:00+00:00,18.84,31.65,698.0,857.07,131.0,277.7,1.86,185.0,87210.0
1990-11-04 12:00:00+00:00,20.63,27.6,738.0,883.62,127.0,284.65,2.41,201.0,87120.0
1990-11-04 13:00:00+00:00,22.07,23.15,710.0,891.71,117.0,289.5,2.76,210.0,87030.0
1990-11-04 14:00:00+00:00,23.08,20.85,611.0,859.61,109.0,293.55,2.97,212.0,86930.0
1990-11-04 15:00:00+00:00,23.55,20.85,456.0,793.12,96.0,294.35,2.97,211.0,86880.0
1990-11-04 16:00:00+00:00,23.45,20.85,264.0,691.03,68.0,293.2,2.97,207.0,86840.0
1990-11-04 17:00:00+00:00,22.73,21.55,58.0,389.23,25.0,288.75,3.1,200.0,86810.0
1990-11-04 18:00:00+00:00,21.05,24.7,0.0,0.0,0.0,281.95,3.1,189.0,86820.0
1990-11-04 19:00:00+00:00,19.31,30.5,0.0,0.0,0.0,277.3,3.52,191.0,86850.0
1990-11-04 20:00:00+00:00,17.92,32.65,0.0,0.0,0.0,273.05,3.03,194.0,86860.0
1990-11-04 21:00:00+00:00,16.45,36.15,0.0,0.0,0.0,268.8,2.07,196.0,86910.0
1990-11-04 22:00:00+00:00,14.69,48.4,0.0,0.0,0.0,273.85,1.24,202.0,86910.0
1990-11-04 23:00:00+00:00,14.03,44.75,0.0,0.0,0.0,272.5,0.97,208.0,86940.0
1990-11-05 00:00:00+00:00,13.42,46.2,0.0,0.0,0.0,267.65,0.83,231.0,86900.0
1990-11-05 01:00:00+00:00,12.5,47.85,0.0,0.0,0.0,265.25,0.83,250.0,86880.0
1990-11-05 02:00:00+00:00,12.12,47.75,0.0,0.0,0.0,264.95,0.62,239.0,86830.0
1990-11-05 03:00:00+00:00,11.37,51.25,0.0,0.0,0.0,255.85,0.48,235.0,86770.0
1990-11-05 04:00:00+00:00,10.56,53.1,0.0,0.0,0.0,252.35,0.62,267.0,86750.0
1990-11-05 05:00:00+00:00,9.77,57.05,0.0,0.0,0.0,250.2,0.69,261.0,86750.0
1990-11-05 06:00:00+00:00,9.07,56.9,0.0,0.0,0.0,247.5,0.62,248.0,86740.0
1990-11-05 07:00:00+00:00,8.21,61.3,38.0,203.8,24.0,241.9,0.9,276.0,86780.0
1990-11-05 08:00:00+00:00,9.3,59.15,245.0,658.95,68.0,246.15,0.97,260.0,86810.0
1990-11-05 09:00:00+00:00,13.02,44.5,417.0,651.12,130.0,255.05,1.24,236.0,86810.0
1990-11-05 10:00:00+00:00,16.33,34.8,584.0,779.46,137.0,261.25,1.72,236.0,86820.0
1990-11-05 11:00:00+00:00,18.77,27.2,386.0,80.59,333.0,278.3,2.28,245.0,86790.0
1990-11-05 12:00:00+00:00,20.3,22.65,585.0,389.77,317.0,292.4,2.83,253.0,86730.0
1990-11-05 13:00:00+00:00,21.43,19.55,524.0,300.96,325.0,301.7,3.24,264.0,86650.0
1990-11-05 14:00:00+00:00,22.07,18.3,629.0,937.35,85.0,299.0,3.59,275.0,86580.0
1990-11-05 15:00:00+00:00,22.03,18.95,446.0,752.48,107.0,295.3,3.72,288.0,86570.0
1990-11-05 16:00:00+00:00,21.37,22.0,260.0,684.42,68.0,281.75,4.28,308.0,86580.0
1990-11-05 17:00:00+00:00,19.47,29.35,56.0,378.09,25.0,273.85,5.17,328.0,86610.0
1990-11-05 18:00:00+00:00,17.04,36.4,0.0,0.0,0.0,275.6,5.31,338.0,86660.0
1990-11-05 19:00:00+00:00,15.23,45.05,0.0,0.0,0.0,275.4,4.83,338.0,86730.0
1990-11-05 20:00:00+00:00,13.95,51.9,0.0,0.0,0.0,275.75,3.86,331.0,86770.0
1990-11-05 21:00:00+00:00,13.04,55.75,0.0,0.0,0.0,275.95,3.03,321.0,86810.0
1990-11-05 22:00:00+00:00,12.17,62.1,0.0,0.0,0.0,270.55,2.62,312.0,86830.0
1990-11-05 23:00:00+00:00,11.57,66.75,0.0,0.0,0.0,276.35,2.41,307.0,86860.0
1990-11-06 00:00:00+00:00,10.74,71.7,0.0,0.0,0.0,282.95,2.14,309.0,86850.0
1990-11-06 01:00:00+00:00,10.12,74.3,0.0,0.0,0.0,287.3,1.79,314.0,86800.0
1990-11-06 02:00:00+00:00,9.57,77.0,0.0,0.0,0.0,279.85,1.72,320.0,86790.0
1990-11-06 03:00:00+00:00,8.68,79.75,0.0,0.0,0.0,253.9,1.66,328.0,86770.0
1990-11-06 04:00:00+00:00,7.75,82.7,0.0,0.0,0.0,254.3,1.52,329.0,86780.0
1990-11-06 05:00:00+00:00,6.86,85.75,0.0,0.0,0.0,254.1,1.59,328.0,86810.0
1990-11-06 06:00:00+00:00,6.07,82.55,0.0,0.0,0.0,251.2,1.59,324.0,86850.0
1990-11-06 07:00:00+00:00,5.65,82.5,0.0,0.0,0.0,241.7,1.45,316.0,86910.0
1990-11-06 08:00:00+00:00,7.98,68.7,241.0,644.88,70.0,241.15,0.97,322.0,86980.0
1990-11-06 09:00:00+00:00,12.04,47.75,435.0,754.94,105.0,251.75,0.55,6.0,87060.0
1990-11-06 10:00:00+00:00,14.78,37.15,589.0,803.97,131.0,257.95,0.9,103.0,87110.0
1990-11-06 11:00:00+00:00,17.05,32.5,698.0,868.78,130.0,263.0,1.86,121.0,87100.0
1990-11-06 12:00:00+00:00,18.85,28.25,747.0,930.19,111.0,270.15,2.41,136.0,87040.0
1990-11-06 13:00:00+00:00,20.09,24.45,707.0,888.25,123.0,276.15,2.28,149.0,86960.0
1990-11-06 14:00:00+00:00,21.0,23.65,615.0,887.67,103.0,281.2,2.28,158.0,86920.0
1990-11-06 15:00:00+00:00,21.43,22.0,455.0,807.26,94.0,282.15,2.41,163.0,86910.0
1990-11-06 16:00:00+00:00,21.31,22.9,263.0,713.51,65.0,281.2,2.69,165.0,86920.0
1990-11-06 17:00:00+00:00,20.56,24.6,55.0,390.99,24.0,279.25,2.76,163.0,86930.0
1990-11-06 18:00:00+00:00,19.26,28.25,0.0,0.0,0.0,275.0,2.41,157.0,86980.0
1990-11-06 19:00:00+00:00,18.11,31.55,0.0,0.0,0.0,272.3,2.34,147.0,87050.0
1990-11-06 20:00:00+00:00,16.82,34.9,0.0,0.0,0.0,269.0,1.86,144.0,87120.0
1990-11-06 21:00:00+00:00,15.19,45.05,0.0,0.0,0.0,266.1,1.45,140.0,87170.0
1990-11-06 22:00:00+00:00,15.07,41.75,0.0,0.0,0.0,263.95,1.17,130.0,87240.0
1990-11-06 23:00:00+00:00,15.56,37.4,0.0,0.0,0.0,261.85,0.97,111.0,87240.0
1990-11-07 00:00:00+00:00,14.73,40.1,0.0,0.0,0.0,259.3,0.83,94.0,87250.0
1990-11-07 01:00:00+00:00,14.02,41.5,0.0,0.0,0.0,257.3,0.62,74.0,87200.0
1990-11-07 02:00:00+00:00,13.38,44.5,0.0,0.0,0.0,255.45,0.41,60.0,87170.0
1990-11-07 03:00:00+00:00,12.77,46.1,0.0,0.0,0.0,254.1,0.34,28.0,87160.0
1990-11-07 04:00:00+00:00,12.25,47.75,0.0,0.0,0.0,252.55,0.41,339.0,87180.0
1990-11-07 05:00:00+00:00,11.82,49.45,0.0,0.0,0.0,251.2,0.62,323.0,87200.0
1990-11-07 06:00:00+00:00,11.38,51.25,0.0,0.0,0.0,250.2,0.9,324.0,87220.0
1990-11-07 07:00:00+00:00,11.02,51.25,0.0,0.0,0.0,249.65,0.9,336.0,87300.0
1990-11-07 08:00:00+00:00,11.33,51.25,237.0,645.72,68.0,251.2,0.69,326.0,87330.0
1990-11-07 09:00:00+00:00,13.09,49.85,433.0,775.15,97.0,256.8,0.34,7.0,87390.0
1990-11-07 10:00:00+00:00,15.93,37.4,594.0,860.61,107.0,265.3,0.48,89.0,87430.0
1990-11-07 11:00:00+00:00,17.89,32.65,689.0,861.62,129.0,272.85,1.03,139.0,87420.0
1990-11-07 12:00:00+00:00,19.55,29.5,738.0,920.7,112.0,279.45,1.66,155.0,87360.0
1990-11-07 13:00:00+00:00,20.81,25.55,710.0,923.86,106.0,283.5,2.07,163.0,87260.0
1990-11-07 14:00:00+00:00,21.71,23.0,603.0,863.44,108.0,285.05,2.21,169.0,87210.0
1990-11-07 15:00:00+00:00,22.13,21.4,440.0,752.35,106.0,285.85,2.28,173.0,87160.0
1990-11-07 16:00:00+00:00,22.04,21.3,253.0,670.17,69.0,282.95,2.41,175.0,87170.0
1990-11-07 17:00:00+00:00,21.34,22.0,49.0,326.08,24.0,278.1,2.41,175.0,87180.0
1990-11-07 18:00:00+00:00,20.09,23.5,0.0,0.0,0.0,272.3,2.28,173.0,87210.0
1990-11-07 19:00:00+00:00,18.79,26.15,0.0,0.0,0.0,270.35,2.55,169.0,87270.0
1990-11-07 20:00:00+00:00,17.51,30.1,0.0,0.0,0.0,266.65,2.07,165.0,87340.0
1990-11-07 21:00:00+00:00,15.88,37.4,0.0,0.0,0.0,263.2,1.38,149.0,87360.0
1990-11-07 22:00:00+00:00,15.94,36.0,0.0,0.0,0.0,259.9,1.03,111.0,87430.0
1990-11-07 23:00:00+00:00,15.62,33.35,0.0,0.0,0.0,257.4,0.97,82.0,87430.0
1990-11-08 00:00:00+00:00,14.37,37.0,0.0,0.0,0.0,254.65,0.76,64.0,87450.0
1990-11-08 01:00:00+00:00,13.23,41.2,0.0,0.0,0.0,252.45,0.48,30.0,87420.0
1990-11-08 02:00:00+00:00,12.1,44.2,0.0,0.0,0.0,250.05,0.41,349.0,87400.0
1990-11-08 03:00:00+00:00,11.17,47.45,0.0,0.0,0.0,248.3,0.55,326.0,87390.0
1990-11-08 04:00:00+00:00,10.36,51.0,0.0,0.0,0.0,246.75,0.62,319.0,87410.0
1990-11-08 05:00:00+00:00,9.56,50.85,0.0,0.0,0.0,245.75,0.69,317.0,87430.0
1990-11-08 06:00:00+00:00,8.74,54.65,0.0,0.0,0.0,245.0,0.76,314.0,87430.0
1990-11-08 07:00:00+00:00,8.98,50.7,30.0,152.08,21.0,241.3,0.69,317.0,87480.0
1990-11-08 08:00:00+00:00,9.72,48.95,233.0,627.23,71.0,242.65,0.48,315.0,87480.0
1990-11-08 09:00:00+00:00,12.61,51.65,430.0,767.77,100.0,247.15,0.14,337.0,87530.0
1990-11-08 10:00:00+00:00,16.29,32.2,588.0,834.37,119.0,255.25,0.69,125.0,87570.0
1990-11-08 11:00:00+00:00,18.29,26.0,702.0,917.79,109.0,262.2,1.66,161.0,87520.0
1990-11-08 12:00:00+00:00,19.98,22.5,723.0,862.24,140.0,268.05,2.41,182.0,87440.0
1990-11-08 13:00:00+00:00,21.31,18.1,699.0,887.52,122.0,272.5,2.97,202.0,87340.0
1990-11-08 14:00:00+00:00,22.22,15.0,604.0,870.41,108.0,274.4,3.24,213.0,87250.0
1990-11-08 15:00:00+00:00,22.63,13.95,438.0,746.42,109.0,276.95,3.17,213.0,87210.0
1990-11-08 16:00:00+00:00,22.52,13.85,255.0,699.32,65.0,278.1,3.17,210.0,87180.0
1990-11-08 17:00:00+00:00,21.84,14.3,48.0,350.69,22.0,284.85,2.55,215.0,87170.0
1990-11-08 18:00:00+00:00,20.26,17.85,0.0,0.0,0.0,271.7,1.52,236.0,87200.0
1990-11-08 19:00:00+00:00,18.76,24.2,0.0,0.0,0.0,284.1,2.0,297.0,87290.0
1990-11-08 20:00:00+00:00,17.15,33.75,0.0,0.0,0.0,298.4,2.69,309.0,87320.0
1990-11-08 21:00:00+00:00,15.34,46.75,0.0,0.0,0.0,283.5,3.17,314.0,87390.0
1990-11-08 22:00:00+00:00,13.86,60.2,0.0,0.0,0.0,281.4,3.24,318.0,87430.0
1990-11-08 23:00:00+00:00,12.87,69.45,0.0,0.0,0.0,293.2,2.97,320.0,87460.0
1990-11-09 00:00:00+00:00,12.06,74.6,0.0,0.0,0.0,292.05,2.69,322.0,87450.0
1990-11-09 01:00:00+00:00,11.45,77.2,0.0,0.0,0.0,297.35,2.28,323.0,87410.0
1990-11-09 02:00:00+00:00,10.8,80.05,0.0,0.0,0.0,285.25,2.21,324.0,87380.0
1990-11-09 03:00:00+00:00,10.16,79.95,0.0,0.0,0.0,279.85,2.14,324.0,87350.0
1990-11-09 04:00:00+00:00,9.16,82.85,0.0,0.0,0.0,252.15,2.0,321.0,87340.0
1990-11-09 05:00:00+00:00,8.24,82.75,0.0,0.0,0.0,244.6,1.86,313.0,87360.0
1990-11-09 06:00:00+00:00,7.51,82.7,0.0,0.0,0.0,248.1,1.93,309.0,87370.0
1990-11-09 07:00:00+00:00,7.04,79.65,28.0,160.72,19.0,248.1,1.79,306.0,87410.0
1990-11-09 08:00:00+00:00,7.98,71.35,235.0,667.09,65.0,244.2,1.52,308.0,87430.0
1990-11-09 09:00:00+00:00,12.04,49.6,430.0,786.06,95.0,239.0,1.24,321.0,87470.0
1990-11-09 10:00:00+00:00,15.3,34.5,582.0,822.07,123.0,247.9,0.83,356.0,87480.0
1990-11-09 11:00:00+00:00,17.87,24.9,680.0,837.58,142.0,256.2,0.83,59.0,87450.0
1990-11-09 12:00:00+00:00,19.99,20.0,733.0,916.11,117.0,265.1,1.31,93.0,87370.0
1990-11-09 13:00:00+00:00,21.49,15.4,685.0,839.86,142.0,272.1,1.45,119.0,87310.0
1990-11-09 14:00:00+00:00,22.39,12.8,602.0,873.83,107.0,277.3,1.38,140.0,87250.0
1990-11-09 15:00:00+00:00,22.85,11.4,441.0,776.84,101.0,279.85,1.31,154.0,87230.0
1990-11-09 16:00:00+00:00,22.85,11.4,253.0,702.83,64.0,280.4,1.59,158.0,87210.0
1990-11-09 17:00:00+00:00,22.32,12.25,47.0,362.63,21.0,276.95,1.93,153.0,87220.0
1990-11-09 18:00:00+00:00,21.0,15.3,0.0,0.0,0.0,273.05,1.86,143.0,87230.0
1990-11-09 19:00:00+00:00,20.18,18.6,0.0,0.0,0.0,270.15,0.48,117.0,87280.0
1990-11-09 20:00:00+00:00,18.7,22.35,0.0,0.0,0.0,266.65,0.69,43.0,87320.0
1990-11-09 21:00:00+00:00,15.82,34.65,0.0,0.0,0.0,267.25,1.17,21.0,87380.0
1990-11-09 22:00:00+00:00,13.99,39.95,0.0,0.0,0.0,266.85,1.24,5.0,87420.0
1990-11-09 23:00:00+00:00,12.62,46.1,0.0,0.0,0.0,266.85,1.17,348.0,87430.0
1990-11-10 00:00:00+00:00,11.43,51.25,0.0,0.0,0.0,264.95,1.24,342.0,87440.0
1990-11-10 01:00:00+00:00,10.68,53.1,0.0,0.0,0.0,259.25,1.17,329.0,87420.0
1990-11-10 02:00:00+00:00,9.6,57.05,0.0,0.0,0.0,257.6,1.24,318.0,87370.0
1990-11-10 03:00:00+00:00,8.36,61.3,0.0,0.0,0.0,254.85,1.45,313.0,87370.0
1990-11-10 04:00:00+00:00,7.51,61.2,0.0,0.0,0.0,252.15,1.45,314.0,87350.0
1990-11-10 05:00:00+00:00,7.33,61.1,0.0,0.0,0.0,250.05,1.45,316.0,87380.0
1990-11-10 06:00:00+00:00,7.29,58.8,0.0,0.0,0.0,249.65,1.38,317.0,87390.0
1990-11-10 07:00:00+00:00,7.87,56.7,25.0,151.47,17.0,248.85,1.17,312.0,87430.0
1990-11-10 08:00:00+00:00,10.21,47.2,225.0,624.51,68.0,251.2,0.83,309.0,87480.0
1990-11-10 09:00:00+00:00,13.16,41.2,421.0,771.51,95.0,256.4,0.55,328.0,87520.0
1990-11-10 10:00:00+00:00,16.35,31.0,575.0,824.01,118.0,265.7,0.14,37.0,87540.0
1990-11-10 11:00:00+00:00,18.34,26.0,680.0,875.39,121.0,273.45,0.83,133.0,87510.0
1990-11-10 12:00:00+00:00,19.93,23.4,713.0,868.82,132.0,281.6,1.59,152.0,87450.0
1990-11-10 13:00:00+00:00,21.11,20.35,678.0,842.92,136.0,284.65,1.86,159.0,87370.0
1990-11-10 14:00:00+00:00,21.89,18.2,585.0,827.47,119.0,286.2,1.93,168.0,87280.0
1990-11-10 15:00:00+00:00,22.28,16.95,428.0,733.92,109.0,286.2,1.86,174.0,87260.0
1990-11-10 16:00:00+00:00,22.19,16.95,245.0,676.14,65.0,284.3,1.93,178.0,87240.0
1990-11-10 17:00:00+00:00,21.61,17.5,42.0,288.4,22.0,279.65,1.93,178.0,87240.0
1990-11-10 18:00:00+00:00,20.6,18.7,0.0,0.0,0.0,273.65,1.93,172.0,87270.0
1990-11-10 19:00:00+00:00,19.49,20.7,0.0,0.0,0.0,272.1,2.28,164.0,87300.0
1990-11-10 20:00:00+00:00,17.98,23.0,0.0,0.0,0.0,268.8,2.07,163.0,87340.0
1990-11-10 21:00:00+00:00,16.03,28.7,0.0,0.0,0.0,265.9,1.86,154.0,87410.0
1990-11-10 22:00:00+00:00,15.49,29.55,0.0,0.0,0.0,263.75,1.45,135.0,87430.0
1990-11-10 23:00:00+00:00,15.53,27.45,0.0,0.0,0.0,261.45,1.17,108.0,87440.0
1990-11-11 00:00:00+00:00,15.53,26.4,0.0,0.0,0.0,259.1,1.03,79.0,87440.0
1990-11-11 01:00:00+00:00,14.36,30.45,0.0,0.0,0.0,256.7,0.69,56.0,87400.0
1990-11-11 02:00:00+00:00,13.34,32.65,0.0,0.0,0.0,254.3,0.48,25.0,87390.0
1990-11-11 03:00:00+00:00,12.34,35.05,0.0,0.0,0.0,252.35,0.41,349.0,87340.0
1990-11-11 04:00:00+00:00,11.41,37.6,0.0,0.0,0.0,250.2,0.55,327.0,87340.0
1990-11-11 05:00:00+00:00,10.59,38.95,0.0,0.0,0.0,248.5,0.69,313.0,87340.0
1990-11-11 06:00:00+00:00,9.83,41.85,0.0,0.0,0.0,246.55,0.69,312.0,87360.0
1990-11-11 07:00:00+00:00,10.32,40.4,21.0,100.73,16.0,244.8,0.76,309.0,87420.0
1990-11-11 08:00:00+00:00,10.5,38.95,224.0,633.15,67.0,245.75,0.55,307.0,87470.0
1990-11-11 09:00:00+00:00,12.67,44.35,423.0,794.88,90.0,250.05,0.28,318.0,87490.0
1990-11-11 10:00:00+00:00,16.28,27.6,579.0,847.72,112.0,257.75,0.28,84.0,87520.0
1990-11-11 11:00:00+00:00,18.17,24.05,670.0,833.27,141.0,265.7,1.03,147.0,87480.0
1990-11-11 12:00:00+00:00,19.72,22.5,715.0,876.59,132.0,271.7,2.14,162.0,87420.0
1990-11-11 13:00:00+00:00,20.81,21.05,679.0,850.63,135.0,275.2,2.62,170.0,87300.0
1990-11-11 14:00:00+00:00,21.55,19.55,590.0,851.9,113.0,275.75,2.97,176.0,87210.0
1990-11-11 15:00:00+00:00,21.84,17.5,440.0,815.37,88.0,275.2,3.17,180.0,87150.0
1990-11-11 16:00:00+00:00,21.55,17.4,245.0,682.83,65.0,272.5,3.52,185.0,87130.0
1990-11-11 17:00:00+00:00,20.53,19.35,41.0,298.12,21.0,268.2,3.45,187.0,87140.0
1990-11-11 18:00:00+00:00,18.98,21.5,0.0,0.0,0.0,262.4,3.1,186.0,87160.0
1990-11-11 19:00:00+00:00,17.89,23.0,0.0,0.0,0.0,257.4,2.62,184.0,87180.0
1990-11-11 20:00:00+00:00,16.53,26.65,0.0,0.0,0.0,253.9,2.0,184.0,87220.0
1990-11-11 21:00:00+00:00,15.92,30.85,0.0,0.0,0.0,251.95,0.9,175.0,87240.0
1990-11-11 22:00:00+00:00,16.06,27.6,0.0,0.0,0.0,251.6,0.48,86.0,87240.0
1990-11-11 23:00:00+00:00,15.0,29.55,0.0,0.0,0.0,253.3,0.62,62.0,87240.0
1990-11-12 00:00:00+00:00,13.65,32.8,0.0,0.0,0.0,254.85,0.62,48.0,87240.0
1990-11-12 01:00:00+00:00,12.32,36.45,0.0,0.0,0.0,264.45,0.55,34.0,87200.0
1990-11-12 02:00:00+00:00,11.38,39.1,0.0,0.0,0.0,272.5,0.55,40.0,87150.0
1990-11-12 03:00:00+00:00,10.96,39.1,0.0,0.0,0.0,283.1,0.48,58.0,87110.0
1990-11-12 04:00:00+00:00,10.6,40.55,0.0,0.0,0.0,276.15,0.55,71.0,87090.0
1990-11-12 05:00:00+00:00,10.36,42.0,0.0,0.0,0.0,278.1,0.62,60.0,87120.0
1990-11-12 06:00:00+00:00,10.03,42.0,0.0,0.0,0.0,278.65,0.76,53.0,87120.0
1990-11-12 07:00:00+00:00,9.74,47.05,14.0,21.52,13.0,289.5,1.03,68.0,87160.0
1990-11-12 08:00:00+00:00,10.61,43.8,155.0,179.93,111.0,271.5,0.83,70.0,87190.0
1990-11-12 09:00:00+00:00,12.59,39.5,398.0,681.38,115.0,276.75,0.9,96.0,87250.0
1990-11-12 10:00:00+00:00,15.47,31.95,602.0,974.05,69.0,281.6,2.14,125.0,87270.0
1990-11-12 11:00:00+00:00,17.35,26.8,630.0,701.88,187.0,269.95,3.45,146.0,87200.0
1990-11-12 12:00:00+00:00,18.8,23.25,688.0,801.23,158.0,274.05,4.48,159.0,87080.0
1990-11-12 13:00:00+00:00,19.78,21.65,478.0,242.1,324.0,279.85,5.52,169.0,86980.0
1990-11-12 14:00:00+00:00,20.14,20.1,269.0,30.53,252.0,287.6,6.41,175.0,86870.0
1990-11-12 15:00:00+00:00,19.65,20.8,229.0,60.63,203.0,296.1,6.9,176.0,86850.0
1990-11-12 16:00:00+00:00,18.69,20.7,85.0,3.83,84.0,306.15,6.62,172.0,86860.0
1990-11-12 17:00:00+00:00,17.41,22.9,11.0,0.0,11.0,314.85,5.38,163.0,86890.0
1990-11-12 18:00:00+00:00,16.66,23.7,0.0,0.0,0.0,324.75,4.07,146.0,86910.0
1990-11-12 19:00:00+00:00,16.4,22.65,0.0,0.0,0.0,315.45,4.41,130.0,86930.0
1990-11-12 20:00:00+00:00,15.51,25.35,0.0,0.0,0.0,303.05,4.34,112.0,86960.0
1990-11-12 21:00:00+00:00,14.38,31.65,0.0,0.0,0.0,300.95,4.34,105.0,86990.0
1990-11-12 22:00:00+00:00,13.7,35.45,0.0,0.0,0.0,304.6,4.62,98.0,87030.0
1990-11-12 23:00:00+00:00,12.9,41.1,0.0,0.0,0.0,299.95,4.97,87.0,87040.0
1990-11-13 00:00:00+00:00,11.94,45.8,0.0,0.0,0.0,282.75,4.34,82.0,87040.0
1990-11-13 01:00:00+00:00,11.6,47.6,0.0,0.0,0.0,305.1,3.86,81.0,87030.0
1990-11-13 02:00:00+00:00,11.18,51.25,0.0,0.0,0.0,314.65,3.86,78.0,87000.0
1990-11-13 03:00:00+00:00,10.48,53.1,0.0,0.0,0.0,301.3,3.72,75.0,87000.0
1990-11-13 04:00:00+00:00,9.84,59.25,0.0,0.0,0.0,291.65,3.52,74.0,87000.0
1990-11-13 05:00:00+00:00,9.24,61.45,0.0,0.0,0.0,282.35,3.24,73.0,87010.0
1990-11-13 06:00:00+00:00,8.82,66.15,0.0,0.0,0.0,283.5,3.03,70.0,87020.0
1990-11-13 07:00:00+00:00,9.21,63.8,20.0,138.61,14.0,306.35,2.48,61.0,87080.0
1990-11-13 08:00:00+00:00,9.7,61.55,81.0,4.15,80.0,299.75,2.14,62.0,87140.0
1990-11-13 09:00:00+00:00,10.83,55.15,104.0,0.0,104.0,298.6,3.24,71.0,87160.0
1990-11-13 10:00:00+00:00,11.82,51.35,533.0,700.96,152.0,293.95,4.41,80.0,87200.0
1990-11-13 11:00:00+00:00,12.99,44.5,630.0,733.06,170.0,288.55,5.17,88.0,87150.0
1990-11-13 12:00:00+00:00,14.05,41.5,568.0,422.53,290.0,285.25,5.38,88.0,87100.0
1990-11-13 13:00:00+00:00,14.53,40.1,573.0,507.31,252.0,296.3,5.31,86.0,87030.0
1990-11-13 14:00:00+00:00,14.66,40.1,582.0,877.79,96.0,299.2,5.1,85.0,86960.0
1990-11-13 15:00:00+00:00,14.39,39.95,345.0,377.87,184.0,296.1,4.83,84.0,86940.0
1990-11-13 16:00:00+00:00,14.13,39.95,238.0,684.3,61.0,290.65,4.69,83.0,86950.0
1990-11-13 17:00:00+00:00,13.28,42.8,37.0,286.43,19.0,277.1,4.28,81.0,86960.0
1990-11-13 18:00:00+00:00,12.21,47.75,0.0,0.0,0.0,272.3,3.17,72.0,87000.0
1990-11-13 19:00:00+00:00,11.68,49.45,0.0,0.0,0.0,268.2,2.34,60.0,87060.0
1990-11-13 20:00:00+00:00,10.47,57.3,0.0,0.0,0.0,253.5,1.52,43.0,87100.0
1990-11-13 21:00:00+00:00,9.18,68.8,0.0,0.0,0.0,251.0,1.31,26.0,87110.0
1990-11-13 22:00:00+00:00,8.24,66.15,0.0,0.0,0.0,257.2,1.59,5.0,87140.0
1990-11-13 23:00:00+00:00,7.67,68.6,0.0,0.0,0.0,268.8,1.79,346.0,87140.0
1990-11-14 00:00:00+00:00,7.02,71.15,0.0,0.0,0.0,271.3,1.52,333.0,87110.0
1990-11-14 01:00:00+00:00,6.57,71.05,0.0,0.0,0.0,254.0,1.31,343.0,87100.0
1990-11-14 02:00:00+00:00,5.94,73.7,0.0,0.0,0.0,265.9,1.72,340.0,87030.0
1990-11-14 03:00:00+00:00,5.73,73.65,0.0,0.0,0.0,259.3,2.0,332.0,87010.0
1990-11-14 04:00:00+00:00,5.37,76.4,0.0,0.0,0.0,262.4,1.86,329.0,86960.0
1990-11-14 05:00:00+00:00,5.19,76.4,0.0,0.0,0.0,275.6,1.52,334.0,86950.0
1990-11-14 06:00:00+00:00,5.19,76.4,0.0,0.0,0.0,266.5,1.38,340.0,86930.0
1990-11-14 07:00:00+00:00,4.68,79.3,16.0,99.7,12.0,266.1,1.86,328.0,86960.0
1990-11-14 08:00:00+00:00,5.52,76.5,210.0,622.58,62.0,246.95,1.52,331.0,86980.0
1990-11-14 09:00:00+00:00,9.4,63.8,416.0,832.95,76.0,251.6,1.31,331.0,87000.0
1990-11-14 10:00:00+00:00,11.5,53.35,565.0,864.96,98.0,254.65,1.31,9.0,87010.0
1990-11-14 11:00:00+00:00,12.95,49.7,664.0,891.17,108.0,262.4,1.24,37.0,86960.0
1990-11-14 12:00:00+00:00,14.16,43.1,690.0,854.16,131.0,274.6,0.97,42.0,86890.0
1990-11-14 13:00:00+00:00,15.12,38.7,667.0,878.53,114.0,282.95,0.48,46.0,86810.0
1990-11-14 14:00:00+00:00,15.63,37.4,571.0,844.47,106.0,293.95,0.0,241.0,86750.0
1990-11-14 15:00:00+00:00,15.83,36.0,420.0,774.73,92.0,305.95,0.34,241.0,86730.0
1990-11-14 16:00:00+00:00,15.96,34.65,229.0,628.13,68.0,291.65,0.55,250.0,86740.0
1990-11-14 17:00:00+00:00,15.69,34.65,34.0,246.47,19.0,287.6,0.14,306.0,86740.0
1990-11-14 18:00:00+00:00,14.75,46.6,0.0,0.0,0.0,269.6,0.55,52.0,86760.0
1990-11-14 19:00:00+00:00,13.04,55.75,0.0,0.0,0.0,272.1,1.38,61.0,86810.0
1990-11-14 20:00:00+00:00,12.51,51.65,0.0,0.0,0.0,276.95,1.17,49.0,86830.0
1990-11-14 21:00:00+00:00,12.94,46.1,0.0,0.0,0.0,275.6,0.9,38.0,86860.0
1990-11-14 22:00:00+00:00,12.24,49.6,0.0,0.0,0.0,278.65,0.69,25.0,86890.0
1990-11-14 23:00:00+00:00,11.02,53.25,0.0,0.0,0.0,266.65,0.69,21.0,86910.0
1990-11-15 00:00:00+00:00,9.96,59.35,0.0,0.0,0.0,266.5,0.69,21.0,86910.0
1990-11-15 01:00:00+00:00,9.51,63.9,0.0,0.0,0.0,270.85,0.48,29.0,86910.0
1990-11-15 02:00:00+00:00,9.24,66.25,0.0,0.0,0.0,279.45,0.34,40.0,86850.0
1990-11-15 03:00:00+00:00,8.59,66.15,0.0,0.0,0.0,263.95,0.34,39.0,86840.0
1990-11-15 04:00:00+00:00,7.57,68.6,0.0,0.0,0.0,250.05,0.34,7.0,86830.0
1990-11-15 05:00:00+00:00,6.79,73.8,0.0,0.0,0.0,249.85,0.34,338.0,86840.0
1990-11-15 06:00:00+00:00,6.12,73.7,0.0,0.0,0.0,242.65,0.34,329.0,86850.0
1990-11-15 07:00:00+00:00,5.74,76.5,11.0,0.0,11.0,249.45,0.41,313.0,86880.0
1990-11-15 08:00:00+00:00,6.94,71.15,219.0,716.94,51.0,249.05,0.21,311.0,86940.0
1990-11-15 09:00:00+00:00,9.71,74.2,401.0,771.04,89.0,252.95,0.41,99.0,86990.0
1990-11-15 10:00:00+00:00,12.85,49.7,558.0,844.66,105.0,253.7,1.1,132.0,87030.0
1990-11-15 11:00:00+00:00,14.69,43.25,661.0,881.78,114.0,260.85,2.14,165.0,87010.0
1990-11-15 12:00:00+00:00,16.07,36.15,360.0,59.91,321.0,265.5,3.1,188.0,86940.0
1990-11-15 13:00:00+00:00,16.99,33.6,601.0,614.78,216.0,268.8,3.03,189.0,86870.0
1990-11-15 14:00:00+00:00,17.43,31.25,461.0,396.2,244.0,270.15,2.9,187.0,86780.0
1990-11-15 15:00:00+00:00,17.43,30.1,422.0,793.8,88.0,283.5,2.97,182.0,86750.0
1990-11-15 16:00:00+00:00,17.09,30.1,222.0,574.66,76.0,273.45,3.17,176.0,86760.0
1990-11-15 17:00:00+00:00,16.28,32.2,36.0,322.21,17.0,270.75,3.17,166.0,86760.0
1990-11-15 18:00:00+00:00,14.98,37.15,0.0,0.0,0.0,258.95,2.62,156.0,86800.0
1990-11-15 19:00:00+00:00,14.35,39.95,0.0,0.0,0.0,271.1,2.76,174.0,86860.0
1990-11-15 20:00:00+00:00,13.37,44.5,0.0,0.0,0.0,268.8,2.69,180.0,86920.0
1990-11-15 21:00:00+00:00,12.57,47.85,0.0,0.0,0.0,278.65,1.93,173.0,86950.0
1990-11-15 22:00:00+00:00,11.74,57.55,0.0,0.0,0.0,272.5,1.17,139.0,86970.0
1990-11-15 23:00:00+00:00,11.25,55.3,0.0,0.0,0.0,257.4,1.1,104.0,86980.0
1990-11-16 00:00:00+00:00,10.59,55.15,0.0,0.0,0.0,260.85,1.1,87.0,86980.0
1990-11-16 01:00:00+00:00,9.41,61.45,0.0,0.0,0.0,265.45,1.17,77.0,86950.0
1990-11-16 02:00:00+00:00,9.02,61.45,0.0,0.0,0.0,275.95,1.03,77.0,86920.0
1990-11-16 03:00:00+00:00,8.67,61.3,0.0,0.0,0.0,275.4,0.97,71.0,86910.0
1990-11-16 04:00:00+00:00,7.85,66.05,0.0,0.0,0.0,284.1,1.1,67.0,86910.0
1990-11-16 05:00:00+00:00,7.77,66.05,0.0,0.0,0.0,286.4,1.03,69.0,86900.0
1990-11-16 06:00:00+00:00,7.48,66.05,0.0,0.0,0.0,273.65,1.03,64.0,86920.0
1990-11-16 07:00:00+00:00,7.56,66.05,8.0,0.0,8.0,270.15,0.97,53.0,86970.0
1990-11-16 08:00:00+00:00,8.93,61.45,129.0,108.25,104.0,278.65,0.69,48.0,87000.0
1990-11-16 09:00:00+00:00,10.1,64.0,207.0,54.84,185.0,285.05,0.76,51.0,87050.0
1990-11-16 10:00:00+00:00,12.16,55.5,263.0,35.66,244.0,296.65,0.9,71.0,87060.0
1990-11-16 11:00:00+00:00,12.7,55.65,539.0,447.46,263.0,297.25,0.83,128.0,87050.0
1990-11-16 12:00:00+00:00,13.25,53.7,593.0,523.45,254.0,310.05,0.76,136.0,86990.0
1990-11-16 13:00:00+00:00,14.13,48.25,527.0,396.42,280.0,299.4,1.1,155.0,86880.0
1990-11-16 14:00:00+00:00,13.95,50.0,439.0,341.39,253.0,302.65,1.79,173.0,86800.0
1990-11-16 15:00:00+00:00,13.22,55.75,197.0,33.47,183.0,299.4,1.86,166.0,86760.0
1990-11-16 16:00:00+00:00,13.03,55.75,234.0,706.63,56.0,294.95,1.66,129.0,86790.0
1990-11-16 17:00:00+00:00,12.34,59.85,30.0,192.41,19.0,299.0,1.66,92.0,86810.0
1990-11-16 18:00:00+00:00,11.58,62.0,0.0,0.0,0.0,283.1,1.52,89.0,86810.0
1990-11-16 19:00:00+00:00,10.5,69.1,0.0,0.0,0.0,270.15,1.1,36.0,86880.0
1990-11-16 20:00:00+00:00,9.54,77.0,0.0,0.0,0.0,265.7,1.1,15.0,86910.0
1990-11-16 21:00:00+00:00,8.96,74.15,0.0,0.0,0.0,260.5,1.24,39.0,86910.0
1990-11-16 22:00:00+00:00,9.18,71.4,0.0,0.0,0.0,253.7,1.03,44.0,86900.0
1990-11-16 23:00:00+00:00,9.58,68.9,0.0,0.0,0.0,246.95,0.83,305.0,86940.0
1990-11-17 00:00:00+00:00,7.64,73.95,0.0,0.0,0.0,248.65,1.24,303.0,86950.0
1990-11-17 01:00:00+00:00,7.17,73.9,0.0,0.0,0.0,245.5,1.1,334.0,86900.0
1990-11-17 02:00:00+00:00,6.13,79.5,0.0,0.0,0.0,240.55,1.03,316.0,86850.0
1990-11-17 03:00:00+00:00,5.38,82.4,0.0,0.0,0.0,241.15,0.97,302.0,86850.0
1990-11-17 04:00:00+00:00,5.11,79.35,0.0,0.0,0.0,246.55,0.76,311.0,86830.0
1990-11-17 05:00:00+00:00,4.49,82.35,0.0,0.0,0.0,243.25,0.83,308.0,86850.0
1990-11-17 06:00:00+00:00,3.84,85.45,0.0,0.0,0.0,237.25,0.97,304.0,86860.0
1990-11-17 07:00:00+00:00,4.09,82.3,4.0,0.0,4.0,240.95,0.83,303.0,86910.0
1990-11-17 08:00:00+00:00,5.13,79.35,166.0,316.35,94.0,241.15,0.48,306.0,86910.0
1990-11-17 09:00:00+00:00,8.54,66.15,337.0,452.67,157.0,245.6,0.21,349.0,86950.0
1990-11-17 10:00:00+00:00,10.86,61.75,475.0,508.3,206.0,256.05,0.41,91.0,86960.0
1990-11-17 11:00:00+00:00,12.61,51.65,670.0,950.52,87.0,275.4,1.17,141.0,86910.0
1990-11-17 12:00:00+00:00,13.76,46.35,691.0,901.73,110.0,286.4,1.93,150.0,86830.0
1990-11-17 13:00:00+00:00,14.81,41.65,657.0,875.81,114.0,281.75,2.21,159.0,86740.0
1990-11-17 14:00:00+00:00,15.71,38.85,509.0,597.73,185.0,278.3,2.62,166.0,86650.0
1990-11-17 15:00:00+00:00,16.1,36.15,364.0,502.65,155.0,270.15,2.97,168.0,86590.0
1990-11-17 16:00:00+00:00,15.97,37.4,164.0,208.14,112.0,273.65,3.17,167.0,86580.0
1990-11-17 17:00:00+00:00,15.18,38.7,14.0,0.0,14.0,270.95,2.9,164.0,86580.0
1990-11-17 18:00:00+00:00,13.95,42.95,0.0,0.0,0.0,273.65,2.48,155.0,86600.0
1990-11-17 19:00:00+00:00,12.91,46.1,0.0,0.0,0.0,263.0,2.76,150.0,86570.0
1990-11-17 20:00:00+00:00,11.91,49.45,0.0,0.0,0.0,263.2,2.41,158.0,86610.0
1990-11-17 21:00:00+00:00,10.99,53.25,0.0,0.0,0.0,267.45,2.07,156.0,86630.0
1990-11-17 22:00:00+00:00,10.07,59.35,0.0,0.0,0.0,262.8,1.59,138.0,86640.0
1990-11-17 23:00:00+00:00,9.21,63.8,0.0,0.0,0.0,275.75,1.59,123.0,86600.0
1990-11-18 00:00:00+00:00,8.53,66.15,0.0,0.0,0.0,266.3,1.38,109.0,86580.0
1990-11-18 01:00:00+00:00,7.73,68.6,0.0,0.0,0.0,271.8,1.52,99.0,86530.0
1990-11-18 02:00:00+00:00,6.73,71.05,0.0,0.0,0.0,267.25,1.79,92.0,86450.0
1990-11-18 03:00:00+00:00,6.21,73.7,0.0,0.0,0.0,274.6,1.79,94.0,86400.0
1990-11-18 04:00:00+00:00,5.27,79.35,0.0,0.0,0.0,252.55,1.59,92.0,86340.0
1990-11-18 05:00:00+00:00,5.47,76.5,0.0,0.0,0.0,271.7,1.38,94.0,86340.0
1990-11-18 06:00:00+00:00,5.59,76.5,0.0,0.0,0.0,287.0,1.24,97.0,86320.0
1990-11-18 07:00:00+00:00,7.15,73.9,6.0,0.0,6.0,314.5,1.24,110.0,86290.0
1990-11-18 08:00:00+00:00,7.51,73.95,126.0,111.48,101.0,302.85,1.1,106.0,86320.0
1990-11-18 09:00:00+00:00,9.92,68.9,89.0,0.0,89.0,318.95,1.59,146.0,86340.0
1990-11-18 10:00:00+00:00,11.48,59.7,336.0,133.15,266.0,304.6,3.03,197.0,86340.0
1990-11-18 11:00:00+00:00,13.03,49.85,523.0,416.44,269.0,294.95,5.1,227.0,86280.0
1990-11-18 12:00:00+00:00,13.69,42.95,682.0,884.48,115.0,303.85,6.21,234.0,86230.0
1990-11-18 13:00:00+00:00,13.97,39.8,613.0,703.42,179.0,309.05,7.24,240.0,86160.0
1990-11-18 14:00:00+00:00,13.78,36.85,407.0,265.13,264.0,290.3,7.17,244.0,86090.0
1990-11-18 15:00:00+00:00,13.63,35.45,343.0,416.02,171.0,283.5,7.03,246.0,86070.0
1990-11-18 16:00:00+00:00,13.08,36.7,221.0,629.4,65.0,264.35,6.69,245.0,86070.0
1990-11-18 17:00:00+00:00,11.98,40.95,25.0,148.54,17.0,279.45,5.66,240.0,86070.0
1990-11-18 18:00:00+00:00,10.77,45.55,0.0,0.0,0.0,276.55,4.9,240.0,86080.0
1990-11-18 19:00:00+00:00,10.18,52.95,0.0,0.0,0.0,274.4,3.72,256.0,86120.0
1990-11-18 20:00:00+00:00,9.41,59.15,0.0,0.0,0.0,269.75,3.1,267.0,86130.0
1990-11-18 21:00:00+00:00,8.7,61.3,0.0,0.0,0.0,260.85,2.55,266.0,86180.0
1990-11-18 22:00:00+00:00,8.2,61.3,0.0,0.0,0.0,268.4,2.21,251.0,86210.0
1990-11-18 23:00:00+00:00,7.51,63.6,0.0,0.0,0.0,266.3,2.0,238.0,86210.0
1990-11-19 00:00:00+00:00,6.72,68.4,0.0,0.0,0.0,260.65,1.79,237.0,86210.0
1990-11-19 01:00:00+00:00,5.97,70.95,0.0,0.0,0.0,259.45,1.72,238.0,86170.0
1990-11-19 02:00:00+00:00,5.37,79.35,0.0,0.0,0.0,274.8,1.52,240.0,86130.0
1990-11-19 03:00:00+00:00,5.17,79.35,0.0,0.0,0.0,283.3,1.52,246.0,86130.0
1990-11-19 04:00:00+00:00,5.3,76.4,0.0,0.0,0.0,283.9,1.79,273.0,86150.0
1990-11-19 05:00:00+00:00,5.18,76.4,0.0,0.0,0.0,275.95,1.86,300.0,86180.0
1990-11-19 06:00:00+00:00,4.74,79.3,0.0,0.0,0.0,254.5,2.0,309.0,86200.0
1990-11-19 07:00:00+00:00,3.55,82.25,6.0,0.0,6.0,242.3,1.79,317.0,86190.0
1990-11-19 08:00:00+00:00,4.28,82.3,197.0,629.11,58.0,248.65,1.66,308.0,86240.0
1990-11-19 09:00:00+00:00,7.38,63.5,384.0,742.16,94.0,243.65,1.93,299.0,86270.0
1990-11-19 10:00:00+00:00,9.66,50.85,542.0,829.05,109.0,246.15,3.1,300.0,86280.0
1990-11-19 11:00:00+00:00,11.25,42.3,644.0,867.18,118.0,250.05,3.52,298.0,86260.0
1990-11-19 12:00:00+00:00,12.52,35.15,687.0,896.74,115.0,259.1,3.66,295.0,86200.0
1990-11-19 13:00:00+00:00,13.53,30.3,657.0,885.93,113.0,268.05,3.66,293.0,86130.0
1990-11-19 14:00:00+00:00,14.06,28.15,559.0,836.55,110.0,281.6,3.79,300.0,86040.0
1990-11-19 15:00:00+00:00,13.86,29.15,433.0,892.54,66.0,288.55,3.86,307.0,86040.0
1990-11-19 16:00:00+00:00,13.28,31.4,234.0,735.86,53.0,285.25,4.28,316.0,86070.0
1990-11-19 17:00:00+00:00,12.02,35.05,30.0,305.67,14.0,259.9,4.41,325.0,86160.0
1990-11-19 18:00:00+00:00,10.49,42.15,0.0,0.0,0.0,253.3,4.21,331.0,86240.0
1990-11-19 19:00:00+00:00,9.06,50.7,0.0,0.0,0.0,246.35,3.86,329.0,86310.0
1990-11-19 20:00:00+00:00,8.18,56.8,0.0,0.0,0.0,249.25,3.38,325.0,86380.0
1990-11-19 21:00:00+00:00,7.36,61.1,0.0,0.0,0.0,244.8,2.55,317.0,86430.0
1990-11-19 22:00:00+00:00,6.47,65.85,0.0,0.0,0.0,234.75,2.14,306.0,86490.0
1990-11-19 23:00:00+00:00,5.69,70.85,0.0,0.0,0.0,240.75,2.0,298.0,86510.0
1990-11-20 00:00:00+00:00,4.92,73.55,0.0,0.0,0.0,237.85,1.93,300.0,86540.0
1990-11-20 01:00:00+00:00,4.13,79.2,0.0,0.0,0.0,236.0,1.93,302.0,86540.0
1990-11-20 02:00:00+00:00,3.53,79.15,0.0,0.0,0.0,237.65,1.93,304.0,86540.0
1990-11-20 03:00:00+00:00,2.8,82.15,0.0,0.0,0.0,223.15,1.86,303.0,86560.0
1990-11-20 04:00:00+00:00,2.34,85.3,0.0,0.0,0.0,235.7,1.66,296.0,86580.0
1990-11-20 05:00:00+00:00,2.05,82.05,0.0,0.0,0.0,243.25,1.59,294.0,86630.0
1990-11-20 06:00:00+00:00,1.96,78.95,0.0,0.0,0.0,248.1,1.59,292.0,86660.0
1990-11-20 07:00:00+00:00,2.79,79.0,0.0,0.0,0.0,276.15,1.59,287.0,86670.0
1990-11-20 08:00:00+00:00,4.03,73.4,195.0,634.03,57.0,267.45,1.59,287.0,86720.0
1990-11-20 09:00:00+00:00,7.82,54.55,383.0,748.66,93.0,283.3,1.86,286.0,86800.0
1990-11-20 10:00:00+00:00,10.96,47.45,545.0,851.84,103.0,291.45,2.69,290.0,86830.0
1990-11-20 11:00:00+00:00,12.96,46.1,648.0,890.17,111.0,283.5,3.66,296.0,86840.0
1990-11-20 12:00:00+00:00,14.91,38.55,683.0,885.4,121.0,272.65,4.0,300.0,86800.0
1990-11-20 13:00:00+00:00,16.15,33.5,650.0,858.99,125.0,274.05,4.21,304.0,86740.0
1990-11-20 14:00:00+00:00,16.69,29.95,557.0,825.54,116.0,269.95,4.28,311.0,86670.0
1990-11-20 15:00:00+00:00,16.8,28.8,416.0,814.15,83.0,274.2,4.28,322.0,86680.0
1990-11-20 16:00:00+00:00,16.26,29.8,220.0,626.58,67.0,261.85,4.14,328.0,86720.0
1990-11-20 17:00:00+00:00,15.08,34.5,27.0,216.0,16.0,261.85,3.86,337.0,86780.0
1990-11-20 18:00:00+00:00,13.29,42.8,0.0,0.0,0.0,259.7,3.52,343.0,86840.0
1990-11-20 19:00:00+00:00,12.2,45.95,0.0,0.0,0.0,249.45,2.62,345.0,86880.0
1990-11-20 20:00:00+00:00,10.6,53.1,0.0,0.0,0.0,245.6,2.34,341.0,86940.0
1990-11-20 21:00:00+00:00,9.01,59.15,0.0,0.0,0.0,244.6,2.07,330.0,87000.0
1990-11-20 22:00:00+00:00,7.66,63.6,0.0,0.0,0.0,247.7,1.93,314.0,87050.0
1990-11-20 23:00:00+00:00,6.48,71.05,0.0,0.0,0.0,246.15,1.86,308.0,87080.0
1990-11-21 00:00:00+00:00,5.71,76.5,0.0,0.0,0.0,255.25,1.66,306.0,87100.0
1990-11-21 01:00:00+00:00,4.95,76.4,0.0,0.0,0.0,249.95,1.79,303.0,87090.0
1990-11-21 02:00:00+00:00,4.07,82.3,0.0,0.0,0.0,241.5,1.52,304.0,87070.0
1990-11-21 03:00:00+00:00,3.19,88.7,0.0,0.0,0.0,239.2,1.24,307.0,87050.0
1990-11-21 04:00:00+00:00,2.73,85.35,0.0,0.0,0.0,233.6,1.17,306.0,87040.0
1990-11-21 05:00:00+00:00,2.62,76.0,0.0,0.0,0.0,229.3,0.97,306.0,87080.0
1990-11-21 06:00:00+00:00,2.31,75.95,0.0,0.0,0.0,232.8,0.97,307.0,87090.0
1990-11-21 07:00:00+00:00,2.82,73.1,0.0,0.0,0.0,240.35,0.76,300.0,87140.0
1990-11-21 08:00:00+00:00,4.2,62.8,181.0,536.4,66.0,249.05,0.55,304.0,87180.0
1990-11-21 09:00:00+00:00,7.33,61.1,398.0,867.19,65.0,251.0,0.21,314.0,87240.0
1990-11-21 10:00:00+00:00,11.39,39.1,528.0,805.01,113.0,261.45,0.41,85.0,87280.0
1990-11-21 11:00:00+00:00,13.35,38.15,538.0,485.0,247.0,273.65,0.83,122.0,87270.0
1990-11-21 12:00:00+00:00,14.99,33.05,657.0,805.78,148.0,288.35,1.17,146.0,87200.0
1990-11-21 13:00:00+00:00,16.33,29.8,593.0,650.89,197.0,298.05,1.45,160.0,87100.0
1990-11-21 14:00:00+00:00,17.29,27.85,544.0,795.49,121.0,293.95,1.86,171.0,87000.0
1990-11-21 15:00:00+00:00,17.91,28.0,406.0,786.36,86.0,291.65,2.41,172.0,86960.0
1990-11-21 16:00:00+00:00,18.04,28.1,213.0,597.96,68.0,294.95,2.97,173.0,86950.0
1990-11-21 17:00:00+00:00,17.41,31.25,20.0,80.64,16.0,274.8,3.45,169.0,86960.0
1990-11-21 18:00:00+00:00,15.96,36.0,0.0,0.0,0.0,271.5,3.66,163.0,87010.0
1990-11-21 19:00:00+00:00,14.96,38.55,0.0,0.0,0.0,278.65,3.66,162.0,87100.0
1990-11-21 20:00:00+00:00,13.68,42.95,0.0,0.0,0.0,265.3,3.45,164.0,87160.0
1990-11-21 21:00:00+00:00,12.66,46.1,0.0,0.0,0.0,268.6,2.55,158.0,87230.0
1990-11-21 22:00:00+00:00,11.85,51.35,0.0,0.0,0.0,268.2,1.66,128.0,87250.0
1990-11-21 23:00:00+00:00,10.45,59.5,0.0,0.0,0.0,275.2,1.45,94.0,87260.0
1990-11-22 00:00:00+00:00,9.34,63.8,0.0,0.0,0.0,260.65,1.38,77.0,87250.0
1990-11-22 01:00:00+00:00,8.9,61.3,0.0,0.0,0.0,252.85,1.1,65.0,87230.0
1990-11-22 02:00:00+00:00,8.95,59.15,0.0,0.0,0.0,253.15,0.76,63.0,87190.0
1990-11-22 03:00:00+00:00,8.1,61.3,0.0,0.0,0.0,247.9,0.62,64.0,87160.0
1990-11-22 04:00:00+00:00,7.41,65.95,0.0,0.0,0.0,245.6,0.55,65.0,87130.0
1990-11-22 05:00:00+00:00,6.84,68.4,0.0,0.0,0.0,245.75,0.48,69.0,87120.0
1990-11-22 06:00:00+00:00,6.29,70.95,0.0,0.0,0.0,243.05,0.48,69.0,87120.0
1990-11-22 07:00:00+00:00,6.27,70.95,0.0,0.0,0.0,247.9,0.55,75.0,87150.0
1990-11-22 08:00:00+00:00,6.57,68.4,175.0,516.2,66.0,243.05,0.41,80.0,87170.0
1990-11-22 09:00:00+00:00,8.55,66.15,391.0,853.74,66.0,247.5,0.83,105.0,87210.0
1990-11-22 10:00:00+00:00,11.94,49.45,530.0,841.44,99.0,259.3,1.72,126.0,87220.0
1990-11-22 11:00:00+00:00,13.37,44.5,618.0,817.68,130.0,262.8,2.55,146.0,87200.0
1990-11-22 12:00:00+00:00,14.79,40.1,679.0,919.36,101.0,269.6,3.31,158.0,87140.0
1990-11-22 13:00:00+00:00,15.78,34.65,632.0,837.05,125.0,273.65,3.79,168.0,87050.0
1990-11-22 14:00:00+00:00,16.44,31.0,537.0,787.71,120.0,267.25,4.0,175.0,86950.0
1990-11-22 15:00:00+00:00,16.54,29.95,399.0,763.05,90.0,271.3,4.14,184.0,86910.0
1990-11-22 16:00:00+00:00,16.05,32.2,164.0,240.77,106.0,267.85,4.14,190.0,86910.0
1990-11-22 17:00:00+00:00,15.22,35.85,13.0,20.67,12.0,271.9,3.79,188.0,86940.0
1990-11-22 18:00:00+00:00,14.1,41.5,0.0,0.0,0.0,275.95,3.31,178.0,86950.0
1990-11-22 19:00:00+00:00,13.27,44.5,0.0,0.0,0.0,267.65,3.52,177.0,86980.0
1990-11-22 20:00:00+00:00,12.49,47.85,0.0,0.0,0.0,269.6,3.31,169.0,87020.0
1990-11-22 21:00:00+00:00,12.02,51.5,0.0,0.0,0.0,290.65,2.76,159.0,87040.0
1990-11-22 22:00:00+00:00,11.7,53.35,0.0,0.0,0.0,305.55,1.93,137.0,87080.0
1990-11-22 23:00:00+00:00,11.31,55.3,0.0,0.0,0.0,311.0,1.72,108.0,87090.0
1990-11-23 00:00:00+00:00,10.57,59.5,0.0,0.0,0.0,311.0,1.45,94.0,87070.0
1990-11-23 01:00:00+00:00,9.69,68.9,0.0,0.0,0.0,307.8,1.31,74.0,87040.0
1990-11-23 02:00:00+00:00,9.76,66.35,0.0,0.0,0.0,329.95,1.59,56.0,87010.0
1990-11-23 03:00:00+00:00,9.58,66.35,0.0,0.0,0.0,330.35,1.79,46.0,86970.0
1990-11-23 04:00:00+00:00,9.19,74.15,0.0,0.0,0.0,330.75,1.72,42.0,86960.0
1990-11-23 05:00:00+00:00,8.74,79.75,0.0,0.0,0.0,332.3,1.38,43.0,86960.0
1990-11-23 06:00:00+00:00,7.88,92.4,0.0,0.0,0.0,334.6,1.38,46.0,87000.0
1990-11-23 07:00:00+00:00,7.73,92.4,0.0,0.0,0.0,332.5,1.45,36.0,87060.0
1990-11-23 08:00:00+00:00,7.81,92.4,33.0,0.0,33.0,329.55,1.59,52.0,87110.0
1990-11-23 09:00:00+00:00,8.73,92.4,144.0,7.95,141.0,334.4,1.79,67.0,87100.0
1990-11-23 10:00:00+00:00,9.35,79.85,194.0,5.89,191.0,332.1,2.28,80.0,87120.0
1990-11-23 11:00:00+00:00,10.66,71.7,229.0,5.05,226.0,333.65,2.55,91.0,87060.0
1990-11-23 12:00:00+00:00,11.51,66.75,100.0,0.0,100.0,329.4,2.07,107.0,86970.0
1990-11-23 13:00:00+00:00,12.43,66.85,179.0,0.0,179.0,331.3,1.03,121.0,86870.0
1990-11-23 14:00:00+00:00,13.07,60.05,115.0,0.0,115.0,335.55,0.28,89.0,86790.0
1990-11-23 15:00:00+00:00,13.56,58.0,151.0,7.44,148.0,320.65,0.62,108.0,86770.0
1990-11-23 16:00:00+00:00,13.74,58.0,109.0,41.77,99.0,316.8,1.38,146.0,86790.0
1990-11-23 17:00:00+00:00,12.49,64.55,13.0,21.17,12.0,293.6,1.31,177.0,86850.0
1990-11-23 18:00:00+00:00,11.33,71.75,0.0,0.0,0.0,294.15,1.24,149.0,86880.0
1990-11-23 19:00:00+00:00,9.99,79.95,0.0,0.0,0.0,325.3,0.9,180.0,86920.0
1990-11-23 20:00:00+00:00,10.1,79.95,0.0,0.0,0.0,332.65,0.34,138.0,86960.0
1990-11-23 21:00:00+00:00,8.78,92.4,0.0,0.0,0.0,317.55,1.03,29.0,86960.0
1990-11-23 22:00:00+00:00,8.48,92.4,0.0,0.0,0.0,329.4,1.59,359.0,87000.0
1990-11-23 23:00:00+00:00,7.74,92.4,0.0,0.0,0.0,305.95,1.79,337.0,86970.0
1990-11-24 00:00:00+00:00,7.37,92.35,0.0,0.0,0.0,311.2,1.86,334.0,86970.0
1990-11-24 01:00:00+00:00,6.74,92.35,0.0,0.0,0.0,294.05,1.93,326.0,86950.0
1990-11-24 02:00:00+00:00,7.09,85.8,0.0,0.0,0.0,294.35,1.86,317.0,86950.0
1990-11-24 03:00:00+00:00,6.8,85.75,0.0,0.0,0.0,289.1,1.93,316.0,86910.0
1990-11-24 04:00:00+00:00,6.33,85.7,0.0,0.0,0.0,281.2,2.14,312.0,86930.0
1990-11-24 05:00:00+00:00,5.99,82.55,0.0,0.0,0.0,276.35,2.21,313.0,86940.0
1990-11-24 06:00:00+00:00,5.99,82.55,0.0,0.0,0.0,292.05,2.21,321.0,86980.0
1990-11-24 07:00:00+00:00,5.9,85.65,0.0,0.0,0.0,275.75,2.14,308.0,87000.0
1990-11-24 08:00:00+00:00,6.52,79.55,153.0,351.59,81.0,283.7,2.14,299.0,87100.0
1990-11-24 09:00:00+00:00,8.12,71.35,370.0,767.05,83.0,264.95,2.41,305.0,87160.0
1990-11-24 10:00:00+00:00,9.88,66.35,551.0,953.02,69.0,243.05,2.34,316.0,87220.0
1990-11-24 11:00:00+00:00,11.54,53.35,660.0,997.26,71.0,247.5,2.28,324.0,87200.0
1990-11-24 12:00:00+00:00,13.03,44.5,424.0,158.92,325.0,253.9,2.34,323.0,87160.0
1990-11-24 13:00:00+00:00,14.08,39.95,670.0,992.44,74.0,254.1,2.41,321.0,87090.0
1990-11-24 14:00:00+00:00,14.68,37.15,570.0,941.08,76.0,263.4,2.62,319.0,87030.0
1990-11-24 15:00:00+00:00,14.75,35.75,411.0,839.83,74.0,262.4,3.03,322.0,87030.0
1990-11-24 16:00:00+00:00,14.41,37.0,212.0,630.29,62.0,258.95,3.38,325.0,87070.0
1990-11-24 17:00:00+00:00,13.18,44.5,22.0,173.15,14.0,251.2,3.03,329.0,87130.0
1990-11-24 18:00:00+00:00,11.26,51.25,0.0,0.0,0.0,247.5,3.1,331.0,87170.0
1990-11-24 19:00:00+00:00,10.58,55.15,0.0,0.0,0.0,246.95,2.28,329.0,87230.0
1990-11-24 20:00:00+00:00,8.96,61.45,0.0,0.0,0.0,243.05,2.14,329.0,87300.0
1990-11-24 21:00:00+00:00,7.49,68.6,0.0,0.0,0.0,242.65,1.79,325.0,87320.0
1990-11-24 22:00:00+00:00,6.48,71.05,0.0,0.0,0.0,245.0,1.86,315.0,87360.0
1990-11-24 23:00:00+00:00,5.62,76.5,0.0,0.0,0.0,243.05,1.86,306.0,87380.0
1990-11-25 00:00:00+00:00,4.78,79.3,0.0,0.0,0.0,244.6,1.72,299.0,87370.0
1990-11-25 01:00:00+00:00,4.19,82.3,0.0,0.0,0.0,244.7,1.79,297.0,87370.0
1990-11-25 02:00:00+00:00,3.82,85.45,0.0,0.0,0.0,249.85,1.79,299.0,87360.0
1990-11-25 03:00:00+00:00,3.29,88.7,0.0,0.0,0.0,244.8,1.72,299.0,87360.0
1990-11-25 04:00:00+00:00,2.87,92.15,0.0,0.0,0.0,244.4,1.59,299.0,87350.0
1990-11-25 05:00:00+00:00,2.58,88.65,0.0,0.0,0.0,245.0,1.59,300.0,87400.0
1990-11-25 06:00:00+00:00,2.67,88.65,0.0,0.0,0.0,255.65,1.52,300.0,87440.0
1990-11-25 07:00:00+00:00,3.41,85.45,0.0,0.0,0.0,257.0,1.24,293.0,87440.0
1990-11-25 08:00:00+00:00,4.48,82.35,150.0,347.14,80.0,254.5,1.1,292.0,87460.0
1990-11-25 09:00:00+00:00,8.41,76.85,377.0,827.56,70.0,244.4,0.9,279.0,87490.0
1990-11-25 10:00:00+00:00,11.87,62.0,541.0,927.15,75.0,254.3,0.83,272.0,87530.0
1990-11-25 11:00:00+00:00,13.9,55.9,652.0,983.63,74.0,257.4,0.97,251.0,87530.0
1990-11-25 12:00:00+00:00,15.47,50.35,696.0,1007.77,71.0,263.4,1.45,223.0,87460.0
1990-11-25 13:00:00+00:00,16.68,43.8,662.0,976.45,78.0,268.05,2.07,216.0,87390.0
1990-11-25 14:00:00+00:00,17.43,40.75,548.0,864.51,96.0,269.95,2.48,217.0,87320.0
1990-11-25 15:00:00+00:00,17.75,37.95,402.0,800.86,82.0,271.5,2.76,214.0,87290.0
1990-11-25 16:00:00+00:00,17.64,37.95,209.0,612.65,64.0,271.1,2.76,210.0,87290.0
1990-11-25 17:00:00+00:00,16.53,43.8,22.0,198.85,13.0,267.45,2.28,203.0,87320.0
1990-11-25 18:00:00+00:00,14.28,60.3,0.0,0.0,0.0,265.1,1.52,236.0,87360.0
1990-11-25 19:00:00+00:00,12.75,66.95,0.0,0.0,0.0,273.25,1.66,283.0,87380.0
1990-11-25 20:00:00+00:00,11.29,71.75,0.0,0.0,0.0,272.5,2.07,303.0,87400.0
1990-11-25 21:00:00+00:00,10.54,71.7,0.0,0.0,0.0,270.95,2.21,308.0,87430.0
1990-11-25 22:00:00+00:00,9.65,77.0,0.0,0.0,0.0,275.75,2.14,301.0,87470.0
1990-11-25 23:00:00+00:00,8.98,79.85,0.0,0.0,0.0,278.85,2.07,296.0,87450.0
1990-11-26 00:00:00+00:00,8.24,79.75,0.0,0.0,0.0,273.45,2.07,297.0,87450.0
1990-11-26 01:00:00+00:00,7.52,82.7,0.0,0.0,0.0,272.8,1.86,297.0,87410.0
1990-11-26 02:00:00+00:00,6.99,82.65,0.0,0.0,0.0,272.5,1.86,300.0,87370.0
1990-11-26 03:00:00+00:00,6.38,85.7,0.0,0.0,0.0,269.6,1.86,302.0,87330.0
1990-11-26 04:00:00+00:00,5.76,88.9,0.0,0.0,0.0,269.75,1.72,303.0,87300.0
1990-11-26 05:00:00+00:00,5.15,88.85,0.0,0.0,0.0,263.95,1.59,301.0,87280.0
1990-11-26 06:00:00+00:00,4.59,88.85,0.0,0.0,0.0,257.4,1.52,302.0,87270.0
1990-11-26 07:00:00+00:00,4.33,92.2,0.0,0.0,0.0,260.5,1.72,304.0,87300.0
1990-11-26 08:00:00+00:00,5.23,88.85,173.0,609.43,52.0,258.75,1.66,307.0,87340.0
1990-11-26 09:00:00+00:00,9.77,79.9,355.0,734.05,85.0,263.0,1.59,311.0,87370.0
1990-11-26 10:00:00+00:00,13.2,64.65,524.0,876.83,86.0,268.2,1.52,318.0,87400.0
1990-11-26 11:00:00+00:00,15.38,56.25,619.0,884.23,102.0,271.3,1.38,323.0,87370.0
1990-11-26 12:00:00+00:00,16.97,50.75,673.0,947.37,88.0,276.55,1.03,316.0,87300.0
1990-11-26 13:00:00+00:00,18.12,45.85,642.0,924.93,91.0,281.4,0.69,289.0,87220.0
1990-11-26 14:00:00+00:00,18.88,42.7,525.0,779.51,119.0,284.1,0.55,249.0,87160.0
1990-11-26 15:00:00+00:00,19.21,41.15,393.0,776.45,84.0,289.5,0.55,219.0,87150.0
1990-11-26 16:00:00+00:00,19.1,41.15,204.0,586.07,66.0,285.85,0.62,195.0,87160.0
1990-11-26 17:00:00+00:00,18.22,51.15,19.0,112.57,14.0,281.95,0.83,145.0,87160.0
1990-11-26 18:00:00+00:00,17.35,47.3,0.0,0.0,0.0,275.75,0.69,104.0,87210.0
1990-11-26 19:00:00+00:00,16.07,48.8,0.0,0.0,0.0,275.6,0.76,344.0,87250.0
1990-11-26 20:00:00+00:00,14.41,58.1,0.0,0.0,0.0,272.65,0.69,334.0,87290.0
1990-11-26 21:00:00+00:00,12.55,64.55,0.0,0.0,0.0,274.4,0.55,317.0,87340.0
1990-11-26 22:00:00+00:00,10.83,77.15,0.0,0.0,0.0,279.85,0.34,310.0,87360.0
1990-11-26 23:00:00+00:00,9.74,82.9,0.0,0.0,0.0,290.65,0.21,336.0,87390.0
1990-11-27 00:00:00+00:00,9.26,85.95,0.0,0.0,0.0,301.3,0.21,10.0,87420.0
1990-11-27 01:00:00+00:00,8.79,85.9,0.0,0.0,0.0,292.9,0.28,8.0,87420.0
1990-11-27 02:00:00+00:00,8.38,82.75,0.0,0.0,0.0,285.05,0.28,328.0,87410.0
1990-11-27 03:00:00+00:00,7.88,85.85,0.0,0.0,0.0,274.05,0.55,312.0,87430.0
1990-11-27 04:00:00+00:00,6.91,85.75,0.0,0.0,0.0,270.75,0.83,307.0,87420.0
1990-11-27 05:00:00+00:00,5.96,85.7,0.0,0.0,0.0,271.3,1.1,307.0,87430.0
1990-11-27 06:00:00+00:00,5.38,92.25,0.0,0.0,0.0,273.85,1.24,308.0,87440.0
1990-11-27 07:00:00+00:00,5.69,88.9,0.0,0.0,0.0,267.25,1.1,303.0,87500.0
1990-11-27 08:00:00+00:00,7.0,85.8,170.0,608.73,51.0,271.7,0.9,301.0,87560.0
1990-11-27 09:00:00+00:00,9.91,85.95,353.0,740.28,83.0,269.2,0.55,297.0,87630.0
1990-11-27 10:00:00+00:00,13.2,67.05,513.0,847.93,92.0,269.75,0.28,331.0,87670.0
1990-11-27 11:00:00+00:00,14.93,60.4,620.0,902.33,95.0,282.95,0.55,85.0,87670.0
1990-11-27 12:00:00+00:00,16.16,54.45,661.0,917.23,97.0,280.6,1.52,111.0,87620.0
1990-11-27 13:00:00+00:00,17.06,49.05,634.0,906.57,96.0,281.95,2.07,127.0,87560.0
1990-11-27 14:00:00+00:00,17.54,47.4,536.0,845.96,97.0,284.1,2.07,128.0,87520.0
1990-11-27 15:00:00+00:00,17.7,45.7,390.0,771.83,84.0,288.55,1.93,123.0,87510.0
1990-11-27 16:00:00+00:00,17.44,47.3,204.0,605.92,62.0,297.85,1.93,115.0,87540.0
1990-11-27 17:00:00+00:00,16.72,48.9,19.0,137.41,13.0,285.65,1.93,114.0,87560.0
1990-11-27 18:00:00+00:00,15.22,60.5,0.0,0.0,0.0,282.15,1.52,118.0,87610.0
1990-11-27 19:00:00+00:00,15.28,52.25,0.0,0.0,0.0,272.85,0.69,100.0,87630.0
1990-11-27 20:00:00+00:00,14.81,54.1,0.0,0.0,0.0,272.65,0.62,60.0,87690.0
1990-11-27 21:00:00+00:00,14.19,56.0,0.0,0.0,0.0,271.7,0.48,69.0,87740.0
1990-11-27 22:00:00+00:00,13.39,57.9,0.0,0.0,0.0,271.7,0.14,57.0,87770.0
1990-11-27 23:00:00+00:00,12.64,59.95,0.0,0.0,0.0,271.5,0.14,329.0,87760.0
1990-11-28 00:00:00+00:00,11.89,64.35,0.0,0.0,0.0,261.25,0.21,305.0,87780.0
1990-11-28 01:00:00+00:00,11.16,64.25,0.0,0.0,0.0,259.25,0.41,316.0,87790.0
1990-11-28 02:00:00+00:00,10.44,69.0,0.0,0.0,0.0,256.4,0.62,314.0,87760.0
1990-11-28 03:00:00+00:00,9.8,68.9,0.0,0.0,0.0,259.1,0.76,308.0,87760.0
1990-11-28 04:00:00+00:00,9.17,68.8,0.0,0.0,0.0,252.15,0.76,313.0,87750.0
1990-11-28 05:00:00+00:00,8.49,71.35,0.0,0.0,0.0,250.4,0.9,315.0,87770.0
1990-11-28 06:00:00+00:00,7.1,73.9,0.0,0.0,0.0,249.25,1.1,311.0,87780.0
1990-11-28 07:00:00+00:00,6.56,76.65,0.0,0.0,0.0,248.3,1.17,308.0,87840.0
1990-11-28 08:00:00+00:00,6.91,76.65,166.0,597.5,51.0,248.85,1.03,308.0,87870.0
1990-11-28 09:00:00+00:00,10.62,64.1,355.0,763.1,79.0,252.75,0.69,316.0,87890.0
1990-11-28 10:00:00+00:00,13.38,55.75,512.0,846.95,94.0,259.7,0.41,319.0,87910.0
1990-11-28 11:00:00+00:00,15.31,52.25,623.0,913.58,94.0,266.5,0.21,269.0,87880.0
1990-11-28 12:00:00+00:00,16.84,47.15,657.0,903.05,104.0,272.3,0.55,189.0,87810.0
1990-11-28 13:00:00+00:00,18.05,41.05,631.0,893.02,103.0,276.35,1.38,180.0,87730.0
1990-11-28 14:00:00+00:00,18.82,39.65,531.0,816.04,109.0,278.3,2.28,180.0,87640.0
1990-11-28 15:00:00+00:00,19.06,38.2,393.0,782.17,84.0,276.75,2.69,182.0,87620.0
1990-11-28 16:00:00+00:00,18.75,38.2,203.0,591.41,65.0,277.9,2.69,184.0,87610.0
1990-11-28 17:00:00+00:00,17.78,42.45,18.0,116.25,13.0,275.6,2.41,182.0,87630.0
1990-11-28 18:00:00+00:00,16.1,50.6,0.0,0.0,0.0,270.75,1.93,182.0,87670.0
1990-11-28 19:00:00+00:00,15.14,52.25,0.0,0.0,0.0,267.45,1.24,175.0,87690.0
1990-11-28 20:00:00+00:00,15.77,45.15,0.0,0.0,0.0,263.2,0.62,168.0,87750.0
1990-11-28 21:00:00+00:00,14.73,48.4,0.0,0.0,0.0,261.05,0.28,152.0,87760.0
1990-11-28 22:00:00+00:00,13.64,51.9,0.0,0.0,0.0,258.95,0.14,146.0,87780.0
1990-11-28 23:00:00+00:00,12.64,55.65,0.0,0.0,0.0,256.4,0.07,279.0,87790.0
1990-11-29 00:00:00+00:00,11.62,59.7,0.0,0.0,0.0,254.85,0.28,307.0,87770.0
1990-11-29 01:00:00+00:00,10.6,61.75,0.0,0.0,0.0,253.25,0.55,304.0,87740.0
1990-11-29 02:00:00+00:00,9.42,68.8,0.0,0.0,0.0,251.4,0.69,306.0,87710.0
1990-11-29 03:00:00+00:00,8.29,68.7,0.0,0.0,0.0,251.2,0.76,305.0,87680.0
1990-11-29 04:00:00+00:00,7.4,71.15,0.0,0.0,0.0,252.15,0.83,304.0,87690.0
1990-11-29 05:00:00+00:00,6.75,73.8,0.0,0.0,0.0,255.45,0.9,303.0,87680.0
1990-11-29 06:00:00+00:00,5.72,73.65,0.0,0.0,0.0,251.95,1.03,303.0,87710.0
1990-11-29 07:00:00+00:00,5.82,73.65,0.0,0.0,0.0,258.15,0.83,301.0,87740.0
1990-11-29 08:00:00+00:00,6.56,68.4,163.0,585.77,52.0,261.85,0.76,302.0,87750.0
1990-11-29 09:00:00+00:00,10.57,57.3,347.0,724.85,87.0,263.4,0.48,301.0,87780.0
1990-11-29 10:00:00+00:00,13.8,46.35,501.0,807.12,105.0,269.4,0.28,270.0,87790.0
1990-11-29 11:00:00+00:00,15.83,41.9,604.0,846.74,116.0,272.65,0.41,223.0,87770.0
1990-11-29 12:00:00+00:00,17.38,39.25,659.0,918.13,99.0,278.5,0.97,207.0,87680.0
1990-11-29 13:00:00+00:00,18.62,35.45,623.0,869.04,111.0,286.05,1.59,201.0,87600.0
1990-11-29 14:00:00+00:00,19.36,34.15,561.0,952.62,70.0,288.35,1.79,202.0,87510.0
1990-11-29 15:00:00+00:00,19.73,33.05,396.0,807.63,78.0,287.55,1.93,201.0,87470.0
1990-11-29 16:00:00+00:00,19.6,33.05,204.0,606.65,63.0,297.25,1.93,200.0,87460.0
1990-11-29 17:00:00+00:00,18.85,38.2,13.0,23.56,12.0,306.35,1.66,192.0,87470.0
1990-11-29 18:00:00+00:00,16.86,56.6,0.0,0.0,0.0,307.1,1.24,198.0,87510.0
1990-11-29 19:00:00+00:00,17.22,42.3,0.0,0.0,0.0,289.3,1.03,269.0,87550.0
1990-11-29 20:00:00+00:00,14.78,52.15,0.0,0.0,0.0,275.75,1.17,291.0,87580.0
1990-11-29 21:00:00+00:00,14.07,53.95,0.0,0.0,0.0,279.85,0.97,296.0,87610.0
1990-11-29 22:00:00+00:00,11.53,66.75,0.0,0.0,0.0,281.4,1.03,302.0,87630.0
1990-11-29 23:00:00+00:00,9.16,79.85,0.0,0.0,0.0,277.9,1.24,300.0,87620.0
1990-11-30 00:00:00+00:00,7.6,82.7,0.0,0.0,0.0,279.85,1.24,301.0,87610.0
1990-11-30 01:00:00+00:00,6.28,92.3,0.0,0.0,0.0,288.85,1.31,303.0,87600.0
1990-11-30 02:00:00+00:00,5.6,92.3,0.0,0.0,0.0,280.6,1.31,304.0,87590.0
1990-11-30 03:00:00+00:00,4.89,95.75,0.0,0.0,0.0,269.95,1.1,304.0,87550.0
1990-11-30 04:00:00+00:00,4.12,95.75,0.0,0.0,0.0,265.9,1.03,305.0,87540.0
1990-11-30 05:00:00+00:00,4.03,88.8,0.0,0.0,0.0,248.85,1.03,303.0,87540.0
1990-11-30 06:00:00+00:00,4.18,85.5,0.0,0.0,0.0,247.7,0.97,300.0,87530.0
1990-11-30 07:00:00+00:00,4.6,79.3,0.0,0.0,0.0,245.2,0.9,298.0,87580.0
1990-11-30 08:00:00+00:00,6.01,73.7,161.0,589.61,51.0,245.4,0.76,303.0,87580.0
1990-11-30 09:00:00+00:00,10.4,59.35,343.0,708.34,91.0,249.25,0.48,312.0,87630.0
1990-11-30 10:00:00+00:00,13.74,46.35,508.0,846.66,95.0,257.0,0.34,310.0,87640.0
1990-11-30 11:00:00+00:00,16.02,37.55,627.0,937.78,89.0,265.5,0.21,258.0,87630.0
1990-11-30 12:00:00+00:00,17.82,31.4,673.0,966.13,86.0,271.7,0.48,221.0,87540.0
1990-11-30 13:00:00+00:00,19.25,28.25,626.0,878.81,110.0,276.55,1.03,217.0,87470.0
1990-11-30 14:00:00+00:00,20.23,24.45,527.0,796.02,118.0,279.45,1.45,220.0,87360.0
1990-11-30 15:00:00+00:00,20.74,22.75,388.0,756.62,91.0,280.8,1.59,223.0,87320.0
1990-11-30 16:00:00+00:00,18.76,33.1,206.0,617.42,63.0,270.82,1.31,230.0,87320.0
1990-11-30 17:00:00+00:00,17.61,37.44,18.0,142.9,12.0,270.86,1.29,231.0,87370.0
1990-11-30 18:00:00+00:00,16.47,41.78,0.0,0.0,0.0,270.9,1.28,264.0,87410.0
1990-11-30 19:00:00+00:00,15.33,46.12,0.0,0.0,0.0,270.94,1.26,295.0,87420.0
1990-11-30 20:00:00+00:00,14.19,50.47,0.0,0.0,0.0,270.98,1.25,303.0,87470.0
1990-11-30 21:00:00+00:00,13.04,54.81,0.0,0.0,0.0,271.02,1.23,301.0,87500.0
1990-11-30 22:00:00+00:00,11.9,59.15,0.0,0.0,0.0,271.06,1.22,301.0,87520.0
1990-11-30 23:00:00+00:00,10.76,63.49,0.0,0.0,0.0,271.1,1.21,303.0,87540.0
1990-12-01 00:00:00+00:00,9.62,67.84,0.0,0.0,0.0,271.14,1.19,3.0,87830.0
1990-12-01 01:00:00+00:00,8.47,72.18,0.0,0.0,0.0,271.18,1.18,358.0,87810.0
1990-12-01 02:00:00+00:00,7.33,76.52,0.0,0.0,0.0,271.22,1.16,355.0,87780.0
1990-12-01 03:00:00+00:00,6.19,80.87,0.0,0.0,0.0,271.26,1.15,350.0,87820.0
1990-12-01 04:00:00+00:00,5.05,85.21,0.0,0.0,0.0,271.3,1.13,353.0,87790.0
1990-12-01 05:00:00+00:00,3.91,89.55,0.0,0.0,0.0,271.34,1.12,355.0,87780.0
1990-12-01 06:00:00+00:00,2.76,93.89,0.0,0.0,0.0,271.38,1.1,347.0,87790.0
1990-12-01 07:00:00+00:00,1.62,98.24,0.0,0.0,0.0,271.42,1.09,347.0,87850.0
1990-12-01 08:00:00+00:00,5.89,79.4,143.0,470.0,58.0,271.7,0.62,332.0,87890.0
1990-12-01 09:00:00+00:00,7.74,73.95,330.0,677.01,93.0,267.25,0.62,9.0,87930.0
1990-12-01 10:00:00+00:00,10.56,59.5,507.0,891.48,77.0,275.0,0.76,48.0,87970.0
1990-12-01 11:00:00+00:00,11.85,55.5,616.0,946.08,78.0,269.4,0.9,94.0,87980.0
1990-12-01 12:00:00+00:00,13.13,51.75,666.0,986.5,71.0,284.5,1.31,137.0,87900.0
1990-12-01 13:00:00+00:00,14.2,50.0,590.0,754.16,150.0,291.45,2.07,176.0,87840.0
1990-12-01 14:00:00+00:00,15.0,44.9,453.0,491.31,202.0,300.55,2.62,194.0,87750.0
1990-12-01 15:00:00+00:00,15.37,43.4,294.0,291.99,180.0,304.8,2.48,194.0,87710.0
1990-12-01 16:00:00+00:00,15.32,41.75,202.0,625.35,58.0,301.1,2.21,183.0,87690.0
1990-12-01 17:00:00+00:00,14.73,46.5,14.0,48.37,12.0,300.75,1.79,172.0,87690.0
1990-12-01 18:00:00+00:00,13.57,51.9,0.0,0.0,0.0,290.65,1.31,161.0,87710.0
1990-12-01 19:00:00+00:00,12.9,51.75,0.0,0.0,0.0,272.3,0.9,111.0,87710.0
1990-12-01 20:00:00+00:00,12.97,46.2,0.0,0.0,0.0,266.85,0.76,91.0,87720.0
1990-12-01 21:00:00+00:00,12.43,47.85,0.0,0.0,0.0,268.8,0.55,101.0,87740.0
1990-12-01 22:00:00+00:00,11.7,51.35,0.0,0.0,0.0,259.1,0.55,112.0,87730.0
1990-12-01 23:00:00+00:00,10.83,53.25,0.0,0.0,0.0,256.05,0.48,107.0,87740.0
1990-12-02 00:00:00+00:00,9.87,57.15,0.0,0.0,0.0,250.2,0.48,93.0,87730.0
1990-12-02 01:00:00+00:00,8.81,59.15,0.0,0.0,0.0,246.25,0.34,71.0,87700.0
1990-12-02 02:00:00+00:00,7.82,63.6,0.0,0.0,0.0,248.85,0.28,48.0,87680.0
1990-12-02 03:00:00+00:00,6.79,68.4,0.0,0.0,0.0,246.95,0.28,21.0,87660.0
1990-12-02 04:00:00+00:00,5.76,70.85,0.0,0.0,0.0,247.3,0.28,358.0,87610.0
1990-12-02 05:00:00+00:00,5.05,76.3,0.0,0.0,0.0,250.05,0.28,335.0,87580.0
1990-12-02 06:00:00+00:00,4.64,76.3,0.0,0.0,0.0,254.5,0.28,334.0,87590.0
1990-12-02 07:00:00+00:00,5.27,73.55,0.0,0.0,0.0,265.1,0.28,11.0,87630.0
1990-12-02 08:00:00+00:00,5.72,70.85,74.0,28.08,69.0,270.55,0.34,52.0,87640.0
1990-12-02 09:00:00+00:00,8.2,63.7,72.0,0.0,72.0,289.5,0.55,84.0,87680.0
1990-12-02 10:00:00+00:00,10.03,57.15,166.0,2.08,165.0,305.95,1.03,93.0,87690.0
1990-12-02 11:00:00+00:00,11.39,51.35,265.0,24.72,251.0,330.95,1.1,104.0,87670.0
1990-12-02 12:00:00+00:00,12.3,47.85,260.0,13.31,252.0,337.1,1.24,149.0,87590.0
1990-12-02 13:00:00+00:00,12.9,46.2,253.0,15.47,244.0,335.95,2.21,187.0,87510.0
1990-12-02 14:00:00+00:00,12.67,47.85,186.0,3.92,184.0,336.75,2.76,191.0,87430.0
1990-12-02 15:00:00+00:00,12.27,49.7,96.0,0.0,96.0,330.35,2.69,181.0,87380.0
1990-12-02 16:00:00+00:00,11.94,53.5,67.0,0.0,67.0,313.1,2.07,170.0,87340.0
1990-12-02 17:00:00+00:00,11.57,57.55,15.0,72.88,12.0,329.55,1.93,154.0,87320.0
1990-12-02 18:00:00+00:00,10.76,59.6,0.0,0.0,0.0,303.05,1.79,140.0,87310.0
1990-12-02 19:00:00+00:00,9.91,71.6,0.0,0.0,0.0,311.75,1.03,100.0,87320.0
1990-12-02 20:00:00+00:00,8.92,74.15,0.0,0.0,0.0,285.85,0.97,59.0,87330.0
1990-12-02 21:00:00+00:00,8.83,74.15,0.0,0.0,0.0,308.3,0.9,61.0,87320.0
1990-12-02 22:00:00+00:00,9.61,66.35,0.0,0.0,0.0,296.85,0.62,68.0,87310.0
1990-12-02 23:00:00+00:00,9.32,66.35,0.0,0.0,0.0,274.6,0.62,100.0,87280.0
1990-12-03 00:00:00+00:00,8.71,68.8,0.0,0.0,0.0,278.3,0.62,108.0,87230.0
1990-12-03 01:00:00+00:00,8.18,71.35,0.0,0.0,0.0,262.15,0.48,92.0,87200.0
1990-12-03 02:00:00+00:00,7.42,73.9,0.0,0.0,0.0,258.55,0.34,80.0,87160.0
1990-12-03 03:00:00+00:00,6.56,79.5,0.0,0.0,0.0,265.3,0.34,77.0,87140.0
1990-12-03 04:00:00+00:00,6.11,82.5,0.0,0.0,0.0,269.4,0.41,71.0,87080.0
1990-12-03 05:00:00+00:00,5.49,85.6,0.0,0.0,0.0,270.35,0.41,65.0,87040.0
1990-12-03 06:00:00+00:00,5.21,85.6,0.0,0.0,0.0,274.6,0.55,71.0,86990.0
1990-12-03 07:00:00+00:00,5.8,82.5,0.0,0.0,0.0,279.85,0.69,69.0,87030.0
1990-12-03 08:00:00+00:00,6.29,82.55,114.0,233.83,73.0,300.75,0.76,81.0,87050.0
1990-12-03 09:00:00+00:00,7.69,79.7,270.0,359.81,146.0,284.5,1.24,101.0,87060.0
1990-12-03 10:00:00+00:00,11.3,62.0,400.0,419.13,200.0,292.05,1.86,122.0,87080.0
1990-12-03 11:00:00+00:00,13.05,53.7,603.0,927.37,80.0,299.2,2.62,154.0,87040.0
1990-12-03 12:00:00+00:00,14.4,48.25,642.0,929.78,85.0,292.05,3.17,171.0,86950.0
1990-12-03 13:00:00+00:00,15.46,43.4,545.0,599.9,197.0,296.65,3.52,176.0,86840.0
1990-12-03 14:00:00+00:00,15.78,43.5,441.0,470.15,202.0,303.85,3.66,178.0,86730.0
1990-12-03 15:00:00+00:00,15.81,43.5,222.0,92.61,186.0,293.95,3.52,182.0,86700.0
1990-12-03 16:00:00+00:00,15.42,45.05,167.0,331.4,91.0,301.7,3.45,175.0,86690.0
1990-12-03 17:00:00+00:00,14.61,48.25,14.0,73.03,11.0,302.85,3.17,164.0,86680.0
1990-12-03 18:00:00+00:00,13.38,51.9,0.0,0.0,0.0,292.2,2.83,156.0,86690.0
1990-12-03 19:00:00+00:00,12.67,51.65,0.0,0.0,0.0,303.05,2.62,141.0,86700.0
1990-12-03 20:00:00+00:00,11.78,55.5,0.0,0.0,0.0,294.35,2.07,130.0,86710.0
1990-12-03 21:00:00+00:00,10.84,59.6,0.0,0.0,0.0,276.35,1.59,113.0,86760.0
1990-12-03 22:00:00+00:00,9.64,71.5,0.0,0.0,0.0,290.3,1.59,92.0,86750.0
1990-12-03 23:00:00+00:00,8.79,74.15,0.0,0.0,0.0,296.85,1.24,83.0,86720.0
1990-12-04 00:00:00+00:00,8.46,76.85,0.0,0.0,0.0,311.95,0.0,0.0,86710.0
1990-12-04 01:00:00+00:00,7.88,79.7,0.0,0.0,0.0,302.6,0.0,0.0,86650.0
1990-12-04 02:00:00+00:00,8.44,76.85,0.0,0.0,0.0,322.4,0.9,76.0,86590.0
1990-12-04 03:00:00+00:00,8.52,79.75,0.0,0.0,0.0,317.2,0.83,68.0,86560.0
1990-12-04 04:00:00+00:00,9.01,74.15,0.0,0.0,0.0,313.3,0.62,71.0,86520.0
1990-12-04 05:00:00+00:00,8.98,76.95,0.0,0.0,0.0,317.95,0.41,58.0,86500.0
1990-12-04 06:00:00+00:00,8.94,76.95,0.0,0.0,0.0,313.5,0.34,28.0,86500.0
1990-12-04 07:00:00+00:00,9.47,79.9,0.0,0.0,0.0,318.75,0.34,73.0,86500.0
1990-12-04 08:00:00+00:00,9.73,77.1,143.0,579.14,43.0,304.8,0.0,129.0,86530.0
1990-12-04 09:00:00+00:00,10.56,80.05,307.0,593.56,104.0,297.65,0.76,251.0,86590.0
1990-12-04 10:00:00+00:00,12.86,62.3,457.0,686.74,131.0,279.25,1.79,271.0,86650.0
1990-12-04 11:00:00+00:00,14.27,56.0,244.0,14.24,236.0,292.8,2.0,262.0,86650.0
1990-12-04 12:00:00+00:00,15.53,50.35,613.0,808.82,130.0,314.85,2.69,255.0,86590.0
1990-12-04 13:00:00+00:00,16.38,45.3,581.0,755.3,144.0,309.05,2.76,252.0,86540.0
1990-12-04 14:00:00+00:00,16.96,42.15,524.0,863.51,86.0,312.15,2.83,242.0,86480.0
1990-12-04 15:00:00+00:00,17.0,42.15,380.0,780.92,77.0,309.45,2.83,244.0,86490.0
1990-12-04 16:00:00+00:00,16.74,43.65,160.0,283.83,95.0,304.05,2.55,247.0,86520.0
1990-12-04 17:00:00+00:00,16.08,45.15,20.0,243.39,10.0,303.85,2.07,247.0,86540.0
1990-12-04 18:00:00+00:00,14.85,52.15,0.0,0.0,0.0,297.25,1.79,235.0,86600.0
1990-12-04 19:00:00+00:00,13.22,57.9,0.0,0.0,0.0,286.6,2.55,242.0,86690.0
1990-12-04 20:00:00+00:00,12.24,62.2,0.0,0.0,0.0,278.3,2.34,261.0,86720.0
1990-12-04 21:00:00+00:00,11.51,66.75,0.0,0.0,0.0,283.7,2.41,277.0,86800.0
1990-12-04 22:00:00+00:00,10.83,69.15,0.0,0.0,0.0,285.05,2.34,289.0,86830.0
1990-12-04 23:00:00+00:00,9.96,74.3,0.0,0.0,0.0,275.6,2.21,298.0,86850.0
1990-12-05 00:00:00+00:00,9.06,76.95,0.0,0.0,0.0,271.5,2.28,302.0,86890.0
1990-12-05 01:00:00+00:00,7.86,82.7,0.0,0.0,0.0,280.9,2.28,302.0,86890.0
1990-12-05 02:00:00+00:00,7.1,89.0,0.0,0.0,0.0,299.4,2.07,301.0,86860.0
1990-12-05 03:00:00+00:00,6.85,89.0,0.0,0.0,0.0,295.3,2.21,302.0,86870.0
1990-12-05 04:00:00+00:00,6.5,88.95,0.0,0.0,0.0,284.1,2.07,300.0,86860.0
1990-12-05 05:00:00+00:00,6.09,88.9,0.0,0.0,0.0,270.95,1.86,300.0,86870.0
1990-12-05 06:00:00+00:00,5.97,85.65,0.0,0.0,0.0,256.2,1.93,302.0,86890.0
1990-12-05 07:00:00+00:00,4.81,92.25,0.0,0.0,0.0,262.8,1.86,302.0,86950.0
1990-12-05 08:00:00+00:00,5.37,88.85,152.0,682.13,36.0,252.55,1.72,305.0,87010.0
1990-12-05 09:00:00+00:00,8.67,74.05,346.0,854.33,56.0,263.75,1.59,305.0,87090.0
1990-12-05 10:00:00+00:00,11.7,55.4,501.0,906.17,73.0,258.95,1.59,314.0,87130.0
1990-12-05 11:00:00+00:00,14.05,44.65,606.0,936.38,82.0,270.15,1.93,324.0,87150.0
1990-12-05 12:00:00+00:00,15.75,40.2,653.0,964.12,79.0,278.5,2.69,327.0,87090.0
1990-12-05 13:00:00+00:00,17.03,36.3,623.0,930.43,86.0,276.35,3.38,330.0,87050.0
1990-12-05 14:00:00+00:00,17.69,33.75,544.0,934.37,71.0,269.4,3.52,329.0,86990.0
1990-12-05 15:00:00+00:00,17.83,32.65,394.0,838.92,69.0,277.3,3.93,327.0,86980.0
1990-12-05 16:00:00+00:00,17.43,33.75,208.0,686.23,51.0,288.15,0.0,0.0,87040.0
1990-12-05 17:00:00+00:00,16.26,38.85,21.0,267.06,10.0,278.65,0.0,0.0,87100.0
1990-12-05 18:00:00+00:00,14.56,46.5,0.0,0.0,0.0,282.15,3.45,336.0,87160.0
1990-12-05 19:00:00+00:00,13.09,53.7,0.0,0.0,0.0,260.85,2.76,331.0,87190.0
1990-12-05 20:00:00+00:00,11.84,62.1,0.0,0.0,0.0,266.65,2.28,321.0,87240.0
1990-12-05 21:00:00+00:00,11.28,66.75,0.0,0.0,0.0,292.6,2.0,306.0,87300.0
1990-12-05 22:00:00+00:00,10.88,71.75,0.0,0.0,0.0,299.4,1.86,290.0,87320.0
1990-12-05 23:00:00+00:00,10.7,74.4,0.0,0.0,0.0,311.4,2.07,274.0,87360.0
1990-12-06 00:00:00+00:00,10.3,74.4,0.0,0.0,0.0,301.3,2.21,270.0,87350.0
1990-12-06 01:00:00+00:00,9.84,77.1,0.0,0.0,0.0,295.6,2.07,275.0,87330.0
1990-12-06 02:00:00+00:00,9.16,79.85,0.0,0.0,0.0,276.15,2.0,285.0,87290.0
1990-12-06 03:00:00+00:00,8.64,82.75,0.0,0.0,0.0,284.85,1.86,298.0,87280.0
1990-12-06 04:00:00+00:00,7.82,82.7,0.0,0.0,0.0,272.3,1.66,310.0,87270.0
1990-12-06 05:00:00+00:00,7.11,89.0,0.0,0.0,0.0,279.65,1.45,324.0,87250.0
1990-12-06 06:00:00+00:00,6.46,88.95,0.0,0.0,0.0,282.95,1.52,334.0,87280.0
1990-12-06 07:00:00+00:00,6.98,82.6,0.0,0.0,0.0,258.15,1.03,325.0,87360.0
1990-12-06 08:00:00+00:00,7.22,79.65,144.0,620.9,40.0,250.05,0.83,317.0,87400.0
1990-12-06 09:00:00+00:00,9.37,71.5,335.0,807.21,63.0,256.2,0.62,337.0,87460.0
1990-12-06 10:00:00+00:00,12.41,55.65,490.0,868.08,82.0,259.1,0.76,16.0,87500.0
1990-12-06 11:00:00+00:00,14.52,48.25,596.0,909.32,89.0,269.95,0.76,50.0,87500.0
1990-12-06 12:00:00+00:00,16.14,41.9,651.0,963.52,79.0,269.0,0.9,83.0,87430.0
1990-12-06 13:00:00+00:00,17.16,37.65,621.0,929.08,86.0,275.95,1.24,108.0,87360.0
1990-12-06 14:00:00+00:00,17.89,33.9,534.0,896.46,81.0,276.75,1.59,116.0,87320.0
1990-12-06 15:00:00+00:00,18.16,32.65,391.0,827.08,71.0,278.85,1.66,120.0,87300.0
1990-12-06 16:00:00+00:00,17.93,32.65,210.0,704.09,49.0,294.35,1.93,129.0,87320.0
1990-12-06 17:00:00+00:00,17.25,36.3,21.0,265.81,10.0,280.2,2.41,133.0,87350.0
1990-12-06 18:00:00+00:00,15.69,43.4,0.0,0.0,0.0,266.1,2.14,132.0,87410.0
1990-12-06 19:00:00+00:00,14.01,64.75,0.0,0.0,0.0,264.75,1.31,139.0,87470.0
1990-12-06 20:00:00+00:00,14.44,53.95,0.0,0.0,0.0,262.2,0.76,139.0,87520.0
1990-12-06 21:00:00+00:00,13.55,55.9,0.0,0.0,0.0,259.5,0.55,111.0,87570.0
1990-12-06 22:00:00+00:00,12.2,64.45,0.0,0.0,0.0,258.55,0.83,85.0,87610.0
1990-12-06 23:00:00+00:00,10.8,69.15,0.0,0.0,0.0,258.35,0.97,78.0,87640.0
1990-12-07 00:00:00+00:00,9.55,77.0,0.0,0.0,0.0,259.9,0.76,63.0,87650.0
1990-12-07 01:00:00+00:00,8.81,79.85,0.0,0.0,0.0,265.25,0.48,26.0,87650.0
1990-12-07 02:00:00+00:00,7.83,82.7,0.0,0.0,0.0,256.8,0.41,341.0,87630.0
1990-12-07 03:00:00+00:00,7.18,82.65,0.0,0.0,0.0,256.4,0.48,316.0,87600.0
1990-12-07 04:00:00+00:00,6.75,82.6,0.0,0.0,0.0,257.95,0.55,316.0,87590.0
1990-12-07 05:00:00+00:00,6.24,85.7,0.0,0.0,0.0,250.05,0.48,324.0,87570.0
1990-12-07 06:00:00+00:00,5.73,85.65,0.0,0.0,0.0,247.3,0.41,327.0,87590.0
1990-12-07 07:00:00+00:00,5.58,88.85,0.0,0.0,0.0,253.5,0.48,320.0,87610.0
1990-12-07 08:00:00+00:00,5.85,82.5,140.0,606.04,40.0,250.05,0.34,335.0,87630.0
1990-12-07 09:00:00+00:00,8.92,71.4,323.0,738.31,76.0,252.95,0.21,99.0,87720.0
1990-12-07 10:00:00+00:00,11.5,64.35,497.0,912.83,70.0,254.1,1.03,140.0,87760.0
1990-12-07 11:00:00+00:00,13.51,58.0,593.0,907.12,89.0,268.6,1.31,159.0,87750.0
1990-12-07 12:00:00+00:00,15.04,54.1,638.0,922.23,92.0,270.95,1.52,166.0,87680.0
1990-12-07 13:00:00+00:00,16.28,45.3,616.0,913.65,91.0,291.85,1.31,163.0,87590.0
1990-12-07 14:00:00+00:00,16.93,42.15,535.0,905.82,78.0,311.55,1.24,161.0,87520.0
1990-12-07 15:00:00+00:00,17.28,37.8,391.0,835.69,68.0,315.05,1.52,165.0,87490.0
1990-12-07 16:00:00+00:00,17.45,36.4,186.0,472.36,78.0,308.65,2.21,171.0,87470.0
1990-12-07 17:00:00+00:00,16.74,40.5,21.0,263.98,10.0,279.85,2.76,170.0,87490.0
1990-12-07 18:00:00+00:00,15.03,46.6,0.0,0.0,0.0,265.5,2.41,168.0,87560.0
1990-12-07 19:00:00+00:00,13.73,55.9,0.0,0.0,0.0,261.05,1.59,142.0,87610.0
1990-12-07 20:00:00+00:00,11.7,64.35,0.0,0.0,0.0,257.95,1.93,124.0,87640.0
1990-12-07 21:00:00+00:00,10.11,71.6,0.0,0.0,0.0,255.05,1.93,120.0,87720.0
1990-12-07 22:00:00+00:00,9.07,74.15,0.0,0.0,0.0,256.2,1.79,121.0,87770.0
1990-12-07 23:00:00+00:00,8.6,76.85,0.0,0.0,0.0,255.45,1.66,121.0,87800.0
1990-12-08 00:00:00+00:00,9.53,71.5,0.0,0.0,0.0,258.35,1.1,121.0,87810.0
1990-12-08 01:00:00+00:00,10.21,66.55,0.0,0.0,0.0,264.05,0.21,130.0,87800.0
1990-12-08 02:00:00+00:00,9.81,69.0,0.0,0.0,0.0,261.85,0.07,193.0,87760.0
1990-12-08 03:00:00+00:00,9.42,71.5,0.0,0.0,0.0,272.1,0.14,100.0,87790.0
1990-12-08 04:00:00+00:00,9.04,74.15,0.0,0.0,0.0,277.9,0.14,69.0,87770.0
1990-12-08 05:00:00+00:00,8.72,74.15,0.0,0.0,0.0,281.55,0.07,42.0,87780.0
1990-12-08 06:00:00+00:00,8.26,74.05,0.0,0.0,0.0,258.75,0.14,335.0,87800.0
1990-12-08 07:00:00+00:00,8.14,76.8,0.0,0.0,0.0,254.3,0.41,343.0,87850.0
1990-12-08 08:00:00+00:00,8.01,76.8,134.0,553.6,44.0,251.95,0.48,349.0,87870.0
1990-12-08 09:00:00+00:00,9.38,68.9,327.0,788.66,65.0,252.95,0.21,20.0,87910.0
1990-12-08 10:00:00+00:00,11.04,61.85,481.0,850.46,85.0,254.85,0.69,146.0,87910.0
1990-12-08 11:00:00+00:00,12.74,53.7,581.0,857.8,106.0,262.2,1.17,164.0,87890.0
1990-12-08 12:00:00+00:00,14.15,51.9,632.0,905.96,97.0,267.05,1.59,164.0,87830.0
1990-12-08 13:00:00+00:00,15.32,45.05,557.0,652.13,183.0,275.2,1.52,162.0,87760.0
1990-12-08 14:00:00+00:00,16.09,41.9,545.0,954.71,64.0,291.05,1.17,161.0,87690.0
1990-12-08 15:00:00+00:00,16.42,39.0,317.0,401.33,162.0,301.5,1.86,164.0,87670.0
1990-12-08 16:00:00+00:00,16.37,37.55,166.0,314.8,94.0,296.85,2.14,168.0,87650.0
1990-12-08 17:00:00+00:00,15.88,38.85,2.0,0.0,2.0,291.65,2.41,169.0,87690.0
1990-12-08 18:00:00+00:00,14.47,44.75,0.0,0.0,0.0,272.1,2.28,164.0,87730.0
1990-12-08 19:00:00+00:00,13.43,46.35,0.0,0.0,0.0,270.75,2.28,154.0,87800.0
1990-12-08 20:00:00+00:00,12.08,53.5,0.0,0.0,0.0,265.3,2.41,132.0,87870.0
1990-12-08 21:00:00+00:00,10.9,55.3,0.0,0.0,0.0,263.2,2.62,122.0,87940.0
1990-12-08 22:00:00+00:00,9.88,61.65,0.0,0.0,0.0,259.15,2.34,118.0,87970.0
1990-12-08 23:00:00+00:00,9.06,66.25,0.0,0.0,0.0,256.8,1.72,116.0,87990.0
1990-12-09 00:00:00+00:00,8.77,66.25,0.0,0.0,0.0,266.85,1.03,108.0,88010.0
1990-12-09 01:00:00+00:00,9.63,61.55,0.0,0.0,0.0,261.95,0.41,64.0,87990.0
1990-12-09 02:00:00+00:00,9.39,61.55,0.0,0.0,0.0,276.75,0.62,4.0,87960.0
1990-12-09 03:00:00+00:00,8.62,66.15,0.0,0.0,0.0,258.55,0.97,1.0,87940.0
1990-12-09 04:00:00+00:00,7.71,68.6,0.0,0.0,0.0,250.05,1.1,13.0,87920.0
1990-12-09 05:00:00+00:00,6.56,73.7,0.0,0.0,0.0,244.8,1.24,20.0,87920.0
1990-12-09 06:00:00+00:00,6.54,73.7,0.0,0.0,0.0,238.6,1.17,14.0,87940.0
1990-12-09 07:00:00+00:00,7.37,68.5,0.0,0.0,0.0,250.2,0.97,352.0,88010.0
1990-12-09 08:00:00+00:00,6.13,76.5,135.0,599.23,39.0,239.75,1.17,340.0,88040.0
1990-12-09 09:00:00+00:00,7.52,71.15,324.0,781.94,66.0,243.45,0.97,347.0,88110.0
1990-12-09 10:00:00+00:00,9.74,55.05,480.0,854.24,84.0,258.15,1.17,60.0,88120.0
1990-12-09 11:00:00+00:00,11.27,49.45,587.0,894.97,93.0,256.05,1.52,78.0,88120.0
1990-12-09 12:00:00+00:00,12.57,44.35,636.0,925.1,91.0,256.6,1.52,81.0,88050.0
1990-12-09 13:00:00+00:00,13.7,39.8,619.0,931.01,86.0,265.9,1.59,85.0,87970.0
1990-12-09 14:00:00+00:00,14.6,35.6,530.0,884.3,85.0,270.95,1.66,90.0,87890.0
1990-12-09 15:00:00+00:00,15.05,34.35,388.0,818.6,72.0,272.5,1.86,103.0,87850.0
1990-12-09 16:00:00+00:00,14.89,33.05,208.0,690.3,50.0,274.05,2.21,121.0,87850.0
1990-12-09 17:00:00+00:00,14.34,34.25,22.0,258.72,11.0,275.75,2.34,131.0,87880.0
1990-12-09 18:00:00+00:00,13.34,35.45,0.0,0.0,0.0,267.45,1.59,136.0,87920.0
1990-12-09 19:00:00+00:00,12.48,41.1,0.0,0.0,0.0,276.55,1.86,130.0,87980.0
1990-12-09 20:00:00+00:00,10.89,55.3,0.0,0.0,0.0,265.5,1.59,118.0,88010.0
1990-12-09 21:00:00+00:00,10.1,57.15,0.0,0.0,0.0,246.55,1.38,102.0,88030.0
1990-12-09 22:00:00+00:00,9.73,52.95,0.0,0.0,0.0,251.4,1.31,80.0,88040.0
1990-12-09 23:00:00+00:00,9.23,54.9,0.0,0.0,0.0,249.25,1.31,62.0,88020.0
1990-12-10 00:00:00+00:00,8.97,54.8,0.0,0.0,0.0,240.95,1.24,37.0,88010.0
1990-12-10 01:00:00+00:00,8.08,58.9,0.0,0.0,0.0,237.75,1.24,14.0,87960.0
1990-12-10 02:00:00+00:00,6.7,63.35,0.0,0.0,0.0,235.3,1.38,358.0,87940.0
1990-12-10 03:00:00+00:00,5.35,68.1,0.0,0.0,0.0,233.6,1.52,345.0,87930.0
1990-12-10 04:00:00+00:00,4.24,70.6,0.0,0.0,0.0,231.65,1.59,331.0,87920.0
1990-12-10 05:00:00+00:00,3.39,76.1,0.0,0.0,0.0,230.1,1.66,325.0,87930.0
1990-12-10 06:00:00+00:00,2.85,73.2,0.0,0.0,0.0,229.15,1.66,324.0,87950.0
1990-12-10 07:00:00+00:00,2.9,73.2,0.0,0.0,0.0,227.75,1.59,323.0,87990.0
1990-12-10 08:00:00+00:00,3.09,76.1,134.0,595.3,40.0,227.4,1.52,322.0,88020.0
1990-12-10 09:00:00+00:00,6.18,65.75,327.0,802.42,64.0,230.65,1.1,324.0,88070.0
1990-12-10 10:00:00+00:00,9.74,51.0,485.0,877.39,80.0,237.25,1.1,343.0,88080.0
1990-12-10 11:00:00+00:00,11.55,44.1,594.0,919.5,88.0,244.05,1.17,26.0,88070.0
1990-12-10 12:00:00+00:00,13.06,36.7,640.0,935.67,90.0,250.05,1.31,43.0,88000.0
1990-12-10 13:00:00+00:00,14.27,34.25,620.0,928.98,89.0,254.5,1.31,54.0,87900.0
1990-12-10 14:00:00+00:00,15.06,30.6,537.0,909.03,80.0,257.75,0.97,59.0,87830.0
1990-12-10 15:00:00+00:00,15.43,28.4,390.0,816.2,75.0,258.75,0.55,82.0,87780.0
1990-12-10 16:00:00+00:00,15.34,28.4,213.0,720.03,48.0,261.85,0.48,139.0,87790.0
1990-12-10 17:00:00+00:00,14.68,30.45,11.0,23.21,10.0,263.75,0.62,167.0,87780.0
1990-12-10 18:00:00+00:00,13.94,30.3,0.0,0.0,0.0,268.05,0.21,242.0,87790.0
1990-12-10 19:00:00+00:00,14.26,30.45,0.0,0.0,0.0,271.3,0.41,157.0,87790.0
1990-12-10 20:00:00+00:00,13.9,30.3,0.0,0.0,0.0,273.85,0.34,109.0,87800.0
1990-12-10 21:00:00+00:00,13.1,32.65,0.0,0.0,0.0,257.75,0.69,105.0,87810.0
1990-12-10 22:00:00+00:00,12.15,35.05,0.0,0.0,0.0,254.1,1.03,104.0,87810.0
1990-12-10 23:00:00+00:00,10.99,39.1,0.0,0.0,0.0,251.2,1.17,111.0,87830.0
1990-12-11 00:00:00+00:00,10.64,40.55,0.0,0.0,0.0,252.15,0.97,111.0,87830.0
1990-12-11 01:00:00+00:00,9.88,42.0,0.0,0.0,0.0,251.7,0.62,94.0,87800.0
1990-12-11 02:00:00+00:00,9.19,45.15,0.0,0.0,0.0,253.15,0.41,46.0,87780.0
1990-12-11 03:00:00+00:00,8.6,46.8,0.0,0.0,0.0,257.4,0.55,15.0,87780.0
1990-12-11 04:00:00+00:00,8.09,48.55,0.0,0.0,0.0,257.95,0.76,4.0,87760.0
1990-12-11 05:00:00+00:00,7.69,48.55,0.0,0.0,0.0,257.2,0.76,357.0,87760.0
1990-12-11 06:00:00+00:00,7.28,50.35,0.0,0.0,0.0,255.85,0.83,350.0,87760.0
1990-12-11 07:00:00+00:00,7.0,52.2,0.0,0.0,0.0,239.0,0.83,340.0,87810.0
1990-12-11 08:00:00+00:00,6.63,54.15,120.0,430.4,53.0,235.9,0.97,331.0,87820.0
1990-12-11 09:00:00+00:00,7.49,54.4,322.0,789.19,65.0,239.6,0.83,330.0,87860.0
1990-12-11 10:00:00+00:00,9.73,45.4,479.0,859.23,84.0,242.65,0.76,348.0,87890.0
1990-12-11 11:00:00+00:00,11.37,40.8,594.0,929.43,84.0,246.35,0.55,25.0,87850.0
1990-12-11 12:00:00+00:00,12.78,36.7,641.0,946.12,86.0,248.85,0.34,70.0,87760.0
1990-12-11 13:00:00+00:00,13.9,32.8,624.0,951.31,81.0,253.15,0.55,144.0,87670.0
1990-12-11 14:00:00+00:00,14.71,30.45,538.0,917.68,77.0,255.25,0.97,167.0,87600.0
1990-12-11 15:00:00+00:00,15.09,27.2,391.0,826.53,72.0,259.5,1.52,173.0,87550.0
1990-12-11 16:00:00+00:00,15.01,27.2,213.0,718.88,48.0,265.3,2.0,176.0,87540.0
1990-12-11 17:00:00+00:00,14.38,28.15,23.0,297.3,10.0,269.6,1.86,181.0,87550.0
1990-12-11 18:00:00+00:00,13.45,34.1,0.0,0.0,0.0,274.6,1.1,187.0,87560.0
1990-12-11 19:00:00+00:00,12.73,36.7,0.0,0.0,0.0,269.95,1.03,182.0,87560.0
1990-12-11 20:00:00+00:00,13.05,30.15,0.0,0.0,0.0,254.3,0.69,169.0,87620.0
1990-12-11 21:00:00+00:00,12.31,32.5,0.0,0.0,0.0,250.05,0.76,137.0,87630.0
1990-12-11 22:00:00+00:00,11.54,34.9,0.0,0.0,0.0,240.95,0.97,122.0,87640.0
1990-12-11 23:00:00+00:00,10.64,38.95,0.0,0.0,0.0,238.6,0.9,116.0,87650.0
1990-12-12 00:00:00+00:00,9.74,40.4,0.0,0.0,0.0,236.65,0.69,109.0,87660.0
1990-12-12 01:00:00+00:00,8.91,45.15,0.0,0.0,0.0,237.0,0.34,79.0,87640.0
1990-12-12 02:00:00+00:00,8.11,48.55,0.0,0.0,0.0,235.3,0.34,19.0,87600.0
1990-12-12 03:00:00+00:00,7.45,50.35,0.0,0.0,0.0,237.45,0.41,347.0,87590.0
1990-12-12 04:00:00+00:00,6.82,52.2,0.0,0.0,0.0,235.7,0.69,334.0,87590.0
1990-12-12 05:00:00+00:00,6.19,52.1,0.0,0.0,0.0,237.25,0.9,327.0,87590.0
1990-12-12 06:00:00+00:00,5.5,56.05,0.0,0.0,0.0,237.45,1.03,322.0,87600.0
1990-12-12 07:00:00+00:00,5.16,58.3,0.0,0.0,0.0,243.65,1.1,324.0,87650.0
1990-12-12 08:00:00+00:00,4.75,60.5,130.0,599.33,38.0,237.05,1.03,323.0,87680.0
1990-12-12 09:00:00+00:00,7.02,54.3,326.0,831.21,57.0,237.05,0.55,329.0,87710.0
1990-12-12 10:00:00+00:00,9.61,43.55,469.0,810.19,98.0,241.9,0.21,36.0,87760.0
1990-12-12 11:00:00+00:00,11.39,37.75,576.0,849.72,111.0,247.3,0.41,88.0,87720.0
1990-12-12 12:00:00+00:00,12.8,33.95,615.0,831.76,128.0,249.25,0.62,107.0,87630.0
1990-12-12 13:00:00+00:00,13.81,32.8,606.0,875.29,107.0,257.2,0.97,123.0,87580.0
1990-12-12 14:00:00+00:00,14.36,30.45,529.0,878.35,88.0,259.9,1.17,137.0,87460.0
1990-12-12 15:00:00+00:00,14.54,29.25,391.0,826.27,72.0,270.15,1.1,147.0,87430.0
1990-12-12 16:00:00+00:00,14.38,28.15,210.0,691.34,51.0,264.15,1.17,164.0,87420.0
1990-12-12 17:00:00+00:00,13.8,29.15,25.0,337.34,10.0,273.85,1.03,173.0,87430.0
1990-12-12 18:00:00+00:00,13.06,30.15,0.0,0.0,0.0,263.95,0.14,184.0,87450.0
1990-12-12 19:00:00+00:00,13.19,31.4,0.0,0.0,0.0,271.7,0.69,185.0,87440.0
1990-12-12 20:00:00+00:00,12.78,29.0,0.0,0.0,0.0,252.15,0.28,195.0,87480.0
1990-12-12 21:00:00+00:00,12.07,32.35,0.0,0.0,0.0,246.15,0.07,106.0,87500.0
1990-12-12 22:00:00+00:00,11.29,36.3,0.0,0.0,0.0,249.65,0.41,64.0,87550.0
1990-12-12 23:00:00+00:00,10.36,40.55,0.0,0.0,0.0,245.0,0.62,65.0,87560.0
1990-12-13 00:00:00+00:00,9.37,43.55,0.0,0.0,0.0,242.5,0.76,57.0,87580.0
1990-12-13 01:00:00+00:00,8.35,48.65,0.0,0.0,0.0,244.9,0.62,44.0,87540.0
1990-12-13 02:00:00+00:00,7.32,52.35,0.0,0.0,0.0,238.6,0.48,11.0,87490.0
1990-12-13 03:00:00+00:00,6.4,58.55,0.0,0.0,0.0,236.1,0.62,335.0,87510.0
1990-12-13 04:00:00+00:00,5.51,60.65,0.0,0.0,0.0,237.65,0.97,322.0,87500.0
1990-12-13 05:00:00+00:00,3.7,67.8,0.0,0.0,0.0,233.75,1.17,318.0,87490.0
1990-12-13 06:00:00+00:00,2.78,67.7,0.0,0.0,0.0,232.4,1.24,317.0,87500.0
1990-12-13 07:00:00+00:00,2.13,73.1,0.0,0.0,0.0,233.4,1.1,312.0,87590.0
1990-12-13 08:00:00+00:00,2.76,70.4,127.0,581.19,39.0,231.05,0.9,305.0,87620.0
1990-12-13 09:00:00+00:00,6.4,58.55,317.0,783.4,65.0,235.5,0.48,312.0,87650.0
1990-12-13 10:00:00+00:00,9.21,48.95,472.0,841.71,88.0,239.95,0.14,333.0,87690.0
1990-12-13 11:00:00+00:00,11.17,43.95,587.0,915.98,87.0,246.75,0.21,121.0,87650.0
1990-12-13 12:00:00+00:00,12.75,36.7,638.0,944.39,86.0,251.6,0.41,159.0,87590.0
1990-12-13 13:00:00+00:00,13.87,34.1,616.0,925.35,89.0,255.45,0.62,176.0,87490.0
1990-12-13 14:00:00+00:00,14.57,31.65,532.0,892.6,84.0,271.3,0.9,193.0,87410.0
1990-12-13 15:00:00+00:00,15.07,30.6,394.0,838.74,70.0,269.4,1.1,194.0,87370.0
1990-12-13 16:00:00+00:00,15.13,29.4,211.0,689.66,52.0,263.75,1.17,192.0,87360.0
1990-12-13 17:00:00+00:00,14.7,30.45,25.0,309.1,11.0,253.5,1.17,187.0,87380.0
1990-12-13 18:00:00+00:00,13.42,38.3,0.0,0.0,0.0,248.65,0.83,180.0,87400.0
1990-12-13 19:00:00+00:00,13.57,32.8,0.0,0.0,0.0,247.7,0.34,276.0,87450.0
1990-12-13 20:00:00+00:00,12.23,36.55,0.0,0.0,0.0,244.8,0.69,318.0,87500.0
1990-12-13 21:00:00+00:00,10.53,43.8,0.0,0.0,0.0,242.3,0.76,330.0,87550.0
1990-12-13 22:00:00+00:00,8.9,48.8,0.0,0.0,0.0,240.15,0.55,331.0,87590.0
1990-12-13 23:00:00+00:00,7.39,54.4,0.0,0.0,0.0,237.65,0.34,339.0,87600.0
1990-12-14 00:00:00+00:00,6.28,60.85,0.0,0.0,0.0,235.7,0.41,347.0,87620.0
1990-12-14 01:00:00+00:00,5.27,65.55,0.0,0.0,0.0,234.25,0.48,332.0,87600.0
1990-12-14 02:00:00+00:00,4.36,67.9,0.0,0.0,0.0,233.4,0.55,320.0,87570.0
1990-12-14 03:00:00+00:00,3.53,73.2,0.0,0.0,0.0,232.4,0.76,312.0,87570.0
1990-12-14 04:00:00+00:00,2.61,76.0,0.0,0.0,0.0,229.7,0.9,306.0,87530.0
1990-12-14 05:00:00+00:00,1.61,78.9,0.0,0.0,0.0,227.6,0.97,302.0,87510.0
1990-12-14 06:00:00+00:00,1.17,75.85,0.0,0.0,0.0,227.6,0.9,299.0,87520.0
1990-12-14 07:00:00+00:00,1.36,75.85,0.0,0.0,0.0,225.65,0.76,304.0,87550.0
1990-12-14 08:00:00+00:00,1.66,73.0,121.0,515.42,44.0,224.1,0.83,303.0,87600.0
1990-12-14 09:00:00+00:00,5.65,56.2,318.0,794.21,64.0,225.85,0.55,306.0,87640.0
1990-12-14 10:00:00+00:00,9.05,45.15,474.0,849.09,88.0,234.55,0.34,287.0,87680.0
1990-12-14 11:00:00+00:00,11.53,34.9,577.0,857.54,110.0,241.15,0.62,256.0,87660.0
1990-12-14 12:00:00+00:00,13.61,25.85,452.0,267.3,296.0,248.85,1.31,278.0,87580.0
1990-12-14 13:00:00+00:00,15.18,21.35,534.0,557.09,217.0,256.2,2.0,299.0,87500.0
1990-12-14 14:00:00+00:00,16.03,19.15,474.0,589.83,178.0,263.75,2.83,312.0,87410.0
1990-12-14 15:00:00+00:00,16.5,18.5,316.0,382.81,168.0,257.75,3.31,319.0,87390.0
1990-12-14 16:00:00+00:00,16.24,19.95,209.0,653.09,58.0,250.2,3.79,322.0,87380.0
1990-12-14 17:00:00+00:00,15.02,23.15,25.0,281.34,12.0,247.5,3.86,324.0,87420.0
1990-12-14 18:00:00+00:00,12.67,31.25,0.0,0.0,0.0,241.7,4.07,326.0,87470.0
1990-12-14 19:00:00+00:00,11.47,32.25,0.0,0.0,0.0,240.95,3.24,325.0,87490.0
1990-12-14 20:00:00+00:00,9.81,38.85,0.0,0.0,0.0,235.9,2.9,325.0,87540.0
1990-12-14 21:00:00+00:00,8.44,46.8,0.0,0.0,0.0,235.9,2.69,322.0,87560.0
1990-12-14 22:00:00+00:00,7.42,50.35,0.0,0.0,0.0,240.95,2.41,315.0,87580.0
1990-12-14 23:00:00+00:00,6.42,54.15,0.0,0.0,0.0,239.0,2.41,309.0,87540.0
1990-12-15 00:00:00+00:00,5.45,58.3,0.0,0.0,0.0,234.15,2.41,305.0,87520.0
1990-12-15 01:00:00+00:00,4.56,62.8,0.0,0.0,0.0,232.15,2.21,299.0,87480.0
1990-12-15 02:00:00+00:00,3.87,65.2,0.0,0.0,0.0,232.05,2.14,296.0,87440.0
1990-12-15 03:00:00+00:00,3.52,67.7,0.0,0.0,0.0,241.3,2.14,295.0,87440.0
1990-12-15 04:00:00+00:00,3.38,70.4,0.0,0.0,0.0,251.2,2.0,293.0,87430.0
1990-12-15 05:00:00+00:00,3.21,70.4,0.0,0.0,0.0,249.45,2.0,289.0,87420.0
1990-12-15 06:00:00+00:00,3.1,70.4,0.0,0.0,0.0,247.9,2.14,289.0,87430.0
1990-12-15 07:00:00+00:00,3.24,73.2,0.0,0.0,0.0,254.85,2.14,290.0,87450.0
1990-12-15 08:00:00+00:00,3.88,70.5,123.0,590.05,36.0,267.85,2.07,285.0,87480.0
1990-12-15 09:00:00+00:00,6.44,60.85,310.0,754.64,70.0,278.65,2.0,284.0,87530.0
1990-12-15 10:00:00+00:00,9.65,54.9,463.0,807.79,97.0,260.5,2.83,303.0,87550.0
1990-12-15 11:00:00+00:00,11.56,47.6,581.0,899.89,92.0,264.15,3.93,309.0,87550.0
1990-12-15 12:00:00+00:00,13.35,36.85,626.0,897.36,103.0,273.45,4.21,308.0,87470.0
1990-12-15 13:00:00+00:00,14.57,34.25,605.0,873.99,108.0,266.1,4.34,311.0,87400.0
1990-12-15 14:00:00+00:00,15.33,29.55,523.0,844.82,99.0,262.2,4.76,317.0,87340.0
1990-12-15 15:00:00+00:00,15.51,27.3,388.0,798.37,79.0,263.95,4.97,322.0,87340.0
1990-12-15 16:00:00+00:00,14.95,28.25,179.0,383.69,90.0,259.1,4.76,324.0,87330.0
1990-12-15 17:00:00+00:00,13.67,32.8,13.0,21.18,12.0,258.95,4.55,326.0,87370.0
1990-12-15 18:00:00+00:00,11.64,40.8,0.0,0.0,0.0,254.5,4.62,329.0,87430.0
1990-12-15 19:00:00+00:00,10.21,45.55,0.0,0.0,0.0,251.6,4.07,331.0,87470.0
1990-12-15 20:00:00+00:00,8.98,54.8,0.0,0.0,0.0,247.3,2.76,329.0,87530.0
1990-12-15 21:00:00+00:00,8.08,58.9,0.0,0.0,0.0,253.7,2.07,324.0,87590.0
1990-12-15 22:00:00+00:00,6.92,65.85,0.0,0.0,0.0,246.15,1.59,325.0,87600.0
1990-12-15 23:00:00+00:00,5.55,73.55,0.0,0.0,0.0,241.5,1.52,325.0,87590.0
1990-12-16 00:00:00+00:00,4.43,79.2,0.0,0.0,0.0,241.3,1.52,319.0,87590.0
1990-12-16 01:00:00+00:00,3.74,79.15,0.0,0.0,0.0,238.35,1.31,312.0,87550.0
1990-12-16 02:00:00+00:00,3.44,76.1,0.0,0.0,0.0,236.1,1.1,311.0,87490.0
1990-12-16 03:00:00+00:00,2.84,73.2,0.0,0.0,0.0,231.45,1.17,316.0,87490.0
1990-12-16 04:00:00+00:00,1.79,78.95,0.0,0.0,0.0,229.5,1.38,310.0,87450.0
1990-12-16 05:00:00+00:00,0.83,78.8,0.0,0.0,0.0,226.4,1.59,301.0,87450.0
1990-12-16 06:00:00+00:00,0.5,78.75,0.0,0.0,0.0,237.05,1.59,294.0,87430.0
1990-12-16 07:00:00+00:00,0.74,75.75,0.0,0.0,0.0,240.95,1.86,293.0,87470.0
1990-12-16 08:00:00+00:00,1.36,72.95,120.0,556.42,39.0,239.75,1.72,289.0,87440.0
1990-12-16 09:00:00+00:00,4.62,65.3,307.0,742.87,72.0,240.95,1.59,283.0,87450.0
1990-12-16 10:00:00+00:00,9.76,40.4,463.0,810.33,97.0,245.4,2.21,270.0,87410.0
1990-12-16 11:00:00+00:00,12.39,33.8,575.0,868.49,104.0,251.4,2.97,271.0,87330.0
1990-12-16 12:00:00+00:00,14.29,30.45,626.0,900.13,102.0,267.45,3.72,283.0,87190.0
1990-12-16 13:00:00+00:00,15.33,26.25,602.0,860.32,113.0,272.1,4.97,290.0,87040.0
1990-12-16 14:00:00+00:00,15.32,28.4,530.0,880.43,88.0,280.8,5.59,301.0,86900.0
1990-12-16 15:00:00+00:00,14.1,35.45,394.0,828.24,73.0,283.1,6.69,318.0,86870.0
1990-12-16 16:00:00+00:00,11.89,42.55,211.0,670.08,55.0,290.65,6.83,330.0,86880.0
1990-12-16 17:00:00+00:00,9.88,49.05,26.0,289.87,12.0,278.65,6.28,333.0,86890.0
1990-12-16 18:00:00+00:00,8.24,54.65,0.0,0.0,0.0,270.75,5.45,337.0,86880.0
1990-12-16 19:00:00+00:00,8.01,58.9,0.0,0.0,0.0,269.0,5.17,330.0,86860.0
1990-12-16 20:00:00+00:00,7.1,61.0,0.0,0.0,0.0,279.65,4.76,325.0,86850.0
1990-12-16 21:00:00+00:00,6.36,63.25,0.0,0.0,0.0,284.1,4.83,329.0,86850.0
1990-12-16 22:00:00+00:00,5.27,63.05,0.0,0.0,0.0,277.7,4.97,339.0,86870.0
1990-12-16 23:00:00+00:00,4.36,67.9,0.0,0.0,0.0,272.3,4.9,341.0,86920.0
1990-12-17 00:00:00+00:00,3.86,65.2,0.0,0.0,0.0,262.6,4.62,335.0,86880.0
1990-12-17 01:00:00+00:00,3.45,65.1,0.0,0.0,0.0,246.45,4.83,324.0,86790.0
1990-12-17 02:00:00+00:00,2.87,62.6,0.0,0.0,0.0,224.1,5.31,315.0,86700.0
1990-12-17 03:00:00+00:00,2.46,62.5,0.0,0.0,0.0,223.9,5.17,315.0,86650.0
1990-12-17 04:00:00+00:00,2.02,64.9,0.0,0.0,0.0,220.6,3.66,325.0,86630.0
1990-12-17 05:00:00+00:00,1.46,67.4,0.0,0.0,0.0,215.4,2.07,354.0,86670.0
1990-12-17 06:00:00+00:00,0.97,70.05,0.0,0.0,0.0,227.0,1.45,18.0,86700.0
1990-12-17 07:00:00+00:00,0.31,75.7,0.0,0.0,0.0,235.3,1.31,341.0,86750.0
1990-12-17 08:00:00+00:00,-0.02,78.65,122.0,605.09,35.0,222.75,1.45,313.0,86770.0
1990-12-17 09:00:00+00:00,2.22,65.0,311.0,778.43,66.0,220.4,1.38,309.0,86830.0
1990-12-17 10:00:00+00:00,4.34,55.85,470.0,848.25,88.0,228.15,1.1,313.0,86840.0
1990-12-17 11:00:00+00:00,5.97,46.1,581.0,892.22,98.0,229.15,0.9,319.0,86820.0
1990-12-17 12:00:00+00:00,7.24,39.7,605.0,792.7,144.0,235.5,0.76,341.0,86750.0
1990-12-17 13:00:00+00:00,8.23,35.45,347.0,96.79,292.0,235.7,0.9,357.0,86670.0
1990-12-17 14:00:00+00:00,8.77,32.85,534.0,887.95,88.0,242.65,0.69,344.0,86610.0
1990-12-17 15:00:00+00:00,8.94,31.55,389.0,777.96,87.0,238.2,0.76,313.0,86590.0
1990-12-17 16:00:00+00:00,8.85,31.55,167.0,282.35,101.0,246.95,0.97,313.0,86610.0
1990-12-17 17:00:00+00:00,8.37,32.7,30.0,384.07,11.0,259.9,1.24,331.0,86660.0
1990-12-17 18:00:00+00:00,7.86,35.3,0.0,0.0,0.0,269.2,1.66,337.0,86710.0
1990-12-17 19:00:00+00:00,6.6,56.3,0.0,0.0,0.0,247.7,0.97,3.0,86750.0
1990-12-17 20:00:00+00:00,6.27,46.25,0.0,0.0,0.0,253.3,0.34,54.0,86780.0
1990-12-17 21:00:00+00:00,5.19,58.3,0.0,0.0,0.0,251.95,0.9,125.0,86810.0
1990-12-17 22:00:00+00:00,4.16,60.4,0.0,0.0,0.0,248.3,2.0,136.0,86820.0
1990-12-17 23:00:00+00:00,3.86,60.3,0.0,0.0,0.0,254.85,2.14,129.0,86850.0
1990-12-18 00:00:00+00:00,3.42,65.1,0.0,0.0,0.0,260.1,2.0,106.0,86850.0
1990-12-18 01:00:00+00:00,2.85,65.1,0.0,0.0,0.0,240.65,2.14,90.0,86810.0
1990-12-18 02:00:00+00:00,2.03,70.2,0.0,0.0,0.0,245.0,1.93,80.0,86790.0
1990-12-18 03:00:00+00:00,1.25,75.85,0.0,0.0,0.0,244.6,1.59,65.0,86800.0
1990-12-18 04:00:00+00:00,1.06,78.8,0.0,0.0,0.0,245.95,1.38,42.0,86830.0
1990-12-18 05:00:00+00:00,0.75,75.75,0.0,0.0,0.0,245.0,1.38,23.0,86820.0
1990-12-18 06:00:00+00:00,0.64,75.75,0.0,0.0,0.0,232.8,1.24,3.0,86810.0
1990-12-18 07:00:00+00:00,-0.05,78.65,0.0,0.0,0.0,235.7,1.52,323.0,86810.0
1990-12-18 08:00:00+00:00,-0.27,78.65,111.0,471.62,44.0,232.8,1.66,308.0,86800.0
1990-12-18 09:00:00+00:00,1.89,73.0,314.0,814.13,59.0,229.15,1.45,303.0,86840.0
1990-12-18 10:00:00+00:00,4.41,58.05,493.0,979.72,53.0,227.6,1.45,294.0,86830.0
1990-12-18 11:00:00+00:00,6.01,51.95,592.0,956.57,75.0,231.65,1.03,279.0,86830.0
1990-12-18 12:00:00+00:00,7.12,46.4,636.0,946.5,86.0,237.85,0.97,279.0,86760.0
1990-12-18 13:00:00+00:00,7.86,43.1,616.0,927.51,89.0,250.6,1.45,263.0,86710.0
1990-12-18 14:00:00+00:00,8.15,43.1,532.0,883.33,88.0,261.25,2.21,258.0,86650.0
1990-12-18 15:00:00+00:00,7.86,43.1,411.0,912.77,56.0,267.25,2.55,264.0,86620.0
1990-12-18 16:00:00+00:00,7.82,43.1,198.0,519.62,76.0,255.85,2.97,279.0,86600.0
1990-12-18 17:00:00+00:00,7.26,46.55,23.0,157.71,15.0,262.2,3.17,286.0,86630.0
1990-12-18 18:00:00+00:00,6.25,52.1,0.0,0.0,0.0,243.65,2.9,289.0,86660.0
1990-12-18 19:00:00+00:00,5.59,56.05,0.0,0.0,0.0,242.1,2.83,298.0,86690.0
1990-12-18 20:00:00+00:00,4.61,60.4,0.0,0.0,0.0,233.6,2.97,307.0,86730.0
1990-12-18 21:00:00+00:00,3.51,67.7,0.0,0.0,0.0,224.85,2.97,313.0,86780.0
1990-12-18 22:00:00+00:00,2.4,70.3,0.0,0.0,0.0,216.55,2.55,314.0,86770.0
1990-12-18 23:00:00+00:00,1.52,75.85,0.0,0.0,0.0,220.2,2.14,310.0,86790.0
1990-12-19 00:00:00+00:00,0.7,75.75,0.0,0.0,0.0,220.8,1.93,304.0,86760.0
1990-12-19 01:00:00+00:00,0.02,78.65,0.0,0.0,0.0,223.45,1.93,299.0,86750.0
1990-12-19 02:00:00+00:00,-0.37,75.6,0.0,0.0,0.0,227.6,1.93,296.0,86740.0
1990-12-19 03:00:00+00:00,-0.57,75.55,0.0,0.0,0.0,222.55,2.0,294.0,86740.0
1990-12-19 04:00:00+00:00,-0.87,72.6,0.0,0.0,0.0,213.65,2.07,295.0,86750.0
1990-12-19 05:00:00+00:00,-1.02,69.65,0.0,0.0,0.0,216.55,2.07,294.0,86740.0
1990-12-19 06:00:00+00:00,-1.13,66.9,0.0,0.0,0.0,216.55,2.0,293.0,86740.0
1990-12-19 07:00:00+00:00,-1.15,66.9,0.0,0.0,0.0,214.05,1.93,288.0,86750.0
1990-12-19 08:00:00+00:00,-1.02,66.9,116.0,562.57,37.0,218.5,1.72,294.0,86790.0
1990-12-19 09:00:00+00:00,2.47,53.25,306.0,763.33,68.0,231.25,1.59,302.0,86850.0
1990-12-19 10:00:00+00:00,5.91,42.55,473.0,879.51,79.0,226.2,1.79,314.0,86910.0
1990-12-19 11:00:00+00:00,8.09,43.1,583.0,909.75,92.0,232.05,2.55,324.0,86940.0
1990-12-19 12:00:00+00:00,9.84,42.0,633.0,926.42,95.0,242.85,3.52,327.0,86870.0
1990-12-19 13:00:00+00:00,11.08,40.65,617.0,920.38,94.0,253.9,4.21,327.0,86820.0
1990-12-19 14:00:00+00:00,11.73,37.9,539.0,906.37,83.0,266.5,4.55,325.0,86770.0
1990-12-19 15:00:00+00:00,11.8,37.9,400.0,841.55,72.0,258.15,4.62,323.0,86780.0
1990-12-19 16:00:00+00:00,11.33,40.8,221.0,720.6,51.0,255.45,4.55,325.0,86820.0
1990-12-19 17:00:00+00:00,10.06,47.2,30.0,345.71,12.0,271.9,4.21,333.0,86860.0
1990-12-19 18:00:00+00:00,8.4,54.65,0.0,0.0,0.0,259.5,3.66,337.0,86920.0
1990-12-19 19:00:00+00:00,7.03,63.35,0.0,0.0,0.0,239.95,2.69,337.0,86950.0
1990-12-19 20:00:00+00:00,5.89,68.2,0.0,0.0,0.0,238.8,2.41,328.0,87010.0
1990-12-19 21:00:00+00:00,4.93,73.45,0.0,0.0,0.0,240.55,2.34,321.0,87070.0
1990-12-19 22:00:00+00:00,4.22,73.4,0.0,0.0,0.0,242.85,2.34,316.0,87130.0
1990-12-19 23:00:00+00:00,3.59,79.1,0.0,0.0,0.0,245.4,2.28,313.0,87150.0
1990-12-20 00:00:00+00:00,2.75,76.1,0.0,0.0,0.0,237.05,2.21,311.0,87150.0
1990-12-20 01:00:00+00:00,2.06,78.95,0.0,0.0,0.0,237.95,2.07,308.0,87160.0
1990-12-20 02:00:00+00:00,1.38,82.0,0.0,0.0,0.0,230.1,2.0,309.0,87150.0
1990-12-20 03:00:00+00:00,0.73,81.95,0.0,0.0,0.0,224.3,2.07,312.0,87160.0
1990-12-20 04:00:00+00:00,0.31,81.9,0.0,0.0,0.0,228.15,1.93,313.0,87160.0
1990-12-20 05:00:00+00:00,-0.35,81.8,0.0,0.0,0.0,218.65,1.79,307.0,87170.0
1990-12-20 06:00:00+00:00,-1.16,81.7,0.0,0.0,0.0,221.0,1.52,305.0,87210.0
1990-12-20 07:00:00+00:00,-2.85,88.25,0.0,0.0,0.0,220.4,1.38,306.0,87270.0
1990-12-20 08:00:00+00:00,-2.54,84.85,118.0,597.67,35.0,223.3,1.31,310.0,87340.0
1990-12-20 09:00:00+00:00,1.31,64.8,311.0,798.83,63.0,215.75,1.1,315.0,87410.0
1990-12-20 10:00:00+00:00,5.47,49.8,476.0,890.49,78.0,218.85,1.03,335.0,87470.0
1990-12-20 11:00:00+00:00,8.19,39.95,590.0,934.99,86.0,223.15,1.03,357.0,87470.0
1990-12-20 12:00:00+00:00,10.16,34.45,642.0,952.67,89.0,228.75,1.1,7.0,87400.0
1990-12-20 13:00:00+00:00,11.65,27.45,629.0,958.81,84.0,232.6,1.1,10.0,87330.0
1990-12-20 14:00:00+00:00,12.58,24.55,544.0,915.27,83.0,234.55,0.9,5.0,87290.0
1990-12-20 15:00:00+00:00,13.05,22.75,405.0,852.35,72.0,234.55,0.83,0.0,87290.0
1990-12-20 16:00:00+00:00,13.03,21.85,221.0,695.81,56.0,232.2,0.69,12.0,87310.0
1990-12-20 17:00:00+00:00,12.54,23.6,32.0,355.22,13.0,230.1,0.69,42.0,87360.0
1990-12-20 18:00:00+00:00,10.68,42.15,0.0,0.0,0.0,228.35,1.03,42.0,87400.0
1990-12-20 19:00:00+00:00,8.22,50.6,0.0,0.0,0.0,227.2,1.59,5.0,87480.0
1990-12-20 20:00:00+00:00,6.97,50.2,0.0,0.0,0.0,225.85,1.31,12.0,87500.0
1990-12-20 21:00:00+00:00,7.37,41.3,0.0,0.0,0.0,224.85,0.76,2.0,87590.0
1990-12-20 22:00:00+00:00,6.29,44.45,0.0,0.0,0.0,224.65,0.76,345.0,87630.0
1990-12-20 23:00:00+00:00,5.33,47.85,0.0,0.0,0.0,224.1,0.76,336.0,87650.0
1990-12-21 00:00:00+00:00,4.45,49.55,0.0,0.0,0.0,222.95,0.83,325.0,87660.0
1990-12-21 01:00:00+00:00,3.55,51.3,0.0,0.0,0.0,222.25,0.9,314.0,87660.0
1990-12-21 02:00:00+00:00,2.72,49.25,0.0,0.0,0.0,221.2,0.9,311.0,87640.0
1990-12-21 03:00:00+00:00,1.35,55.2,0.0,0.0,0.0,220.4,1.03,309.0,87640.0
1990-12-21 04:00:00+00:00,0.24,57.2,0.0,0.0,0.0,219.25,1.17,303.0,87630.0
1990-12-21 05:00:00+00:00,-0.44,59.35,0.0,0.0,0.0,218.5,1.24,304.0,87630.0
1990-12-21 06:00:00+00:00,-0.98,61.65,0.0,0.0,0.0,217.3,1.31,308.0,87630.0
1990-12-21 07:00:00+00:00,-1.14,56.85,0.0,0.0,0.0,215.0,0.97,304.0,87710.0
1990-12-21 08:00:00+00:00,-0.47,52.45,115.0,589.52,34.0,214.8,0.76,303.0,87730.0
1990-12-21 09:00:00+00:00,3.31,41.85,308.0,785.87,65.0,218.1,0.55,322.0,87790.0
1990-12-21 10:00:00+00:00,7.27,33.75,469.0,858.72,86.0,222.75,0.41,345.0,87840.0
1990-12-21 11:00:00+00:00,9.8,27.05,592.0,947.1,82.0,228.75,0.14,36.0,87810.0
1990-12-21 12:00:00+00:00,11.72,22.5,638.0,935.68,95.0,233.6,0.28,160.0,87730.0
1990-12-21 13:00:00+00:00,13.28,19.45,619.0,912.63,100.0,237.85,0.62,178.0,87660.0
1990-12-21 14:00:00+00:00,14.32,18.0,539.0,884.3,93.0,240.35,0.48,175.0,87610.0
1990-12-21 15:00:00+00:00,14.84,16.7,406.0,852.67,72.0,242.1,0.28,175.0,87580.0
1990-12-21 16:00:00+00:00,14.81,16.0,228.0,754.9,48.0,243.85,0.21,208.0,87560.0
1990-12-21 17:00:00+00:00,14.35,16.6,34.0,381.89,13.0,239.75,0.0,234.0,87580.0
1990-12-21 18:00:00+00:00,13.48,18.65,0.0,0.0,0.0,234.95,0.21,352.0,87580.0
1990-12-21 19:00:00+00:00,11.79,24.45,0.0,0.0,0.0,230.1,0.9,302.0,87640.0
1990-12-21 20:00:00+00:00,9.89,28.15,0.0,0.0,0.0,226.2,0.76,333.0,87690.0
1990-12-21 21:00:00+00:00,7.69,33.9,0.0,0.0,0.0,222.35,0.9,330.0,87750.0
1990-12-21 22:00:00+00:00,5.37,42.45,0.0,0.0,0.0,219.85,1.1,315.0,87780.0
1990-12-21 23:00:00+00:00,3.44,49.25,0.0,0.0,0.0,216.35,1.24,313.0,87790.0
1990-12-22 00:00:00+00:00,3.3,45.4,0.0,0.0,0.0,215.95,1.03,313.0,87810.0
1990-12-22 01:00:00+00:00,3.0,43.6,0.0,0.0,0.0,216.85,0.76,315.0,87840.0
1990-12-22 02:00:00+00:00,2.52,41.7,0.0,0.0,0.0,218.1,0.83,325.0,87840.0
1990-12-22 03:00:00+00:00,2.35,38.4,0.0,0.0,0.0,218.1,0.83,326.0,87860.0
1990-12-22 04:00:00+00:00,2.28,35.35,0.0,0.0,0.0,217.3,0.9,324.0,87880.0
1990-12-22 05:00:00+00:00,2.31,33.9,0.0,0.0,0.0,217.7,1.03,315.0,87880.0
1990-12-22 06:00:00+00:00,2.71,32.6,0.0,0.0,0.0,218.5,1.03,311.0,87930.0
1990-12-22 07:00:00+00:00,2.29,33.9,0.0,0.0,0.0,219.05,0.97,323.0,87990.0
1990-12-22 08:00:00+00:00,2.47,33.9,113.0,573.49,35.0,220.2,0.9,334.0,88030.0
1990-12-22 09:00:00+00:00,4.76,29.15,306.0,788.81,63.0,224.3,0.21,329.0,88080.0
1990-12-22 10:00:00+00:00,7.6,26.35,465.0,849.09,87.0,230.3,0.83,161.0,88150.0
1990-12-22 11:00:00+00:00,9.79,25.95,588.0,938.6,83.0,236.5,1.45,164.0,88170.0
1990-12-22 12:00:00+00:00,11.54,26.35,640.0,956.42,85.0,242.85,1.93,165.0,88120.0
1990-12-22 13:00:00+00:00,12.9,24.7,622.0,938.38,88.0,247.15,1.93,158.0,88050.0
1990-12-22 14:00:00+00:00,13.71,23.85,539.0,892.84,88.0,250.2,1.52,144.0,87970.0
1990-12-22 15:00:00+00:00,14.18,23.85,406.0,855.31,70.0,251.4,1.59,145.0,87950.0
1990-12-22 16:00:00+00:00,14.12,23.85,223.0,704.62,54.0,250.8,1.86,146.0,87950.0
1990-12-22 17:00:00+00:00,13.48,24.85,36.0,406.56,13.0,247.9,1.86,132.0,88000.0
1990-12-22 18:00:00+00:00,12.31,28.85,0.0,0.0,0.0,243.85,1.93,104.0,88010.0
1990-12-22 19:00:00+00:00,10.26,43.8,0.0,0.0,0.0,242.5,1.66,103.0,88070.0
1990-12-22 20:00:00+00:00,9.21,45.25,0.0,0.0,0.0,240.55,1.38,92.0,88110.0
1990-12-22 21:00:00+00:00,10.64,34.6,0.0,0.0,0.0,238.05,0.83,113.0,88150.0
1990-12-22 22:00:00+00:00,10.04,37.3,0.0,0.0,0.0,236.65,0.62,88.0,88180.0
1990-12-22 23:00:00+00:00,9.24,38.7,0.0,0.0,0.0,235.5,1.03,59.0,88170.0
1990-12-23 00:00:00+00:00,8.49,41.6,0.0,0.0,0.0,234.15,0.83,62.0,88170.0
1990-12-23 01:00:00+00:00,7.88,43.1,0.0,0.0,0.0,235.8,0.55,52.0,88180.0
1990-12-23 02:00:00+00:00,7.22,44.75,0.0,0.0,0.0,233.6,0.9,45.0,88180.0
1990-12-23 03:00:00+00:00,6.47,48.15,0.0,0.0,0.0,233.2,0.76,40.0,88200.0
1990-12-23 04:00:00+00:00,5.92,49.95,0.0,0.0,0.0,231.65,0.69,24.0,88210.0
1990-12-23 05:00:00+00:00,5.5,51.8,0.0,0.0,0.0,230.65,0.83,10.0,88210.0
1990-12-23 06:00:00+00:00,5.13,53.8,0.0,0.0,0.0,231.65,1.03,359.0,88200.0
1990-12-23 07:00:00+00:00,4.93,53.8,0.0,0.0,0.0,235.5,0.97,328.0,88260.0
1990-12-23 08:00:00+00:00,4.76,53.8,109.0,541.94,36.0,233.4,0.9,326.0,88280.0
1990-12-23 09:00:00+00:00,5.72,49.95,295.0,732.9,70.0,232.8,0.62,341.0,88370.0
1990-12-23 10:00:00+00:00,7.43,48.4,458.0,836.99,86.0,236.85,0.83,50.0,88390.0
1990-12-23 11:00:00+00:00,9.23,43.55,587.0,950.37,76.0,241.7,1.31,74.0,88380.0
1990-12-23 12:00:00+00:00,10.79,39.1,627.0,914.95,96.0,248.1,1.31,87.0,88310.0
1990-12-23 13:00:00+00:00,12.02,35.05,606.0,876.12,107.0,258.95,1.17,100.0,88250.0
1990-12-23 14:00:00+00:00,12.84,31.4,496.0,679.82,152.0,262.2,1.03,106.0,88180.0
1990-12-23 15:00:00+00:00,13.25,30.3,343.0,484.69,152.0,265.9,1.24,97.0,88140.0
1990-12-23 16:00:00+00:00,13.21,30.15,166.0,244.48,107.0,269.75,1.38,111.0,88130.0
1990-12-23 17:00:00+00:00,12.72,31.4,26.0,137.38,18.0,267.45,1.52,131.0,88140.0
1990-12-23 18:00:00+00:00,11.69,36.3,0.0,0.0,0.0,268.4,1.59,144.0,88170.0
1990-12-23 19:00:00+00:00,10.47,40.55,0.0,0.0,0.0,264.75,1.86,144.0,88240.0
1990-12-23 20:00:00+00:00,9.19,47.05,0.0,0.0,0.0,266.3,2.07,132.0,88270.0
1990-12-23 21:00:00+00:00,7.62,56.55,0.0,0.0,0.0,258.15,1.86,120.0,88300.0
1990-12-23 22:00:00+00:00,6.51,63.25,0.0,0.0,0.0,260.85,1.86,102.0,88320.0
1990-12-23 23:00:00+00:00,6.19,63.25,0.0,0.0,0.0,261.25,1.66,91.0,88300.0
1990-12-24 00:00:00+00:00,6.48,60.85,0.0,0.0,0.0,250.4,1.31,85.0,88300.0
1990-12-24 01:00:00+00:00,7.56,56.55,0.0,0.0,0.0,239.5,0.97,84.0,88290.0
1990-12-24 02:00:00+00:00,7.0,58.65,0.0,0.0,0.0,234.75,0.83,58.0,88270.0
1990-12-24 03:00:00+00:00,6.44,60.85,0.0,0.0,0.0,235.9,1.1,30.0,88270.0
1990-12-24 04:00:00+00:00,5.82,63.15,0.0,0.0,0.0,224.5,1.1,12.0,88260.0
1990-12-24 05:00:00+00:00,5.28,63.05,0.0,0.0,0.0,221.2,1.03,356.0,88280.0
1990-12-24 06:00:00+00:00,4.53,67.9,0.0,0.0,0.0,221.0,1.17,347.0,88290.0
1990-12-24 07:00:00+00:00,3.18,73.2,0.0,0.0,0.0,219.05,1.31,335.0,88350.0
1990-12-24 08:00:00+00:00,2.52,73.1,109.0,546.89,36.0,218.1,1.31,345.0,88380.0
1990-12-24 09:00:00+00:00,3.7,70.5,301.0,771.15,65.0,223.7,1.1,351.0,88460.0
1990-12-24 10:00:00+00:00,6.43,60.85,465.0,862.96,82.0,226.05,1.17,44.0,88470.0
1990-12-24 11:00:00+00:00,8.13,54.55,573.0,874.5,103.0,231.65,2.14,75.0,88460.0
1990-12-24 12:00:00+00:00,9.69,48.95,636.0,940.51,90.0,236.3,2.48,81.0,88360.0
1990-12-24 13:00:00+00:00,11.11,42.3,615.0,903.27,100.0,240.75,2.69,86.0,88280.0
1990-12-24 14:00:00+00:00,12.15,39.4,534.0,857.99,99.0,243.45,2.83,91.0,88180.0
1990-12-24 15:00:00+00:00,12.73,36.7,404.0,829.58,76.0,244.4,2.83,98.0,88160.0
1990-12-24 16:00:00+00:00,12.66,36.55,224.0,691.61,56.0,243.45,2.69,103.0,88150.0
1990-12-24 17:00:00+00:00,11.91,37.9,39.0,433.54,13.0,240.35,2.41,110.0,88180.0
1990-12-24 18:00:00+00:00,10.63,43.8,0.0,0.0,0.0,236.1,2.07,122.0,88230.0
1990-12-24 19:00:00+00:00,9.23,47.05,0.0,0.0,0.0,232.05,2.07,130.0,88320.0
1990-12-24 20:00:00+00:00,7.99,52.45,0.0,0.0,0.0,229.9,2.21,115.0,88370.0
1990-12-24 21:00:00+00:00,6.97,56.45,0.0,0.0,0.0,226.8,2.62,85.0,88410.0
1990-12-24 22:00:00+00:00,5.78,60.75,0.0,0.0,0.0,223.3,2.69,69.0,88380.0
1990-12-24 23:00:00+00:00,4.4,70.6,0.0,0.0,0.0,219.25,2.07,59.0,88410.0
1990-12-25 00:00:00+00:00,2.87,76.1,0.0,0.0,0.0,216.75,1.72,32.0,88410.0
1990-12-25 01:00:00+00:00,2.35,76.0,0.0,0.0,0.0,214.7,1.59,6.0,88380.0
1990-12-25 02:00:00+00:00,2.87,73.2,0.0,0.0,0.0,218.1,1.24,349.0,88350.0
1990-12-25 03:00:00+00:00,2.15,73.1,0.0,0.0,0.0,220.2,1.31,336.0,88350.0
1990-12-25 04:00:00+00:00,0.44,81.9,0.0,0.0,0.0,213.25,1.72,339.0,88350.0
1990-12-25 05:00:00+00:00,-0.57,81.75,0.0,0.0,0.0,215.2,1.93,344.0,88340.0
1990-12-25 06:00:00+00:00,-0.82,81.75,0.0,0.0,0.0,213.25,1.79,340.0,88350.0
1990-12-25 07:00:00+00:00,-1.14,81.7,0.0,0.0,0.0,211.3,1.79,336.0,88380.0
1990-12-25 08:00:00+00:00,-1.12,81.7,113.0,627.14,30.0,216.55,1.72,340.0,88410.0
1990-12-25 09:00:00+00:00,1.67,67.5,283.0,629.17,91.0,220.2,1.17,342.0,88480.0
1990-12-25 10:00:00+00:00,5.51,56.05,472.0,897.83,74.0,223.9,1.1,12.0,88500.0
1990-12-25 11:00:00+00:00,7.63,48.4,554.0,768.64,141.0,228.35,1.52,61.0,88520.0
1990-12-25 12:00:00+00:00,9.39,38.7,569.0,633.58,201.0,231.85,2.21,78.0,88410.0
1990-12-25 13:00:00+00:00,10.9,33.4,620.0,910.92,100.0,236.85,2.76,86.0,88290.0
1990-12-25 14:00:00+00:00,11.9,29.9,460.0,497.95,207.0,238.6,2.97,94.0,88200.0
1990-12-25 15:00:00+00:00,12.38,27.75,399.0,776.21,91.0,243.45,3.1,95.0,88150.0
1990-12-25 16:00:00+00:00,12.34,27.75,233.0,748.24,50.0,252.95,2.97,98.0,88130.0
1990-12-25 17:00:00+00:00,11.8,29.9,36.0,307.52,17.0,253.5,1.79,117.0,88160.0
1990-12-25 18:00:00+00:00,10.72,39.1,0.0,0.0,0.0,254.85,0.83,145.0,88180.0
1990-12-25 19:00:00+00:00,10.33,34.6,0.0,0.0,0.0,258.95,0.48,83.0,88170.0
1990-12-25 20:00:00+00:00,9.74,34.45,0.0,0.0,0.0,252.55,0.28,344.0,88200.0
1990-12-25 21:00:00+00:00,8.92,37.05,0.0,0.0,0.0,249.25,0.62,357.0,88230.0
1990-12-25 22:00:00+00:00,8.12,39.85,0.0,0.0,0.0,245.0,0.55,352.0,88250.0
1990-12-25 23:00:00+00:00,7.41,41.3,0.0,0.0,0.0,240.75,0.62,0.0,88270.0
1990-12-26 00:00:00+00:00,6.42,44.45,0.0,0.0,0.0,231.45,0.76,7.0,88270.0
1990-12-26 01:00:00+00:00,5.43,47.85,0.0,0.0,0.0,230.4,0.9,4.0,88230.0
1990-12-26 02:00:00+00:00,4.51,51.55,0.0,0.0,0.0,229.9,0.9,1.0,88210.0
1990-12-26 03:00:00+00:00,3.57,53.4,0.0,0.0,0.0,218.5,0.83,350.0,88200.0
1990-12-26 04:00:00+00:00,2.65,51.3,0.0,0.0,0.0,214.4,0.9,330.0,88180.0
1990-12-26 05:00:00+00:00,1.12,57.45,0.0,0.0,0.0,210.55,1.03,325.0,88150.0
1990-12-26 06:00:00+00:00,0.5,59.6,0.0,0.0,0.0,218.5,1.03,321.0,88160.0
1990-12-26 07:00:00+00:00,1.07,55.05,0.0,0.0,0.0,218.85,0.9,322.0,88220.0
1990-12-26 08:00:00+00:00,1.08,52.85,84.0,228.48,54.0,216.55,0.83,316.0,88260.0
1990-12-26 09:00:00+00:00,3.51,45.4,284.0,640.62,89.0,226.6,0.48,315.0,88300.0
1990-12-26 10:00:00+00:00,6.64,41.0,445.0,742.88,116.0,233.95,0.14,315.0,88290.0
1990-12-26 11:00:00+00:00,8.69,29.05,360.0,147.03,281.0,246.55,0.14,337.0,88280.0
1990-12-26 12:00:00+00:00,9.93,25.95,559.0,593.58,214.0,260.5,0.07,10.0,88200.0
1990-12-26 13:00:00+00:00,11.1,23.2,651.0,1035.57,59.0,275.2,0.41,113.0,88100.0
1990-12-26 14:00:00+00:00,11.56,21.5,48.0,0.0,48.0,286.05,0.9,118.0,88020.0
1990-12-26 15:00:00+00:00,11.63,21.5,378.0,635.19,125.0,283.7,1.17,124.0,88000.0
1990-12-26 16:00:00+00:00,11.31,22.4,129.0,73.08,111.0,273.25,0.76,143.0,87980.0
1990-12-26 17:00:00+00:00,10.94,23.2,3.0,0.0,3.0,255.25,0.48,138.0,87980.0
1990-12-26 18:00:00+00:00,10.23,25.05,0.0,0.0,0.0,244.8,0.14,190.0,87990.0
1990-12-26 19:00:00+00:00,10.04,28.15,0.0,0.0,0.0,269.6,0.62,211.0,87990.0
1990-12-26 20:00:00+00:00,9.5,29.2,0.0,0.0,0.0,252.95,0.69,221.0,88060.0
1990-12-26 21:00:00+00:00,8.74,31.55,0.0,0.0,0.0,244.05,0.34,233.0,88080.0
1990-12-26 22:00:00+00:00,8.09,35.3,0.0,0.0,0.0,246.55,0.21,307.0,88090.0
1990-12-26 23:00:00+00:00,7.3,36.6,0.0,0.0,0.0,246.35,0.55,55.0,88100.0
1990-12-27 00:00:00+00:00,6.39,41.0,0.0,0.0,0.0,243.25,0.69,46.0,88090.0
1990-12-27 01:00:00+00:00,5.46,44.15,0.0,0.0,0.0,233.9,0.76,20.0,88030.0
1990-12-27 02:00:00+00:00,4.54,47.6,0.0,0.0,0.0,228.95,0.76,346.0,88010.0
1990-12-27 03:00:00+00:00,3.6,47.3,0.0,0.0,0.0,229.3,0.9,333.0,88000.0
1990-12-27 04:00:00+00:00,2.92,45.4,0.0,0.0,0.0,233.4,0.83,329.0,87990.0
1990-12-27 05:00:00+00:00,2.31,45.3,0.0,0.0,0.0,226.4,0.83,327.0,87980.0
1990-12-27 06:00:00+00:00,1.53,48.85,0.0,0.0,0.0,226.8,0.97,322.0,88000.0
1990-12-27 07:00:00+00:00,3.92,43.75,0.0,0.0,0.0,234.55,0.41,324.0,88050.0
1990-12-27 08:00:00+00:00,3.82,43.75,106.0,560.07,33.0,227.95,0.69,333.0,88080.0
1990-12-27 09:00:00+00:00,4.98,42.3,300.0,790.21,60.0,225.45,0.28,347.0,88110.0
1990-12-27 10:00:00+00:00,7.24,36.6,462.0,858.67,82.0,235.9,0.48,112.0,88140.0
1990-12-27 11:00:00+00:00,8.97,34.2,581.0,921.16,86.0,233.75,0.62,124.0,88150.0
1990-12-27 12:00:00+00:00,10.39,30.7,639.0,952.35,85.0,239.75,0.83,138.0,88070.0
1990-12-27 13:00:00+00:00,11.63,28.6,624.0,934.37,89.0,240.55,1.1,143.0,87980.0
1990-12-27 14:00:00+00:00,12.51,25.6,549.0,918.59,80.0,243.05,1.38,143.0,87900.0
1990-12-27 15:00:00+00:00,12.95,23.7,411.0,842.68,74.0,244.6,1.52,146.0,87860.0
1990-12-27 16:00:00+00:00,12.91,23.7,232.0,717.29,54.0,244.05,1.66,154.0,87850.0
1990-12-27 17:00:00+00:00,12.3,24.55,42.0,396.12,16.0,241.9,2.0,160.0,87860.0
1990-12-27 18:00:00+00:00,11.04,29.6,0.0,0.0,0.0,238.8,1.86,164.0,87890.0
1990-12-27 19:00:00+00:00,9.5,43.55,0.0,0.0,0.0,241.15,1.52,173.0,87890.0
1990-12-27 20:00:00+00:00,9.02,41.7,0.0,0.0,0.0,239.4,1.17,174.0,87940.0
1990-12-27 21:00:00+00:00,9.63,34.35,0.0,0.0,0.0,240.15,0.97,157.0,87970.0
1990-12-27 22:00:00+00:00,8.04,41.45,0.0,0.0,0.0,239.75,1.17,135.0,88010.0
1990-12-27 23:00:00+00:00,6.84,44.6,0.0,0.0,0.0,237.85,1.17,123.0,88010.0
1990-12-28 00:00:00+00:00,6.84,44.6,0.0,0.0,0.0,241.15,1.1,115.0,88020.0
1990-12-28 01:00:00+00:00,6.15,49.95,0.0,0.0,0.0,237.35,0.83,104.0,88000.0
1990-12-28 02:00:00+00:00,5.52,51.8,0.0,0.0,0.0,239.95,0.48,91.0,87960.0
1990-12-28 03:00:00+00:00,5.0,53.8,0.0,0.0,0.0,238.8,0.28,68.0,87920.0
1990-12-28 04:00:00+00:00,4.65,53.8,0.0,0.0,0.0,247.7,0.21,58.0,87900.0
1990-12-28 05:00:00+00:00,4.3,55.85,0.0,0.0,0.0,241.5,0.21,45.0,87870.0
1990-12-28 06:00:00+00:00,4.05,57.95,0.0,0.0,0.0,237.85,0.28,57.0,87880.0
1990-12-28 07:00:00+00:00,3.95,57.95,0.0,0.0,0.0,246.95,0.28,67.0,87920.0
1990-12-28 08:00:00+00:00,3.84,57.95,105.0,556.11,33.0,250.6,0.41,69.0,87970.0
1990-12-28 09:00:00+00:00,4.63,58.05,297.0,778.52,61.0,243.85,0.34,75.0,88010.0
1990-12-28 10:00:00+00:00,6.59,54.15,460.0,861.35,79.0,253.5,1.03,116.0,88040.0
1990-12-28 11:00:00+00:00,8.34,46.8,579.0,922.7,83.0,256.6,1.24,118.0,88040.0
1990-12-28 12:00:00+00:00,9.81,40.4,635.0,941.05,87.0,254.85,1.24,116.0,87970.0
1990-12-28 13:00:00+00:00,11.11,37.6,623.0,936.2,86.0,262.8,1.52,117.0,87880.0
1990-12-28 14:00:00+00:00,12.06,33.7,543.0,894.61,85.0,255.85,1.66,125.0,87810.0
1990-12-28 15:00:00+00:00,12.47,31.25,409.0,831.66,75.0,256.2,1.72,128.0,87770.0
1990-12-28 16:00:00+00:00,12.36,31.25,230.0,695.8,56.0,261.65,1.79,129.0,87780.0
1990-12-28 17:00:00+00:00,11.82,32.35,43.0,398.99,16.0,257.4,1.86,136.0,87790.0
1990-12-28 18:00:00+00:00,10.69,37.45,0.0,0.0,0.0,247.5,1.66,143.0,87820.0
1990-12-28 19:00:00+00:00,9.51,45.25,0.0,0.0,0.0,250.05,1.66,143.0,87870.0
1990-12-28 20:00:00+00:00,8.08,52.45,0.0,0.0,0.0,252.55,2.0,151.0,87940.0
1990-12-28 21:00:00+00:00,6.95,54.3,0.0,0.0,0.0,248.3,2.28,150.0,88020.0
1990-12-28 22:00:00+00:00,5.5,63.05,0.0,0.0,0.0,243.85,2.0,138.0,88050.0
1990-12-28 23:00:00+00:00,4.82,65.4,0.0,0.0,0.0,239.95,1.66,126.0,88090.0
1990-12-29 00:00:00+00:00,5.68,60.75,0.0,0.0,0.0,236.1,1.17,117.0,88080.0
1990-12-29 01:00:00+00:00,6.16,58.55,0.0,0.0,0.0,230.8,0.9,95.0,88070.0
1990-12-29 02:00:00+00:00,5.56,63.05,0.0,0.0,0.0,230.1,0.9,76.0,88040.0
1990-12-29 03:00:00+00:00,5.1,65.4,0.0,0.0,0.0,229.5,0.62,66.0,88050.0
1990-12-29 04:00:00+00:00,4.71,65.4,0.0,0.0,0.0,227.4,0.41,53.0,88050.0
1990-12-29 05:00:00+00:00,4.33,67.9,0.0,0.0,0.0,225.45,0.97,34.0,88040.0
1990-12-29 06:00:00+00:00,2.1,75.95,0.0,0.0,0.0,234.75,1.38,31.0,88040.0
1990-12-29 07:00:00+00:00,3.34,70.4,0.0,0.0,0.0,226.05,0.83,13.0,88080.0
1990-12-29 08:00:00+00:00,3.33,70.4,104.0,551.71,33.0,227.95,0.55,355.0,88140.0
1990-12-29 09:00:00+00:00,4.08,70.5,292.0,750.02,65.0,229.9,0.55,27.0,88190.0
1990-12-29 10:00:00+00:00,5.51,65.55,459.0,859.31,79.0,234.15,1.31,92.0,88220.0
1990-12-29 11:00:00+00:00,7.02,61.0,569.0,875.71,98.0,237.05,1.52,96.0,88220.0
1990-12-29 12:00:00+00:00,8.52,52.6,631.0,927.89,90.0,241.5,1.45,102.0,88130.0
1990-12-29 13:00:00+00:00,9.89,45.4,620.0,922.19,90.0,244.8,1.45,110.0,88070.0
1990-12-29 14:00:00+00:00,10.76,42.3,535.0,847.22,100.0,255.05,1.45,115.0,88010.0
1990-12-29 15:00:00+00:00,11.31,40.8,410.0,832.93,74.0,273.65,1.59,124.0,87980.0
1990-12-29 16:00:00+00:00,11.29,39.25,233.0,706.16,55.0,249.65,1.59,129.0,87950.0
1990-12-29 17:00:00+00:00,10.82,40.65,44.0,372.62,18.0,260.65,1.45,127.0,87960.0
1990-12-29 18:00:00+00:00,9.65,52.85,0.0,0.0,0.0,242.1,0.83,124.0,87990.0
1990-12-29 19:00:00+00:00,8.89,48.8,0.0,0.0,0.0,237.65,1.03,144.0,87980.0
1990-12-29 20:00:00+00:00,9.04,46.95,0.0,0.0,0.0,233.75,0.9,146.0,88050.0
1990-12-29 21:00:00+00:00,7.72,50.45,0.0,0.0,0.0,231.05,1.17,140.0,88120.0
1990-12-29 22:00:00+00:00,4.79,62.95,0.0,0.0,0.0,228.95,1.72,130.0,88190.0
1990-12-29 23:00:00+00:00,3.52,67.7,0.0,0.0,0.0,226.4,1.86,120.0,88250.0
1990-12-30 00:00:00+00:00,4.03,65.2,0.0,0.0,0.0,223.3,1.45,112.0,88260.0
1990-12-30 01:00:00+00:00,5.18,58.3,0.0,0.0,0.0,220.15,0.76,97.0,88240.0
1990-12-30 02:00:00+00:00,4.53,62.8,0.0,0.0,0.0,217.3,0.34,61.0,88220.0
1990-12-30 03:00:00+00:00,3.96,62.7,0.0,0.0,0.0,214.6,0.62,12.0,88200.0
1990-12-30 04:00:00+00:00,3.45,65.1,0.0,0.0,0.0,211.7,1.03,351.0,88180.0
1990-12-30 05:00:00+00:00,1.85,67.5,0.0,0.0,0.0,208.6,1.24,329.0,88160.0
1990-12-30 06:00:00+00:00,1.12,70.1,0.0,0.0,0.0,205.9,1.24,316.0,88160.0
1990-12-30 07:00:00+00:00,2.31,65.0,0.0,0.0,0.0,205.7,0.97,313.0,88210.0
1990-12-30 08:00:00+00:00,2.06,64.9,106.0,578.12,32.0,203.75,0.76,326.0,88240.0
1990-12-30 09:00:00+00:00,3.25,60.15,301.0,793.98,61.0,206.7,0.41,349.0,88300.0
1990-12-30 10:00:00+00:00,5.82,49.95,465.0,857.07,86.0,209.6,0.9,37.0,88290.0
1990-12-30 11:00:00+00:00,8.01,41.45,586.0,919.65,91.0,215.75,1.38,46.0,88300.0
1990-12-30 12:00:00+00:00,9.95,31.8,646.0,953.98,89.0,221.75,1.52,53.0,88210.0
1990-12-30 13:00:00+00:00,11.69,26.35,629.0,916.75,101.0,227.2,1.45,74.0,88150.0
1990-12-30 14:00:00+00:00,12.97,21.85,556.0,906.74,89.0,231.25,1.72,96.0,88080.0
1990-12-30 15:00:00+00:00,13.67,20.25,420.0,846.34,77.0,233.4,2.07,103.0,88050.0
1990-12-30 16:00:00+00:00,13.75,20.25,241.0,727.93,56.0,232.2,2.07,112.0,88040.0
1990-12-30 17:00:00+00:00,13.16,21.0,48.0,430.85,17.0,229.9,1.52,136.0,88060.0
1990-12-30 18:00:00+00:00,11.23,36.3,0.0,0.0,0.0,225.65,1.17,190.0,88080.0
1990-12-30 19:00:00+00:00,11.21,26.35,0.0,0.0,0.0,225.65,0.69,225.0,88090.0
1990-12-30 20:00:00+00:00,10.57,27.2,0.0,0.0,0.0,222.35,0.21,266.0,88130.0
1990-12-30 21:00:00+00:00,9.64,29.2,0.0,0.0,0.0,220.4,0.14,27.0,88170.0
1990-12-30 22:00:00+00:00,8.59,31.4,0.0,0.0,0.0,217.15,0.34,60.0,88190.0
1990-12-30 23:00:00+00:00,7.54,33.75,0.0,0.0,0.0,214.2,0.48,69.0,88210.0
1990-12-31 00:00:00+00:00,6.26,36.35,0.0,0.0,0.0,211.3,0.55,60.0,88200.0
1990-12-31 01:00:00+00:00,5.01,40.6,0.0,0.0,0.0,208.15,0.55,33.0,88150.0
1990-12-31 02:00:00+00:00,3.99,42.0,0.0,0.0,0.0,205.15,0.62,356.0,88130.0
1990-12-31 03:00:00+00:00,3.15,41.85,0.0,0.0,0.0,202.05,0.83,332.0,88120.0
1990-12-31 04:00:00+00:00,2.42,41.7,0.0,0.0,0.0,199.9,1.03,322.0,88080.0
1990-12-31 05:00:00+00:00,1.02,44.85,0.0,0.0,0.0,197.6,1.1,314.0,88070.0
1990-12-31 06:00:00+00:00,-0.16,46.5,0.0,0.0,0.0,195.85,1.24,310.0,88080.0
1990-12-31 07:00:00+00:00,0.88,44.85,0.0,0.0,0.0,193.3,1.1,310.0,88110.0
1990-12-31 08:00:00+00:00,0.48,44.75,109.0,612.23,31.0,192.35,1.03,309.0,88140.0
1990-12-31 09:00:00+00:00,2.9,35.45,307.0,817.9,60.0,195.05,0.55,313.0,88160.0
1990-12-31 10:00:00+00:00,6.47,28.35,477.0,895.32,81.0,198.55,0.21,303.0,88200.0
1990-12-31 11:00:00+00:00,8.94,22.65,601.0,957.76,85.0,203.75,0.07,224.0,88180.0
1990-12-31 12:00:00+00:00,10.64,18.7,659.0,976.41,88.0,209.0,0.41,167.0,88110.0
1990-12-31 13:00:00+00:00,11.91,15.45,642.0,938.89,100.0,212.5,0.83,157.0,88030.0
1990-12-31 14:00:00+00:00,12.83,12.65,558.0,876.69,105.0,214.8,1.17,158.0,87940.0
1990-12-31 15:00:00+00:00,13.27,11.7,431.0,871.73,76.0,215.75,1.38,162.0,87910.0
1990-12-31 16:00:00+00:00,12.99,14.05,249.0,753.02,56.0,205.23,1.03,164.0,87880.0
1990-12-31 17:00:00+00:00,12.04,16.04,53.0,471.74,18.0,206.12,1.0,168.0,87870.0
1990-12-31 18:00:00+00:00,11.1,18.04,0.0,0.0,0.0,207.02,0.97,174.0,87900.0
1990-12-31 19:00:00+00:00,10.15,20.04,0.0,0.0,0.0,207.91,0.95,174.0,87900.0
1990-12-31 20:00:00+00:00,9.21,22.03,0.0,0.0,0.0,208.8,0.92,179.0,87920.0
1990-12-31 21:00:00+00:00,8.26,24.03,0.0,0.0,0.0,209.7,0.89,201.0,87980.0
1990-12-31 22:00:00+00:00,7.32,26.02,0.0,0.0,0.0,210.59,0.87,208.0,87980.0
1990-12-31 23:00:00+00:00,6.37,28.02,0.0,0.0,0.0,211.49,0.84,191.0,88000.0
