time(UTC),T2m,RH,G(h),Gb(n),Gd(h),IR(h),WS10m,WD10m,SP
1990-01-01 00:00:00+00:00,4.64,88.08,0.0,0.0,0.0,302.14,7.46,222.0,101190.0
1990-01-01 01:00:00+00:00,4.37,89.43,0.0,0.0,0.0,301.05,6.78,220.0,101180.0
1990-01-01 02:00:00+00:00,4.11,90.77,0.0,0.0,0.0,299.95,6.1,220.0,101120.0
1990-01-01 03:00:00+00:00,3.84,92.12,0.0,0.0,0.0,298.85,5.42,219.0,101060.0
1990-01-01 04:00:00+00:00,3.57,93.46,0.0,0.0,0.0,297.75,4.74,217.0,100970.0
1990-01-01 05:00:00+00:00,3.3,94.8,0.0,0.0,0.0,296.66,4.06,217.0,100930.0
1990-01-01 06:00:00+00:00,3.04,96.15,0.0,0.0,0.0,295.56,3.38,216.0,100850.0
1990-01-01 07:00:00+00:00,2.77,97.49,0.0,0.0,0.0,294.46,2.7,223.0,100850.0
1990-01-01 08:00:00+00:00,4.61,95.75,0.0,0.0,0.0,310.05,4.48,232.0,100850.0
1990-01-01 09:00:00+00:00,4.86,95.75,1.0,0.0,1.0,314.3,4.62,232.0,100820.0
1990-01-01 10:00:00+00:00,5.21,92.25,17.0,0.0,17.0,316.8,4.69,232.0,100780.0
1990-01-01 11:00:00+00:00,5.64,92.3,35.0,0.0,35.0,319.5,4.76,227.0,100750.0
1990-01-01 12:00:00+00:00,6.05,88.95,39.0,0.0,39.0,320.3,4.41,222.0,100640.0
1990-01-01 13:00:00+00:00,6.11,85.7,92.0,101.89,74.0,273.45,5.03,231.0,100590.0
1990-01-01 14:00:00+00:00,6.02,85.7,10.0,0.0,10.0,278.5,4.9,233.0,100570.0
1990-01-01 15:00:00+00:00,5.77,88.9,5.0,0.0,5.0,289.1,4.9,226.0,100490.0
1990-01-01 16:00:00+00:00,5.62,88.9,0.0,0.0,0.0,305.95,5.1,225.0,100440.0
1990-01-01 17:00:00+00:00,5.6,85.65,0.0,0.0,0.0,306.75,5.31,225.0,100400.0
1990-01-01 18:00:00+00:00,5.51,85.65,0.0,0.0,0.0,295.1,5.38,221.0,100330.0
1990-01-01 19:00:00+00:00,4.86,88.85,0.0,0.0,0.0,255.05,5.24,220.0,100290.0
1990-01-01 20:00:00+00:00,4.81,88.85,0.0,0.0,0.0,256.8,5.31,216.0,100250.0
1990-01-01 21:00:00+00:00,5.0,88.85,0.0,0.0,0.0,272.3,5.59,214.0,100150.0
1990-01-01 22:00:00+00:00,5.2,88.85,0.0,0.0,0.0,275.4,5.93,215.0,100060.0
1990-01-01 23:00:00+00:00,5.29,88.85,0.0,0.0,0.0,269.2,6.21,214.0,99960.0
1990-01-02 00:00:00+00:00,5.47,85.65,0.0,0.0,0.0,279.25,6.55,214.0,99830.0
1990-01-02 01:00:00+00:00,5.57,85.65,0.0,0.0,0.0,267.35,6.97,214.0,99740.0
1990-01-02 02:00:00+00:00,5.88,82.55,0.0,0.0,0.0,271.3,7.17,212.0,99620.0
1990-01-02 03:00:00+00:00,6.27,85.7,0.0,0.0,0.0,279.05,7.31,210.0,99530.0
1990-01-02 04:00:00+00:00,6.49,85.75,0.0,0.0,0.0,280.2,7.52,209.0,99430.0
1990-01-02 05:00:00+00:00,6.7,85.75,0.0,0.0,0.0,289.5,7.66,209.0,99340.0
1990-01-02 06:00:00+00:00,6.78,85.75,0.0,0.0,0.0,285.45,7.86,210.0,99260.0
1990-01-02 07:00:00+00:00,7.0,85.8,0.0,0.0,0.0,296.65,7.72,212.0,99240.0
1990-01-02 08:00:00+00:00,7.2,85.8,0.0,0.0,0.0,308.65,7.86,214.0,99190.0
1990-01-02 09:00:00+00:00,7.31,85.8,8.0,0.0,8.0,311.2,8.0,213.0,99120.0
1990-01-02 10:00:00+00:00,7.58,82.7,85.0,424.97,35.0,327.45,8.14,212.0,99040.0
1990-01-02 11:00:00+00:00,7.85,82.7,75.0,46.49,67.0,327.05,8.21,212.0,98940.0
1990-01-02 12:00:00+00:00,8.09,82.7,53.0,0.0,53.0,327.65,8.07,210.0,98820.0
1990-01-02 13:00:00+00:00,8.13,85.85,49.0,0.0,49.0,320.65,7.79,210.0,98690.0
1990-01-02 14:00:00+00:00,7.88,92.4,39.0,7.71,38.0,331.3,7.52,211.0,98600.0
1990-01-02 15:00:00+00:00,7.96,92.4,5.0,0.0,5.0,344.1,7.66,213.0,98530.0
1990-01-02 16:00:00+00:00,8.2,95.8,0.0,0.0,0.0,347.4,7.31,214.0,98450.0
1990-01-02 17:00:00+00:00,8.53,92.4,0.0,0.0,0.0,347.2,7.1,216.0,98410.0
1990-01-02 18:00:00+00:00,8.78,92.4,0.0,0.0,0.0,325.1,7.17,219.0,98380.0
1990-01-02 19:00:00+00:00,8.81,92.4,0.0,0.0,0.0,298.6,7.52,220.0,98380.0
1990-01-02 20:00:00+00:00,9.21,92.45,0.0,0.0,0.0,329.2,7.86,225.0,98370.0
1990-01-02 21:00:00+00:00,9.33,92.45,0.0,0.0,0.0,335.95,7.79,231.0,98400.0
1990-01-02 22:00:00+00:00,9.28,92.45,0.0,0.0,0.0,340.0,7.45,240.0,98460.0
1990-01-02 23:00:00+00:00,8.72,92.4,0.0,0.0,0.0,337.9,6.28,263.0,98600.0
1990-01-03 00:00:00+00:00,7.31,85.8,0.0,0.0,0.0,333.25,5.66,287.0,98820.0
1990-01-03 01:00:00+00:00,5.83,82.5,0.0,0.0,0.0,302.4,4.48,294.0,99040.0
1990-01-03 02:00:00+00:00,4.57,76.3,0.0,0.0,0.0,269.2,3.38,283.0,99200.0
1990-01-03 03:00:00+00:00,3.59,79.15,0.0,0.0,0.0,243.05,3.17,270.0,99360.0
1990-01-03 04:00:00+00:00,2.95,79.1,0.0,0.0,0.0,232.2,3.38,264.0,99490.0
1990-01-03 05:00:00+00:00,2.68,82.15,0.0,0.0,0.0,234.95,3.52,263.0,99610.0
1990-01-03 06:00:00+00:00,2.52,79.0,0.0,0.0,0.0,239.0,3.66,262.0,99720.0
1990-01-03 07:00:00+00:00,3.18,76.1,0.0,0.0,0.0,247.3,4.14,259.0,99770.0
1990-01-03 08:00:00+00:00,3.67,73.3,0.0,0.0,0.0,271.7,4.41,260.0,99860.0
1990-01-03 09:00:00+00:00,4.05,67.9,6.0,0.0,6.0,282.35,4.69,263.0,99960.0
1990-01-03 10:00:00+00:00,4.14,70.6,75.0,278.04,42.0,249.45,4.97,264.0,100070.0
1990-01-03 11:00:00+00:00,4.61,70.7,137.0,496.01,51.0,236.1,5.31,264.0,100170.0
1990-01-03 12:00:00+00:00,5.14,70.8,154.0,478.5,61.0,237.05,5.59,264.0,100220.0
1990-01-03 13:00:00+00:00,5.42,68.2,137.0,432.91,59.0,240.15,5.24,258.0,100230.0
1990-01-03 14:00:00+00:00,5.46,68.2,71.0,151.73,51.0,246.75,5.24,254.0,100250.0
1990-01-03 15:00:00+00:00,5.26,68.1,16.0,0.0,16.0,250.2,5.24,252.0,100320.0
1990-01-03 16:00:00+00:00,5.12,68.1,0.0,0.0,0.0,262.8,5.24,253.0,100400.0
1990-01-03 17:00:00+00:00,4.88,68.1,0.0,0.0,0.0,251.95,5.24,252.0,100470.0
1990-01-03 18:00:00+00:00,4.79,73.45,0.0,0.0,0.0,259.7,5.31,250.0,100500.0
1990-01-03 19:00:00+00:00,5.18,79.35,0.0,0.0,0.0,273.05,5.66,247.0,100470.0
1990-01-03 20:00:00+00:00,5.2,79.35,0.0,0.0,0.0,269.6,5.79,246.0,100500.0
1990-01-03 21:00:00+00:00,5.51,79.4,0.0,0.0,0.0,275.6,5.93,250.0,100520.0
1990-01-03 22:00:00+00:00,6.15,79.5,0.0,0.0,0.0,303.25,6.28,256.0,100560.0
1990-01-03 23:00:00+00:00,6.22,79.5,0.0,0.0,0.0,293.95,6.21,257.0,100580.0
1990-01-04 00:00:00+00:00,5.93,79.5,0.0,0.0,0.0,265.3,6.14,257.0,100620.0
1990-01-04 01:00:00+00:00,5.94,82.55,0.0,0.0,0.0,274.15,6.28,257.0,100640.0
1990-01-04 02:00:00+00:00,6.27,82.55,0.0,0.0,0.0,299.4,6.21,256.0,100670.0
1990-01-04 03:00:00+00:00,6.48,82.6,0.0,0.0,0.0,301.7,6.21,254.0,100680.0
1990-01-04 04:00:00+00:00,6.81,82.6,0.0,0.0,0.0,314.85,6.28,254.0,100710.0
1990-01-04 05:00:00+00:00,7.02,82.65,0.0,0.0,0.0,314.85,6.21,254.0,100730.0
1990-01-04 06:00:00+00:00,6.98,82.65,0.0,0.0,0.0,306.55,6.0,253.0,100740.0
1990-01-04 07:00:00+00:00,6.76,85.75,0.0,0.0,0.0,305.75,5.93,258.0,100780.0
1990-01-04 08:00:00+00:00,6.9,85.8,0.0,0.0,0.0,317.4,5.59,260.0,100850.0
1990-01-04 09:00:00+00:00,7.08,85.8,1.0,0.0,1.0,328.6,5.31,260.0,100920.0
1990-01-04 10:00:00+00:00,7.23,85.8,60.0,125.16,45.0,328.6,5.1,259.0,101000.0
1990-01-04 11:00:00+00:00,7.43,82.7,74.0,45.76,66.0,309.85,4.97,258.0,101030.0
1990-01-04 12:00:00+00:00,7.78,85.85,58.0,5.1,57.0,307.5,4.97,256.0,101050.0
1990-01-04 13:00:00+00:00,8.16,85.85,22.0,0.0,22.0,325.7,5.1,259.0,101040.0
1990-01-04 14:00:00+00:00,8.09,85.85,19.0,0.0,19.0,324.55,4.76,254.0,101040.0
1990-01-04 15:00:00+00:00,7.67,89.05,2.0,0.0,2.0,325.5,4.62,248.0,101040.0
1990-01-04 16:00:00+00:00,7.34,92.35,0.0,0.0,0.0,329.55,4.48,244.0,101060.0
1990-01-04 17:00:00+00:00,7.31,92.35,0.0,0.0,0.0,339.05,4.48,241.0,101090.0
1990-01-04 18:00:00+00:00,7.3,89.0,0.0,0.0,0.0,340.2,4.48,238.0,101100.0
1990-01-04 19:00:00+00:00,7.03,85.8,0.0,0.0,0.0,331.3,4.62,232.0,101090.0
1990-01-04 20:00:00+00:00,6.95,85.8,0.0,0.0,0.0,329.0,4.48,225.0,101090.0
1990-01-04 21:00:00+00:00,6.97,85.8,0.0,0.0,0.0,330.35,4.69,223.0,101030.0
1990-01-04 22:00:00+00:00,7.07,89.0,0.0,0.0,0.0,329.0,4.97,226.0,101020.0
1990-01-04 23:00:00+00:00,7.26,89.0,0.0,0.0,0.0,333.45,5.17,230.0,100980.0
1990-01-05 00:00:00+00:00,7.45,85.85,0.0,0.0,0.0,338.85,5.38,232.0,100950.0
1990-01-05 01:00:00+00:00,7.41,85.85,0.0,0.0,0.0,339.75,5.66,233.0,100890.0
1990-01-05 02:00:00+00:00,7.43,85.85,0.0,0.0,0.0,339.25,6.0,236.0,100850.0
1990-01-05 03:00:00+00:00,7.39,85.8,0.0,0.0,0.0,335.0,6.14,237.0,100830.0
1990-01-05 04:00:00+00:00,7.32,85.8,0.0,0.0,0.0,333.85,6.28,237.0,100770.0
1990-01-05 05:00:00+00:00,7.19,82.65,0.0,0.0,0.0,325.7,6.28,237.0,100730.0
1990-01-05 06:00:00+00:00,6.95,82.65,0.0,0.0,0.0,306.55,6.28,236.0,100700.0
1990-01-05 07:00:00+00:00,7.17,82.65,0.0,0.0,0.0,318.15,6.41,236.0,100640.0
1990-01-05 08:00:00+00:00,7.19,82.65,0.0,0.0,0.0,319.3,6.28,236.0,100640.0
1990-01-05 09:00:00+00:00,7.27,82.65,9.0,0.0,9.0,318.95,6.0,233.0,100620.0
1990-01-05 10:00:00+00:00,7.64,82.7,64.0,148.6,46.0,323.75,5.93,230.0,100610.0
1990-01-05 11:00:00+00:00,7.96,85.85,86.0,79.37,72.0,328.2,6.14,228.0,100610.0
1990-01-05 12:00:00+00:00,8.33,89.05,47.0,0.0,47.0,340.6,6.14,229.0,100570.0
1990-01-05 13:00:00+00:00,8.6,85.9,48.0,0.0,48.0,340.0,6.07,228.0,100520.0
1990-01-05 14:00:00+00:00,8.72,89.1,35.0,0.0,35.0,328.6,6.0,227.0,100500.0
1990-01-05 15:00:00+00:00,8.78,89.1,5.0,0.0,5.0,329.95,5.93,225.0,100500.0
1990-01-05 16:00:00+00:00,8.72,89.1,0.0,0.0,0.0,330.75,5.79,224.0,100480.0
1990-01-05 17:00:00+00:00,8.78,89.1,0.0,0.0,0.0,332.1,5.72,224.0,100480.0
1990-01-05 18:00:00+00:00,8.88,92.4,0.0,0.0,0.0,332.3,5.66,223.0,100440.0
1990-01-05 19:00:00+00:00,9.19,92.45,0.0,0.0,0.0,338.5,5.45,219.0,100380.0
1990-01-05 20:00:00+00:00,9.24,92.45,0.0,0.0,0.0,336.75,5.45,217.0,100340.0
1990-01-05 21:00:00+00:00,9.26,92.45,0.0,0.0,0.0,341.75,5.45,214.0,100310.0
1990-01-05 22:00:00+00:00,9.13,92.45,0.0,0.0,0.0,346.0,5.45,212.0,100240.0
1990-01-05 23:00:00+00:00,8.81,92.4,0.0,0.0,0.0,341.75,5.38,209.0,100170.0
1990-01-06 00:00:00+00:00,8.39,92.4,0.0,0.0,0.0,345.65,5.72,208.0,100080.0
1990-01-06 01:00:00+00:00,7.87,85.85,0.0,0.0,0.0,343.6,6.21,207.0,99980.0
1990-01-06 02:00:00+00:00,7.49,82.7,0.0,0.0,0.0,337.5,6.48,206.0,99860.0
1990-01-06 03:00:00+00:00,7.41,79.7,0.0,0.0,0.0,332.3,6.62,206.0,99750.0
1990-01-06 04:00:00+00:00,7.4,79.7,0.0,0.0,0.0,319.7,6.83,204.0,99580.0
1990-01-06 05:00:00+00:00,7.46,79.7,0.0,0.0,0.0,327.45,7.17,203.0,99440.0
1990-01-06 06:00:00+00:00,7.34,79.65,0.0,0.0,0.0,323.4,7.52,203.0,99320.0
1990-01-06 07:00:00+00:00,7.46,79.7,0.0,0.0,0.0,316.05,7.52,200.0,99270.0
1990-01-06 08:00:00+00:00,7.41,79.7,0.0,0.0,0.0,310.8,7.79,200.0,99120.0
1990-01-06 09:00:00+00:00,7.67,79.7,1.0,0.0,1.0,329.95,8.34,202.0,99010.0
1990-01-06 10:00:00+00:00,7.98,82.7,21.0,0.0,21.0,334.8,8.48,202.0,98910.0
1990-01-06 11:00:00+00:00,8.16,82.7,115.0,241.48,72.0,338.65,8.69,202.0,98790.0
1990-01-06 12:00:00+00:00,8.2,85.85,47.0,0.0,47.0,335.95,8.62,206.0,98700.0
1990-01-06 13:00:00+00:00,7.95,92.4,132.0,332.64,70.0,342.35,8.07,208.0,98620.0
1990-01-06 14:00:00+00:00,8.03,92.4,86.0,245.28,52.0,342.15,7.31,214.0,98600.0
1990-01-06 15:00:00+00:00,7.91,92.4,3.0,0.0,3.0,341.75,6.55,233.0,98690.0
1990-01-06 16:00:00+00:00,7.34,89.0,0.0,0.0,0.0,324.95,5.93,252.0,98810.0
1990-01-06 17:00:00+00:00,6.64,85.75,0.0,0.0,0.0,310.8,6.21,257.0,98920.0
1990-01-06 18:00:00+00:00,6.02,85.7,0.0,0.0,0.0,269.4,6.14,257.0,99070.0
1990-01-06 19:00:00+00:00,6.11,85.7,0.0,0.0,0.0,279.25,6.07,252.0,99200.0
1990-01-06 20:00:00+00:00,5.9,82.55,0.0,0.0,0.0,269.4,5.93,251.0,99350.0
1990-01-06 21:00:00+00:00,5.62,85.65,0.0,0.0,0.0,256.6,5.45,248.0,99430.0
1990-01-06 22:00:00+00:00,5.41,85.65,0.0,0.0,0.0,251.2,5.31,243.0,99540.0
1990-01-06 23:00:00+00:00,5.25,88.85,0.0,0.0,0.0,255.05,5.17,237.0,99590.0
1990-01-07 00:00:00+00:00,5.06,88.85,0.0,0.0,0.0,253.5,5.17,231.0,99620.0
1990-01-07 01:00:00+00:00,4.94,85.6,0.0,0.0,0.0,259.6,5.31,227.0,99630.0
1990-01-07 02:00:00+00:00,4.74,88.85,0.0,0.0,0.0,249.65,5.17,223.0,99630.0
1990-01-07 03:00:00+00:00,4.71,85.55,0.0,0.0,0.0,262.4,5.1,218.0,99600.0
1990-01-07 04:00:00+00:00,4.81,85.55,0.0,0.0,0.0,275.75,5.45,212.0,99500.0
1990-01-07 05:00:00+00:00,5.24,85.6,0.0,0.0,0.0,295.7,6.07,210.0,99410.0
1990-01-07 06:00:00+00:00,5.73,82.5,0.0,0.0,0.0,305.75,6.41,204.0,99260.0
1990-01-07 07:00:00+00:00,6.77,82.6,0.0,0.0,0.0,321.45,7.38,202.0,99130.0
1990-01-07 08:00:00+00:00,7.61,79.7,0.0,0.0,0.0,341.0,8.28,206.0,99010.0
1990-01-07 09:00:00+00:00,8.01,85.85,1.0,0.0,1.0,330.75,8.69,208.0,98930.0
1990-01-07 10:00:00+00:00,8.48,89.1,47.0,32.24,43.0,327.25,9.31,208.0,98780.0
1990-01-07 11:00:00+00:00,9.43,89.15,33.0,0.0,33.0,343.9,9.79,208.0,98670.0
1990-01-07 12:00:00+00:00,10.29,89.2,29.0,0.0,29.0,350.65,10.14,209.0,98570.0
1990-01-07 13:00:00+00:00,10.81,89.25,52.0,0.0,52.0,360.95,10.34,209.0,98420.0
1990-01-07 14:00:00+00:00,11.16,89.3,38.0,7.09,37.0,364.6,10.34,211.0,98380.0
1990-01-07 15:00:00+00:00,11.28,89.3,17.0,0.0,17.0,365.55,10.14,210.0,98330.0
1990-01-07 16:00:00+00:00,11.44,86.15,0.0,0.0,0.0,367.7,9.52,208.0,98260.0
1990-01-07 17:00:00+00:00,11.63,86.15,0.0,0.0,0.0,365.2,9.24,209.0,98200.0
1990-01-07 18:00:00+00:00,11.85,89.3,0.0,0.0,0.0,361.1,9.38,215.0,98200.0
1990-01-07 19:00:00+00:00,12.04,83.15,0.0,0.0,0.0,359.2,9.66,228.0,98240.0
1990-01-07 20:00:00+00:00,11.31,80.1,0.0,0.0,0.0,333.45,9.1,235.0,98310.0
1990-01-07 21:00:00+00:00,10.46,80.05,0.0,0.0,0.0,314.5,8.97,234.0,98390.0
1990-01-07 22:00:00+00:00,9.76,82.9,0.0,0.0,0.0,306.35,9.31,237.0,98470.0
1990-01-07 23:00:00+00:00,8.91,79.85,0.0,0.0,0.0,314.65,8.76,248.0,98630.0
1990-01-08 00:00:00+00:00,7.79,76.8,0.0,0.0,0.0,325.9,8.07,255.0,98860.0
1990-01-08 01:00:00+00:00,6.98,73.9,0.0,0.0,0.0,307.45,7.59,256.0,99050.0
1990-01-08 02:00:00+00:00,6.2,73.7,0.0,0.0,0.0,277.9,6.83,255.0,99190.0
1990-01-08 03:00:00+00:00,5.66,70.85,0.0,0.0,0.0,268.2,6.48,252.0,99320.0
1990-01-08 04:00:00+00:00,5.15,70.8,0.0,0.0,0.0,259.7,6.48,252.0,99420.0
1990-01-08 05:00:00+00:00,4.63,73.45,0.0,0.0,0.0,248.1,6.14,251.0,99520.0
1990-01-08 06:00:00+00:00,4.38,73.45,0.0,0.0,0.0,249.05,5.86,248.0,99600.0
1990-01-08 07:00:00+00:00,4.85,79.3,0.0,0.0,0.0,268.6,5.79,244.0,99540.0
1990-01-08 08:00:00+00:00,4.52,79.3,0.0,0.0,0.0,259.1,5.86,240.0,99650.0
1990-01-08 09:00:00+00:00,4.19,82.3,8.0,0.0,8.0,250.2,5.79,238.0,99760.0
1990-01-08 10:00:00+00:00,4.42,79.3,80.0,270.37,46.0,269.75,6.0,238.0,99840.0
1990-01-08 11:00:00+00:00,4.73,79.3,151.0,555.47,50.0,256.05,6.21,239.0,99900.0
1990-01-08 12:00:00+00:00,5.06,76.4,165.0,499.69,63.0,255.05,6.48,243.0,99920.0
1990-01-08 13:00:00+00:00,5.08,79.35,157.0,533.65,55.0,263.95,5.52,241.0,99910.0
1990-01-08 14:00:00+00:00,5.02,79.35,70.0,90.44,57.0,248.85,6.76,246.0,99920.0
1990-01-08 15:00:00+00:00,4.7,79.3,20.0,0.0,20.0,244.4,5.93,245.0,99950.0
1990-01-08 16:00:00+00:00,4.08,82.3,0.0,0.0,0.0,239.95,5.59,243.0,99980.0
1990-01-08 17:00:00+00:00,3.65,82.25,0.0,0.0,0.0,240.15,5.45,241.0,100020.0
1990-01-08 18:00:00+00:00,3.44,85.45,0.0,0.0,0.0,246.35,5.24,240.0,100030.0
1990-01-08 19:00:00+00:00,3.6,85.45,0.0,0.0,0.0,237.05,4.62,241.0,99880.0
1990-01-08 20:00:00+00:00,3.29,88.7,0.0,0.0,0.0,241.15,3.93,235.0,99830.0
1990-01-08 21:00:00+00:00,3.23,88.7,0.0,0.0,0.0,261.65,3.03,223.0,99830.0
1990-01-08 22:00:00+00:00,3.06,88.7,0.0,0.0,0.0,272.3,2.41,198.0,99830.0
1990-01-08 23:00:00+00:00,2.9,88.7,0.0,0.0,0.0,279.25,2.14,178.0,99790.0
1990-01-09 00:00:00+00:00,2.86,88.7,0.0,0.0,0.0,289.5,1.86,169.0,99690.0
1990-01-09 01:00:00+00:00,2.65,92.15,0.0,0.0,0.0,291.15,1.52,157.0,99550.0
1990-01-09 02:00:00+00:00,2.3,95.65,0.0,0.0,0.0,292.2,1.24,122.0,99390.0
1990-01-09 03:00:00+00:00,2.06,95.65,0.0,0.0,0.0,292.2,1.45,100.0,99240.0
1990-01-09 04:00:00+00:00,2.24,95.65,0.0,0.0,0.0,296.3,1.72,84.0,99080.0
1990-01-09 05:00:00+00:00,2.25,95.65,0.0,0.0,0.0,295.5,2.07,67.0,98930.0
1990-01-09 06:00:00+00:00,2.31,95.65,0.0,0.0,0.0,300.75,2.48,56.0,98840.0
1990-01-09 07:00:00+00:00,2.5,95.7,0.0,0.0,0.0,313.5,2.76,54.0,98750.0
1990-01-09 08:00:00+00:00,2.52,95.7,0.0,0.0,0.0,317.75,3.1,45.0,98700.0
1990-01-09 09:00:00+00:00,2.55,95.7,2.0,0.0,2.0,317.4,3.03,28.0,98720.0
1990-01-09 10:00:00+00:00,2.52,95.7,8.0,0.0,8.0,319.9,3.1,14.0,98780.0
1990-01-09 11:00:00+00:00,2.48,95.7,42.0,0.0,42.0,319.7,3.03,8.0,98780.0
1990-01-09 12:00:00+00:00,2.99,92.15,137.0,251.87,85.0,318.35,3.31,10.0,98800.0
1990-01-09 13:00:00+00:00,3.44,85.45,123.0,222.01,80.0,305.75,2.69,10.0,98810.0
1990-01-09 14:00:00+00:00,3.73,88.75,73.0,102.41,58.0,308.85,2.14,360.0,98850.0
1990-01-09 15:00:00+00:00,3.65,88.75,7.0,0.0,7.0,302.1,1.93,339.0,98920.0
1990-01-09 16:00:00+00:00,3.29,92.15,0.0,0.0,0.0,302.3,2.0,314.0,99000.0
1990-01-09 17:00:00+00:00,2.9,88.7,0.0,0.0,0.0,294.35,2.0,299.0,99100.0
1990-01-09 18:00:00+00:00,2.47,88.65,0.0,0.0,0.0,280.6,1.93,285.0,99180.0
1990-01-09 19:00:00+00:00,2.6,92.15,0.0,0.0,0.0,293.75,1.72,288.0,99240.0
1990-01-09 20:00:00+00:00,2.47,92.15,0.0,0.0,0.0,292.6,1.93,287.0,99320.0
1990-01-09 21:00:00+00:00,2.22,92.1,0.0,0.0,0.0,293.75,2.07,284.0,99370.0
1990-01-09 22:00:00+00:00,1.86,92.1,0.0,0.0,0.0,287.0,2.07,280.0,99450.0
1990-01-09 23:00:00+00:00,1.07,95.65,0.0,0.0,0.0,258.15,2.21,275.0,99540.0
1990-01-10 00:00:00+00:00,0.47,92.0,0.0,0.0,0.0,244.05,2.14,260.0,99630.0
1990-01-10 01:00:00+00:00,-0.19,95.6,0.0,0.0,0.0,236.0,2.21,245.0,99690.0
1990-01-10 02:00:00+00:00,-0.65,91.95,0.0,0.0,0.0,233.75,2.28,244.0,99780.0
1990-01-10 03:00:00+00:00,-0.74,91.95,0.0,0.0,0.0,235.9,2.41,243.0,99870.0
1990-01-10 04:00:00+00:00,-0.74,91.95,0.0,0.0,0.0,232.4,2.48,241.0,99890.0
1990-01-10 05:00:00+00:00,-0.53,88.45,0.0,0.0,0.0,235.3,2.62,243.0,99980.0
1990-01-10 06:00:00+00:00,-0.11,88.45,0.0,0.0,0.0,240.75,2.62,239.0,100060.0
1990-01-10 07:00:00+00:00,0.52,92.0,0.0,0.0,0.0,250.8,2.62,225.0,100100.0
1990-01-10 08:00:00+00:00,1.39,92.05,0.0,0.0,0.0,273.45,2.69,223.0,100160.0
1990-01-10 09:00:00+00:00,2.22,92.1,6.0,0.0,6.0,291.05,2.83,223.0,100200.0
1990-01-10 10:00:00+00:00,3.1,92.15,89.0,355.29,43.0,287.75,2.97,227.0,100250.0
1990-01-10 11:00:00+00:00,3.9,88.8,125.0,279.44,73.0,268.05,2.97,225.0,100290.0
1990-01-10 12:00:00+00:00,4.56,85.55,143.0,282.43,84.0,256.8,3.03,217.0,100290.0
1990-01-10 13:00:00+00:00,4.73,85.55,129.0,249.55,80.0,249.85,3.72,209.0,100180.0
1990-01-10 14:00:00+00:00,4.65,82.35,83.0,154.05,60.0,257.6,4.48,212.0,100180.0
1990-01-10 15:00:00+00:00,4.32,79.2,12.0,0.0,12.0,266.1,4.9,208.0,100120.0
1990-01-10 16:00:00+00:00,3.96,76.25,0.0,0.0,0.0,266.65,5.38,209.0,100090.0
1990-01-10 17:00:00+00:00,3.91,76.25,0.0,0.0,0.0,272.85,5.66,203.0,99980.0
1990-01-10 18:00:00+00:00,4.18,79.2,0.0,0.0,0.0,284.5,6.55,204.0,99920.0
1990-01-10 19:00:00+00:00,5.4,79.4,0.0,0.0,0.0,314.3,7.59,201.0,99720.0
1990-01-10 20:00:00+00:00,5.82,88.9,0.0,0.0,0.0,323.55,8.28,202.0,99630.0
1990-01-10 21:00:00+00:00,6.32,88.95,0.0,0.0,0.0,325.7,9.1,205.0,99520.0
1990-01-10 22:00:00+00:00,6.8,89.0,0.0,0.0,0.0,330.95,9.66,207.0,99400.0
1990-01-10 23:00:00+00:00,7.39,89.0,0.0,0.0,0.0,333.25,10.07,210.0,99280.0
1990-01-11 00:00:00+00:00,7.82,89.05,0.0,0.0,0.0,333.85,10.14,210.0,99200.0
1990-01-11 01:00:00+00:00,8.22,92.4,0.0,0.0,0.0,343.4,10.07,210.0,99160.0
1990-01-11 02:00:00+00:00,8.56,92.4,0.0,0.0,0.0,343.3,10.0,210.0,99070.0
1990-01-11 03:00:00+00:00,9.06,92.45,0.0,0.0,0.0,346.8,10.21,212.0,99000.0
1990-01-11 04:00:00+00:00,9.39,92.45,0.0,0.0,0.0,352.2,10.34,211.0,98940.0
1990-01-11 05:00:00+00:00,9.39,92.45,0.0,0.0,0.0,347.55,10.34,209.0,98870.0
1990-01-11 06:00:00+00:00,9.3,92.45,0.0,0.0,0.0,352.4,10.28,206.0,98780.0
1990-01-11 07:00:00+00:00,9.47,89.15,0.0,0.0,0.0,346.4,10.14,206.0,98740.0
1990-01-11 08:00:00+00:00,9.58,89.15,0.0,0.0,0.0,354.35,10.07,205.0,98650.0
1990-01-11 09:00:00+00:00,9.73,92.45,14.0,44.76,12.0,353.55,10.0,206.0,98630.0
1990-01-11 10:00:00+00:00,9.91,92.45,26.0,0.0,26.0,354.15,9.93,207.0,98620.0
1990-01-11 11:00:00+00:00,10.17,92.5,28.0,0.0,28.0,354.15,9.24,211.0,98590.0
1990-01-11 12:00:00+00:00,10.5,89.25,51.0,0.0,51.0,358.8,8.41,220.0,98580.0
1990-01-11 13:00:00+00:00,10.16,92.5,30.0,0.0,30.0,356.85,6.83,238.0,98640.0
1990-01-11 14:00:00+00:00,9.2,92.45,33.0,0.0,33.0,354.95,5.72,252.0,98730.0
1990-01-11 15:00:00+00:00,8.22,92.4,15.0,0.0,15.0,345.65,5.38,247.0,98830.0
1990-01-11 16:00:00+00:00,7.74,89.05,0.0,0.0,0.0,336.75,5.59,239.0,98850.0
1990-01-11 17:00:00+00:00,7.63,85.85,0.0,0.0,0.0,318.55,5.66,236.0,98890.0
1990-01-11 18:00:00+00:00,7.47,85.85,0.0,0.0,0.0,300.15,5.86,240.0,98950.0
1990-01-11 19:00:00+00:00,7.06,85.8,0.0,0.0,0.0,293.6,6.0,239.0,98970.0
1990-01-11 20:00:00+00:00,6.57,85.75,0.0,0.0,0.0,277.7,5.66,238.0,99030.0
1990-01-11 21:00:00+00:00,6.33,88.95,0.0,0.0,0.0,291.65,5.24,238.0,99070.0
1990-01-11 22:00:00+00:00,5.84,88.9,0.0,0.0,0.0,276.75,4.83,242.0,99140.0
1990-01-11 23:00:00+00:00,5.42,85.65,0.0,0.0,0.0,280.4,4.41,243.0,99190.0
1990-01-12 00:00:00+00:00,4.94,88.85,0.0,0.0,0.0,273.65,3.93,242.0,99250.0
1990-01-12 01:00:00+00:00,4.59,88.85,0.0,0.0,0.0,271.8,3.52,238.0,99270.0
1990-01-12 02:00:00+00:00,4.02,92.2,0.0,0.0,0.0,258.95,3.1,232.0,99260.0
1990-01-12 03:00:00+00:00,3.57,92.15,0.0,0.0,0.0,256.4,2.97,226.0,99250.0
1990-01-12 04:00:00+00:00,3.33,95.7,0.0,0.0,0.0,257.6,2.97,220.0,99210.0
1990-01-12 05:00:00+00:00,3.23,92.15,0.0,0.0,0.0,263.75,2.97,216.0,99180.0
1990-01-12 06:00:00+00:00,3.21,92.15,0.0,0.0,0.0,270.15,2.97,217.0,99120.0
1990-01-12 07:00:00+00:00,3.68,92.15,0.0,0.0,0.0,260.5,3.72,222.0,99070.0
1990-01-12 08:00:00+00:00,4.19,88.8,0.0,0.0,0.0,283.7,4.21,228.0,99070.0
1990-01-12 09:00:00+00:00,4.43,88.85,3.0,0.0,3.0,284.5,4.62,235.0,99090.0
1990-01-12 10:00:00+00:00,4.59,88.85,95.0,381.5,44.0,293.2,5.17,245.0,99150.0
1990-01-12 11:00:00+00:00,4.71,88.85,163.0,592.13,50.0,290.3,5.38,252.0,99200.0
1990-01-12 12:00:00+00:00,4.99,82.4,180.0,555.68,61.0,273.45,5.31,256.0,99280.0
1990-01-12 13:00:00+00:00,5.07,79.35,175.0,608.8,52.0,250.8,4.97,256.0,99290.0
1990-01-12 14:00:00+00:00,5.0,76.4,99.0,251.1,60.0,239.0,5.31,256.0,99340.0
1990-01-12 15:00:00+00:00,4.61,76.3,25.0,0.0,25.0,258.95,5.38,251.0,99360.0
1990-01-12 16:00:00+00:00,3.89,76.25,0.0,0.0,0.0,240.15,4.97,244.0,99410.0
1990-01-12 17:00:00+00:00,3.37,79.15,0.0,0.0,0.0,244.4,5.03,238.0,99450.0
1990-01-12 18:00:00+00:00,3.04,82.2,0.0,0.0,0.0,238.6,4.9,235.0,99480.0
1990-01-12 19:00:00+00:00,3.62,85.45,0.0,0.0,0.0,248.5,4.97,228.0,99430.0
1990-01-12 20:00:00+00:00,3.57,85.45,0.0,0.0,0.0,254.5,4.69,222.0,99410.0
1990-01-12 21:00:00+00:00,3.46,82.25,0.0,0.0,0.0,252.75,4.48,218.0,99380.0
1990-01-12 22:00:00+00:00,3.41,82.25,0.0,0.0,0.0,256.2,4.48,215.0,99350.0
1990-01-12 23:00:00+00:00,3.41,82.25,0.0,0.0,0.0,260.1,4.55,213.0,99290.0
1990-01-13 00:00:00+00:00,3.39,82.25,0.0,0.0,0.0,260.5,4.48,208.0,99210.0
1990-01-13 01:00:00+00:00,3.32,85.4,0.0,0.0,0.0,260.4,4.62,206.0,99110.0
1990-01-13 02:00:00+00:00,3.27,85.4,0.0,0.0,0.0,251.0,4.83,212.0,99070.0
1990-01-13 03:00:00+00:00,3.28,88.7,0.0,0.0,0.0,253.3,4.62,211.0,98990.0
1990-01-13 04:00:00+00:00,3.29,85.4,0.0,0.0,0.0,254.65,4.62,206.0,98910.0
1990-01-13 05:00:00+00:00,3.15,85.4,0.0,0.0,0.0,239.75,4.62,201.0,98810.0
1990-01-13 06:00:00+00:00,3.29,85.4,0.0,0.0,0.0,251.2,4.62,195.0,98710.0
1990-01-13 07:00:00+00:00,3.81,88.75,0.0,0.0,0.0,261.05,5.31,194.0,98620.0
1990-01-13 08:00:00+00:00,4.01,85.5,0.0,0.0,0.0,256.05,5.52,185.0,98490.0
1990-01-13 09:00:00+00:00,4.27,88.8,2.0,0.0,2.0,264.35,6.0,180.0,98340.0
1990-01-13 10:00:00+00:00,4.92,82.4,51.0,29.42,47.0,291.85,6.62,175.0,98150.0
1990-01-13 11:00:00+00:00,5.36,82.4,33.0,0.0,33.0,310.6,7.03,172.0,97920.0
1990-01-13 12:00:00+00:00,5.53,76.5,56.0,0.0,56.0,305.4,7.24,169.0,97710.0
1990-01-13 13:00:00+00:00,5.62,76.5,55.0,0.0,55.0,293.75,7.45,163.0,97380.0
1990-01-13 14:00:00+00:00,5.69,76.5,38.0,0.0,38.0,290.5,7.93,160.0,97050.0
1990-01-13 15:00:00+00:00,5.47,85.65,9.0,0.0,9.0,317.95,8.41,162.0,96710.0
1990-01-13 16:00:00+00:00,5.58,85.65,0.0,0.0,0.0,322.6,9.03,168.0,96380.0
1990-01-13 17:00:00+00:00,5.25,88.85,0.0,0.0,0.0,325.3,9.45,178.0,96240.0
1990-01-13 18:00:00+00:00,5.42,88.9,0.0,0.0,0.0,328.4,8.97,191.0,96190.0
1990-01-13 19:00:00+00:00,6.05,79.5,0.0,0.0,0.0,307.9,9.17,201.0,96130.0
1990-01-13 20:00:00+00:00,5.85,76.5,0.0,0.0,0.0,255.65,9.31,205.0,96150.0
1990-01-13 21:00:00+00:00,5.93,73.7,0.0,0.0,0.0,277.5,8.62,210.0,96210.0
1990-01-13 22:00:00+00:00,5.63,73.65,0.0,0.0,0.0,268.2,8.0,209.0,96310.0
1990-01-13 23:00:00+00:00,5.12,76.4,0.0,0.0,0.0,255.05,7.38,207.0,96340.0
1990-01-14 00:00:00+00:00,4.66,76.3,0.0,0.0,0.0,258.55,7.52,212.0,96400.0
1990-01-14 01:00:00+00:00,3.98,76.25,0.0,0.0,0.0,258.85,7.45,219.0,96460.0
1990-01-14 02:00:00+00:00,3.66,76.15,0.0,0.0,0.0,262.2,7.66,224.0,96520.0
1990-01-14 03:00:00+00:00,3.36,70.5,0.0,0.0,0.0,249.65,7.72,226.0,96580.0
1990-01-14 04:00:00+00:00,2.99,73.2,0.0,0.0,0.0,242.1,7.66,226.0,96630.0
1990-01-14 05:00:00+00:00,2.98,70.4,0.0,0.0,0.0,242.65,7.59,225.0,96670.0
1990-01-14 06:00:00+00:00,2.89,70.4,0.0,0.0,0.0,233.4,7.52,223.0,96750.0
1990-01-14 07:00:00+00:00,3.67,70.5,0.0,0.0,0.0,239.95,6.9,214.0,96710.0
1990-01-14 08:00:00+00:00,3.7,70.5,0.0,0.0,0.0,241.7,6.62,213.0,96760.0
1990-01-14 09:00:00+00:00,3.62,73.3,10.0,0.0,10.0,250.6,6.14,211.0,96790.0
1990-01-14 10:00:00+00:00,3.98,76.25,80.0,187.88,54.0,251.0,5.72,205.0,96790.0
1990-01-14 11:00:00+00:00,4.58,76.3,99.0,81.6,83.0,246.55,5.79,202.0,96750.0
1990-01-14 12:00:00+00:00,5.13,76.4,31.0,0.0,31.0,287.6,5.66,204.0,96710.0
1990-01-14 13:00:00+00:00,4.76,82.35,34.0,0.0,34.0,295.7,5.1,205.0,96620.0
1990-01-14 14:00:00+00:00,3.9,88.8,22.0,0.0,22.0,307.7,4.14,199.0,96520.0
1990-01-14 15:00:00+00:00,3.11,95.7,10.0,0.0,10.0,311.55,3.45,190.0,96450.0
1990-01-14 16:00:00+00:00,2.7,95.7,0.0,0.0,0.0,319.1,3.66,192.0,96430.0
1990-01-14 17:00:00+00:00,2.58,95.7,0.0,0.0,0.0,321.65,3.79,204.0,96410.0
1990-01-14 18:00:00+00:00,2.76,95.7,0.0,0.0,0.0,322.2,4.48,215.0,96450.0
1990-01-14 19:00:00+00:00,3.28,92.15,0.0,0.0,0.0,308.85,5.24,217.0,96420.0
1990-01-14 20:00:00+00:00,3.59,88.75,0.0,0.0,0.0,301.7,5.86,225.0,96510.0
1990-01-14 21:00:00+00:00,3.23,88.7,0.0,0.0,0.0,256.2,6.07,227.0,96610.0
1990-01-14 22:00:00+00:00,3.06,85.4,0.0,0.0,0.0,255.65,6.14,225.0,96690.0
1990-01-14 23:00:00+00:00,3.02,82.2,0.0,0.0,0.0,246.75,6.34,222.0,96780.0
1990-01-15 00:00:00+00:00,3.09,82.2,0.0,0.0,0.0,253.7,6.41,218.0,96870.0
1990-01-15 01:00:00+00:00,3.01,79.1,0.0,0.0,0.0,246.85,6.62,216.0,96920.0
1990-01-15 02:00:00+00:00,3.01,79.1,0.0,0.0,0.0,241.7,6.76,215.0,96960.0
1990-01-15 03:00:00+00:00,3.1,79.1,0.0,0.0,0.0,249.25,6.9,216.0,97000.0
1990-01-15 04:00:00+00:00,3.18,76.1,0.0,0.0,0.0,247.5,6.97,215.0,97040.0
1990-01-15 05:00:00+00:00,3.23,76.1,0.0,0.0,0.0,244.8,7.03,213.0,97090.0
1990-01-15 06:00:00+00:00,3.32,76.1,0.0,0.0,0.0,245.0,7.1,211.0,97130.0
1990-01-15 07:00:00+00:00,3.91,73.4,0.0,0.0,0.0,244.05,7.38,214.0,97130.0
1990-01-15 08:00:00+00:00,4.02,73.4,0.0,0.0,0.0,245.4,7.52,215.0,97200.0
1990-01-15 09:00:00+00:00,4.05,73.4,9.0,0.0,9.0,243.45,7.66,216.0,97260.0
1990-01-15 10:00:00+00:00,4.47,70.7,86.0,219.99,55.0,245.75,8.07,218.0,97330.0
1990-01-15 11:00:00+00:00,5.17,70.8,141.0,316.8,78.0,253.9,8.55,219.0,97410.0
1990-01-15 12:00:00+00:00,5.68,68.2,158.0,300.58,91.0,249.45,8.9,220.0,97480.0
1990-01-15 13:00:00+00:00,5.98,68.3,156.0,364.25,79.0,254.3,9.52,222.0,97520.0
1990-01-15 14:00:00+00:00,6.06,68.3,69.0,42.39,62.0,251.75,9.93,225.0,97570.0
1990-01-15 15:00:00+00:00,5.94,65.75,38.0,91.71,30.0,253.5,9.79,228.0,97630.0
1990-01-15 16:00:00+00:00,5.7,68.2,0.0,0.0,0.0,255.65,9.72,230.0,97740.0
1990-01-15 17:00:00+00:00,5.56,68.2,0.0,0.0,0.0,266.5,9.72,233.0,97890.0
1990-01-15 18:00:00+00:00,5.46,68.2,0.0,0.0,0.0,260.3,9.1,234.0,98050.0
1990-01-15 19:00:00+00:00,5.61,68.2,0.0,0.0,0.0,254.65,9.52,233.0,98200.0
1990-01-15 20:00:00+00:00,5.33,70.8,0.0,0.0,0.0,247.7,8.83,233.0,98360.0
1990-01-15 21:00:00+00:00,5.05,70.8,0.0,0.0,0.0,245.2,8.14,231.0,98520.0
1990-01-15 22:00:00+00:00,4.91,70.8,0.0,0.0,0.0,249.85,7.66,231.0,98660.0
1990-01-15 23:00:00+00:00,4.68,73.45,0.0,0.0,0.0,242.65,6.97,230.0,98780.0
1990-01-16 00:00:00+00:00,4.46,73.45,0.0,0.0,0.0,246.15,6.48,226.0,98910.0
1990-01-16 01:00:00+00:00,4.2,79.2,0.0,0.0,0.0,240.05,6.34,223.0,99010.0
1990-01-16 02:00:00+00:00,4.13,79.2,0.0,0.0,0.0,245.95,6.0,222.0,99090.0
1990-01-16 03:00:00+00:00,4.17,82.3,0.0,0.0,0.0,247.5,5.79,221.0,99120.0
1990-01-16 04:00:00+00:00,4.5,79.3,0.0,0.0,0.0,255.45,5.52,218.0,99110.0
1990-01-16 05:00:00+00:00,4.68,82.35,0.0,0.0,0.0,244.4,5.24,213.0,99090.0
1990-01-16 06:00:00+00:00,4.85,88.85,0.0,0.0,0.0,245.95,4.83,202.0,99030.0
1990-01-16 07:00:00+00:00,5.67,88.9,0.0,0.0,0.0,296.1,5.45,188.0,98980.0
1990-01-16 08:00:00+00:00,6.09,85.7,0.0,0.0,0.0,308.3,5.93,184.0,98910.0
1990-01-16 09:00:00+00:00,6.34,85.7,17.0,36.11,15.0,311.55,6.0,181.0,98890.0
1990-01-16 10:00:00+00:00,6.7,82.6,64.0,62.69,55.0,311.2,6.21,178.0,98870.0
1990-01-16 11:00:00+00:00,7.06,79.65,55.0,0.0,55.0,314.85,6.34,176.0,98810.0
1990-01-16 12:00:00+00:00,7.33,79.65,66.0,0.0,66.0,318.95,5.79,171.0,98670.0
1990-01-16 13:00:00+00:00,7.24,79.65,39.0,0.0,39.0,286.4,5.1,156.0,98480.0
1990-01-16 14:00:00+00:00,7.13,76.7,30.0,0.0,30.0,317.2,5.72,148.0,98290.0
1990-01-16 15:00:00+00:00,7.27,82.65,12.0,0.0,12.0,333.45,6.62,151.0,98020.0
1990-01-16 16:00:00+00:00,7.82,85.85,0.0,0.0,0.0,329.75,7.66,166.0,97870.0
1990-01-16 17:00:00+00:00,8.38,89.05,0.0,0.0,0.0,340.2,7.93,178.0,97750.0
1990-01-16 18:00:00+00:00,8.8,89.1,0.0,0.0,0.0,335.75,8.07,187.0,97710.0
1990-01-16 19:00:00+00:00,8.79,92.4,0.0,0.0,0.0,328.4,7.31,200.0,97790.0
1990-01-16 20:00:00+00:00,8.65,92.4,0.0,0.0,0.0,337.1,6.69,213.0,97890.0
1990-01-16 21:00:00+00:00,8.08,89.05,0.0,0.0,0.0,319.3,6.07,224.0,98030.0
1990-01-16 22:00:00+00:00,6.95,79.65,0.0,0.0,0.0,286.8,6.07,224.0,98160.0
1990-01-16 23:00:00+00:00,6.02,79.5,0.0,0.0,0.0,266.1,6.28,221.0,98290.0
1990-01-17 00:00:00+00:00,5.58,79.4,0.0,0.0,0.0,269.4,6.07,222.0,98360.0
1990-01-17 01:00:00+00:00,5.21,82.4,0.0,0.0,0.0,257.9,5.72,224.0,98430.0
1990-01-17 02:00:00+00:00,4.78,85.55,0.0,0.0,0.0,248.65,5.1,224.0,98480.0
1990-01-17 03:00:00+00:00,4.4,82.35,0.0,0.0,0.0,251.0,4.76,224.0,98500.0
1990-01-17 04:00:00+00:00,3.91,85.5,0.0,0.0,0.0,240.95,4.28,222.0,98540.0
1990-01-17 05:00:00+00:00,3.5,85.45,0.0,0.0,0.0,240.35,4.0,218.0,98570.0
1990-01-17 06:00:00+00:00,3.22,88.7,0.0,0.0,0.0,242.3,3.86,218.0,98640.0
1990-01-17 07:00:00+00:00,3.11,88.7,0.0,0.0,0.0,236.1,3.86,223.0,98590.0
1990-01-17 08:00:00+00:00,3.19,85.4,0.0,0.0,0.0,252.95,3.93,228.0,98660.0
1990-01-17 09:00:00+00:00,3.25,85.4,10.0,0.0,10.0,258.15,3.79,228.0,98700.0
1990-01-17 10:00:00+00:00,3.65,79.15,79.0,136.67,59.0,263.75,3.79,228.0,98720.0
1990-01-17 11:00:00+00:00,4.28,79.2,123.0,166.01,89.0,269.2,4.28,232.0,98760.0
1990-01-17 12:00:00+00:00,4.81,76.3,136.0,152.64,101.0,266.65,4.76,236.0,98790.0
1990-01-17 13:00:00+00:00,5.02,76.4,173.0,453.77,74.0,268.05,5.03,239.0,98790.0
1990-01-17 14:00:00+00:00,5.08,76.4,98.0,151.02,72.0,265.7,5.72,244.0,98830.0
1990-01-17 15:00:00+00:00,4.86,79.3,13.0,0.0,13.0,277.1,5.45,248.0,98890.0
1990-01-17 16:00:00+00:00,4.45,79.3,0.0,0.0,0.0,271.1,5.17,250.0,98960.0
1990-01-17 17:00:00+00:00,4.12,82.3,0.0,0.0,0.0,263.4,5.17,254.0,99050.0
1990-01-17 18:00:00+00:00,3.98,82.3,0.0,0.0,0.0,250.8,5.24,256.0,99140.0
1990-01-17 19:00:00+00:00,4.17,82.3,0.0,0.0,0.0,264.75,4.62,256.0,99190.0
1990-01-17 20:00:00+00:00,4.01,79.2,0.0,0.0,0.0,261.45,4.55,259.0,99280.0
1990-01-17 21:00:00+00:00,3.77,79.15,0.0,0.0,0.0,258.95,4.41,259.0,99380.0
1990-01-17 22:00:00+00:00,3.51,76.15,0.0,0.0,0.0,257.4,4.34,257.0,99480.0
1990-01-17 23:00:00+00:00,3.15,76.1,0.0,0.0,0.0,246.75,4.62,257.0,99590.0
1990-01-18 00:00:00+00:00,2.96,73.2,0.0,0.0,0.0,253.3,4.83,261.0,99700.0
1990-01-18 01:00:00+00:00,2.74,76.0,0.0,0.0,0.0,247.6,4.83,264.0,99800.0
1990-01-18 02:00:00+00:00,2.5,79.0,0.0,0.0,0.0,238.8,4.83,263.0,99900.0
1990-01-18 03:00:00+00:00,2.44,76.0,0.0,0.0,0.0,240.95,4.9,261.0,99990.0
1990-01-18 04:00:00+00:00,2.33,82.05,0.0,0.0,0.0,233.6,5.03,261.0,100070.0
1990-01-18 05:00:00+00:00,2.3,82.05,0.0,0.0,0.0,235.3,5.03,262.0,100140.0
1990-01-18 06:00:00+00:00,2.21,82.05,0.0,0.0,0.0,231.45,5.03,262.0,100220.0
1990-01-18 07:00:00+00:00,2.41,76.0,0.0,0.0,0.0,233.95,5.24,265.0,100280.0
1990-01-18 08:00:00+00:00,2.31,82.05,0.0,0.0,0.0,231.65,5.24,265.0,100390.0
1990-01-18 09:00:00+00:00,2.25,82.05,28.0,148.74,19.0,233.2,5.17,265.0,100470.0
1990-01-18 10:00:00+00:00,2.65,82.15,105.0,355.18,52.0,233.95,5.03,266.0,100570.0
1990-01-18 11:00:00+00:00,3.36,82.2,169.0,490.52,67.0,233.95,4.69,267.0,100670.0
1990-01-18 12:00:00+00:00,4.05,79.2,183.0,421.2,85.0,233.75,5.24,269.0,100760.0
1990-01-18 13:00:00+00:00,4.63,73.45,174.0,428.48,79.0,239.2,4.97,270.0,100840.0
1990-01-18 14:00:00+00:00,4.88,70.8,128.0,363.99,64.0,233.6,4.55,272.0,100920.0
1990-01-18 15:00:00+00:00,4.73,73.45,43.0,81.52,35.0,237.85,4.28,276.0,101000.0
1990-01-18 16:00:00+00:00,4.17,73.4,0.0,0.0,0.0,244.6,4.0,276.0,101130.0
1990-01-18 17:00:00+00:00,3.51,73.3,0.0,0.0,0.0,242.5,3.72,274.0,101260.0
1990-01-18 18:00:00+00:00,2.97,76.1,0.0,0.0,0.0,233.75,3.66,271.0,101410.0
1990-01-18 19:00:00+00:00,2.84,79.0,0.0,0.0,0.0,230.3,4.0,268.0,101510.0
1990-01-18 20:00:00+00:00,2.61,76.0,0.0,0.0,0.0,228.55,3.72,270.0,101600.0
1990-01-18 21:00:00+00:00,2.33,78.95,0.0,0.0,0.0,228.35,3.45,268.0,101690.0
1990-01-18 22:00:00+00:00,2.01,78.95,0.0,0.0,0.0,228.75,3.17,264.0,101770.0
1990-01-18 23:00:00+00:00,1.69,78.9,0.0,0.0,0.0,227.6,3.03,261.0,101890.0
1990-01-19 00:00:00+00:00,1.44,78.9,0.0,0.0,0.0,227.0,2.97,255.0,101980.0
1990-01-19 01:00:00+00:00,1.15,81.95,0.0,0.0,0.0,226.9,2.9,247.0,102040.0
1990-01-19 02:00:00+00:00,0.95,81.95,0.0,0.0,0.0,227.2,2.83,245.0,102050.0
1990-01-19 03:00:00+00:00,0.84,81.95,0.0,0.0,0.0,227.6,2.83,247.0,102150.0
1990-01-19 04:00:00+00:00,0.78,85.15,0.0,0.0,0.0,228.75,2.76,243.0,102180.0
1990-01-19 05:00:00+00:00,0.83,81.95,0.0,0.0,0.0,229.7,2.9,245.0,102250.0
1990-01-19 06:00:00+00:00,1.03,85.2,0.0,0.0,0.0,229.7,2.97,245.0,102320.0
1990-01-19 07:00:00+00:00,1.02,88.55,0.0,0.0,0.0,230.5,2.97,239.0,102430.0
1990-01-19 08:00:00+00:00,1.25,88.55,0.0,0.0,0.0,235.5,3.17,233.0,102470.0
1990-01-19 09:00:00+00:00,1.55,88.6,34.0,252.98,18.0,234.55,3.24,231.0,102490.0
1990-01-19 10:00:00+00:00,2.51,88.65,83.0,137.96,62.0,239.0,3.38,232.0,102530.0
1990-01-19 11:00:00+00:00,3.83,88.75,74.0,9.47,72.0,266.85,3.86,236.0,102540.0
1990-01-19 12:00:00+00:00,4.67,82.35,43.0,0.0,43.0,292.4,4.14,234.0,102530.0
1990-01-19 13:00:00+00:00,5.02,79.35,38.0,0.0,38.0,299.95,4.28,233.0,102500.0
1990-01-19 14:00:00+00:00,5.01,73.55,18.0,0.0,18.0,311.0,4.62,234.0,102520.0
1990-01-19 15:00:00+00:00,5.09,70.8,19.0,0.0,19.0,299.75,5.03,233.0,102500.0
1990-01-19 16:00:00+00:00,4.66,68.0,0.0,0.0,0.0,266.85,5.24,238.0,102540.0
1990-01-19 17:00:00+00:00,4.08,67.9,0.0,0.0,0.0,252.95,5.31,237.0,102580.0
1990-01-19 18:00:00+00:00,3.73,67.8,0.0,0.0,0.0,247.3,5.31,236.0,102570.0
1990-01-19 19:00:00+00:00,4.3,65.3,0.0,0.0,0.0,271.5,6.07,239.0,102530.0
1990-01-19 20:00:00+00:00,4.28,65.3,0.0,0.0,0.0,264.35,6.07,239.0,102520.0
1990-01-19 21:00:00+00:00,4.26,67.9,0.0,0.0,0.0,265.3,6.07,240.0,102480.0
1990-01-19 22:00:00+00:00,4.17,70.6,0.0,0.0,0.0,258.95,6.07,241.0,102510.0
1990-01-19 23:00:00+00:00,4.05,73.4,0.0,0.0,0.0,254.3,6.07,241.0,102520.0
1990-01-20 00:00:00+00:00,4.04,76.25,0.0,0.0,0.0,260.85,6.0,240.0,102530.0
1990-01-20 01:00:00+00:00,3.88,82.3,0.0,0.0,0.0,259.6,5.93,242.0,102530.0
1990-01-20 02:00:00+00:00,3.96,85.5,0.0,0.0,0.0,266.5,5.93,244.0,102520.0
1990-01-20 03:00:00+00:00,3.96,88.8,0.0,0.0,0.0,261.85,5.93,246.0,102500.0
1990-01-20 04:00:00+00:00,3.98,88.8,0.0,0.0,0.0,262.4,5.93,246.0,102490.0
1990-01-20 05:00:00+00:00,4.0,88.8,0.0,0.0,0.0,259.5,5.93,246.0,102470.0
1990-01-20 06:00:00+00:00,4.15,92.2,0.0,0.0,0.0,266.65,5.93,246.0,102460.0
1990-01-20 07:00:00+00:00,4.49,88.85,0.0,0.0,0.0,284.5,5.59,245.0,102490.0
1990-01-20 08:00:00+00:00,4.49,88.85,0.0,0.0,0.0,280.8,5.66,246.0,102490.0
1990-01-20 09:00:00+00:00,4.39,88.85,10.0,0.0,10.0,267.45,5.59,246.0,102520.0
1990-01-20 10:00:00+00:00,4.83,92.25,71.0,64.38,61.0,269.75,5.66,245.0,102510.0
1990-01-20 11:00:00+00:00,5.5,85.65,59.0,0.0,59.0,268.8,5.03,245.0,102480.0
1990-01-20 12:00:00+00:00,6.14,85.7,75.0,4.17,74.0,274.4,5.86,245.0,102440.0
1990-01-20 13:00:00+00:00,6.49,82.6,45.0,0.0,45.0,280.2,6.07,245.0,102390.0
1990-01-20 14:00:00+00:00,6.59,82.6,22.0,0.0,22.0,280.4,6.21,243.0,102380.0
1990-01-20 15:00:00+00:00,6.32,85.7,15.0,0.0,15.0,283.5,6.34,244.0,102360.0
1990-01-20 16:00:00+00:00,5.99,82.55,0.0,0.0,0.0,300.35,6.21,244.0,102350.0
1990-01-20 17:00:00+00:00,5.81,85.65,0.0,0.0,0.0,310.4,6.21,245.0,102350.0
1990-01-20 18:00:00+00:00,5.82,88.9,0.0,0.0,0.0,315.65,6.21,247.0,102340.0
1990-01-20 19:00:00+00:00,5.77,88.9,0.0,0.0,0.0,316.8,6.21,246.0,102310.0
1990-01-20 20:00:00+00:00,5.91,85.7,0.0,0.0,0.0,316.8,6.28,249.0,102300.0
1990-01-20 21:00:00+00:00,6.04,85.7,0.0,0.0,0.0,314.5,6.41,250.0,102260.0
1990-01-20 22:00:00+00:00,6.2,88.95,0.0,0.0,0.0,315.25,6.41,252.0,102220.0
1990-01-20 23:00:00+00:00,6.36,88.95,0.0,0.0,0.0,314.5,6.28,254.0,102220.0
1990-01-21 00:00:00+00:00,6.5,85.75,0.0,0.0,0.0,316.8,5.86,253.0,102190.0
1990-01-21 01:00:00+00:00,6.61,89.0,0.0,0.0,0.0,313.05,5.38,253.0,102200.0
1990-01-21 02:00:00+00:00,6.75,89.0,0.0,0.0,0.0,317.0,5.1,254.0,102170.0
1990-01-21 03:00:00+00:00,6.96,89.0,0.0,0.0,0.0,323.75,5.03,254.0,102150.0
1990-01-21 04:00:00+00:00,7.16,89.0,0.0,0.0,0.0,328.6,4.83,255.0,102140.0
1990-01-21 05:00:00+00:00,7.3,92.35,0.0,0.0,0.0,330.15,4.34,254.0,102150.0
1990-01-21 06:00:00+00:00,7.37,92.35,0.0,0.0,0.0,330.75,3.93,250.0,102150.0
1990-01-21 07:00:00+00:00,7.45,92.4,0.0,0.0,0.0,332.3,4.14,251.0,102150.0
1990-01-21 08:00:00+00:00,7.54,92.4,0.0,0.0,0.0,335.0,4.14,250.0,102170.0
1990-01-21 09:00:00+00:00,7.71,95.8,31.0,130.3,22.0,341.4,4.55,243.0,102130.0
1990-01-21 10:00:00+00:00,8.05,95.8,98.0,233.34,61.0,337.9,4.76,248.0,102090.0
1990-01-21 11:00:00+00:00,8.39,99.4,75.0,9.17,73.0,336.95,4.28,254.0,102140.0
1990-01-21 12:00:00+00:00,8.62,95.85,102.0,32.87,94.0,340.6,4.97,252.0,102130.0
1990-01-21 13:00:00+00:00,8.76,95.85,59.0,0.0,59.0,349.5,4.97,247.0,102090.0
1990-01-21 14:00:00+00:00,8.87,95.85,33.0,0.0,33.0,352.0,5.24,249.0,102020.0
1990-01-21 15:00:00+00:00,8.8,95.85,28.0,0.0,28.0,350.5,5.03,255.0,102010.0
1990-01-21 16:00:00+00:00,8.64,95.85,0.0,0.0,0.0,351.85,4.62,257.0,101980.0
1990-01-21 17:00:00+00:00,8.49,95.85,0.0,0.0,0.0,349.3,4.14,254.0,101980.0
1990-01-21 18:00:00+00:00,8.46,95.85,0.0,0.0,0.0,350.85,3.86,249.0,102000.0
1990-01-21 19:00:00+00:00,8.31,99.4,0.0,0.0,0.0,347.4,3.52,253.0,102050.0
1990-01-21 20:00:00+00:00,8.28,99.4,0.0,0.0,0.0,348.35,3.52,251.0,102060.0
1990-01-21 21:00:00+00:00,8.29,99.4,0.0,0.0,0.0,351.45,3.59,254.0,102040.0
1990-01-21 22:00:00+00:00,8.28,99.4,0.0,0.0,0.0,350.5,3.66,256.0,102040.0
1990-01-21 23:00:00+00:00,8.28,99.4,0.0,0.0,0.0,348.95,3.66,259.0,102050.0
1990-01-22 00:00:00+00:00,8.27,99.4,0.0,0.0,0.0,346.0,3.66,261.0,102050.0
1990-01-22 01:00:00+00:00,8.42,95.85,0.0,0.0,0.0,346.9,3.66,264.0,102040.0
1990-01-22 02:00:00+00:00,8.49,95.85,0.0,0.0,0.0,347.55,3.52,264.0,102020.0
1990-01-22 03:00:00+00:00,8.55,95.85,0.0,0.0,0.0,344.1,3.31,262.0,102010.0
1990-01-22 04:00:00+00:00,8.58,95.85,0.0,0.0,0.0,342.75,3.31,259.0,101990.0
1990-01-22 05:00:00+00:00,8.48,95.85,0.0,0.0,0.0,342.15,3.45,258.0,101970.0
1990-01-22 06:00:00+00:00,8.31,99.4,0.0,0.0,0.0,334.2,3.66,258.0,101980.0
1990-01-22 07:00:00+00:00,8.46,95.85,0.0,0.0,0.0,331.7,3.38,256.0,101950.0
1990-01-22 08:00:00+00:00,8.15,99.4,0.0,0.0,0.0,329.0,3.45,257.0,101980.0
1990-01-22 09:00:00+00:00,7.61,95.8,33.0,138.59,23.0,311.95,3.45,256.0,102030.0
1990-01-22 10:00:00+00:00,7.74,95.8,58.0,18.53,55.0,307.9,3.31,255.0,102040.0
1990-01-22 11:00:00+00:00,8.01,95.8,129.0,157.94,94.0,318.95,3.86,257.0,102050.0
1990-01-22 12:00:00+00:00,8.37,95.8,109.0,40.46,99.0,336.35,3.79,262.0,102050.0
1990-01-22 13:00:00+00:00,8.49,92.4,141.0,164.64,102.0,326.3,3.59,263.0,102010.0
1990-01-22 14:00:00+00:00,8.55,92.4,56.0,5.22,55.0,330.55,3.31,262.0,101970.0
1990-01-22 15:00:00+00:00,8.55,92.4,25.0,0.0,25.0,339.45,3.17,261.0,101950.0
1990-01-22 16:00:00+00:00,8.26,99.4,0.0,0.0,0.0,341.4,2.76,259.0,101960.0
1990-01-22 17:00:00+00:00,8.1,99.4,0.0,0.0,0.0,348.75,2.69,259.0,101950.0
1990-01-22 18:00:00+00:00,7.98,99.4,0.0,0.0,0.0,346.0,2.55,257.0,101930.0
1990-01-22 19:00:00+00:00,8.25,99.4,0.0,0.0,0.0,337.7,2.76,248.0,101890.0
1990-01-22 20:00:00+00:00,8.25,99.4,0.0,0.0,0.0,339.65,2.76,248.0,101850.0
1990-01-22 21:00:00+00:00,8.31,99.4,0.0,0.0,0.0,345.85,2.76,248.0,101810.0
1990-01-22 22:00:00+00:00,8.23,99.4,0.0,0.0,0.0,339.45,2.83,245.0,101790.0
1990-01-22 23:00:00+00:00,8.0,99.4,0.0,0.0,0.0,327.05,3.03,244.0,101760.0
1990-01-23 00:00:00+00:00,7.83,99.4,0.0,0.0,0.0,329.55,3.24,245.0,101720.0
1990-01-23 01:00:00+00:00,7.44,95.8,0.0,0.0,0.0,328.9,3.38,245.0,101670.0
1990-01-23 02:00:00+00:00,7.15,99.4,0.0,0.0,0.0,323.4,3.66,243.0,101600.0
1990-01-23 03:00:00+00:00,7.01,95.8,0.0,0.0,0.0,335.4,4.0,247.0,101560.0
1990-01-23 04:00:00+00:00,6.92,92.35,0.0,0.0,0.0,338.3,4.41,248.0,101510.0
1990-01-23 05:00:00+00:00,6.85,92.35,0.0,0.0,0.0,331.7,4.55,250.0,101420.0
1990-01-23 06:00:00+00:00,6.78,92.35,0.0,0.0,0.0,324.15,4.69,249.0,101360.0
1990-01-23 07:00:00+00:00,7.07,92.35,0.0,0.0,0.0,333.05,4.83,248.0,101290.0
1990-01-23 08:00:00+00:00,6.95,89.0,0.0,0.0,0.0,332.3,5.03,251.0,101280.0
1990-01-23 09:00:00+00:00,6.76,89.0,27.0,53.09,23.0,330.15,5.1,249.0,101280.0
1990-01-23 10:00:00+00:00,6.73,89.0,81.0,90.71,66.0,326.3,4.97,248.0,101230.0
1990-01-23 11:00:00+00:00,6.76,85.75,75.0,8.88,73.0,311.55,5.38,249.0,101190.0
1990-01-23 12:00:00+00:00,7.18,82.65,84.0,7.97,82.0,310.6,6.07,252.0,101140.0
1990-01-23 13:00:00+00:00,7.31,82.65,124.0,87.17,103.0,317.4,5.52,251.0,101060.0
1990-01-23 14:00:00+00:00,7.31,82.65,48.0,0.0,48.0,319.7,5.17,253.0,100990.0
1990-01-23 15:00:00+00:00,7.38,82.65,20.0,0.0,20.0,326.1,4.9,253.0,100920.0
1990-01-23 16:00:00+00:00,7.0,82.65,0.0,0.0,0.0,326.65,4.62,247.0,100870.0
1990-01-23 17:00:00+00:00,6.74,85.75,0.0,0.0,0.0,330.15,4.55,244.0,100860.0
1990-01-23 18:00:00+00:00,6.53,89.0,0.0,0.0,0.0,323.55,4.48,243.0,100850.0
1990-01-23 19:00:00+00:00,6.54,89.0,0.0,0.0,0.0,322.05,4.69,244.0,100780.0
1990-01-23 20:00:00+00:00,6.55,89.0,0.0,0.0,0.0,326.85,4.83,243.0,100740.0
1990-01-23 21:00:00+00:00,6.56,89.0,0.0,0.0,0.0,328.4,4.97,242.0,100710.0
1990-01-23 22:00:00+00:00,6.54,89.0,0.0,0.0,0.0,328.4,5.03,240.0,100670.0
1990-01-23 23:00:00+00:00,6.55,89.0,0.0,0.0,0.0,331.5,5.03,240.0,100600.0
1990-01-24 00:00:00+00:00,6.54,89.0,0.0,0.0,0.0,329.75,4.97,240.0,100560.0
1990-01-24 01:00:00+00:00,6.62,92.35,0.0,0.0,0.0,323.5,4.97,239.0,100510.0
1990-01-24 02:00:00+00:00,6.71,92.35,0.0,0.0,0.0,329.95,4.9,238.0,100420.0
1990-01-24 03:00:00+00:00,6.84,92.35,0.0,0.0,0.0,337.5,4.76,240.0,100360.0
1990-01-24 04:00:00+00:00,6.84,95.8,0.0,0.0,0.0,332.85,4.48,242.0,100330.0
1990-01-24 05:00:00+00:00,7.01,92.35,0.0,0.0,0.0,343.1,4.34,245.0,100300.0
1990-01-24 06:00:00+00:00,7.09,92.35,0.0,0.0,0.0,340.8,4.21,250.0,100310.0
1990-01-24 07:00:00+00:00,7.23,95.8,0.0,0.0,0.0,339.65,4.34,246.0,100240.0
1990-01-24 08:00:00+00:00,7.27,95.8,0.0,0.0,0.0,342.55,4.14,250.0,100250.0
1990-01-24 09:00:00+00:00,7.27,95.8,15.0,0.0,15.0,341.4,4.07,254.0,100270.0
1990-01-24 10:00:00+00:00,7.39,92.35,20.0,0.0,20.0,339.05,3.86,256.0,100290.0
1990-01-24 11:00:00+00:00,7.53,89.05,48.0,0.0,48.0,326.3,4.07,258.0,100270.0
1990-01-24 12:00:00+00:00,7.74,82.7,54.0,0.0,54.0,327.65,4.07,262.0,100260.0
1990-01-24 13:00:00+00:00,8.07,76.8,47.0,0.0,47.0,322.4,4.76,268.0,100230.0
1990-01-24 14:00:00+00:00,7.77,79.7,34.0,0.0,34.0,330.35,3.72,265.0,100180.0
1990-01-24 15:00:00+00:00,7.53,79.7,14.0,0.0,14.0,320.5,3.79,261.0,100160.0
1990-01-24 16:00:00+00:00,7.29,82.65,0.0,0.0,0.0,328.0,2.97,255.0,100150.0
1990-01-24 17:00:00+00:00,7.07,82.65,0.0,0.0,0.0,332.1,2.55,242.0,100150.0
1990-01-24 18:00:00+00:00,6.95,85.8,0.0,0.0,0.0,331.7,2.55,231.0,100130.0
1990-01-24 19:00:00+00:00,7.29,92.35,0.0,0.0,0.0,333.85,2.83,229.0,100110.0
1990-01-24 20:00:00+00:00,7.3,92.35,0.0,0.0,0.0,340.6,3.1,224.0,100080.0
1990-01-24 21:00:00+00:00,7.28,95.8,0.0,0.0,0.0,339.05,3.38,223.0,100050.0
1990-01-24 22:00:00+00:00,7.15,92.35,0.0,0.0,0.0,332.65,3.52,223.0,100020.0
1990-01-24 23:00:00+00:00,7.07,92.35,0.0,0.0,0.0,336.35,3.45,221.0,99960.0
1990-01-25 00:00:00+00:00,6.93,92.35,0.0,0.0,0.0,333.85,3.52,216.0,99920.0
1990-01-25 01:00:00+00:00,6.67,92.35,0.0,0.0,0.0,333.15,3.66,216.0,99840.0
1990-01-25 02:00:00+00:00,6.52,92.35,0.0,0.0,0.0,332.5,3.86,218.0,99780.0
1990-01-25 03:00:00+00:00,6.42,89.0,0.0,0.0,0.0,336.35,4.07,219.0,99720.0
1990-01-25 04:00:00+00:00,6.25,92.3,0.0,0.0,0.0,332.85,4.34,220.0,99640.0
1990-01-25 05:00:00+00:00,6.13,88.95,0.0,0.0,0.0,335.55,4.76,223.0,99570.0
1990-01-25 06:00:00+00:00,5.96,85.7,0.0,0.0,0.0,332.65,5.03,225.0,99530.0
1990-01-25 07:00:00+00:00,6.1,85.7,0.0,0.0,0.0,332.85,5.03,226.0,99510.0
1990-01-25 08:00:00+00:00,6.02,85.7,0.0,0.0,0.0,332.1,5.45,227.0,99490.0
1990-01-25 09:00:00+00:00,5.9,82.55,28.0,36.55,25.0,328.6,5.66,227.0,99490.0
1990-01-25 10:00:00+00:00,5.94,79.5,69.0,34.77,63.0,322.4,5.79,228.0,99480.0
1990-01-25 11:00:00+00:00,6.24,79.5,45.0,0.0,45.0,306.55,6.55,229.0,99470.0
1990-01-25 12:00:00+00:00,6.74,76.65,37.0,0.0,37.0,324.55,6.76,229.0,99450.0
1990-01-25 13:00:00+00:00,7.17,73.9,22.0,0.0,22.0,328.6,6.34,229.0,99380.0
1990-01-25 14:00:00+00:00,7.3,73.9,77.0,19.6,73.0,329.4,6.48,228.0,99300.0
1990-01-25 15:00:00+00:00,7.21,73.9,24.0,0.0,24.0,330.75,5.38,227.0,99240.0
1990-01-25 16:00:00+00:00,6.88,76.65,0.0,0.0,0.0,319.5,5.45,225.0,99190.0
1990-01-25 17:00:00+00:00,6.48,79.55,0.0,0.0,0.0,310.4,5.17,222.0,99180.0
1990-01-25 18:00:00+00:00,6.22,82.55,0.0,0.0,0.0,309.65,5.1,219.0,99150.0
1990-01-25 19:00:00+00:00,6.38,85.7,0.0,0.0,0.0,315.05,5.03,216.0,99130.0
1990-01-25 20:00:00+00:00,6.34,82.55,0.0,0.0,0.0,324.55,5.17,212.0,99080.0
1990-01-25 21:00:00+00:00,6.28,82.55,0.0,0.0,0.0,329.55,5.31,211.0,99050.0
1990-01-25 22:00:00+00:00,6.13,82.55,0.0,0.0,0.0,325.9,5.38,210.0,98970.0
1990-01-25 23:00:00+00:00,6.04,82.55,0.0,0.0,0.0,325.5,5.45,208.0,98920.0
1990-01-26 00:00:00+00:00,5.95,82.55,0.0,0.0,0.0,320.5,5.45,205.0,98850.0
1990-01-26 01:00:00+00:00,6.17,82.55,0.0,0.0,0.0,324.65,5.59,203.0,98760.0
1990-01-26 02:00:00+00:00,6.27,85.7,0.0,0.0,0.0,324.95,5.66,202.0,98670.0
1990-01-26 03:00:00+00:00,6.28,85.7,0.0,0.0,0.0,315.25,5.66,202.0,98580.0
1990-01-26 04:00:00+00:00,6.45,82.6,0.0,0.0,0.0,328.0,5.86,203.0,98520.0
1990-01-26 05:00:00+00:00,6.46,82.6,0.0,0.0,0.0,323.4,5.86,199.0,98420.0
1990-01-26 06:00:00+00:00,6.55,82.6,0.0,0.0,0.0,332.3,6.07,195.0,98350.0
1990-01-26 07:00:00+00:00,6.65,85.75,0.0,0.0,0.0,337.9,6.48,190.0,98260.0
1990-01-26 08:00:00+00:00,6.59,85.75,0.0,0.0,0.0,327.65,6.55,192.0,98200.0
1990-01-26 09:00:00+00:00,6.73,89.0,6.0,0.0,6.0,331.5,6.48,194.0,98170.0
1990-01-26 10:00:00+00:00,6.83,92.35,50.0,5.67,49.0,338.5,6.34,198.0,98120.0
1990-01-26 11:00:00+00:00,6.95,92.35,71.0,4.22,70.0,342.35,5.86,209.0,98120.0
1990-01-26 12:00:00+00:00,6.73,92.35,41.0,0.0,41.0,340.8,5.1,232.0,98150.0
1990-01-26 13:00:00+00:00,6.06,88.95,124.0,63.1,108.0,335.0,4.9,252.0,98200.0
1990-01-26 14:00:00+00:00,5.34,85.6,69.0,9.6,67.0,325.7,4.62,256.0,98230.0
1990-01-26 15:00:00+00:00,4.95,79.35,19.0,0.0,19.0,297.45,4.55,257.0,98250.0
1990-01-26 16:00:00+00:00,4.34,79.2,0.0,0.0,0.0,279.05,3.86,254.0,98270.0
1990-01-26 17:00:00+00:00,3.57,79.15,0.0,0.0,0.0,259.1,3.17,242.0,98310.0
1990-01-26 18:00:00+00:00,2.87,79.1,0.0,0.0,0.0,250.2,2.76,226.0,98320.0
1990-01-26 19:00:00+00:00,2.55,79.0,0.0,0.0,0.0,241.15,2.76,212.0,98340.0
1990-01-26 20:00:00+00:00,2.04,82.05,0.0,0.0,0.0,237.85,2.69,201.0,98310.0
1990-01-26 21:00:00+00:00,1.57,85.25,0.0,0.0,0.0,234.55,2.55,191.0,98260.0
1990-01-26 22:00:00+00:00,1.08,85.2,0.0,0.0,0.0,225.45,2.83,186.0,98180.0
1990-01-26 23:00:00+00:00,1.07,88.55,0.0,0.0,0.0,233.0,2.97,182.0,98100.0
1990-01-27 00:00:00+00:00,1.39,85.25,0.0,0.0,0.0,252.15,3.38,177.0,97990.0
1990-01-27 01:00:00+00:00,1.42,88.6,0.0,0.0,0.0,265.8,3.79,168.0,97860.0
1990-01-27 02:00:00+00:00,1.61,88.6,0.0,0.0,0.0,270.75,4.48,174.0,97740.0
1990-01-27 03:00:00+00:00,2.29,88.65,0.0,0.0,0.0,288.75,4.9,194.0,97650.0
1990-01-27 04:00:00+00:00,2.85,88.65,0.0,0.0,0.0,269.95,4.83,210.0,97610.0
1990-01-27 05:00:00+00:00,2.68,88.65,0.0,0.0,0.0,254.85,4.83,214.0,97550.0
1990-01-27 06:00:00+00:00,2.34,88.65,0.0,0.0,0.0,248.85,5.03,214.0,97530.0
1990-01-27 07:00:00+00:00,2.52,85.35,0.0,0.0,0.0,269.75,5.59,219.0,97550.0
1990-01-27 08:00:00+00:00,2.29,85.3,0.0,0.0,0.0,260.65,5.24,220.0,97560.0
1990-01-27 09:00:00+00:00,1.96,82.05,55.0,302.57,28.0,243.25,5.1,215.0,97560.0
1990-01-27 10:00:00+00:00,2.22,82.05,118.0,249.69,73.0,234.35,5.45,214.0,97550.0
1990-01-27 11:00:00+00:00,2.9,79.1,159.0,224.02,105.0,248.65,5.1,215.0,97530.0
1990-01-27 12:00:00+00:00,3.41,76.15,249.0,698.93,62.0,246.75,5.1,212.0,97490.0
1990-01-27 13:00:00+00:00,3.91,73.4,215.0,511.75,83.0,252.35,6.28,217.0,97400.0
1990-01-27 14:00:00+00:00,4.0,70.6,178.0,559.05,59.0,239.2,5.86,218.0,97350.0
1990-01-27 15:00:00+00:00,3.87,70.6,99.0,435.79,40.0,246.35,5.38,214.0,97330.0
1990-01-27 16:00:00+00:00,3.46,70.5,3.0,0.0,3.0,237.65,4.55,209.0,97280.0
1990-01-27 17:00:00+00:00,2.69,73.1,0.0,0.0,0.0,229.7,3.93,204.0,97230.0
1990-01-27 18:00:00+00:00,2.45,76.0,0.0,0.0,0.0,254.85,3.52,200.0,97180.0
1990-01-27 19:00:00+00:00,2.34,78.95,0.0,0.0,0.0,252.75,3.1,199.0,97130.0
1990-01-27 20:00:00+00:00,2.09,75.95,0.0,0.0,0.0,259.7,2.69,193.0,97040.0
1990-01-27 21:00:00+00:00,1.87,75.95,0.0,0.0,0.0,268.8,2.34,171.0,96980.0
1990-01-27 22:00:00+00:00,1.32,81.95,0.0,0.0,0.0,262.6,2.34,141.0,96910.0
1990-01-27 23:00:00+00:00,0.81,85.15,0.0,0.0,0.0,263.95,2.55,126.0,96830.0
1990-01-28 00:00:00+00:00,0.81,92.0,0.0,0.0,0.0,294.95,2.28,128.0,96730.0
1990-01-28 01:00:00+00:00,0.65,95.65,0.0,0.0,0.0,298.35,1.79,136.0,96670.0
1990-01-28 02:00:00+00:00,0.7,95.65,0.0,0.0,0.0,303.45,1.03,179.0,96600.0
1990-01-28 03:00:00+00:00,0.39,95.65,0.0,0.0,0.0,281.2,1.72,241.0,96590.0
1990-01-28 04:00:00+00:00,0.09,95.6,0.0,0.0,0.0,271.3,2.9,257.0,96590.0
1990-01-28 05:00:00+00:00,-0.04,92.0,0.0,0.0,0.0,274.8,3.59,264.0,96660.0
1990-01-28 06:00:00+00:00,-0.2,95.6,0.0,0.0,0.0,271.5,3.79,262.0,96720.0
1990-01-28 07:00:00+00:00,0.55,92.0,0.0,0.0,0.0,260.1,4.9,257.0,96760.0
1990-01-28 08:00:00+00:00,0.62,88.5,0.0,0.0,0.0,238.6,4.62,252.0,96820.0
1990-01-28 09:00:00+00:00,0.62,88.5,62.0,387.21,26.0,232.05,4.21,243.0,96880.0
1990-01-28 10:00:00+00:00,1.15,88.55,151.0,542.89,51.0,239.2,4.21,236.0,96910.0
1990-01-28 11:00:00+00:00,1.57,85.25,204.0,526.04,75.0,256.6,4.34,230.0,96940.0
1990-01-28 12:00:00+00:00,2.21,85.3,103.0,14.71,99.0,258.55,4.07,224.0,96940.0
1990-01-28 13:00:00+00:00,2.62,85.35,229.0,605.93,70.0,264.75,4.83,228.0,96940.0
1990-01-28 14:00:00+00:00,3.05,85.4,147.0,271.41,88.0,271.3,4.76,233.0,96960.0
1990-01-28 15:00:00+00:00,3.35,85.4,90.0,293.07,49.0,281.2,4.62,239.0,96980.0
1990-01-28 16:00:00+00:00,3.45,85.45,1.0,0.0,1.0,282.35,4.9,242.0,97010.0
1990-01-28 17:00:00+00:00,3.44,85.45,0.0,0.0,0.0,297.45,5.31,243.0,97070.0
1990-01-28 18:00:00+00:00,3.5,85.45,0.0,0.0,0.0,296.5,5.79,247.0,97140.0
1990-01-28 19:00:00+00:00,3.21,92.15,0.0,0.0,0.0,290.3,5.59,245.0,97270.0
1990-01-28 20:00:00+00:00,3.36,88.75,0.0,0.0,0.0,293.4,5.79,247.0,97310.0
1990-01-28 21:00:00+00:00,3.21,92.15,0.0,0.0,0.0,286.8,6.0,251.0,97360.0
1990-01-28 22:00:00+00:00,3.04,88.7,0.0,0.0,0.0,291.05,6.34,255.0,97430.0
1990-01-28 23:00:00+00:00,2.99,88.7,0.0,0.0,0.0,287.0,6.41,257.0,97530.0
1990-01-29 00:00:00+00:00,3.0,88.7,0.0,0.0,0.0,290.3,6.34,257.0,97590.0
1990-01-29 01:00:00+00:00,2.81,88.65,0.0,0.0,0.0,279.55,6.14,255.0,97660.0
1990-01-29 02:00:00+00:00,2.47,88.65,0.0,0.0,0.0,270.95,6.07,250.0,97710.0
1990-01-29 03:00:00+00:00,2.21,88.65,0.0,0.0,0.0,269.2,6.07,249.0,97780.0
1990-01-29 04:00:00+00:00,1.91,85.3,0.0,0.0,0.0,253.9,6.0,249.0,97820.0
1990-01-29 05:00:00+00:00,1.8,88.6,0.0,0.0,0.0,246.95,5.93,250.0,97880.0
1990-01-29 06:00:00+00:00,1.88,85.3,0.0,0.0,0.0,253.5,5.93,251.0,97950.0
1990-01-29 07:00:00+00:00,2.08,88.65,0.0,0.0,0.0,250.8,5.52,250.0,98000.0
1990-01-29 08:00:00+00:00,2.21,88.65,0.0,0.0,0.0,257.4,5.45,249.0,98070.0
1990-01-29 09:00:00+00:00,2.51,85.35,51.0,175.59,34.0,247.3,5.31,247.0,98130.0
1990-01-29 10:00:00+00:00,3.26,85.4,111.0,175.28,78.0,236.85,5.45,245.0,98170.0
1990-01-29 11:00:00+00:00,4.12,85.5,177.0,300.59,102.0,256.6,5.17,239.0,98170.0
1990-01-29 12:00:00+00:00,5.07,79.35,104.0,14.47,100.0,282.55,7.1,239.0,98160.0
1990-01-29 13:00:00+00:00,5.09,82.4,119.0,41.21,108.0,309.65,6.0,226.0,98060.0
1990-01-29 14:00:00+00:00,3.74,95.7,29.0,0.0,29.0,319.1,6.62,221.0,97980.0
1990-01-29 15:00:00+00:00,3.66,92.15,22.0,0.0,22.0,321.45,7.59,223.0,97880.0
1990-01-29 16:00:00+00:00,4.66,92.25,2.0,0.0,2.0,317.0,7.79,228.0,97830.0
1990-01-29 17:00:00+00:00,5.96,92.3,0.0,0.0,0.0,324.75,8.21,237.0,97810.0
1990-01-29 18:00:00+00:00,6.5,92.35,0.0,0.0,0.0,332.5,7.66,241.0,97830.0
1990-01-29 19:00:00+00:00,6.86,95.8,0.0,0.0,0.0,324.75,6.83,241.0,97870.0
1990-01-29 20:00:00+00:00,7.14,92.35,0.0,0.0,0.0,333.65,7.45,238.0,97880.0
1990-01-29 21:00:00+00:00,7.42,92.4,0.0,0.0,0.0,341.75,8.07,241.0,97880.0
1990-01-29 22:00:00+00:00,7.55,92.4,0.0,0.0,0.0,341.55,8.0,243.0,97940.0
1990-01-29 23:00:00+00:00,7.51,92.4,0.0,0.0,0.0,340.2,7.52,244.0,97990.0
1990-01-30 00:00:00+00:00,7.46,92.4,0.0,0.0,0.0,337.1,7.31,243.0,98050.0
1990-01-30 01:00:00+00:00,7.33,92.35,0.0,0.0,0.0,338.6,7.24,242.0,98050.0
1990-01-30 02:00:00+00:00,7.24,92.35,0.0,0.0,0.0,340.8,7.03,241.0,98050.0
1990-01-30 03:00:00+00:00,6.96,89.0,0.0,0.0,0.0,322.6,6.41,242.0,98020.0
1990-01-30 04:00:00+00:00,6.8,92.35,0.0,0.0,0.0,326.3,5.79,239.0,98010.0
1990-01-30 05:00:00+00:00,6.75,92.35,0.0,0.0,0.0,336.35,5.52,230.0,97980.0
1990-01-30 06:00:00+00:00,6.61,89.0,0.0,0.0,0.0,339.05,5.59,224.0,97920.0
1990-01-30 07:00:00+00:00,6.56,89.0,0.0,0.0,0.0,339.85,6.14,221.0,97840.0
1990-01-30 08:00:00+00:00,6.33,85.7,0.0,0.0,0.0,335.55,6.41,218.0,97750.0
1990-01-30 09:00:00+00:00,6.33,88.95,23.0,0.0,23.0,318.55,6.41,214.0,97600.0
1990-01-30 10:00:00+00:00,7.0,85.8,43.0,0.0,43.0,325.3,7.17,214.0,97490.0
1990-01-30 11:00:00+00:00,7.85,89.05,83.0,7.88,81.0,334.2,7.93,214.0,97360.0
1990-01-30 12:00:00+00:00,8.64,92.4,96.0,7.12,94.0,345.85,8.55,216.0,97230.0
1990-01-30 13:00:00+00:00,9.2,92.45,37.0,0.0,37.0,351.05,8.97,218.0,97100.0
1990-01-30 14:00:00+00:00,9.35,92.45,150.0,255.91,92.0,354.15,9.66,225.0,96990.0
1990-01-30 15:00:00+00:00,9.35,85.95,65.0,67.06,55.0,353.4,10.14,235.0,96930.0
1990-01-30 16:00:00+00:00,8.74,82.75,3.0,0.0,3.0,329.55,10.69,247.0,96980.0
1990-01-30 17:00:00+00:00,7.81,76.8,0.0,0.0,0.0,317.2,10.34,251.0,97080.0
1990-01-30 18:00:00+00:00,7.39,76.7,0.0,0.0,0.0,306.55,9.93,256.0,97220.0
1990-01-30 19:00:00+00:00,7.28,79.65,0.0,0.0,0.0,307.1,9.59,261.0,97300.0
1990-01-30 20:00:00+00:00,7.01,76.7,0.0,0.0,0.0,303.45,9.1,262.0,97420.0
1990-01-30 21:00:00+00:00,6.74,76.65,0.0,0.0,0.0,293.6,8.48,263.0,97510.0
1990-01-30 22:00:00+00:00,6.63,73.8,0.0,0.0,0.0,298.05,8.07,262.0,97620.0
1990-01-30 23:00:00+00:00,6.41,73.8,0.0,0.0,0.0,289.3,7.59,258.0,97700.0
1990-01-31 00:00:00+00:00,6.3,79.5,0.0,0.0,0.0,292.8,7.17,254.0,97770.0
1990-01-31 01:00:00+00:00,6.05,79.5,0.0,0.0,0.0,283.05,6.55,248.0,97810.0
1990-01-31 02:00:00+00:00,5.73,79.4,0.0,0.0,0.0,273.05,5.79,241.0,97780.0
1990-01-31 03:00:00+00:00,5.71,79.4,0.0,0.0,0.0,288.75,5.24,233.0,97770.0
1990-01-31 04:00:00+00:00,6.15,79.5,0.0,0.0,0.0,322.6,4.83,223.0,97720.0
1990-01-31 05:00:00+00:00,6.98,85.8,0.0,0.0,0.0,336.55,5.66,220.0,97630.0
1990-01-31 06:00:00+00:00,7.9,92.4,0.0,0.0,0.0,342.15,6.83,222.0,97560.0
1990-01-31 07:00:00+00:00,9.0,92.45,0.0,0.0,0.0,348.55,6.76,229.0,97540.0
1990-01-31 08:00:00+00:00,9.63,92.45,0.0,0.0,0.0,350.65,6.83,230.0,97580.0
1990-01-31 09:00:00+00:00,9.93,89.2,28.0,9.54,27.0,351.45,6.62,227.0,97600.0
1990-01-31 10:00:00+00:00,10.04,92.5,96.0,81.34,80.0,350.85,6.34,224.0,97570.0
1990-01-31 11:00:00+00:00,9.99,92.5,210.0,510.96,78.0,357.25,6.0,219.0,97550.0
1990-01-31 12:00:00+00:00,9.86,92.45,202.0,297.75,117.0,358.0,6.14,219.0,97520.0
1990-01-31 13:00:00+00:00,10.08,92.5,188.0,260.61,116.0,356.65,6.62,224.0,97480.0
1990-01-31 14:00:00+00:00,10.36,92.5,76.0,8.64,74.0,357.25,6.62,230.0,97480.0
1990-01-31 15:00:00+00:00,10.33,86.0,53.0,19.5,50.0,344.85,7.03,231.0,97460.0
1990-01-31 16:00:00+00:00,10.94,88.88,4.0,0.0,4.0,324.67,7.3,226.0,97450.0
1990-01-31 17:00:00+00:00,10.18,88.35,0.0,0.0,0.0,316.65,7.2,223.0,97460.0
1990-01-31 18:00:00+00:00,9.41,87.83,0.0,0.0,0.0,308.62,7.11,219.0,97430.0
1990-01-31 19:00:00+00:00,8.65,87.31,0.0,0.0,0.0,300.59,7.01,218.0,97260.0
1990-01-31 20:00:00+00:00,7.88,86.78,0.0,0.0,0.0,292.57,6.92,218.0,97230.0
1990-01-31 21:00:00+00:00,7.12,86.26,0.0,0.0,0.0,284.54,6.82,220.0,97180.0
1990-01-31 22:00:00+00:00,6.35,85.74,0.0,0.0,0.0,276.51,6.72,222.0,97150.0
1990-01-31 23:00:00+00:00,5.58,85.21,0.0,0.0,0.0,268.48,6.63,224.0,97100.0
1990-02-01 00:00:00+00:00,4.82,84.69,0.0,0.0,0.0,260.45,6.53,269.0,97660.0
1990-02-01 01:00:00+00:00,4.05,84.16,0.0,0.0,0.0,252.43,6.44,269.0,97710.0
1990-02-01 02:00:00+00:00,3.29,83.64,0.0,0.0,0.0,244.4,6.34,272.0,97740.0
1990-02-01 03:00:00+00:00,2.52,83.12,0.0,0.0,0.0,236.37,6.25,274.0,97780.0
1990-02-01 04:00:00+00:00,1.76,82.59,0.0,0.0,0.0,228.35,6.15,274.0,97820.0
1990-02-01 05:00:00+00:00,0.99,82.07,0.0,0.0,0.0,220.32,6.06,275.0,97870.0
1990-02-01 06:00:00+00:00,0.22,81.55,0.0,0.0,0.0,212.29,5.96,276.0,97930.0
1990-02-01 07:00:00+00:00,-0.54,81.02,0.0,0.0,0.0,204.26,5.87,280.0,97990.0
1990-02-01 08:00:00+00:00,1.49,78.9,0.0,0.0,0.0,225.45,6.28,278.0,98070.0
1990-02-01 09:00:00+00:00,1.84,78.9,48.0,73.42,40.0,240.15,6.28,280.0,98130.0
1990-02-01 10:00:00+00:00,2.67,76.0,91.0,49.73,81.0,253.15,6.07,289.0,98190.0
1990-02-01 11:00:00+00:00,3.51,73.3,23.0,0.0,23.0,272.65,5.66,297.0,98300.0
1990-02-01 12:00:00+00:00,4.35,73.4,95.0,3.45,94.0,270.35,5.52,298.0,98400.0
1990-02-01 13:00:00+00:00,5.02,70.8,57.0,0.0,57.0,265.5,5.31,290.0,98490.0
1990-02-01 14:00:00+00:00,5.24,70.8,104.0,38.11,95.0,256.05,5.72,291.0,98530.0
1990-02-01 15:00:00+00:00,5.15,68.1,72.0,63.05,62.0,250.05,6.34,298.0,98620.0
1990-02-01 16:00:00+00:00,4.81,68.0,5.0,0.0,5.0,263.4,6.28,300.0,98660.0
1990-02-01 17:00:00+00:00,4.28,70.6,0.0,0.0,0.0,256.4,5.93,296.0,98760.0
1990-02-01 18:00:00+00:00,3.89,70.6,0.0,0.0,0.0,247.7,6.07,295.0,98820.0
1990-02-01 19:00:00+00:00,4.01,67.9,0.0,0.0,0.0,264.55,6.07,298.0,98930.0
1990-02-01 20:00:00+00:00,3.96,67.9,0.0,0.0,0.0,263.2,5.86,297.0,99020.0
1990-02-01 21:00:00+00:00,3.83,73.3,0.0,0.0,0.0,262.8,5.59,295.0,99070.0
1990-02-01 22:00:00+00:00,3.73,73.3,0.0,0.0,0.0,264.75,5.31,298.0,99110.0
1990-02-01 23:00:00+00:00,3.83,73.3,0.0,0.0,0.0,279.05,5.1,302.0,99160.0
1990-02-02 00:00:00+00:00,3.64,73.3,0.0,0.0,0.0,260.85,4.9,305.0,99220.0
1990-02-02 01:00:00+00:00,3.28,76.1,0.0,0.0,0.0,251.1,4.62,303.0,99250.0
1990-02-02 02:00:00+00:00,3.04,76.1,0.0,0.0,0.0,257.2,4.34,301.0,99320.0
1990-02-02 03:00:00+00:00,2.93,79.1,0.0,0.0,0.0,270.15,4.14,298.0,99370.0
1990-02-02 04:00:00+00:00,2.88,79.1,0.0,0.0,0.0,278.85,4.28,295.0,99410.0
1990-02-02 05:00:00+00:00,3.01,79.1,0.0,0.0,0.0,292.4,4.28,297.0,99490.0
1990-02-02 06:00:00+00:00,3.05,79.1,0.0,0.0,0.0,294.15,3.93,301.0,99500.0
1990-02-02 07:00:00+00:00,2.91,79.1,0.0,0.0,0.0,287.2,3.93,303.0,99560.0
1990-02-02 08:00:00+00:00,2.9,79.1,0.0,0.0,0.0,287.4,3.66,304.0,99590.0
1990-02-02 09:00:00+00:00,2.96,82.2,61.0,159.01,43.0,286.8,3.38,301.0,99610.0
1990-02-02 10:00:00+00:00,3.49,79.15,147.0,330.84,79.0,286.6,3.1,294.0,99630.0
1990-02-02 11:00:00+00:00,4.04,79.2,219.0,482.21,90.0,278.3,3.52,289.0,99610.0
1990-02-02 12:00:00+00:00,4.67,73.45,240.0,454.35,106.0,270.95,3.79,292.0,99590.0
1990-02-02 13:00:00+00:00,4.92,70.8,238.0,503.68,94.0,264.75,3.66,296.0,99530.0
1990-02-02 14:00:00+00:00,5.06,68.1,199.0,522.73,73.0,262.05,3.52,297.0,99480.0
1990-02-02 15:00:00+00:00,4.95,68.1,108.0,293.73,60.0,286.2,3.1,288.0,99450.0
1990-02-02 16:00:00+00:00,4.52,73.45,16.0,0.0,16.0,279.05,2.48,276.0,99430.0
1990-02-02 17:00:00+00:00,3.61,79.15,0.0,0.0,0.0,264.75,2.34,257.0,99400.0
1990-02-02 18:00:00+00:00,2.89,79.1,0.0,0.0,0.0,262.4,2.48,248.0,99370.0
1990-02-02 19:00:00+00:00,2.24,85.3,0.0,0.0,0.0,240.75,2.55,244.0,99310.0
1990-02-02 20:00:00+00:00,1.81,88.6,0.0,0.0,0.0,249.85,2.55,240.0,99250.0
1990-02-02 21:00:00+00:00,1.66,88.6,0.0,0.0,0.0,257.2,2.62,238.0,99210.0
1990-02-02 22:00:00+00:00,1.81,92.05,0.0,0.0,0.0,274.8,2.55,237.0,99160.0
1990-02-02 23:00:00+00:00,2.0,88.65,0.0,0.0,0.0,286.05,2.48,234.0,99110.0
1990-02-03 00:00:00+00:00,2.1,92.1,0.0,0.0,0.0,289.3,2.34,228.0,99030.0
1990-02-03 01:00:00+00:00,1.96,92.1,0.0,0.0,0.0,283.25,2.28,222.0,98960.0
1990-02-03 02:00:00+00:00,2.0,92.1,0.0,0.0,0.0,289.3,2.14,216.0,98910.0
1990-02-03 03:00:00+00:00,1.98,92.1,0.0,0.0,0.0,291.45,2.07,210.0,98850.0
1990-02-03 04:00:00+00:00,2.02,95.65,0.0,0.0,0.0,297.25,2.0,207.0,98800.0
1990-02-03 05:00:00+00:00,1.93,95.65,0.0,0.0,0.0,300.75,1.86,202.0,98750.0
1990-02-03 06:00:00+00:00,1.85,99.4,0.0,0.0,0.0,302.65,1.79,200.0,98700.0
1990-02-03 07:00:00+00:00,1.55,99.4,0.0,0.0,0.0,309.65,1.31,219.0,98700.0
1990-02-03 08:00:00+00:00,1.5,99.4,0.0,0.0,0.0,310.6,1.17,225.0,98730.0
1990-02-03 09:00:00+00:00,1.54,99.4,22.0,0.0,22.0,311.4,1.31,242.0,98770.0
1990-02-03 10:00:00+00:00,1.64,99.4,34.0,0.0,34.0,313.7,1.59,263.0,98800.0
1990-02-03 11:00:00+00:00,1.79,99.4,55.0,0.0,55.0,315.05,1.66,301.0,98860.0
1990-02-03 12:00:00+00:00,2.03,95.65,62.0,0.0,62.0,314.5,1.52,329.0,98890.0
1990-02-03 13:00:00+00:00,2.08,95.65,46.0,0.0,46.0,318.15,1.45,352.0,98960.0
1990-02-03 14:00:00+00:00,2.2,95.65,70.0,0.0,70.0,318.15,1.59,359.0,99020.0
1990-02-03 15:00:00+00:00,2.56,92.15,62.0,23.77,58.0,318.95,1.86,356.0,99110.0
1990-02-03 16:00:00+00:00,2.67,92.15,8.0,0.0,8.0,317.2,2.07,356.0,99230.0
1990-02-03 17:00:00+00:00,2.49,92.15,0.0,0.0,0.0,317.75,1.79,1.0,99370.0
1990-02-03 18:00:00+00:00,2.54,92.15,0.0,0.0,0.0,317.75,1.66,3.0,99510.0
1990-02-03 19:00:00+00:00,2.63,92.15,0.0,0.0,0.0,313.3,2.0,4.0,99600.0
1990-02-03 20:00:00+00:00,2.73,92.15,0.0,0.0,0.0,314.3,1.93,4.0,99740.0
1990-02-03 21:00:00+00:00,2.77,92.15,0.0,0.0,0.0,313.1,1.93,3.0,99880.0
1990-02-03 22:00:00+00:00,2.65,92.15,0.0,0.0,0.0,302.85,1.86,359.0,100030.0
1990-02-03 23:00:00+00:00,2.18,95.65,0.0,0.0,0.0,278.65,2.0,357.0,100160.0
1990-02-04 00:00:00+00:00,1.72,95.65,0.0,0.0,0.0,266.5,2.0,354.0,100280.0
1990-02-04 01:00:00+00:00,1.34,99.35,0.0,0.0,0.0,266.0,1.86,355.0,100410.0
1990-02-04 02:00:00+00:00,0.83,99.4,0.0,0.0,0.0,265.5,1.79,355.0,100500.0
1990-02-04 03:00:00+00:00,0.38,95.65,0.0,0.0,0.0,268.4,1.79,351.0,100610.0
1990-02-04 04:00:00+00:00,0.25,99.4,0.0,0.0,0.0,279.05,1.66,350.0,100730.0
1990-02-04 05:00:00+00:00,-0.03,99.4,0.0,0.0,0.0,269.95,1.52,354.0,100840.0
1990-02-04 06:00:00+00:00,0.62,99.4,0.0,0.0,0.0,282.95,1.17,6.0,100960.0
1990-02-04 07:00:00+00:00,0.81,99.4,0.0,0.0,0.0,269.95,1.17,22.0,101050.0
1990-02-04 08:00:00+00:00,0.77,99.4,0.0,0.0,0.0,279.65,1.24,3.0,101180.0
1990-02-04 09:00:00+00:00,0.61,99.4,37.0,8.2,36.0,276.55,1.31,344.0,101290.0
1990-02-04 10:00:00+00:00,1.96,95.65,98.0,51.23,87.0,272.1,1.1,3.0,101340.0
1990-02-04 11:00:00+00:00,3.36,88.7,153.0,104.68,124.0,292.2,1.24,32.0,101380.0
1990-02-04 12:00:00+00:00,3.6,85.45,240.0,403.69,117.0,301.5,1.17,42.0,101430.0
1990-02-04 13:00:00+00:00,3.94,82.3,230.0,388.79,115.0,298.8,1.17,42.0,101450.0
1990-02-04 14:00:00+00:00,4.03,82.3,210.0,545.92,73.0,306.95,1.1,45.0,101450.0
1990-02-04 15:00:00+00:00,4.01,79.2,122.0,352.14,61.0,299.95,0.97,59.0,101470.0
1990-02-04 16:00:00+00:00,3.85,82.25,21.0,0.0,21.0,308.65,0.83,59.0,101490.0
1990-02-04 17:00:00+00:00,3.12,88.7,0.0,0.0,0.0,293.6,0.69,46.0,101540.0
1990-02-04 18:00:00+00:00,3.25,85.4,0.0,0.0,0.0,283.3,0.48,81.0,101580.0
1990-02-04 19:00:00+00:00,3.04,85.4,0.0,0.0,0.0,278.5,0.69,200.0,101590.0
1990-02-04 20:00:00+00:00,1.75,92.05,0.0,0.0,0.0,269.2,1.03,204.0,101600.0
1990-02-04 21:00:00+00:00,0.59,95.65,0.0,0.0,0.0,279.25,1.38,197.0,101600.0
1990-02-04 22:00:00+00:00,0.12,95.6,0.0,0.0,0.0,284.1,1.52,196.0,101580.0
1990-02-04 23:00:00+00:00,0.2,95.6,0.0,0.0,0.0,288.55,1.66,199.0,101570.0
1990-02-05 00:00:00+00:00,0.14,95.6,0.0,0.0,0.0,280.8,1.86,198.0,101540.0
1990-02-05 01:00:00+00:00,0.56,95.65,0.0,0.0,0.0,291.75,1.93,195.0,101500.0
1990-02-05 02:00:00+00:00,0.63,92.0,0.0,0.0,0.0,282.95,2.07,197.0,101490.0
1990-02-05 03:00:00+00:00,0.82,95.65,0.0,0.0,0.0,289.3,2.07,202.0,101480.0
1990-02-05 04:00:00+00:00,0.83,92.0,0.0,0.0,0.0,287.75,2.07,205.0,101460.0
1990-02-05 05:00:00+00:00,0.8,92.0,0.0,0.0,0.0,289.5,2.07,203.0,101430.0
1990-02-05 06:00:00+00:00,0.73,88.5,0.0,0.0,0.0,287.95,2.14,200.0,101420.0
1990-02-05 07:00:00+00:00,0.6,92.0,0.0,0.0,0.0,279.25,1.93,189.0,101400.0
1990-02-05 08:00:00+00:00,0.27,92.0,0.0,0.0,0.0,267.85,2.07,187.0,101380.0
1990-02-05 09:00:00+00:00,0.37,88.5,17.0,0.0,17.0,262.6,2.14,189.0,101360.0
1990-02-05 10:00:00+00:00,1.18,85.2,36.0,0.0,36.0,244.05,2.28,189.0,101300.0
1990-02-05 11:00:00+00:00,1.86,75.85,50.0,0.0,50.0,251.0,2.9,183.0,101240.0
1990-02-05 12:00:00+00:00,2.28,70.2,53.0,0.0,53.0,240.15,3.1,180.0,101160.0
1990-02-05 13:00:00+00:00,2.54,67.6,46.0,0.0,46.0,244.6,3.03,186.0,101080.0
1990-02-05 14:00:00+00:00,2.65,65.0,41.0,0.0,41.0,249.25,3.03,198.0,101020.0
1990-02-05 15:00:00+00:00,2.63,62.5,34.0,0.0,34.0,253.7,2.97,208.0,100950.0
1990-02-05 16:00:00+00:00,2.28,67.5,9.0,0.0,9.0,263.75,2.55,217.0,100870.0
1990-02-05 17:00:00+00:00,1.63,70.1,0.0,0.0,0.0,264.15,2.34,217.0,100830.0
1990-02-05 18:00:00+00:00,0.67,75.7,0.0,0.0,0.0,236.3,2.34,204.0,100780.0
1990-02-05 19:00:00+00:00,1.02,78.8,0.0,0.0,0.0,275.2,2.76,202.0,100730.0
1990-02-05 20:00:00+00:00,0.36,81.9,0.0,0.0,0.0,242.65,2.76,207.0,100650.0
1990-02-05 21:00:00+00:00,0.02,85.1,0.0,0.0,0.0,245.0,2.9,207.0,100600.0
1990-02-05 22:00:00+00:00,-0.26,88.45,0.0,0.0,0.0,241.3,3.03,207.0,100540.0
1990-02-05 23:00:00+00:00,-0.24,85.05,0.0,0.0,0.0,255.45,3.31,210.0,100490.0
1990-02-06 00:00:00+00:00,-0.17,85.05,0.0,0.0,0.0,266.1,3.66,216.0,100420.0
1990-02-06 01:00:00+00:00,0.02,81.8,0.0,0.0,0.0,290.2,3.86,219.0,100360.0
1990-02-06 02:00:00+00:00,0.02,81.8,0.0,0.0,0.0,286.2,3.86,217.0,100300.0
1990-02-06 03:00:00+00:00,0.06,81.8,0.0,0.0,0.0,296.5,3.93,217.0,100180.0
1990-02-06 04:00:00+00:00,0.1,85.1,0.0,0.0,0.0,299.55,3.93,222.0,100110.0
1990-02-06 05:00:00+00:00,0.16,88.45,0.0,0.0,0.0,303.45,3.59,236.0,100050.0
1990-02-06 06:00:00+00:00,0.37,88.5,0.0,0.0,0.0,304.05,3.52,266.0,100030.0
1990-02-06 07:00:00+00:00,0.69,92.0,0.0,0.0,0.0,303.85,3.45,282.0,99980.0
1990-02-06 08:00:00+00:00,1.2,92.05,0.0,0.0,0.0,303.25,3.93,305.0,100030.0
1990-02-06 09:00:00+00:00,1.38,85.25,34.0,0.0,34.0,300.15,3.72,308.0,100090.0
1990-02-06 10:00:00+00:00,1.37,78.9,69.0,4.46,68.0,293.4,3.45,304.0,100100.0
1990-02-06 11:00:00+00:00,1.71,75.85,111.0,13.94,107.0,281.0,3.72,302.0,100150.0
1990-02-06 12:00:00+00:00,2.08,67.5,110.0,6.35,108.0,270.15,4.07,307.0,100140.0
1990-02-06 13:00:00+00:00,2.38,60.05,152.0,58.83,134.0,258.35,4.14,308.0,100140.0
1990-02-06 14:00:00+00:00,2.59,60.05,145.0,111.07,116.0,252.95,4.21,307.0,100100.0
1990-02-06 15:00:00+00:00,2.66,57.7,126.0,311.07,69.0,239.4,4.34,307.0,100120.0
1990-02-06 16:00:00+00:00,2.18,59.95,38.0,167.33,25.0,230.65,4.14,304.0,100140.0
1990-02-06 17:00:00+00:00,1.24,62.15,0.0,0.0,0.0,226.6,3.66,298.0,100180.0
1990-02-06 18:00:00+00:00,0.38,64.55,0.0,0.0,0.0,220.6,3.45,290.0,100220.0
1990-02-06 19:00:00+00:00,0.04,67.1,0.0,0.0,0.0,222.75,3.24,290.0,100230.0
1990-02-06 20:00:00+00:00,-0.43,69.75,0.0,0.0,0.0,214.8,3.24,281.0,100250.0
1990-02-06 21:00:00+00:00,-0.75,72.5,0.0,0.0,0.0,212.1,3.45,278.0,100250.0
1990-02-06 22:00:00+00:00,-0.94,72.5,0.0,0.0,0.0,212.85,3.38,278.0,100280.0
1990-02-06 23:00:00+00:00,-1.1,72.5,0.0,0.0,0.0,211.9,3.24,277.0,100310.0
1990-02-07 00:00:00+00:00,-1.27,75.35,0.0,0.0,0.0,211.5,3.1,275.0,100320.0
1990-02-07 01:00:00+00:00,-1.44,75.35,0.0,0.0,0.0,210.65,3.17,277.0,100350.0
1990-02-07 02:00:00+00:00,-1.54,75.35,0.0,0.0,0.0,210.75,3.1,278.0,100380.0
1990-02-07 03:00:00+00:00,-1.67,78.35,0.0,0.0,0.0,210.15,3.1,277.0,100350.0
1990-02-07 04:00:00+00:00,-1.82,78.35,0.0,0.0,0.0,209.4,2.9,275.0,100340.0
1990-02-07 05:00:00+00:00,-1.99,78.35,0.0,0.0,0.0,208.4,2.83,271.0,100320.0
1990-02-07 06:00:00+00:00,-2.11,78.35,0.0,0.0,0.0,207.45,3.1,270.0,100320.0
1990-02-07 07:00:00+00:00,-2.45,75.3,0.0,0.0,0.0,207.05,3.1,271.0,100360.0
1990-02-07 08:00:00+00:00,-2.55,75.3,0.0,0.0,0.0,207.25,2.83,262.0,100370.0
1990-02-07 09:00:00+00:00,-2.16,78.35,86.0,272.4,49.0,206.85,2.69,255.0,100380.0
1990-02-07 10:00:00+00:00,-0.86,72.5,174.0,392.8,84.0,207.85,2.62,248.0,100340.0
1990-02-07 11:00:00+00:00,0.32,64.45,158.0,89.07,132.0,215.0,2.62,238.0,100310.0
1990-02-07 12:00:00+00:00,1.26,57.35,116.0,9.38,113.0,229.3,3.1,236.0,100250.0
1990-02-07 13:00:00+00:00,1.8,55.2,145.0,41.79,132.0,240.35,3.45,236.0,100170.0
1990-02-07 14:00:00+00:00,1.93,53.15,91.0,7.51,89.0,266.5,3.66,233.0,100100.0
1990-02-07 15:00:00+00:00,1.59,62.25,89.0,69.03,76.0,284.1,3.93,228.0,100050.0
1990-02-07 16:00:00+00:00,1.33,72.85,27.0,24.2,25.0,291.85,4.48,221.0,99980.0
1990-02-07 17:00:00+00:00,0.93,78.8,0.0,0.0,0.0,277.3,4.83,218.0,99910.0
1990-02-07 18:00:00+00:00,0.91,81.95,0.0,0.0,0.0,275.95,5.31,216.0,99860.0
1990-02-07 19:00:00+00:00,1.34,85.2,0.0,0.0,0.0,290.3,5.86,214.0,99750.0
1990-02-07 20:00:00+00:00,1.72,85.25,0.0,0.0,0.0,295.9,6.07,216.0,99690.0
1990-02-07 21:00:00+00:00,1.92,85.3,0.0,0.0,0.0,283.9,6.07,217.0,99610.0
1990-02-07 22:00:00+00:00,2.09,88.65,0.0,0.0,0.0,271.5,6.07,216.0,99570.0
1990-02-07 23:00:00+00:00,2.52,88.65,0.0,0.0,0.0,284.5,6.0,216.0,99480.0
1990-02-08 00:00:00+00:00,3.11,88.7,0.0,0.0,0.0,302.5,5.93,218.0,99450.0
1990-02-08 01:00:00+00:00,3.58,88.75,0.0,0.0,0.0,318.45,5.86,219.0,99400.0
1990-02-08 02:00:00+00:00,3.83,92.15,0.0,0.0,0.0,319.7,5.59,219.0,99350.0
1990-02-08 03:00:00+00:00,4.0,92.2,0.0,0.0,0.0,324.15,5.17,220.0,99310.0
1990-02-08 04:00:00+00:00,4.08,92.2,0.0,0.0,0.0,325.1,4.69,219.0,99270.0
1990-02-08 05:00:00+00:00,4.12,92.2,0.0,0.0,0.0,327.85,4.0,218.0,99230.0
1990-02-08 06:00:00+00:00,4.13,95.75,0.0,0.0,0.0,329.55,3.31,219.0,99230.0
1990-02-08 07:00:00+00:00,4.31,95.75,0.0,0.0,0.0,330.95,3.52,216.0,99160.0
1990-02-08 08:00:00+00:00,4.36,95.75,0.0,0.0,0.0,330.95,3.1,214.0,99150.0
1990-02-08 09:00:00+00:00,4.44,92.25,98.0,376.9,45.0,328.4,2.69,214.0,99150.0
1990-02-08 10:00:00+00:00,4.66,95.75,137.0,149.51,102.0,330.15,2.62,216.0,99130.0
1990-02-08 11:00:00+00:00,4.89,95.75,203.0,249.16,129.0,321.45,2.69,217.0,99100.0
1990-02-08 12:00:00+00:00,5.53,85.65,234.0,292.27,139.0,308.5,3.59,223.0,99040.0
1990-02-08 13:00:00+00:00,5.87,85.65,200.0,177.03,144.0,302.85,3.59,227.0,98980.0
1990-02-08 14:00:00+00:00,6.06,79.5,135.0,70.0,116.0,284.85,3.79,229.0,98870.0
1990-02-08 15:00:00+00:00,5.83,79.4,73.0,20.68,69.0,283.7,3.79,227.0,98790.0
1990-02-08 16:00:00+00:00,5.38,82.4,21.0,0.0,21.0,297.65,3.52,221.0,98710.0
1990-02-08 17:00:00+00:00,4.61,82.35,0.0,0.0,0.0,289.3,3.31,214.0,98650.0
1990-02-08 18:00:00+00:00,3.89,85.5,0.0,0.0,0.0,277.3,3.38,212.0,98620.0
1990-02-08 19:00:00+00:00,4.07,88.8,0.0,0.0,0.0,287.4,3.59,209.0,98510.0
1990-02-08 20:00:00+00:00,3.77,88.75,0.0,0.0,0.0,277.3,3.86,211.0,98460.0
1990-02-08 21:00:00+00:00,3.4,88.75,0.0,0.0,0.0,263.6,3.93,212.0,98390.0
1990-02-08 22:00:00+00:00,3.41,88.75,0.0,0.0,0.0,284.65,4.07,214.0,98330.0
1990-02-08 23:00:00+00:00,3.31,88.7,0.0,0.0,0.0,283.9,4.0,218.0,98270.0
1990-02-09 00:00:00+00:00,3.19,88.7,0.0,0.0,0.0,283.7,3.93,223.0,98250.0
1990-02-09 01:00:00+00:00,3.06,88.7,0.0,0.0,0.0,281.3,3.59,228.0,98240.0
1990-02-09 02:00:00+00:00,2.79,92.15,0.0,0.0,0.0,284.3,3.03,228.0,98210.0
1990-02-09 03:00:00+00:00,2.24,95.65,0.0,0.0,0.0,271.5,2.48,224.0,98200.0
1990-02-09 04:00:00+00:00,1.53,95.65,0.0,0.0,0.0,263.2,2.21,231.0,98210.0
1990-02-09 05:00:00+00:00,1.24,99.35,0.0,0.0,0.0,278.3,2.28,257.0,98260.0
1990-02-09 06:00:00+00:00,1.23,99.35,0.0,0.0,0.0,295.7,3.45,281.0,98350.0
1990-02-09 07:00:00+00:00,1.35,95.65,0.0,0.0,0.0,284.65,4.14,281.0,98540.0
1990-02-09 08:00:00+00:00,1.22,92.05,0.0,0.0,0.0,276.95,4.62,289.0,98700.0
1990-02-09 09:00:00+00:00,1.12,88.55,67.0,75.6,56.0,260.85,4.76,291.0,98840.0
1990-02-09 10:00:00+00:00,1.38,82.0,192.0,472.53,79.0,252.95,4.76,291.0,98950.0
1990-02-09 11:00:00+00:00,2.07,78.95,266.0,589.08,88.0,224.65,4.83,290.0,99060.0
1990-02-09 12:00:00+00:00,2.78,73.1,296.0,605.52,96.0,223.15,4.9,290.0,99150.0
1990-02-09 13:00:00+00:00,3.35,67.7,290.0,628.11,88.0,226.8,4.69,287.0,99220.0
1990-02-09 14:00:00+00:00,3.56,62.7,250.0,665.02,66.0,230.85,4.48,283.0,99240.0
1990-02-09 15:00:00+00:00,3.53,62.7,130.0,246.73,81.0,227.0,4.34,279.0,99320.0
1990-02-09 16:00:00+00:00,3.17,65.1,50.0,205.04,31.0,231.05,4.14,275.0,99380.0
1990-02-09 17:00:00+00:00,2.24,70.2,0.0,0.0,0.0,221.75,3.66,269.0,99470.0
1990-02-09 18:00:00+00:00,1.41,72.95,0.0,0.0,0.0,223.5,3.38,261.0,99540.0
1990-02-09 19:00:00+00:00,0.98,72.85,0.0,0.0,0.0,220.8,3.45,250.0,99540.0
1990-02-09 20:00:00+00:00,0.56,75.7,0.0,0.0,0.0,219.85,3.31,238.0,99540.0
1990-02-09 21:00:00+00:00,0.32,78.65,0.0,0.0,0.0,220.2,3.38,230.0,99530.0
1990-02-09 22:00:00+00:00,0.23,78.65,0.0,0.0,0.0,220.6,3.66,224.0,99530.0
1990-02-09 23:00:00+00:00,0.19,81.8,0.0,0.0,0.0,222.15,3.93,219.0,99480.0
1990-02-10 00:00:00+00:00,0.16,85.1,0.0,0.0,0.0,223.15,4.07,213.0,99430.0
1990-02-10 01:00:00+00:00,0.34,85.1,0.0,0.0,0.0,241.05,4.28,205.0,99340.0
1990-02-10 02:00:00+00:00,0.79,81.9,0.0,0.0,0.0,260.1,4.9,197.0,99190.0
1990-02-10 03:00:00+00:00,1.31,81.95,0.0,0.0,0.0,272.3,5.66,193.0,99000.0
1990-02-10 04:00:00+00:00,1.6,85.25,0.0,0.0,0.0,254.65,6.21,191.0,98810.0
1990-02-10 05:00:00+00:00,2.14,85.3,0.0,0.0,0.0,284.5,6.9,187.0,98600.0
1990-02-10 06:00:00+00:00,2.55,88.65,0.0,0.0,0.0,301.5,7.45,190.0,98430.0
1990-02-10 07:00:00+00:00,2.83,92.15,0.0,0.0,0.0,308.5,7.66,196.0,98280.0
1990-02-10 08:00:00+00:00,3.2,88.7,4.0,0.0,4.0,311.0,7.86,201.0,98170.0
1990-02-10 09:00:00+00:00,3.7,92.15,36.0,0.0,36.0,318.15,7.38,207.0,98090.0
1990-02-10 10:00:00+00:00,4.44,92.25,62.0,0.0,62.0,317.2,7.1,211.0,98070.0
1990-02-10 11:00:00+00:00,5.3,92.25,207.0,234.22,135.0,330.15,6.41,223.0,98040.0
1990-02-10 12:00:00+00:00,6.06,92.3,252.0,336.71,139.0,338.1,5.93,247.0,98050.0
1990-02-10 13:00:00+00:00,6.44,82.6,222.0,232.47,146.0,326.3,5.93,259.0,98080.0
1990-02-10 14:00:00+00:00,6.57,76.65,95.0,7.09,93.0,292.2,5.66,258.0,98040.0
1990-02-10 15:00:00+00:00,6.32,76.55,97.0,68.7,83.0,271.5,4.76,253.0,97980.0
1990-02-10 16:00:00+00:00,5.79,79.4,36.0,40.93,32.0,252.35,4.14,246.0,97920.0
1990-02-10 17:00:00+00:00,4.85,82.35,0.0,0.0,0.0,261.05,3.31,239.0,97900.0
1990-02-10 18:00:00+00:00,4.11,85.5,0.0,0.0,0.0,279.05,2.76,227.0,97830.0
1990-02-10 19:00:00+00:00,4.25,92.2,0.0,0.0,0.0,314.5,2.83,235.0,97630.0
1990-02-10 20:00:00+00:00,3.75,95.7,0.0,0.0,0.0,323.55,1.38,223.0,97510.0
1990-02-10 21:00:00+00:00,3.21,95.7,0.0,0.0,0.0,326.1,0.28,173.0,97420.0
1990-02-10 22:00:00+00:00,2.49,95.7,0.0,0.0,0.0,324.55,0.97,357.0,97310.0
1990-02-10 23:00:00+00:00,1.67,99.4,0.0,0.0,0.0,322.2,2.41,334.0,97250.0
1990-02-11 00:00:00+00:00,1.28,100.0,0.0,0.0,0.0,320.85,3.93,319.0,97250.0
1990-02-11 01:00:00+00:00,1.31,100.0,0.0,0.0,0.0,318.85,5.03,310.0,97310.0
1990-02-11 02:00:00+00:00,1.68,95.65,0.0,0.0,0.0,314.1,4.62,301.0,97390.0
1990-02-11 03:00:00+00:00,1.63,92.05,0.0,0.0,0.0,297.05,4.9,290.0,97430.0
1990-02-11 04:00:00+00:00,1.22,92.05,0.0,0.0,0.0,273.25,5.03,282.0,97480.0
1990-02-11 05:00:00+00:00,0.58,88.5,0.0,0.0,0.0,246.55,4.83,282.0,97530.0
1990-02-11 06:00:00+00:00,0.03,88.45,0.0,0.0,0.0,236.5,4.48,280.0,97590.0
1990-02-11 07:00:00+00:00,-0.3,88.45,0.0,0.0,0.0,227.4,4.55,267.0,97700.0
1990-02-11 08:00:00+00:00,-0.45,88.45,1.0,0.0,1.0,226.05,4.69,266.0,97770.0
1990-02-11 09:00:00+00:00,-0.03,88.45,106.0,315.12,57.0,223.3,4.9,267.0,97830.0
1990-02-11 10:00:00+00:00,0.86,85.2,206.0,505.12,80.0,225.05,5.24,269.0,97880.0
1990-02-11 11:00:00+00:00,1.72,82.0,268.0,524.45,104.0,240.75,5.86,274.0,97950.0
1990-02-11 12:00:00+00:00,2.34,75.95,267.0,369.54,141.0,240.75,6.48,278.0,98010.0
1990-02-11 13:00:00+00:00,2.55,70.3,307.0,668.06,85.0,240.75,6.76,279.0,98070.0
1990-02-11 14:00:00+00:00,3.0,65.1,265.0,692.65,66.0,236.1,7.17,281.0,98130.0
1990-02-11 15:00:00+00:00,2.6,65.0,162.0,435.34,71.0,238.05,6.97,280.0,98230.0
1990-02-11 16:00:00+00:00,1.98,64.9,33.0,19.45,31.0,234.95,6.48,275.0,98290.0
1990-02-11 17:00:00+00:00,1.2,70.05,0.0,0.0,0.0,222.35,6.55,275.0,98410.0
1990-02-11 18:00:00+00:00,0.56,69.95,0.0,0.0,0.0,223.15,6.07,274.0,98480.0
1990-02-11 19:00:00+00:00,0.06,72.65,0.0,0.0,0.0,217.15,5.93,267.0,98520.0
1990-02-11 20:00:00+00:00,-0.33,81.75,0.0,0.0,0.0,217.5,6.0,267.0,98580.0
1990-02-11 21:00:00+00:00,-0.52,78.6,0.0,0.0,0.0,217.5,5.66,265.0,98640.0
1990-02-11 22:00:00+00:00,-0.5,78.6,0.0,0.0,0.0,220.6,5.72,264.0,98690.0
1990-02-11 23:00:00+00:00,-0.42,78.6,0.0,0.0,0.0,220.4,5.93,263.0,98740.0
1990-02-12 00:00:00+00:00,-0.38,78.6,0.0,0.0,0.0,224.3,5.93,262.0,98800.0
1990-02-12 01:00:00+00:00,-0.39,81.75,0.0,0.0,0.0,222.45,5.79,259.0,98840.0
1990-02-12 02:00:00+00:00,-0.37,81.75,0.0,0.0,0.0,224.85,5.72,256.0,98860.0
1990-02-12 03:00:00+00:00,-0.42,85.05,0.0,0.0,0.0,218.3,5.66,254.0,98900.0
1990-02-12 04:00:00+00:00,-0.42,85.05,0.0,0.0,0.0,217.3,5.66,252.0,98910.0
1990-02-12 05:00:00+00:00,-0.44,85.05,0.0,0.0,0.0,217.3,5.59,251.0,98920.0
1990-02-12 06:00:00+00:00,-0.34,85.05,0.0,0.0,0.0,228.15,5.66,251.0,98930.0
1990-02-12 07:00:00+00:00,-0.07,88.45,0.0,0.0,0.0,231.65,5.72,244.0,98880.0
1990-02-12 08:00:00+00:00,0.1,88.45,9.0,0.0,9.0,234.75,5.66,242.0,98900.0
1990-02-12 09:00:00+00:00,0.62,88.5,117.0,392.24,54.0,239.95,5.79,241.0,98920.0
1990-02-12 10:00:00+00:00,1.44,82.0,158.0,176.67,113.0,232.4,5.66,239.0,98920.0
1990-02-12 11:00:00+00:00,2.2,75.95,219.0,235.79,144.0,235.7,6.48,242.0,98920.0
1990-02-12 12:00:00+00:00,2.79,73.1,282.0,424.38,135.0,241.15,6.62,243.0,98900.0
1990-02-12 13:00:00+00:00,3.07,67.7,310.0,648.46,91.0,240.35,6.76,243.0,98860.0
1990-02-12 14:00:00+00:00,3.04,70.4,257.0,587.68,85.0,252.55,6.34,242.0,98820.0
1990-02-12 15:00:00+00:00,2.85,73.1,161.0,391.96,77.0,246.75,5.03,234.0,98750.0
1990-02-12 16:00:00+00:00,2.57,73.1,54.0,138.94,39.0,231.25,4.48,222.0,98680.0
1990-02-12 17:00:00+00:00,1.89,75.95,0.0,0.0,0.0,237.65,4.14,210.0,98630.0
1990-02-12 18:00:00+00:00,1.14,81.95,0.0,0.0,0.0,228.35,4.21,199.0,98550.0
1990-02-12 19:00:00+00:00,1.12,81.95,0.0,0.0,0.0,235.5,4.55,193.0,98500.0
1990-02-12 20:00:00+00:00,1.15,81.95,0.0,0.0,0.0,242.85,4.9,190.0,98420.0
1990-02-12 21:00:00+00:00,1.45,78.9,0.0,0.0,0.0,257.95,5.24,188.0,98340.0
1990-02-12 22:00:00+00:00,1.55,78.9,0.0,0.0,0.0,252.15,5.72,181.0,98200.0
1990-02-12 23:00:00+00:00,1.7,85.25,0.0,0.0,0.0,263.2,6.14,178.0,98060.0
1990-02-13 00:00:00+00:00,1.89,85.3,0.0,0.0,0.0,274.05,6.14,179.0,97930.0
1990-02-13 01:00:00+00:00,2.0,85.3,0.0,0.0,0.0,273.55,6.34,178.0,97850.0
1990-02-13 02:00:00+00:00,2.14,82.05,0.0,0.0,0.0,281.75,6.76,175.0,97730.0
1990-02-13 03:00:00+00:00,2.19,82.05,0.0,0.0,0.0,280.4,6.97,172.0,97640.0
1990-02-13 04:00:00+00:00,2.26,82.05,0.0,0.0,0.0,283.5,7.03,170.0,97520.0
1990-02-13 05:00:00+00:00,2.29,82.05,0.0,0.0,0.0,294.95,7.1,169.0,97450.0
1990-02-13 06:00:00+00:00,2.06,82.05,0.0,0.0,0.0,294.35,6.83,168.0,97380.0
1990-02-13 07:00:00+00:00,2.31,85.3,0.0,0.0,0.0,298.6,6.41,173.0,97370.0
1990-02-13 08:00:00+00:00,2.2,88.65,5.0,0.0,5.0,295.3,5.93,181.0,97400.0
1990-02-13 09:00:00+00:00,2.12,92.1,21.0,0.0,21.0,311.2,5.17,195.0,97470.0
1990-02-13 10:00:00+00:00,2.01,95.65,40.0,0.0,40.0,312.35,4.55,215.0,97540.0
1990-02-13 11:00:00+00:00,1.92,92.1,67.0,0.0,67.0,310.8,4.34,251.0,97640.0
1990-02-13 12:00:00+00:00,2.26,85.3,119.0,2.84,118.0,297.05,4.41,275.0,97750.0
1990-02-13 13:00:00+00:00,2.86,76.0,209.0,142.78,160.0,287.75,4.62,282.0,97860.0
1990-02-13 14:00:00+00:00,3.36,67.7,263.0,613.92,80.0,260.1,4.28,281.0,97920.0
1990-02-13 15:00:00+00:00,3.26,67.7,158.0,336.96,84.0,248.65,4.14,275.0,98030.0
1990-02-13 16:00:00+00:00,2.91,65.1,75.0,371.29,33.0,242.3,3.72,269.0,98140.0
1990-02-13 17:00:00+00:00,2.04,70.2,0.0,0.0,0.0,230.1,3.24,259.0,98230.0
1990-02-13 18:00:00+00:00,0.86,70.05,0.0,0.0,0.0,219.45,2.97,239.0,98340.0
1990-02-13 19:00:00+00:00,0.43,69.95,0.0,0.0,0.0,216.75,3.38,220.0,98400.0
1990-02-13 20:00:00+00:00,0.13,69.85,0.0,0.0,0.0,217.5,3.59,215.0,98440.0
1990-02-13 21:00:00+00:00,-0.01,72.65,0.0,0.0,0.0,217.5,3.66,212.0,98470.0
1990-02-13 22:00:00+00:00,-0.09,72.65,0.0,0.0,0.0,219.45,3.72,206.0,98460.0
1990-02-13 23:00:00+00:00,-0.16,78.6,0.0,0.0,0.0,219.25,3.66,201.0,98440.0
1990-02-14 00:00:00+00:00,-0.19,78.6,0.0,0.0,0.0,219.25,3.59,200.0,98500.0
1990-02-14 01:00:00+00:00,-0.32,78.6,0.0,0.0,0.0,219.0,3.59,189.0,98470.0
1990-02-14 02:00:00+00:00,-0.01,75.6,0.0,0.0,0.0,237.25,4.07,180.0,98410.0
1990-02-14 03:00:00+00:00,0.38,75.7,0.0,0.0,0.0,250.2,4.69,177.0,98330.0
1990-02-14 04:00:00+00:00,0.68,75.7,0.0,0.0,0.0,256.6,5.03,174.0,98240.0
1990-02-14 05:00:00+00:00,0.84,75.7,0.0,0.0,0.0,261.45,5.45,167.0,98140.0
1990-02-14 06:00:00+00:00,0.99,75.75,0.0,0.0,0.0,275.0,6.0,163.0,98010.0
1990-02-14 07:00:00+00:00,0.97,72.85,0.0,0.0,0.0,273.25,6.34,162.0,97900.0
1990-02-14 08:00:00+00:00,1.07,70.05,14.0,0.0,14.0,278.65,6.76,161.0,97790.0
1990-02-14 09:00:00+00:00,1.32,70.05,29.0,0.0,29.0,258.95,7.24,163.0,97650.0
1990-02-14 10:00:00+00:00,1.97,64.9,69.0,0.0,69.0,273.85,6.76,162.0,97550.0
1990-02-14 11:00:00+00:00,2.09,70.2,120.0,9.12,117.0,293.2,6.97,162.0,97400.0
1990-02-14 12:00:00+00:00,1.89,75.95,32.0,0.0,32.0,309.25,8.14,169.0,97300.0
1990-02-14 13:00:00+00:00,2.11,85.3,228.0,192.14,161.0,313.1,8.0,174.0,97210.0
1990-02-14 14:00:00+00:00,2.84,88.65,162.0,88.95,135.0,311.95,7.03,174.0,97160.0
1990-02-14 15:00:00+00:00,3.61,85.45,115.0,88.91,95.0,299.95,6.97,181.0,97120.0
1990-02-14 16:00:00+00:00,4.15,85.5,25.0,0.0,25.0,294.15,6.97,192.0,97120.0
1990-02-14 17:00:00+00:00,4.85,88.85,0.0,0.0,0.0,323.0,6.41,201.0,97130.0
1990-02-14 18:00:00+00:00,5.29,85.6,0.0,0.0,0.0,323.55,5.66,212.0,97170.0
1990-02-14 19:00:00+00:00,5.3,88.85,0.0,0.0,0.0,331.7,5.86,219.0,97210.0
1990-02-14 20:00:00+00:00,4.72,85.55,0.0,0.0,0.0,279.45,4.9,222.0,97270.0
1990-02-14 21:00:00+00:00,4.15,85.5,0.0,0.0,0.0,253.7,4.76,212.0,97310.0
1990-02-14 22:00:00+00:00,3.73,85.45,0.0,0.0,0.0,241.9,4.97,209.0,97340.0
1990-02-14 23:00:00+00:00,3.42,85.45,0.0,0.0,0.0,240.55,5.03,209.0,97370.0
1990-02-15 00:00:00+00:00,3.2,88.7,0.0,0.0,0.0,240.95,5.17,210.0,97390.0
1990-02-15 01:00:00+00:00,3.09,85.4,0.0,0.0,0.0,252.25,5.45,214.0,97420.0
1990-02-15 02:00:00+00:00,2.93,88.7,0.0,0.0,0.0,270.55,5.24,217.0,97450.0
1990-02-15 03:00:00+00:00,3.02,88.7,0.0,0.0,0.0,269.95,5.17,218.0,97470.0
1990-02-15 04:00:00+00:00,2.69,88.65,0.0,0.0,0.0,259.9,5.45,224.0,97540.0
1990-02-15 05:00:00+00:00,2.22,88.65,0.0,0.0,0.0,263.6,5.31,225.0,97620.0
1990-02-15 06:00:00+00:00,1.91,85.3,0.0,0.0,0.0,266.85,5.72,225.0,97690.0
1990-02-15 07:00:00+00:00,2.02,82.05,0.0,0.0,0.0,253.3,5.59,220.0,97700.0
1990-02-15 08:00:00+00:00,1.85,82.0,13.0,0.0,13.0,240.95,5.72,221.0,97790.0
1990-02-15 09:00:00+00:00,2.06,75.95,128.0,385.45,60.0,235.3,6.21,224.0,97860.0
1990-02-15 10:00:00+00:00,2.66,73.1,211.0,409.75,100.0,230.5,6.76,227.0,97940.0
1990-02-15 11:00:00+00:00,3.23,70.4,279.0,478.29,119.0,231.65,8.07,232.0,98000.0
1990-02-15 12:00:00+00:00,3.7,65.2,311.0,512.47,125.0,233.0,8.21,236.0,98060.0
1990-02-15 13:00:00+00:00,4.16,60.4,219.0,149.61,166.0,236.3,9.38,241.0,98140.0
1990-02-15 14:00:00+00:00,4.28,60.4,210.0,233.01,138.0,259.3,8.62,241.0,98230.0
1990-02-15 15:00:00+00:00,4.23,65.3,181.0,455.92,76.0,261.85,7.93,239.0,98310.0
1990-02-15 16:00:00+00:00,3.84,70.5,80.0,323.85,40.0,263.75,7.03,234.0,98420.0
1990-02-15 17:00:00+00:00,3.36,73.2,0.0,0.0,0.0,252.15,6.9,238.0,98560.0
1990-02-15 18:00:00+00:00,2.92,73.2,0.0,0.0,0.0,249.25,6.62,238.0,98680.0
1990-02-15 19:00:00+00:00,2.7,79.0,0.0,0.0,0.0,275.95,6.97,237.0,98700.0
1990-02-15 20:00:00+00:00,2.37,79.0,0.0,0.0,0.0,244.05,6.97,238.0,98820.0
1990-02-15 21:00:00+00:00,2.31,82.05,0.0,0.0,0.0,252.35,6.9,240.0,98930.0
1990-02-15 22:00:00+00:00,2.22,82.05,0.0,0.0,0.0,255.25,6.76,243.0,99040.0
1990-02-15 23:00:00+00:00,2.01,82.05,0.0,0.0,0.0,248.85,6.62,244.0,99150.0
1990-02-16 00:00:00+00:00,1.86,82.05,0.0,0.0,0.0,248.1,6.62,244.0,99250.0
1990-02-16 01:00:00+00:00,1.61,85.25,0.0,0.0,0.0,236.8,6.62,245.0,99350.0
1990-02-16 02:00:00+00:00,1.57,85.25,0.0,0.0,0.0,234.15,6.48,244.0,99440.0
1990-02-16 03:00:00+00:00,1.56,85.25,0.0,0.0,0.0,235.5,6.48,242.0,99530.0
1990-02-16 04:00:00+00:00,1.57,85.25,0.0,0.0,0.0,241.5,6.21,243.0,99630.0
1990-02-16 05:00:00+00:00,1.5,85.25,0.0,0.0,0.0,237.25,5.59,242.0,99690.0
1990-02-16 06:00:00+00:00,1.67,85.25,0.0,0.0,0.0,256.2,5.24,240.0,99760.0
1990-02-16 07:00:00+00:00,2.16,85.3,0.0,0.0,0.0,282.95,5.1,234.0,99790.0
1990-02-16 08:00:00+00:00,1.82,88.6,19.0,0.0,19.0,241.15,4.9,231.0,99880.0
1990-02-16 09:00:00+00:00,2.32,85.3,128.0,346.49,65.0,253.3,4.9,229.0,99950.0
1990-02-16 10:00:00+00:00,3.03,82.2,220.0,441.36,98.0,240.75,4.41,226.0,100010.0
1990-02-16 11:00:00+00:00,4.3,76.25,297.0,561.58,106.0,259.7,5.72,232.0,100020.0
1990-02-16 12:00:00+00:00,5.29,70.8,333.0,615.9,106.0,252.35,6.14,235.0,100070.0
1990-02-16 13:00:00+00:00,6.0,65.75,260.0,275.13,161.0,252.75,5.79,231.0,100060.0
1990-02-16 14:00:00+00:00,6.48,63.35,159.0,66.77,138.0,288.35,5.17,224.0,100020.0
1990-02-16 15:00:00+00:00,6.38,68.3,156.0,241.84,99.0,302.85,4.14,214.0,100000.0
1990-02-16 16:00:00+00:00,6.14,68.3,70.0,163.11,49.0,281.2,4.21,207.0,99970.0
1990-02-16 17:00:00+00:00,5.27,73.55,0.0,0.0,0.0,263.2,3.86,197.0,99980.0
1990-02-16 18:00:00+00:00,4.72,79.3,0.0,0.0,0.0,277.7,4.21,186.0,99970.0
1990-02-16 19:00:00+00:00,4.58,82.35,0.0,0.0,0.0,273.05,5.24,183.0,99920.0
1990-02-16 20:00:00+00:00,4.54,82.35,0.0,0.0,0.0,284.3,5.86,186.0,99900.0
1990-02-16 21:00:00+00:00,4.44,79.3,0.0,0.0,0.0,284.1,6.14,188.0,99840.0
1990-02-16 22:00:00+00:00,4.33,82.3,0.0,0.0,0.0,283.9,6.28,191.0,99830.0
1990-02-16 23:00:00+00:00,3.86,85.45,0.0,0.0,0.0,287.55,6.41,194.0,99800.0
1990-02-17 00:00:00+00:00,3.36,88.7,0.0,0.0,0.0,281.4,5.86,197.0,99800.0
1990-02-17 01:00:00+00:00,3.11,88.7,0.0,0.0,0.0,295.45,5.66,199.0,99790.0
1990-02-17 02:00:00+00:00,2.77,92.15,0.0,0.0,0.0,306.15,5.38,198.0,99780.0
1990-02-17 03:00:00+00:00,2.5,92.15,0.0,0.0,0.0,305.4,5.38,200.0,99760.0
1990-02-17 04:00:00+00:00,2.4,92.15,0.0,0.0,0.0,301.9,5.03,204.0,99730.0
1990-02-17 05:00:00+00:00,2.44,92.15,0.0,0.0,0.0,299.0,4.62,207.0,99730.0
1990-02-17 06:00:00+00:00,2.55,92.15,0.0,0.0,0.0,299.4,4.14,208.0,99760.0
1990-02-17 07:00:00+00:00,2.86,92.15,0.0,0.0,0.0,306.75,4.14,207.0,99750.0
1990-02-17 08:00:00+00:00,3.04,92.15,21.0,0.0,21.0,304.8,3.79,204.0,99800.0
1990-02-17 09:00:00+00:00,3.51,92.15,137.0,395.09,63.0,299.4,3.52,205.0,99820.0
1990-02-17 10:00:00+00:00,4.33,88.8,153.0,95.74,126.0,303.25,4.69,214.0,99850.0
1990-02-17 11:00:00+00:00,5.08,79.35,128.0,8.68,125.0,276.95,5.24,230.0,99880.0
1990-02-17 12:00:00+00:00,5.61,76.5,294.0,379.46,152.0,280.05,5.03,235.0,99890.0
1990-02-17 13:00:00+00:00,5.79,79.4,294.0,418.66,141.0,284.5,4.9,239.0,99930.0
1990-02-17 14:00:00+00:00,5.58,79.4,286.0,634.28,83.0,278.3,4.76,242.0,99940.0
1990-02-17 15:00:00+00:00,5.39,82.4,203.0,580.66,63.0,281.6,4.48,244.0,99950.0
1990-02-17 16:00:00+00:00,4.99,79.35,97.0,447.75,37.0,262.05,3.93,242.0,99970.0
1990-02-17 17:00:00+00:00,4.25,82.3,0.0,0.0,0.0,252.55,3.38,238.0,100040.0
1990-02-17 18:00:00+00:00,3.45,85.45,0.0,0.0,0.0,256.4,3.17,234.0,100100.0
1990-02-17 19:00:00+00:00,3.49,85.45,0.0,0.0,0.0,258.15,2.97,233.0,100110.0
1990-02-17 20:00:00+00:00,3.17,88.7,0.0,0.0,0.0,268.4,2.69,228.0,100120.0
1990-02-17 21:00:00+00:00,2.97,88.7,0.0,0.0,0.0,275.6,2.48,221.0,100130.0
1990-02-17 22:00:00+00:00,2.71,92.15,0.0,0.0,0.0,272.1,2.41,219.0,100160.0
1990-02-17 23:00:00+00:00,2.5,92.15,0.0,0.0,0.0,269.6,2.41,217.0,100190.0
1990-02-18 00:00:00+00:00,2.3,95.65,0.0,0.0,0.0,269.95,2.34,212.0,100190.0
1990-02-18 01:00:00+00:00,1.96,95.65,0.0,0.0,0.0,265.05,2.34,208.0,100220.0
1990-02-18 02:00:00+00:00,1.51,95.65,0.0,0.0,0.0,257.2,2.21,198.0,100180.0
1990-02-18 03:00:00+00:00,1.18,99.35,0.0,0.0,0.0,259.3,2.21,196.0,100160.0
1990-02-18 04:00:00+00:00,1.11,99.35,0.0,0.0,0.0,264.35,2.14,198.0,100160.0
1990-02-18 05:00:00+00:00,1.16,99.35,0.0,0.0,0.0,270.35,2.07,196.0,100160.0
1990-02-18 06:00:00+00:00,1.3,99.35,0.0,0.0,0.0,278.3,2.0,201.0,100180.0
1990-02-18 07:00:00+00:00,1.46,99.4,0.0,0.0,0.0,283.7,2.0,197.0,100230.0
1990-02-18 08:00:00+00:00,1.74,99.4,6.0,0.0,6.0,293.55,1.93,193.0,100180.0
1990-02-18 09:00:00+00:00,2.59,95.7,104.0,124.46,80.0,299.55,1.79,195.0,100160.0
1990-02-18 10:00:00+00:00,3.46,92.15,100.0,6.95,98.0,302.1,2.28,197.0,100170.0
1990-02-18 11:00:00+00:00,4.34,92.2,113.0,2.85,112.0,314.85,2.28,195.0,100180.0
1990-02-18 12:00:00+00:00,4.81,88.85,143.0,10.53,139.0,322.8,2.21,185.0,100130.0
1990-02-18 13:00:00+00:00,5.22,85.6,139.0,10.78,135.0,328.2,2.69,179.0,100070.0
1990-02-18 14:00:00+00:00,5.66,85.65,85.0,0.0,85.0,330.55,2.76,181.0,100030.0
1990-02-18 15:00:00+00:00,5.84,85.65,80.0,8.11,78.0,331.9,2.55,181.0,100000.0
1990-02-18 16:00:00+00:00,5.85,88.9,15.0,0.0,15.0,330.35,2.41,174.0,100000.0
1990-02-18 17:00:00+00:00,5.51,88.9,0.0,0.0,0.0,326.65,2.55,171.0,99960.0
1990-02-18 18:00:00+00:00,5.37,92.25,0.0,0.0,0.0,329.75,2.76,170.0,99940.0
1990-02-18 19:00:00+00:00,5.21,92.25,0.0,0.0,0.0,330.95,3.1,182.0,99890.0
1990-02-18 20:00:00+00:00,5.25,92.25,0.0,0.0,0.0,332.1,3.17,191.0,99860.0
1990-02-18 21:00:00+00:00,5.35,95.75,0.0,0.0,0.0,334.2,3.03,198.0,99820.0
1990-02-18 22:00:00+00:00,5.47,92.3,0.0,0.0,0.0,335.75,2.9,204.0,99790.0
1990-02-18 23:00:00+00:00,5.61,92.3,0.0,0.0,0.0,336.95,2.69,209.0,99770.0
1990-02-19 00:00:00+00:00,5.78,95.75,0.0,0.0,0.0,338.1,2.55,216.0,99720.0
1990-02-19 01:00:00+00:00,5.96,92.3,0.0,0.0,0.0,339.75,2.48,224.0,99710.0
1990-02-19 02:00:00+00:00,6.24,95.8,0.0,0.0,0.0,341.2,2.48,237.0,99680.0
1990-02-19 03:00:00+00:00,6.5,95.8,0.0,0.0,0.0,343.1,2.34,250.0,99670.0
1990-02-19 04:00:00+00:00,6.7,95.8,0.0,0.0,0.0,344.65,2.34,260.0,99680.0
1990-02-19 05:00:00+00:00,6.84,99.4,0.0,0.0,0.0,345.85,2.48,268.0,99680.0
1990-02-19 06:00:00+00:00,6.98,95.8,0.0,0.0,0.0,346.8,2.48,271.0,99730.0
1990-02-19 07:00:00+00:00,6.93,95.8,0.0,0.0,0.0,346.4,2.41,284.0,99740.0
1990-02-19 08:00:00+00:00,6.95,95.8,13.0,0.0,13.0,347.2,2.07,277.0,99810.0
1990-02-19 09:00:00+00:00,7.04,95.8,106.0,125.98,81.0,347.2,2.14,272.0,99830.0
1990-02-19 10:00:00+00:00,7.26,99.4,73.0,0.0,73.0,347.4,2.21,274.0,99880.0
1990-02-19 11:00:00+00:00,7.5,95.8,107.0,2.8,106.0,347.2,2.21,276.0,99910.0
1990-02-19 12:00:00+00:00,7.84,99.4,120.0,2.59,119.0,346.6,2.28,279.0,99930.0
1990-02-19 13:00:00+00:00,8.05,95.85,98.0,0.0,98.0,348.75,2.28,282.0,99930.0
1990-02-19 14:00:00+00:00,8.44,95.85,88.0,0.0,88.0,347.4,2.48,285.0,99930.0
1990-02-19 15:00:00+00:00,8.58,95.85,114.0,51.59,101.0,348.15,2.62,288.0,99960.0
1990-02-19 16:00:00+00:00,8.49,95.85,26.0,0.0,26.0,347.55,2.55,288.0,99990.0
1990-02-19 17:00:00+00:00,8.37,95.85,0.0,0.0,0.0,347.0,2.21,279.0,100020.0
1990-02-19 18:00:00+00:00,8.14,95.85,0.0,0.0,0.0,343.9,1.93,265.0,100030.0
1990-02-19 19:00:00+00:00,7.96,92.4,0.0,0.0,0.0,335.75,2.34,266.0,100040.0
1990-02-19 20:00:00+00:00,7.91,95.8,0.0,0.0,0.0,341.2,2.62,264.0,100080.0
1990-02-19 21:00:00+00:00,7.77,95.8,0.0,0.0,0.0,344.1,2.69,258.0,100050.0
1990-02-19 22:00:00+00:00,7.61,95.8,0.0,0.0,0.0,344.5,2.9,252.0,100040.0
1990-02-19 23:00:00+00:00,7.49,95.8,0.0,0.0,0.0,344.3,3.52,257.0,100030.0
1990-02-20 00:00:00+00:00,7.18,95.8,0.0,0.0,0.0,340.2,4.48,269.0,100070.0
1990-02-20 01:00:00+00:00,6.61,92.35,0.0,0.0,0.0,343.4,5.59,278.0,100120.0
1990-02-20 02:00:00+00:00,5.81,88.9,0.0,0.0,0.0,329.2,5.52,287.0,100180.0
1990-02-20 03:00:00+00:00,5.08,88.85,0.0,0.0,0.0,305.4,4.55,295.0,100220.0
1990-02-20 04:00:00+00:00,4.4,88.85,0.0,0.0,0.0,282.35,3.79,292.0,100270.0
1990-02-20 05:00:00+00:00,3.84,92.15,0.0,0.0,0.0,267.45,3.45,285.0,100340.0
1990-02-20 06:00:00+00:00,3.65,88.75,0.0,0.0,0.0,271.5,3.72,284.0,100410.0
1990-02-20 07:00:00+00:00,3.31,92.15,0.0,0.0,0.0,252.35,3.93,286.0,100450.0
1990-02-20 08:00:00+00:00,3.36,88.7,49.0,283.94,25.0,259.3,4.07,288.0,100580.0
1990-02-20 09:00:00+00:00,3.94,85.5,165.0,538.94,55.0,253.3,4.14,291.0,100670.0
1990-02-20 10:00:00+00:00,4.92,82.4,266.0,638.64,75.0,245.4,3.86,296.0,100720.0
1990-02-20 11:00:00+00:00,5.97,73.7,324.0,608.88,103.0,242.3,4.69,314.0,100760.0
1990-02-20 12:00:00+00:00,6.9,68.4,387.0,807.33,71.0,254.85,4.83,327.0,100810.0
1990-02-20 13:00:00+00:00,7.59,63.6,374.0,789.56,72.0,263.4,4.55,335.0,100830.0
1990-02-20 14:00:00+00:00,7.94,59.0,167.0,59.38,147.0,283.1,4.0,338.0,100860.0
1990-02-20 15:00:00+00:00,7.95,59.0,202.0,446.67,87.0,288.35,3.1,334.0,100900.0
1990-02-20 16:00:00+00:00,7.67,61.2,93.0,253.55,55.0,270.15,2.34,326.0,100940.0
1990-02-20 17:00:00+00:00,7.08,63.5,0.0,0.0,0.0,294.95,2.0,315.0,100990.0
1990-02-20 18:00:00+00:00,5.94,68.3,0.0,0.0,0.0,275.0,1.93,308.0,101070.0
1990-02-20 19:00:00+00:00,4.91,76.4,0.0,0.0,0.0,274.05,1.66,320.0,101100.0
1990-02-20 20:00:00+00:00,3.43,85.45,0.0,0.0,0.0,263.6,1.66,335.0,101160.0
1990-02-20 21:00:00+00:00,3.1,85.4,0.0,0.0,0.0,265.5,1.45,355.0,101200.0
1990-02-20 22:00:00+00:00,2.83,85.35,0.0,0.0,0.0,257.95,1.38,4.0,101220.0
1990-02-20 23:00:00+00:00,2.68,85.35,0.0,0.0,0.0,262.2,1.31,9.0,101230.0
1990-02-21 00:00:00+00:00,2.7,85.35,0.0,0.0,0.0,247.7,1.24,2.0,101250.0
1990-02-21 01:00:00+00:00,2.13,88.65,0.0,0.0,0.0,260.4,1.24,356.0,101270.0
1990-02-21 02:00:00+00:00,3.05,85.4,0.0,0.0,0.0,238.4,1.03,10.0,101290.0
1990-02-21 03:00:00+00:00,2.88,85.4,0.0,0.0,0.0,245.6,0.76,37.0,101270.0
1990-02-21 04:00:00+00:00,2.62,88.65,0.0,0.0,0.0,237.65,0.48,55.0,101260.0
1990-02-21 05:00:00+00:00,2.44,88.65,0.0,0.0,0.0,237.45,0.14,102.0,101240.0
1990-02-21 06:00:00+00:00,2.34,92.1,0.0,0.0,0.0,236.65,0.34,200.0,101230.0
1990-02-21 07:00:00+00:00,1.85,92.05,0.0,0.0,0.0,234.75,0.9,277.0,101270.0
1990-02-21 08:00:00+00:00,1.92,88.65,55.0,321.75,26.0,234.55,0.62,263.0,101300.0
1990-02-21 09:00:00+00:00,2.29,88.65,167.0,500.42,62.0,244.2,0.34,257.0,101310.0
1990-02-21 10:00:00+00:00,3.5,82.25,265.0,587.15,86.0,248.5,0.14,139.0,101310.0
1990-02-21 11:00:00+00:00,4.68,76.3,351.0,740.28,78.0,252.75,0.62,117.0,101270.0
1990-02-21 12:00:00+00:00,5.48,70.85,388.0,782.96,77.0,253.9,0.83,123.0,101240.0
1990-02-21 13:00:00+00:00,5.93,65.75,364.0,700.63,92.0,250.4,0.76,120.0,101170.0
1990-02-21 14:00:00+00:00,6.18,65.75,291.0,522.74,112.0,251.95,0.9,108.0,101120.0
1990-02-21 15:00:00+00:00,6.18,63.25,126.0,60.85,110.0,279.25,1.17,104.0,101060.0
1990-02-21 16:00:00+00:00,5.9,65.65,78.0,109.54,61.0,301.3,1.59,103.0,101020.0
1990-02-21 17:00:00+00:00,5.22,73.55,0.0,0.0,0.0,301.7,2.0,100.0,101020.0
1990-02-21 18:00:00+00:00,4.13,79.2,0.0,0.0,0.0,277.9,2.28,108.0,101030.0
1990-02-21 19:00:00+00:00,3.44,85.45,0.0,0.0,0.0,267.65,1.93,114.0,101090.0
1990-02-21 20:00:00+00:00,2.55,92.15,0.0,0.0,0.0,263.0,1.93,124.0,101070.0
1990-02-21 21:00:00+00:00,1.94,95.65,0.0,0.0,0.0,264.15,2.0,132.0,101070.0
1990-02-21 22:00:00+00:00,1.53,95.65,0.0,0.0,0.0,266.1,2.07,140.0,101030.0
1990-02-21 23:00:00+00:00,1.0,95.65,0.0,0.0,0.0,260.5,2.0,148.0,101020.0
1990-02-22 00:00:00+00:00,0.03,99.4,0.0,0.0,0.0,245.0,1.93,154.0,100990.0
1990-02-22 01:00:00+00:00,-0.89,99.4,0.0,0.0,0.0,240.25,1.86,156.0,100960.0
1990-02-22 02:00:00+00:00,-1.23,99.4,0.0,0.0,0.0,245.95,1.86,156.0,100920.0
1990-02-22 03:00:00+00:00,-1.33,99.4,0.0,0.0,0.0,251.75,1.93,159.0,100880.0
1990-02-22 04:00:00+00:00,-1.66,95.6,0.0,0.0,0.0,246.75,1.93,164.0,100840.0
1990-02-22 05:00:00+00:00,-1.71,99.4,0.0,0.0,0.0,251.2,1.86,169.0,100810.0
1990-02-22 06:00:00+00:00,-1.04,95.6,0.0,0.0,0.0,273.85,1.86,174.0,100800.0
1990-02-22 07:00:00+00:00,-0.81,99.4,0.0,0.0,0.0,266.3,2.07,165.0,100830.0
1990-02-22 08:00:00+00:00,-0.42,99.4,61.0,354.9,27.0,274.8,2.07,169.0,100820.0
1990-02-22 09:00:00+00:00,0.32,99.4,187.0,635.44,50.0,270.35,2.21,173.0,100810.0
1990-02-22 10:00:00+00:00,1.25,92.05,289.0,714.51,67.0,277.7,2.62,176.0,100780.0
1990-02-22 11:00:00+00:00,2.52,85.35,365.0,782.09,72.0,271.7,3.03,177.0,100760.0
1990-02-22 12:00:00+00:00,3.55,79.15,391.0,761.71,84.0,273.25,3.31,175.0,100730.0
1990-02-22 13:00:00+00:00,4.1,76.25,63.0,0.0,63.0,274.6,3.45,174.0,100680.0
1990-02-22 14:00:00+00:00,4.23,73.4,104.0,0.0,104.0,279.65,3.59,172.0,100620.0
1990-02-22 15:00:00+00:00,4.29,70.6,64.0,0.0,64.0,298.4,3.72,177.0,100570.0
1990-02-22 16:00:00+00:00,3.98,67.9,40.0,0.0,40.0,305.75,3.59,181.0,100550.0
1990-02-22 17:00:00+00:00,3.63,67.8,2.0,0.0,2.0,304.05,3.17,182.0,100540.0
1990-02-22 18:00:00+00:00,2.96,70.4,0.0,0.0,0.0,284.3,2.83,181.0,100560.0
1990-02-22 19:00:00+00:00,2.56,76.0,0.0,0.0,0.0,271.5,2.55,174.0,100580.0
1990-02-22 20:00:00+00:00,1.94,78.95,0.0,0.0,0.0,264.95,2.55,172.0,100590.0
1990-02-22 21:00:00+00:00,1.36,82.0,0.0,0.0,0.0,258.15,2.48,170.0,100580.0
1990-02-22 22:00:00+00:00,0.78,85.15,0.0,0.0,0.0,243.85,2.55,170.0,100570.0
1990-02-22 23:00:00+00:00,0.4,81.9,0.0,0.0,0.0,241.7,2.62,170.0,100560.0
1990-02-23 00:00:00+00:00,0.37,81.9,0.0,0.0,0.0,253.7,2.83,172.0,100550.0
1990-02-23 01:00:00+00:00,0.12,81.8,0.0,0.0,0.0,248.2,2.97,176.0,100540.0
1990-02-23 02:00:00+00:00,0.1,81.8,0.0,0.0,0.0,255.85,2.97,179.0,100540.0
1990-02-23 03:00:00+00:00,-0.03,81.8,0.0,0.0,0.0,252.75,2.97,182.0,100540.0
1990-02-23 04:00:00+00:00,-0.23,81.75,0.0,0.0,0.0,246.15,2.9,181.0,100520.0
1990-02-23 05:00:00+00:00,-0.42,81.75,0.0,0.0,0.0,241.15,2.97,178.0,100520.0
1990-02-23 06:00:00+00:00,-0.51,78.6,0.0,0.0,0.0,243.05,3.03,174.0,100520.0
1990-02-23 07:00:00+00:00,-0.67,81.7,0.0,0.0,0.0,232.8,3.17,173.0,100530.0
1990-02-23 08:00:00+00:00,-0.59,78.6,66.0,354.57,30.0,230.3,3.31,172.0,100570.0
1990-02-23 09:00:00+00:00,0.15,78.65,156.0,307.1,88.0,228.55,3.38,169.0,100570.0
1990-02-23 10:00:00+00:00,1.25,75.75,262.0,476.97,111.0,229.7,4.07,168.0,100560.0
1990-02-23 11:00:00+00:00,2.28,70.2,356.0,683.26,96.0,229.9,4.41,169.0,100510.0
1990-02-23 12:00:00+00:00,3.1,65.1,381.0,655.43,113.0,232.8,4.48,167.0,100500.0
1990-02-23 13:00:00+00:00,3.8,62.7,373.0,667.91,106.0,239.4,4.62,162.0,100450.0
1990-02-23 14:00:00+00:00,4.09,62.8,314.0,585.2,107.0,242.65,4.9,158.0,100410.0
1990-02-23 15:00:00+00:00,4.1,62.8,163.0,149.66,122.0,260.3,4.9,155.0,100370.0
1990-02-23 16:00:00+00:00,3.89,62.8,0.0,0.0,0.0,279.85,4.69,152.0,100340.0
1990-02-23 17:00:00+00:00,3.34,70.4,0.0,0.0,0.0,272.1,3.79,143.0,100340.0
1990-02-23 18:00:00+00:00,2.52,73.1,0.0,0.0,0.0,253.5,3.59,136.0,100360.0
1990-02-23 19:00:00+00:00,1.97,78.95,0.0,0.0,0.0,248.5,3.93,132.0,100400.0
1990-02-23 20:00:00+00:00,1.44,82.0,0.0,0.0,0.0,247.5,4.34,134.0,100420.0
1990-02-23 21:00:00+00:00,1.08,81.95,0.0,0.0,0.0,255.45,4.69,137.0,100430.0
1990-02-23 22:00:00+00:00,0.7,81.9,0.0,0.0,0.0,246.35,4.69,139.0,100440.0
1990-02-23 23:00:00+00:00,0.46,78.75,0.0,0.0,0.0,248.1,4.55,142.0,100450.0
1990-02-24 00:00:00+00:00,0.34,78.65,0.0,0.0,0.0,252.55,4.48,144.0,100490.0
1990-02-24 01:00:00+00:00,0.09,75.6,0.0,0.0,0.0,252.45,4.41,144.0,100520.0
1990-02-24 02:00:00+00:00,-0.04,75.6,0.0,0.0,0.0,251.75,4.21,145.0,100510.0
1990-02-24 03:00:00+00:00,-0.21,78.6,0.0,0.0,0.0,248.1,4.0,144.0,100490.0
1990-02-24 04:00:00+00:00,-0.31,78.6,0.0,0.0,0.0,247.9,3.79,142.0,100510.0
1990-02-24 05:00:00+00:00,-0.47,78.6,0.0,0.0,0.0,238.6,3.79,140.0,100530.0
1990-02-24 06:00:00+00:00,-0.45,81.75,0.0,0.0,0.0,244.6,3.59,138.0,100580.0
1990-02-24 07:00:00+00:00,-0.26,81.75,0.0,0.0,0.0,243.65,3.45,138.0,100660.0
1990-02-24 08:00:00+00:00,-0.2,81.75,38.0,27.95,35.0,233.75,3.31,135.0,100740.0
1990-02-24 09:00:00+00:00,0.55,78.75,144.0,202.38,98.0,232.2,3.24,130.0,100790.0
1990-02-24 10:00:00+00:00,1.61,75.85,242.0,328.68,136.0,231.65,4.34,131.0,100820.0
1990-02-24 11:00:00+00:00,2.64,70.3,372.0,737.48,87.0,236.85,4.83,133.0,100830.0
1990-02-24 12:00:00+00:00,3.42,62.7,356.0,484.6,155.0,234.35,4.76,132.0,100830.0
1990-02-24 13:00:00+00:00,4.02,60.4,398.0,771.8,85.0,236.3,4.62,132.0,100810.0
1990-02-24 14:00:00+00:00,4.43,55.95,357.0,809.69,66.0,236.85,4.34,132.0,100830.0
1990-02-24 15:00:00+00:00,4.46,55.95,249.0,633.34,72.0,237.25,4.14,129.0,100850.0
1990-02-24 16:00:00+00:00,4.16,60.4,125.0,397.16,57.0,238.05,3.86,124.0,100870.0
1990-02-24 17:00:00+00:00,3.31,65.1,8.0,0.0,8.0,237.05,3.66,118.0,100920.0
1990-02-24 18:00:00+00:00,2.17,70.2,0.0,0.0,0.0,232.05,3.79,118.0,100960.0
1990-02-24 19:00:00+00:00,1.77,75.85,0.0,0.0,0.0,229.15,3.86,122.0,101020.0
1990-02-24 20:00:00+00:00,1.19,81.95,0.0,0.0,0.0,229.3,4.0,125.0,101050.0
1990-02-24 21:00:00+00:00,0.92,81.95,0.0,0.0,0.0,239.75,4.07,128.0,101120.0
1990-02-24 22:00:00+00:00,0.66,85.15,0.0,0.0,0.0,236.3,4.07,130.0,101160.0
1990-02-24 23:00:00+00:00,0.52,88.5,0.0,0.0,0.0,238.8,3.79,131.0,101200.0
1990-02-25 00:00:00+00:00,0.47,88.5,0.0,0.0,0.0,245.4,3.66,129.0,101240.0
1990-02-25 01:00:00+00:00,0.5,88.5,0.0,0.0,0.0,246.45,3.59,128.0,101260.0
1990-02-25 02:00:00+00:00,0.4,88.5,0.0,0.0,0.0,240.15,3.59,131.0,101270.0
1990-02-25 03:00:00+00:00,0.36,88.5,0.0,0.0,0.0,247.5,3.38,134.0,101260.0
1990-02-25 04:00:00+00:00,0.18,92.0,0.0,0.0,0.0,243.45,3.1,134.0,101260.0
1990-02-25 05:00:00+00:00,-0.03,88.45,0.0,0.0,0.0,239.2,2.9,130.0,101280.0
1990-02-25 06:00:00+00:00,-0.26,91.95,0.0,0.0,0.0,233.6,2.9,126.0,101290.0
1990-02-25 07:00:00+00:00,-0.11,88.45,0.0,0.0,0.0,236.3,3.1,131.0,101350.0
1990-02-25 08:00:00+00:00,-0.05,88.45,81.0,459.52,29.0,232.05,3.17,128.0,101370.0
1990-02-25 09:00:00+00:00,0.86,85.2,202.0,621.72,57.0,244.4,3.59,129.0,101400.0
1990-02-25 10:00:00+00:00,1.84,78.9,305.0,700.22,75.0,236.5,4.14,129.0,101410.0
1990-02-25 11:00:00+00:00,2.61,73.1,394.0,833.32,67.0,246.35,4.21,121.0,101420.0
1990-02-25 12:00:00+00:00,3.12,70.4,429.0,855.77,69.0,255.25,4.41,118.0,101440.0
1990-02-25 13:00:00+00:00,3.36,67.7,417.0,845.99,69.0,255.45,4.48,117.0,101430.0
1990-02-25 14:00:00+00:00,3.41,65.2,361.0,808.05,66.0,262.2,4.34,116.0,101430.0
1990-02-25 15:00:00+00:00,3.17,65.1,259.0,677.2,66.0,261.25,4.41,115.0,101460.0
1990-02-25 16:00:00+00:00,2.67,67.6,139.0,515.38,48.0,267.65,4.41,115.0,101470.0
1990-02-25 17:00:00+00:00,1.95,67.5,8.0,0.0,8.0,261.85,4.21,115.0,101500.0
1990-02-25 18:00:00+00:00,1.04,70.05,0.0,0.0,0.0,255.05,4.14,116.0,101550.0
1990-02-25 19:00:00+00:00,0.83,72.75,0.0,0.0,0.0,245.4,4.07,120.0,101530.0
1990-02-25 20:00:00+00:00,0.28,75.6,0.0,0.0,0.0,243.25,4.21,120.0,101600.0
1990-02-25 21:00:00+00:00,0.0,72.65,0.0,0.0,0.0,247.7,4.34,120.0,101640.0
1990-02-25 22:00:00+00:00,-0.16,75.55,0.0,0.0,0.0,246.35,4.34,123.0,101700.0
1990-02-25 23:00:00+00:00,-0.15,72.6,0.0,0.0,0.0,255.05,4.07,127.0,101760.0
1990-02-26 00:00:00+00:00,-0.24,72.6,0.0,0.0,0.0,251.6,3.59,130.0,101780.0
1990-02-26 01:00:00+00:00,-0.24,75.55,0.0,0.0,0.0,238.9,3.31,127.0,101820.0
1990-02-26 02:00:00+00:00,-0.47,75.55,0.0,0.0,0.0,234.55,3.03,126.0,101850.0
1990-02-26 03:00:00+00:00,-0.8,81.7,0.0,0.0,0.0,227.2,2.9,125.0,101870.0
1990-02-26 04:00:00+00:00,-0.86,85.0,0.0,0.0,0.0,234.55,2.83,122.0,101890.0
1990-02-26 05:00:00+00:00,-0.83,85.0,0.0,0.0,0.0,238.8,2.62,113.0,101890.0
1990-02-26 06:00:00+00:00,-0.73,85.0,0.0,0.0,0.0,239.4,2.76,108.0,101910.0
1990-02-26 07:00:00+00:00,-0.2,85.05,0.0,0.0,0.0,243.05,3.38,107.0,101920.0
1990-02-26 08:00:00+00:00,0.13,78.65,42.0,25.2,39.0,243.25,3.72,105.0,101980.0
1990-02-26 09:00:00+00:00,0.67,75.7,64.0,0.0,64.0,234.35,4.14,103.0,102000.0
1990-02-26 10:00:00+00:00,1.15,70.05,71.0,0.0,71.0,236.5,5.03,102.0,102020.0
1990-02-26 11:00:00+00:00,1.74,64.8,157.0,12.55,152.0,239.95,4.9,98.0,102010.0
1990-02-26 12:00:00+00:00,1.88,59.95,61.0,0.0,61.0,279.65,4.69,95.0,102010.0
1990-02-26 13:00:00+00:00,1.98,57.6,197.0,35.96,182.0,290.1,4.55,90.0,102000.0
1990-02-26 14:00:00+00:00,1.68,62.25,146.0,13.49,141.0,280.6,4.55,86.0,102000.0
1990-02-26 15:00:00+00:00,1.62,62.25,172.0,137.68,132.0,255.65,4.48,83.0,101970.0
1990-02-26 16:00:00+00:00,1.22,64.65,105.0,164.9,75.0,254.3,4.34,78.0,101940.0
1990-02-26 17:00:00+00:00,0.77,67.2,8.0,0.0,8.0,254.85,3.72,74.0,101940.0
1990-02-26 18:00:00+00:00,0.06,69.85,0.0,0.0,0.0,234.55,3.1,70.0,101940.0
1990-02-26 19:00:00+00:00,-0.3,72.6,0.0,0.0,0.0,233.2,2.83,63.0,101950.0
1990-02-26 20:00:00+00:00,-0.44,72.6,0.0,0.0,0.0,243.45,2.34,52.0,101940.0
1990-02-26 21:00:00+00:00,-0.99,78.5,0.0,0.0,0.0,230.85,1.93,20.0,101890.0
1990-02-26 22:00:00+00:00,-1.58,81.65,0.0,0.0,0.0,229.3,2.14,350.0,101860.0
1990-02-26 23:00:00+00:00,-1.63,84.95,0.0,0.0,0.0,233.0,2.48,339.0,101800.0
1990-02-27 00:00:00+00:00,-1.38,84.95,0.0,0.0,0.0,238.6,2.76,330.0,101750.0
1990-02-27 01:00:00+00:00,-1.05,81.7,0.0,0.0,0.0,253.8,3.31,324.0,101660.0
1990-02-27 02:00:00+00:00,-0.84,78.5,0.0,0.0,0.0,246.35,3.79,325.0,101570.0
1990-02-27 03:00:00+00:00,-0.73,75.45,0.0,0.0,0.0,241.9,3.72,331.0,101450.0
1990-02-27 04:00:00+00:00,-0.6,75.55,0.0,0.0,0.0,257.95,3.93,341.0,101380.0
1990-02-27 05:00:00+00:00,-0.38,78.6,0.0,0.0,0.0,275.4,4.9,351.0,101300.0
1990-02-27 06:00:00+00:00,-0.27,85.05,0.0,0.0,0.0,281.4,4.76,6.0,101270.0
1990-02-27 07:00:00+00:00,-0.3,91.95,0.0,0.0,0.0,285.65,4.07,36.0,101290.0
1990-02-27 08:00:00+00:00,-0.17,91.95,71.0,191.99,47.0,275.4,3.93,67.0,101330.0
1990-02-27 09:00:00+00:00,0.08,85.1,212.0,607.66,63.0,254.5,4.76,81.0,101340.0
1990-02-27 10:00:00+00:00,0.6,85.15,197.0,111.6,159.0,233.0,4.62,80.0,101360.0
1990-02-27 11:00:00+00:00,1.02,81.95,220.0,76.66,189.0,235.3,4.83,76.0,101350.0
1990-02-27 12:00:00+00:00,1.27,78.8,86.0,0.0,86.0,254.5,5.03,71.0,101360.0
1990-02-27 13:00:00+00:00,1.0,72.85,198.0,35.46,183.0,262.05,5.45,67.0,101310.0
1990-02-27 14:00:00+00:00,0.78,72.75,366.0,767.68,77.0,254.85,5.79,67.0,101290.0
1990-02-27 15:00:00+00:00,0.33,75.6,50.0,0.0,50.0,232.05,5.72,66.0,101250.0
1990-02-27 16:00:00+00:00,-0.28,75.55,111.0,176.2,78.0,231.85,5.59,63.0,101230.0
1990-02-27 17:00:00+00:00,-0.96,78.5,15.0,17.37,14.0,236.65,5.38,63.0,101210.0
1990-02-27 18:00:00+00:00,-1.66,81.65,0.0,0.0,0.0,235.5,5.38,65.0,101200.0
1990-02-27 19:00:00+00:00,-1.92,81.55,0.0,0.0,0.0,230.5,6.55,60.0,101160.0
1990-02-27 20:00:00+00:00,-2.24,78.35,0.0,0.0,0.0,243.85,6.48,64.0,101140.0
1990-02-27 21:00:00+00:00,-2.59,78.35,0.0,0.0,0.0,232.8,6.07,71.0,101140.0
1990-02-27 22:00:00+00:00,-3.01,78.3,0.0,0.0,0.0,222.75,5.31,74.0,101170.0
1990-02-27 23:00:00+00:00,-3.17,75.2,0.0,0.0,0.0,226.05,5.31,79.0,101140.0
1990-02-28 00:00:00+00:00,-3.09,75.2,0.0,0.0,0.0,240.55,5.31,78.0,101150.0
1990-02-28 01:00:00+00:00,-3.37,75.1,0.0,0.0,0.0,230.2,5.72,78.0,101100.0
1990-02-28 02:00:00+00:00,-3.61,75.1,0.0,0.0,0.0,224.85,5.72,75.0,101080.0
1990-02-28 03:00:00+00:00,-3.63,75.1,0.0,0.0,0.0,237.65,6.14,72.0,101010.0
1990-02-28 04:00:00+00:00,-3.43,69.25,0.0,0.0,0.0,237.65,6.28,69.0,100990.0
1990-02-28 05:00:00+00:00,-3.42,69.25,0.0,0.0,0.0,244.4,6.97,70.0,100960.0
1990-02-28 06:00:00+00:00,-4.1,78.15,0.0,0.0,0.0,245.6,7.24,77.0,100960.0
1990-02-28 07:00:00+00:00,-4.53,78.05,0.0,0.0,0.0,234.95,5.93,79.0,100950.0
1990-02-28 08:00:00+00:00,-4.52,81.3,60.0,76.34,50.0,240.75,5.72,82.0,100980.0
1990-02-28 09:00:00+00:00,-4.34,81.3,150.0,147.26,113.0,245.0,5.66,83.0,101000.0
1990-02-28 10:00:00+00:00,-4.0,78.15,169.0,49.05,152.0,241.9,5.93,87.0,101050.0
1990-02-28 11:00:00+00:00,-3.46,72.1,220.0,70.66,191.0,248.85,5.93,92.0,101060.0
1990-02-28 12:00:00+00:00,-3.09,66.6,42.0,0.0,42.0,251.0,6.14,95.0,101050.0
1990-02-28 13:00:00+00:00,-3.3,66.45,67.0,0.0,67.0,248.3,6.07,95.0,101040.0
1990-02-28 14:00:00+00:00,-3.4,69.25,66.0,0.0,66.0,248.1,5.45,93.0,101000.0
1990-02-28 15:00:00+00:00,-3.36,69.25,94.0,3.32,93.0,249.45,5.1,88.0,100980.0
1990-02-28 16:00:00+00:00,-5.34,77.6,14.0,0.0,14.0,239.96,5.72,84.0,100940.0
1990-02-28 17:00:00+00:00,-4.82,79.16,8.0,0.0,8.0,243.29,5.41,79.0,100920.0
1990-02-28 18:00:00+00:00,-4.3,80.71,0.0,0.0,0.0,246.62,5.1,74.0,100930.0
1990-02-28 19:00:00+00:00,-3.79,82.26,0.0,0.0,0.0,249.96,4.79,70.0,100840.0
1990-02-28 20:00:00+00:00,-3.27,83.82,0.0,0.0,0.0,253.29,4.47,72.0,100800.0
1990-02-28 21:00:00+00:00,-2.75,85.37,0.0,0.0,0.0,256.62,4.16,80.0,100770.0
1990-02-28 22:00:00+00:00,-2.23,86.92,0.0,0.0,0.0,259.96,3.85,84.0,100760.0
1990-02-28 23:00:00+00:00,-1.72,88.48,0.0,0.0,0.0,263.29,3.54,83.0,100710.0
1990-03-01 00:00:00+00:00,-1.2,90.03,0.0,0.0,0.0,266.63,3.23,45.0,101660.0
1990-03-01 01:00:00+00:00,-0.68,91.58,0.0,0.0,0.0,269.96,2.92,47.0,101640.0
1990-03-01 02:00:00+00:00,-0.17,93.14,0.0,0.0,0.0,273.29,2.6,46.0,101620.0
1990-03-01 03:00:00+00:00,0.35,94.69,0.0,0.0,0.0,276.63,2.29,41.0,101600.0
1990-03-01 04:00:00+00:00,0.87,96.24,0.0,0.0,0.0,279.96,1.98,33.0,101600.0
1990-03-01 05:00:00+00:00,1.38,97.8,0.0,0.0,0.0,283.3,1.67,22.0,101600.0
1990-03-01 06:00:00+00:00,1.9,99.35,0.0,0.0,0.0,286.63,1.36,4.0,101600.0
1990-03-01 07:00:00+00:00,2.42,100.0,0.0,0.0,0.0,289.96,1.05,320.0,101620.0
1990-03-01 08:00:00+00:00,0.87,95.65,63.0,87.57,51.0,246.95,1.24,320.0,101690.0
1990-03-01 09:00:00+00:00,2.16,95.65,211.0,512.94,79.0,251.0,0.97,330.0,101710.0
1990-03-01 10:00:00+00:00,4.28,82.3,315.0,604.0,102.0,242.85,1.45,357.0,101710.0
1990-03-01 11:00:00+00:00,5.02,76.3,401.0,732.34,96.0,249.05,1.93,22.0,101700.0
1990-03-01 12:00:00+00:00,5.39,73.55,431.0,742.48,101.0,267.65,1.93,38.0,101680.0
1990-03-01 13:00:00+00:00,5.61,70.85,424.0,756.85,95.0,264.55,1.66,46.0,101650.0
1990-03-01 14:00:00+00:00,5.67,70.85,377.0,760.59,82.0,260.5,1.24,53.0,101600.0
1990-03-01 15:00:00+00:00,5.71,70.85,280.0,667.47,75.0,264.75,0.83,61.0,101560.0
1990-03-01 16:00:00+00:00,5.48,70.8,161.0,540.35,54.0,247.3,0.41,77.0,101520.0
1990-03-01 17:00:00+00:00,5.03,76.3,36.0,264.87,18.0,248.3,0.76,127.0,101480.0
1990-03-01 18:00:00+00:00,3.64,82.25,0.0,0.0,0.0,252.15,1.45,147.0,101450.0
1990-03-01 19:00:00+00:00,1.96,88.6,0.0,0.0,0.0,243.25,1.86,179.0,101440.0
1990-03-01 20:00:00+00:00,0.7,88.55,0.0,0.0,0.0,248.65,2.14,192.0,101430.0
1990-03-01 21:00:00+00:00,-0.12,88.45,0.0,0.0,0.0,240.15,2.34,207.0,101400.0
1990-03-01 22:00:00+00:00,-0.52,91.95,0.0,0.0,0.0,234.95,2.48,221.0,101390.0
1990-03-01 23:00:00+00:00,0.0,92.0,0.0,0.0,0.0,250.6,2.62,233.0,101360.0
1990-03-02 00:00:00+00:00,0.55,88.55,0.0,0.0,0.0,252.95,2.76,244.0,101330.0
1990-03-02 01:00:00+00:00,0.75,88.55,0.0,0.0,0.0,243.0,2.83,250.0,101270.0
1990-03-02 02:00:00+00:00,1.16,92.05,0.0,0.0,0.0,256.4,2.9,254.0,101220.0
1990-03-02 03:00:00+00:00,1.35,92.05,0.0,0.0,0.0,256.05,3.03,259.0,101150.0
1990-03-02 04:00:00+00:00,1.46,95.65,0.0,0.0,0.0,255.25,3.1,262.0,101110.0
1990-03-02 05:00:00+00:00,1.52,92.05,0.0,0.0,0.0,249.85,3.24,262.0,101090.0
1990-03-02 06:00:00+00:00,2.07,92.1,0.0,0.0,0.0,281.2,3.31,261.0,101050.0
1990-03-02 07:00:00+00:00,2.97,99.4,0.0,0.0,0.0,309.05,3.59,259.0,100980.0
1990-03-02 08:00:00+00:00,3.62,95.7,86.0,230.57,53.0,313.1,3.79,263.0,100980.0
1990-03-02 09:00:00+00:00,4.3,95.75,228.0,599.7,70.0,305.75,3.66,262.0,100940.0
1990-03-02 10:00:00+00:00,5.29,88.85,336.0,702.41,84.0,298.4,4.07,269.0,100940.0
1990-03-02 11:00:00+00:00,6.12,82.55,414.0,773.9,87.0,299.75,4.14,276.0,100910.0
1990-03-02 12:00:00+00:00,6.78,79.55,427.0,692.67,115.0,307.1,3.93,278.0,100910.0
1990-03-02 13:00:00+00:00,7.45,76.7,429.0,755.88,96.0,301.7,3.72,286.0,100870.0
1990-03-02 14:00:00+00:00,7.65,73.95,343.0,543.76,129.0,313.5,3.38,293.0,100850.0
1990-03-02 15:00:00+00:00,7.64,73.95,195.0,172.71,141.0,317.75,2.97,300.0,100830.0
1990-03-02 16:00:00+00:00,7.53,73.9,32.0,0.0,32.0,328.8,2.48,303.0,100830.0
1990-03-02 17:00:00+00:00,7.03,79.55,8.0,0.0,8.0,319.3,1.72,289.0,100830.0
1990-03-02 18:00:00+00:00,6.31,82.55,0.0,0.0,0.0,316.4,1.79,272.0,100850.0
1990-03-02 19:00:00+00:00,6.28,82.55,0.0,0.0,0.0,298.2,2.14,278.0,100760.0
1990-03-02 20:00:00+00:00,5.14,85.6,0.0,0.0,0.0,281.75,2.14,276.0,100790.0
1990-03-02 21:00:00+00:00,4.48,92.2,0.0,0.0,0.0,298.05,1.93,271.0,100790.0
1990-03-02 22:00:00+00:00,3.79,92.15,0.0,0.0,0.0,294.15,1.86,264.0,100800.0
1990-03-02 23:00:00+00:00,3.27,95.7,0.0,0.0,0.0,296.65,1.72,258.0,100790.0
1990-03-03 00:00:00+00:00,2.88,95.7,0.0,0.0,0.0,300.95,1.59,252.0,100790.0
1990-03-03 01:00:00+00:00,2.67,95.7,0.0,0.0,0.0,295.05,1.45,246.0,100770.0
1990-03-03 02:00:00+00:00,2.73,95.7,0.0,0.0,0.0,288.75,1.24,240.0,100750.0
1990-03-03 03:00:00+00:00,3.13,92.15,0.0,0.0,0.0,283.3,1.03,228.0,100730.0
1990-03-03 04:00:00+00:00,3.15,92.15,0.0,0.0,0.0,289.5,0.97,213.0,100690.0
1990-03-03 05:00:00+00:00,2.55,95.7,0.0,0.0,0.0,307.9,1.03,202.0,100680.0
1990-03-03 06:00:00+00:00,2.5,99.4,0.0,0.0,0.0,315.05,0.97,200.0,100680.0
1990-03-03 07:00:00+00:00,2.4,99.4,0.0,0.0,0.0,294.95,1.17,207.0,100650.0
1990-03-03 08:00:00+00:00,2.77,95.7,39.0,0.0,39.0,298.6,1.1,211.0,100660.0
1990-03-03 09:00:00+00:00,4.24,95.75,56.0,0.0,56.0,312.35,1.03,216.0,100650.0
1990-03-03 10:00:00+00:00,6.01,88.9,68.0,0.0,68.0,309.45,1.24,224.0,100620.0
1990-03-03 11:00:00+00:00,7.01,82.6,76.0,0.0,76.0,306.15,1.59,232.0,100620.0
1990-03-03 12:00:00+00:00,7.63,71.25,44.0,0.0,44.0,289.5,1.59,233.0,100600.0
1990-03-03 13:00:00+00:00,8.03,71.25,126.0,0.0,126.0,306.15,1.66,232.0,100550.0
1990-03-03 14:00:00+00:00,8.03,68.6,76.0,0.0,76.0,324.35,1.59,232.0,100480.0
1990-03-03 15:00:00+00:00,7.94,68.6,80.0,0.0,80.0,318.95,1.45,227.0,100440.0
1990-03-03 16:00:00+00:00,7.85,68.6,65.0,4.79,64.0,324.75,1.45,221.0,100390.0
1990-03-03 17:00:00+00:00,7.27,71.15,21.0,12.76,20.0,307.9,1.1,213.0,100370.0
1990-03-03 18:00:00+00:00,6.35,76.55,0.0,0.0,0.0,307.3,1.31,202.0,100370.0
1990-03-03 19:00:00+00:00,5.12,82.4,0.0,0.0,0.0,301.1,1.38,219.0,100350.0
1990-03-03 20:00:00+00:00,4.45,88.8,0.0,0.0,0.0,312.35,1.38,210.0,100340.0
1990-03-03 21:00:00+00:00,3.57,88.75,0.0,0.0,0.0,297.45,1.45,207.0,100330.0
1990-03-03 22:00:00+00:00,2.68,92.15,0.0,0.0,0.0,282.35,1.52,204.0,100310.0
1990-03-03 23:00:00+00:00,2.03,92.1,0.0,0.0,0.0,281.6,1.52,202.0,100300.0
1990-03-04 00:00:00+00:00,1.7,95.65,0.0,0.0,0.0,286.8,1.59,200.0,100270.0
1990-03-04 01:00:00+00:00,0.99,95.65,0.0,0.0,0.0,273.15,1.59,198.0,100230.0
1990-03-04 02:00:00+00:00,0.81,92.05,0.0,0.0,0.0,277.9,1.52,196.0,100160.0
1990-03-04 03:00:00+00:00,0.6,92.05,0.0,0.0,0.0,275.2,1.45,193.0,100110.0
1990-03-04 04:00:00+00:00,0.34,95.65,0.0,0.0,0.0,272.5,1.45,189.0,100060.0
1990-03-04 05:00:00+00:00,0.11,92.0,0.0,0.0,0.0,268.2,1.38,179.0,100010.0
1990-03-04 06:00:00+00:00,-0.3,95.6,0.0,0.0,0.0,257.75,1.38,170.0,99960.0
1990-03-04 07:00:00+00:00,0.28,92.0,0.0,0.0,0.0,268.8,1.45,164.0,99900.0
1990-03-04 08:00:00+00:00,0.54,92.05,61.0,38.61,55.0,261.85,1.38,169.0,99890.0
1990-03-04 09:00:00+00:00,3.13,88.7,99.0,10.88,96.0,270.75,1.45,167.0,99870.0
1990-03-04 10:00:00+00:00,4.47,85.5,233.0,161.7,173.0,264.55,1.86,162.0,99810.0
1990-03-04 11:00:00+00:00,5.38,76.4,272.0,147.22,208.0,274.2,2.0,160.0,99760.0
1990-03-04 12:00:00+00:00,5.95,73.65,286.0,136.24,223.0,274.6,1.79,151.0,99730.0
1990-03-04 13:00:00+00:00,6.32,68.3,342.0,307.35,203.0,282.55,1.79,143.0,99650.0
1990-03-04 14:00:00+00:00,6.5,68.3,368.0,617.36,118.0,277.7,2.0,131.0,99540.0
1990-03-04 15:00:00+00:00,6.37,68.3,224.0,253.31,142.0,276.35,2.34,124.0,99440.0
1990-03-04 16:00:00+00:00,5.93,70.85,110.0,93.42,90.0,277.3,2.48,124.0,99370.0
1990-03-04 17:00:00+00:00,5.21,73.55,35.0,83.78,28.0,272.5,2.21,121.0,99300.0
1990-03-04 18:00:00+00:00,4.31,79.2,0.0,0.0,0.0,278.1,2.07,128.0,99270.0
1990-03-04 19:00:00+00:00,3.21,82.2,0.0,0.0,0.0,261.45,2.0,129.0,99220.0
1990-03-04 20:00:00+00:00,2.28,88.65,0.0,0.0,0.0,257.4,1.86,141.0,99210.0
1990-03-04 21:00:00+00:00,1.16,92.05,0.0,0.0,0.0,253.5,1.79,156.0,99200.0
1990-03-04 22:00:00+00:00,0.13,88.5,0.0,0.0,0.0,251.75,1.72,167.0,99160.0
1990-03-04 23:00:00+00:00,-0.37,88.45,0.0,0.0,0.0,252.35,1.59,183.0,99120.0
1990-03-05 00:00:00+00:00,-0.69,88.45,0.0,0.0,0.0,241.15,1.52,196.0,99060.0
1990-03-05 01:00:00+00:00,-1.09,91.95,0.0,0.0,0.0,238.15,1.52,205.0,99040.0
1990-03-05 02:00:00+00:00,-1.39,88.4,0.0,0.0,0.0,236.85,1.52,210.0,98980.0
1990-03-05 03:00:00+00:00,-1.57,91.9,0.0,0.0,0.0,239.6,1.52,214.0,98960.0
1990-03-05 04:00:00+00:00,-1.74,91.9,0.0,0.0,0.0,237.85,1.45,220.0,98930.0
1990-03-05 05:00:00+00:00,-1.86,91.9,0.0,0.0,0.0,240.75,1.38,221.0,98910.0
1990-03-05 06:00:00+00:00,-1.6,95.6,0.0,0.0,0.0,252.35,1.31,220.0,98900.0
1990-03-05 07:00:00+00:00,-0.9,91.95,0.0,0.0,0.0,265.7,1.1,235.0,98880.0
1990-03-05 08:00:00+00:00,-0.24,92.0,101.0,247.52,61.0,264.55,0.9,238.0,98900.0
1990-03-05 09:00:00+00:00,2.0,92.05,227.0,468.07,95.0,263.6,0.62,255.0,98890.0
1990-03-05 10:00:00+00:00,3.27,85.4,339.0,617.64,106.0,270.95,0.55,277.0,98900.0
1990-03-05 11:00:00+00:00,4.28,79.2,424.0,732.73,101.0,273.45,0.41,246.0,98910.0
1990-03-05 12:00:00+00:00,5.13,73.55,458.0,762.18,101.0,266.5,0.21,281.0,98870.0
1990-03-05 13:00:00+00:00,5.86,73.65,432.0,681.07,120.0,269.4,0.41,344.0,98850.0
1990-03-05 14:00:00+00:00,6.51,70.95,344.0,470.0,151.0,253.7,0.69,17.0,98800.0
1990-03-05 15:00:00+00:00,6.69,68.4,291.0,613.54,89.0,259.3,1.24,45.0,98780.0
1990-03-05 16:00:00+00:00,6.31,70.95,170.0,455.7,70.0,258.95,2.07,57.0,98780.0
1990-03-05 17:00:00+00:00,5.23,79.35,51.0,281.71,26.0,258.35,2.34,62.0,98780.0
1990-03-05 18:00:00+00:00,3.74,85.45,0.0,0.0,0.0,267.45,2.41,69.0,98810.0
1990-03-05 19:00:00+00:00,2.68,92.15,0.0,0.0,0.0,246.35,2.14,77.0,98830.0
1990-03-05 20:00:00+00:00,1.77,95.65,0.0,0.0,0.0,252.55,1.86,81.0,98860.0
1990-03-05 21:00:00+00:00,0.85,92.05,0.0,0.0,0.0,250.4,1.72,82.0,98860.0
1990-03-05 22:00:00+00:00,-0.15,95.6,0.0,0.0,0.0,247.15,1.79,78.0,98890.0
1990-03-05 23:00:00+00:00,-0.68,95.6,0.0,0.0,0.0,255.05,1.93,70.0,98890.0
1990-03-06 00:00:00+00:00,-1.09,95.6,0.0,0.0,0.0,246.35,2.07,62.0,98890.0
1990-03-06 01:00:00+00:00,-1.02,99.4,0.0,0.0,0.0,247.8,2.28,61.0,98880.0
1990-03-06 02:00:00+00:00,-0.19,95.6,0.0,0.0,0.0,263.6,2.48,64.0,98860.0
1990-03-06 03:00:00+00:00,0.64,95.65,0.0,0.0,0.0,282.95,2.83,67.0,98850.0
1990-03-06 04:00:00+00:00,1.14,95.65,0.0,0.0,0.0,307.5,3.1,68.0,98820.0
1990-03-06 05:00:00+00:00,1.28,95.65,0.0,0.0,0.0,312.55,3.45,68.0,98830.0
1990-03-06 06:00:00+00:00,1.37,95.65,0.0,0.0,0.0,315.05,3.66,69.0,98860.0
1990-03-06 07:00:00+00:00,1.26,92.05,1.0,0.0,1.0,305.55,4.21,75.0,98880.0
1990-03-06 08:00:00+00:00,1.47,92.05,28.0,0.0,28.0,308.85,4.48,78.0,98910.0
1990-03-06 09:00:00+00:00,1.88,88.6,0.0,0.0,0.0,311.0,4.48,81.0,98930.0
1990-03-06 10:00:00+00:00,2.29,88.65,0.0,0.0,0.0,314.65,4.48,81.0,98930.0
1990-03-06 11:00:00+00:00,2.87,85.35,123.0,0.0,123.0,315.65,4.62,80.0,98920.0
1990-03-06 12:00:00+00:00,3.36,85.4,72.0,0.0,72.0,311.4,4.48,79.0,98910.0
1990-03-06 13:00:00+00:00,3.8,82.25,160.0,4.31,158.0,311.0,4.41,77.0,98890.0
1990-03-06 14:00:00+00:00,4.01,82.25,121.0,0.0,121.0,317.95,4.48,75.0,98850.0
1990-03-06 15:00:00+00:00,3.9,85.45,93.0,0.0,93.0,315.25,4.62,75.0,98820.0
1990-03-06 16:00:00+00:00,3.68,85.45,71.0,4.45,70.0,322.4,4.69,76.0,98820.0
1990-03-06 17:00:00+00:00,3.43,88.7,12.0,0.0,12.0,321.65,4.62,75.0,98810.0
1990-03-06 18:00:00+00:00,3.16,88.7,0.0,0.0,0.0,320.1,4.07,72.0,98830.0
1990-03-06 19:00:00+00:00,2.96,92.15,0.0,0.0,0.0,318.95,4.28,74.0,98890.0
1990-03-06 20:00:00+00:00,2.86,92.15,0.0,0.0,0.0,319.3,4.0,72.0,98890.0
1990-03-06 21:00:00+00:00,2.78,92.15,0.0,0.0,0.0,319.1,3.93,70.0,98880.0
1990-03-06 22:00:00+00:00,2.67,92.15,0.0,0.0,0.0,315.25,3.93,69.0,98830.0
1990-03-06 23:00:00+00:00,2.67,92.15,0.0,0.0,0.0,317.0,3.93,68.0,98800.0
1990-03-07 00:00:00+00:00,2.67,95.7,0.0,0.0,0.0,320.3,3.72,68.0,98770.0
1990-03-07 01:00:00+00:00,2.69,95.7,0.0,0.0,0.0,320.95,3.66,69.0,98730.0
1990-03-07 02:00:00+00:00,2.74,95.7,0.0,0.0,0.0,322.8,3.59,71.0,98720.0
1990-03-07 03:00:00+00:00,2.78,95.7,0.0,0.0,0.0,324.35,3.59,71.0,98690.0
1990-03-07 04:00:00+00:00,2.84,99.4,0.0,0.0,0.0,323.75,3.72,67.0,98640.0
1990-03-07 05:00:00+00:00,2.9,99.4,0.0,0.0,0.0,321.45,3.86,63.0,98610.0
1990-03-07 06:00:00+00:00,3.03,99.4,0.0,0.0,0.0,324.35,3.86,63.0,98600.0
1990-03-07 07:00:00+00:00,3.13,99.4,2.0,0.0,2.0,324.55,4.0,66.0,98590.0
1990-03-07 08:00:00+00:00,3.36,99.4,35.0,0.0,35.0,326.65,4.14,70.0,98600.0
1990-03-07 09:00:00+00:00,3.71,99.4,128.0,37.35,117.0,320.85,4.34,77.0,98590.0
1990-03-07 10:00:00+00:00,4.36,95.75,99.0,0.0,99.0,326.65,4.34,80.0,98570.0
1990-03-07 11:00:00+00:00,4.98,92.25,110.0,0.0,110.0,327.45,4.83,85.0,98550.0
1990-03-07 12:00:00+00:00,5.16,88.85,130.0,0.0,130.0,328.8,5.03,90.0,98570.0
1990-03-07 13:00:00+00:00,4.92,95.75,122.0,0.0,122.0,326.85,5.03,90.0,98560.0
1990-03-07 14:00:00+00:00,4.94,92.25,145.0,4.74,143.0,324.15,5.31,86.0,98530.0
1990-03-07 15:00:00+00:00,4.82,92.25,79.0,0.0,79.0,321.85,5.24,81.0,98490.0
1990-03-07 16:00:00+00:00,4.57,88.85,42.0,0.0,42.0,316.0,5.59,81.0,98470.0
1990-03-07 17:00:00+00:00,4.24,88.8,16.0,0.0,16.0,316.2,5.72,83.0,98480.0
1990-03-07 18:00:00+00:00,3.84,92.15,0.0,0.0,0.0,318.95,5.86,86.0,98480.0
1990-03-07 19:00:00+00:00,3.62,92.15,0.0,0.0,0.0,321.05,6.28,87.0,98530.0
1990-03-07 20:00:00+00:00,3.52,95.7,0.0,0.0,0.0,323.4,6.14,89.0,98560.0
1990-03-07 21:00:00+00:00,3.41,95.7,0.0,0.0,0.0,319.5,6.07,89.0,98560.0
1990-03-07 22:00:00+00:00,3.34,92.15,0.0,0.0,0.0,319.3,5.86,86.0,98560.0
1990-03-07 23:00:00+00:00,3.29,92.15,0.0,0.0,0.0,320.5,5.79,82.0,98540.0
1990-03-08 00:00:00+00:00,3.2,88.7,0.0,0.0,0.0,320.5,6.14,83.0,98550.0
1990-03-08 01:00:00+00:00,3.12,88.7,0.0,0.0,0.0,319.8,6.28,85.0,98530.0
1990-03-08 02:00:00+00:00,3.03,88.7,0.0,0.0,0.0,320.85,6.34,85.0,98520.0
1990-03-08 03:00:00+00:00,2.95,92.15,0.0,0.0,0.0,318.95,6.48,86.0,98500.0
1990-03-08 04:00:00+00:00,2.95,92.15,0.0,0.0,0.0,319.3,6.62,89.0,98480.0
1990-03-08 05:00:00+00:00,2.91,92.15,0.0,0.0,0.0,318.75,6.62,90.0,98510.0
1990-03-08 06:00:00+00:00,2.85,92.15,0.0,0.0,0.0,318.75,6.69,90.0,98520.0
1990-03-08 07:00:00+00:00,2.85,92.15,1.0,0.0,1.0,320.1,6.28,91.0,98560.0
1990-03-08 08:00:00+00:00,2.85,92.15,23.0,0.0,23.0,318.75,6.21,90.0,98600.0
1990-03-08 09:00:00+00:00,2.83,95.7,43.0,0.0,43.0,318.95,6.34,90.0,98600.0
1990-03-08 10:00:00+00:00,3.01,95.7,47.0,0.0,47.0,321.45,6.62,91.0,98640.0
1990-03-08 11:00:00+00:00,3.24,88.7,66.0,0.0,66.0,319.9,6.62,91.0,98670.0
1990-03-08 12:00:00+00:00,3.39,88.7,56.0,0.0,56.0,319.9,6.62,90.0,98740.0
1990-03-08 13:00:00+00:00,3.37,88.7,40.0,0.0,40.0,320.5,6.34,89.0,98730.0
1990-03-08 14:00:00+00:00,3.26,88.7,52.0,0.0,52.0,320.1,6.34,87.0,98730.0
1990-03-08 15:00:00+00:00,3.29,88.7,43.0,0.0,43.0,319.5,6.55,86.0,98740.0
1990-03-08 16:00:00+00:00,3.14,88.7,53.0,0.0,53.0,318.55,6.21,85.0,98770.0
1990-03-08 17:00:00+00:00,2.93,92.15,27.0,9.59,26.0,318.95,6.28,85.0,98800.0
1990-03-08 18:00:00+00:00,2.74,92.15,0.0,0.0,0.0,319.7,6.0,85.0,98860.0
1990-03-08 19:00:00+00:00,2.64,88.65,0.0,0.0,0.0,317.55,5.31,83.0,98900.0
1990-03-08 20:00:00+00:00,2.57,88.65,0.0,0.0,0.0,315.25,4.97,80.0,98910.0
1990-03-08 21:00:00+00:00,2.54,88.65,0.0,0.0,0.0,316.8,4.83,77.0,98910.0
1990-03-08 22:00:00+00:00,2.54,88.65,0.0,0.0,0.0,316.05,5.03,76.0,98910.0
1990-03-08 23:00:00+00:00,2.55,88.65,0.0,0.0,0.0,318.15,4.97,74.0,98950.0
1990-03-09 00:00:00+00:00,2.5,92.1,0.0,0.0,0.0,317.75,5.03,74.0,98940.0
1990-03-09 01:00:00+00:00,2.6,88.65,0.0,0.0,0.0,319.25,5.1,74.0,98960.0
1990-03-09 02:00:00+00:00,2.55,88.65,0.0,0.0,0.0,316.8,5.24,74.0,98960.0
1990-03-09 03:00:00+00:00,2.36,92.1,0.0,0.0,0.0,316.2,5.45,73.0,98960.0
1990-03-09 04:00:00+00:00,1.98,99.4,0.0,0.0,0.0,311.4,5.52,72.0,98950.0
1990-03-09 05:00:00+00:00,1.67,95.65,0.0,0.0,0.0,314.3,5.45,72.0,98960.0
1990-03-09 06:00:00+00:00,1.47,99.35,0.0,0.0,0.0,317.0,5.45,71.0,98990.0
1990-03-09 07:00:00+00:00,1.44,99.35,11.0,0.0,11.0,313.1,5.59,69.0,99050.0
1990-03-09 08:00:00+00:00,1.62,95.65,18.0,0.0,18.0,314.3,6.0,70.0,99110.0
1990-03-09 09:00:00+00:00,1.85,95.65,80.0,0.0,80.0,315.25,6.0,71.0,99140.0
1990-03-09 10:00:00+00:00,1.93,95.65,60.0,0.0,60.0,313.9,6.55,72.0,99170.0
1990-03-09 11:00:00+00:00,2.19,88.65,68.0,0.0,68.0,310.4,6.97,72.0,99220.0
1990-03-09 12:00:00+00:00,2.52,85.3,76.0,0.0,76.0,309.25,7.17,71.0,99250.0
1990-03-09 13:00:00+00:00,2.66,82.15,94.0,0.0,94.0,306.75,7.31,70.0,99270.0
1990-03-09 14:00:00+00:00,2.47,82.05,65.0,0.0,65.0,309.05,6.97,67.0,99280.0
1990-03-09 15:00:00+00:00,2.32,78.95,59.0,0.0,59.0,307.3,6.97,65.0,99320.0
1990-03-09 16:00:00+00:00,2.17,75.95,73.0,4.15,72.0,307.5,7.31,64.0,99350.0
1990-03-09 17:00:00+00:00,1.81,75.85,50.0,109.63,38.0,305.2,6.9,61.0,99400.0
1990-03-09 18:00:00+00:00,1.41,78.8,0.0,0.0,0.0,291.45,6.83,61.0,99430.0
1990-03-09 19:00:00+00:00,1.31,78.8,0.0,0.0,0.0,298.6,6.48,61.0,99490.0
1990-03-09 20:00:00+00:00,1.15,75.75,0.0,0.0,0.0,296.5,6.28,62.0,99520.0
1990-03-09 21:00:00+00:00,1.0,72.85,0.0,0.0,0.0,292.4,6.34,63.0,99550.0
1990-03-09 22:00:00+00:00,0.85,72.85,0.0,0.0,0.0,283.5,6.28,62.0,99560.0
1990-03-09 23:00:00+00:00,0.83,70.05,0.0,0.0,0.0,290.85,6.55,61.0,99580.0
1990-03-10 00:00:00+00:00,0.72,67.3,0.0,0.0,0.0,287.4,6.76,60.0,99600.0
1990-03-10 01:00:00+00:00,0.82,67.3,0.0,0.0,0.0,283.45,6.83,60.0,99610.0
1990-03-10 02:00:00+00:00,0.63,67.3,0.0,0.0,0.0,269.0,6.69,61.0,99630.0
1990-03-10 03:00:00+00:00,0.56,64.65,0.0,0.0,0.0,280.05,6.69,61.0,99640.0
1990-03-10 04:00:00+00:00,0.36,67.2,0.0,0.0,0.0,275.2,6.69,61.0,99630.0
1990-03-10 05:00:00+00:00,0.17,67.2,0.0,0.0,0.0,253.15,6.48,59.0,99620.0
1990-03-10 06:00:00+00:00,0.17,67.2,0.0,0.0,0.0,250.8,6.48,56.0,99630.0
1990-03-10 07:00:00+00:00,-0.2,75.6,10.0,0.0,10.0,257.95,5.86,57.0,99680.0
1990-03-10 08:00:00+00:00,-0.39,78.65,60.0,5.18,59.0,235.5,5.93,58.0,99720.0
1990-03-10 09:00:00+00:00,-0.02,78.65,82.0,0.0,82.0,242.85,5.86,60.0,99740.0
1990-03-10 10:00:00+00:00,0.46,75.7,62.0,0.0,62.0,276.15,5.79,63.0,99770.0
1990-03-10 11:00:00+00:00,0.97,72.85,227.0,38.18,209.0,250.2,6.0,69.0,99800.0
1990-03-10 12:00:00+00:00,1.35,70.05,57.0,0.0,57.0,244.4,6.28,74.0,99840.0
1990-03-10 13:00:00+00:00,1.45,67.3,479.0,749.1,114.0,246.55,6.41,76.0,99880.0
1990-03-10 14:00:00+00:00,1.3,67.3,428.0,744.99,101.0,238.8,6.55,78.0,99880.0
1990-03-10 15:00:00+00:00,1.02,67.3,318.0,591.6,107.0,239.0,6.62,78.0,99940.0
1990-03-10 16:00:00+00:00,0.5,64.65,108.0,40.64,98.0,233.2,6.48,74.0,100000.0
1990-03-10 17:00:00+00:00,-0.09,67.1,77.0,383.87,33.0,229.7,6.07,73.0,100040.0
1990-03-10 18:00:00+00:00,-0.8,69.75,0.0,0.0,0.0,226.2,5.72,71.0,100070.0
1990-03-10 19:00:00+00:00,-1.43,66.9,0.0,0.0,0.0,232.4,5.59,62.0,100130.0
1990-03-10 20:00:00+00:00,-1.87,69.55,0.0,0.0,0.0,216.95,5.86,58.0,100160.0
1990-03-10 21:00:00+00:00,-2.25,72.3,0.0,0.0,0.0,222.95,5.93,56.0,100200.0
1990-03-10 22:00:00+00:00,-2.5,75.3,0.0,0.0,0.0,224.85,6.0,55.0,100220.0
1990-03-10 23:00:00+00:00,-2.48,75.3,0.0,0.0,0.0,227.0,5.66,53.0,100230.0
1990-03-11 00:00:00+00:00,-2.69,78.3,0.0,0.0,0.0,215.6,5.38,55.0,100260.0
1990-03-11 01:00:00+00:00,-2.57,78.3,0.0,0.0,0.0,225.75,4.76,56.0,100250.0
1990-03-11 02:00:00+00:00,-2.6,78.3,0.0,0.0,0.0,219.05,4.69,57.0,100240.0
1990-03-11 03:00:00+00:00,-2.58,75.2,0.0,0.0,0.0,227.2,4.21,52.0,100240.0
1990-03-11 04:00:00+00:00,-2.8,72.25,0.0,0.0,0.0,216.95,4.48,48.0,100220.0
1990-03-11 05:00:00+00:00,-2.77,72.25,0.0,0.0,0.0,221.0,4.62,44.0,100220.0
1990-03-11 06:00:00+00:00,-2.58,72.25,0.0,0.0,0.0,239.4,4.69,39.0,100240.0
1990-03-11 07:00:00+00:00,-2.36,69.45,29.0,177.97,18.0,261.05,5.17,36.0,100250.0
1990-03-11 08:00:00+00:00,-2.04,69.45,28.0,0.0,28.0,246.75,5.38,33.0,100280.0
1990-03-11 09:00:00+00:00,-1.33,64.25,124.0,15.64,119.0,252.95,5.93,34.0,100290.0
1990-03-11 10:00:00+00:00,-0.87,61.8,85.0,0.0,85.0,245.6,6.21,39.0,100300.0
1990-03-11 11:00:00+00:00,-0.47,61.9,82.0,0.0,82.0,252.15,6.28,46.0,100310.0
1990-03-11 12:00:00+00:00,-0.04,61.9,59.0,0.0,59.0,260.1,6.0,51.0,100290.0
1990-03-11 13:00:00+00:00,0.22,62.0,93.0,0.0,93.0,252.55,6.07,54.0,100290.0
1990-03-11 14:00:00+00:00,0.19,62.0,242.0,74.23,209.0,252.75,6.21,55.0,100270.0
1990-03-11 15:00:00+00:00,-0.19,61.9,194.0,77.33,166.0,253.7,6.41,56.0,100270.0
1990-03-11 16:00:00+00:00,-0.49,61.9,138.0,107.43,111.0,227.95,6.14,56.0,100270.0
1990-03-11 17:00:00+00:00,-0.9,64.35,65.0,166.98,45.0,230.5,5.59,55.0,100270.0
1990-03-11 18:00:00+00:00,-1.41,64.25,0.0,0.0,0.0,227.4,4.83,54.0,100300.0
1990-03-11 19:00:00+00:00,-1.48,54.55,0.0,0.0,0.0,223.5,4.21,43.0,100310.0
1990-03-11 20:00:00+00:00,-1.59,56.7,0.0,0.0,0.0,220.4,3.72,36.0,100310.0
1990-03-11 21:00:00+00:00,-1.64,56.7,0.0,0.0,0.0,223.5,3.31,27.0,100300.0
1990-03-11 22:00:00+00:00,-1.67,61.55,0.0,0.0,0.0,227.95,3.03,17.0,100300.0
1990-03-11 23:00:00+00:00,-1.76,64.1,0.0,0.0,0.0,229.15,2.69,3.0,100290.0
1990-03-12 00:00:00+00:00,-2.03,66.65,0.0,0.0,0.0,218.85,2.48,346.0,100280.0
1990-03-12 01:00:00+00:00,-2.29,66.65,0.0,0.0,0.0,220.15,2.41,328.0,100250.0
1990-03-12 02:00:00+00:00,-2.48,66.65,0.0,0.0,0.0,221.2,2.41,310.0,100220.0
1990-03-12 03:00:00+00:00,-2.65,66.6,0.0,0.0,0.0,217.5,2.62,297.0,100140.0
1990-03-12 04:00:00+00:00,-2.72,66.6,0.0,0.0,0.0,216.15,2.83,291.0,100080.0
1990-03-12 05:00:00+00:00,-2.71,66.6,0.0,0.0,0.0,216.95,2.97,288.0,100040.0
1990-03-12 06:00:00+00:00,-2.79,66.6,0.0,0.0,0.0,209.6,3.03,287.0,100010.0
1990-03-12 07:00:00+00:00,-2.98,72.25,23.0,44.01,20.0,215.6,3.1,284.0,99990.0
1990-03-12 08:00:00+00:00,-2.02,69.55,116.0,145.83,86.0,219.05,2.97,283.0,99960.0
1990-03-12 09:00:00+00:00,-0.43,67.1,221.0,233.14,145.0,225.85,3.31,290.0,99930.0
1990-03-12 10:00:00+00:00,1.05,64.65,288.0,213.89,198.0,221.4,3.59,297.0,99880.0
1990-03-12 11:00:00+00:00,2.41,62.35,158.0,2.07,157.0,223.9,3.66,301.0,99850.0
1990-03-12 12:00:00+00:00,3.58,60.3,256.0,47.04,232.0,236.65,3.93,308.0,99800.0
1990-03-12 13:00:00+00:00,4.38,58.05,249.0,46.11,226.0,252.15,4.14,318.0,99730.0
1990-03-12 14:00:00+00:00,4.63,58.2,211.0,35.54,195.0,277.5,4.14,323.0,99670.0
1990-03-12 15:00:00+00:00,4.57,58.2,108.0,0.0,108.0,284.85,3.79,330.0,99630.0
1990-03-12 16:00:00+00:00,4.27,62.8,115.0,46.77,103.0,283.5,2.69,333.0,99590.0
1990-03-12 17:00:00+00:00,3.57,67.8,0.0,0.0,0.0,271.9,2.28,337.0,99570.0
1990-03-12 18:00:00+00:00,2.42,75.95,0.0,0.0,0.0,262.2,1.79,340.0,99580.0
1990-03-12 19:00:00+00:00,1.35,81.95,0.0,0.0,0.0,247.15,2.21,319.0,99550.0
1990-03-12 20:00:00+00:00,0.69,78.8,0.0,0.0,0.0,249.45,2.28,324.0,99560.0
1990-03-12 21:00:00+00:00,0.45,81.9,0.0,0.0,0.0,254.65,2.55,324.0,99580.0
1990-03-12 22:00:00+00:00,0.02,78.75,0.0,0.0,0.0,236.5,2.76,318.0,99580.0
1990-03-12 23:00:00+00:00,-0.23,81.8,0.0,0.0,0.0,230.5,2.97,312.0,99570.0
1990-03-13 00:00:00+00:00,-0.45,78.65,0.0,0.0,0.0,226.6,3.17,307.0,99570.0
1990-03-13 01:00:00+00:00,-0.59,81.75,0.0,0.0,0.0,226.15,3.31,304.0,99540.0
1990-03-13 02:00:00+00:00,-0.77,78.6,0.0,0.0,0.0,220.8,3.45,304.0,99520.0
1990-03-13 03:00:00+00:00,-0.92,78.6,0.0,0.0,0.0,218.65,3.52,306.0,99480.0
1990-03-13 04:00:00+00:00,-1.04,78.5,0.0,0.0,0.0,221.2,3.45,309.0,99440.0
1990-03-13 05:00:00+00:00,-1.19,78.5,0.0,0.0,0.0,218.5,3.38,310.0,99460.0
1990-03-13 06:00:00+00:00,-1.36,78.5,0.0,0.0,0.0,215.6,3.31,310.0,99460.0
1990-03-13 07:00:00+00:00,-1.01,81.7,38.0,214.62,22.0,214.2,3.17,314.0,99480.0
1990-03-13 08:00:00+00:00,-0.24,75.6,174.0,537.49,60.0,217.9,3.1,317.0,99500.0
1990-03-13 09:00:00+00:00,0.92,67.3,306.0,671.06,83.0,220.6,3.59,327.0,99540.0
1990-03-13 10:00:00+00:00,1.85,64.8,428.0,807.96,83.0,223.7,3.66,338.0,99550.0
1990-03-13 11:00:00+00:00,2.66,60.05,484.0,761.67,111.0,226.6,3.79,350.0,99590.0
1990-03-13 12:00:00+00:00,3.04,55.55,466.0,552.14,181.0,237.65,3.59,356.0,99590.0
1990-03-13 13:00:00+00:00,3.6,51.4,367.0,251.69,240.0,243.85,3.72,4.0,99590.0
1990-03-13 14:00:00+00:00,3.6,53.5,274.0,120.69,219.0,232.8,3.45,11.0,99590.0
1990-03-13 15:00:00+00:00,3.57,53.5,248.0,198.43,174.0,246.95,3.17,14.0,99590.0
1990-03-13 16:00:00+00:00,3.39,53.4,156.0,156.58,115.0,256.4,2.97,15.0,99610.0
1990-03-13 17:00:00+00:00,2.95,57.7,84.0,307.6,44.0,250.8,2.41,20.0,99650.0
1990-03-13 18:00:00+00:00,2.0,64.8,0.0,0.0,0.0,243.25,1.66,44.0,99690.0
1990-03-13 19:00:00+00:00,0.56,70.05,0.0,0.0,0.0,225.25,1.17,18.0,99770.0
1990-03-13 20:00:00+00:00,1.48,64.65,0.0,0.0,0.0,225.05,0.83,2.0,99800.0
1990-03-13 21:00:00+00:00,1.27,64.65,0.0,0.0,0.0,219.65,0.9,321.0,99830.0
1990-03-13 22:00:00+00:00,0.22,67.2,0.0,0.0,0.0,219.65,1.17,296.0,99830.0
1990-03-13 23:00:00+00:00,-1.42,72.5,0.0,0.0,0.0,219.05,1.38,280.0,99830.0
1990-03-14 00:00:00+00:00,-2.19,78.35,0.0,0.0,0.0,217.15,1.45,264.0,99830.0
1990-03-14 01:00:00+00:00,-2.91,78.3,0.0,0.0,0.0,216.25,1.59,249.0,99820.0
1990-03-14 02:00:00+00:00,-3.57,84.7,0.0,0.0,0.0,216.35,1.86,244.0,99780.0
1990-03-14 03:00:00+00:00,-3.98,81.4,0.0,0.0,0.0,216.35,2.07,243.0,99760.0
1990-03-14 04:00:00+00:00,-3.63,81.4,0.0,0.0,0.0,225.45,2.21,242.0,99700.0
1990-03-14 05:00:00+00:00,-3.31,81.45,0.0,0.0,0.0,225.05,2.41,241.0,99670.0
1990-03-14 06:00:00+00:00,-2.91,78.3,0.0,0.0,0.0,223.9,2.62,242.0,99640.0
1990-03-14 07:00:00+00:00,-1.76,81.65,46.0,271.76,24.0,237.05,2.83,246.0,99640.0
1990-03-14 08:00:00+00:00,-0.33,78.65,66.0,4.58,65.0,242.1,2.76,249.0,99620.0
1990-03-14 09:00:00+00:00,1.51,75.85,209.0,159.46,155.0,234.55,2.97,251.0,99600.0
1990-03-14 10:00:00+00:00,3.11,70.4,259.0,122.34,206.0,241.7,3.31,250.0,99540.0
1990-03-14 11:00:00+00:00,4.18,65.3,312.0,145.22,240.0,257.0,4.14,251.0,99490.0
1990-03-14 12:00:00+00:00,4.23,70.6,370.0,227.93,251.0,300.55,4.14,242.0,99420.0
1990-03-14 13:00:00+00:00,4.31,73.4,269.0,62.71,237.0,308.1,4.48,234.0,99340.0
1990-03-14 14:00:00+00:00,4.52,79.2,256.0,86.72,216.0,316.8,4.76,234.0,99250.0
1990-03-14 15:00:00+00:00,4.67,76.3,207.0,89.87,173.0,318.55,4.62,236.0,99160.0
1990-03-14 16:00:00+00:00,4.63,79.3,119.0,41.19,108.0,308.1,3.45,231.0,99100.0
1990-03-14 17:00:00+00:00,4.39,82.3,54.0,51.79,47.0,303.65,3.66,230.0,99040.0
1990-03-14 18:00:00+00:00,3.86,88.75,0.0,0.0,0.0,293.75,3.93,230.0,99010.0
1990-03-14 19:00:00+00:00,3.35,88.7,0.0,0.0,0.0,285.85,3.93,220.0,98970.0
1990-03-14 20:00:00+00:00,3.03,88.7,0.0,0.0,0.0,282.75,4.07,217.0,98890.0
1990-03-14 21:00:00+00:00,2.94,92.15,0.0,0.0,0.0,289.7,4.14,217.0,98800.0
1990-03-14 22:00:00+00:00,3.08,92.15,0.0,0.0,0.0,306.15,4.48,215.0,98700.0
1990-03-14 23:00:00+00:00,3.21,92.15,0.0,0.0,0.0,311.95,4.69,214.0,98600.0
1990-03-15 00:00:00+00:00,3.27,92.15,0.0,0.0,0.0,302.5,4.76,214.0,98520.0
1990-03-15 01:00:00+00:00,3.32,92.15,0.0,0.0,0.0,305.5,5.03,215.0,98430.0
1990-03-15 02:00:00+00:00,3.22,88.7,0.0,0.0,0.0,298.8,4.97,214.0,98350.0
1990-03-15 03:00:00+00:00,3.07,88.7,0.0,0.0,0.0,299.0,4.83,209.0,98250.0
1990-03-15 04:00:00+00:00,2.94,92.15,0.0,0.0,0.0,296.5,4.76,204.0,98130.0
1990-03-15 05:00:00+00:00,2.99,92.15,0.0,0.0,0.0,301.5,4.76,200.0,98030.0
1990-03-15 06:00:00+00:00,2.82,92.15,0.0,0.0,0.0,296.1,4.97,198.0,97950.0
1990-03-15 07:00:00+00:00,2.65,88.65,25.0,22.89,23.0,293.75,5.45,193.0,97980.0
1990-03-15 08:00:00+00:00,2.67,88.65,50.0,0.0,50.0,287.75,5.38,191.0,97940.0
1990-03-15 09:00:00+00:00,3.28,88.7,212.0,159.44,157.0,304.4,5.66,194.0,97900.0
1990-03-15 10:00:00+00:00,3.98,88.75,227.0,63.72,199.0,311.55,5.31,204.0,97870.0
1990-03-15 11:00:00+00:00,4.86,85.55,211.0,17.93,202.0,313.5,4.76,216.0,97870.0
1990-03-15 12:00:00+00:00,5.75,82.5,196.0,5.68,193.0,299.4,3.52,219.0,97840.0
1990-03-15 13:00:00+00:00,6.32,85.7,255.0,46.51,231.0,312.35,3.03,223.0,97830.0
1990-03-15 14:00:00+00:00,6.13,85.7,137.0,0.0,137.0,317.75,3.1,226.0,97820.0
1990-03-15 15:00:00+00:00,5.33,88.85,167.0,28.67,156.0,310.4,2.9,223.0,97820.0
1990-03-15 16:00:00+00:00,4.95,88.85,145.0,99.16,118.0,302.85,2.83,223.0,97820.0
1990-03-15 17:00:00+00:00,4.54,85.55,67.0,106.95,52.0,277.9,3.03,223.0,97810.0
1990-03-15 18:00:00+00:00,3.65,88.75,0.0,0.0,0.0,254.85,2.48,222.0,97830.0
1990-03-15 19:00:00+00:00,3.19,88.7,0.0,0.0,0.0,263.75,2.0,213.0,97880.0
1990-03-15 20:00:00+00:00,2.29,92.1,0.0,0.0,0.0,263.75,2.0,208.0,97890.0
1990-03-15 21:00:00+00:00,1.14,92.05,0.0,0.0,0.0,246.55,1.93,205.0,97890.0
1990-03-15 22:00:00+00:00,0.42,95.65,0.0,0.0,0.0,266.65,1.59,199.0,97890.0
1990-03-15 23:00:00+00:00,-0.99,91.95,0.0,0.0,0.0,239.6,1.52,190.0,97870.0
1990-03-16 00:00:00+00:00,-1.95,91.9,0.0,0.0,0.0,234.15,1.52,181.0,97870.0
1990-03-16 01:00:00+00:00,-2.4,91.85,0.0,0.0,0.0,232.9,1.45,175.0,97840.0
1990-03-16 02:00:00+00:00,-2.46,91.85,0.0,0.0,0.0,228.95,1.31,171.0,97800.0
1990-03-16 03:00:00+00:00,-1.74,91.9,0.0,0.0,0.0,237.45,1.03,163.0,97740.0
1990-03-16 04:00:00+00:00,-2.26,95.55,0.0,0.0,0.0,245.75,1.1,150.0,97740.0
1990-03-16 05:00:00+00:00,-0.58,95.6,0.0,0.0,0.0,272.3,0.62,116.0,97690.0
1990-03-16 06:00:00+00:00,-1.0,95.6,0.0,0.0,0.0,270.55,0.83,70.0,97680.0
1990-03-16 07:00:00+00:00,-1.08,99.4,6.0,0.0,6.0,281.2,1.93,32.0,97600.0
1990-03-16 08:00:00+00:00,0.13,95.65,17.0,0.0,17.0,283.9,3.17,26.0,97560.0
1990-03-16 09:00:00+00:00,0.82,95.65,71.0,0.0,71.0,306.55,3.1,22.0,97510.0
1990-03-16 10:00:00+00:00,1.43,99.35,85.0,0.0,85.0,306.95,3.38,24.0,97470.0
1990-03-16 11:00:00+00:00,1.65,99.4,68.0,0.0,68.0,312.55,3.1,24.0,97440.0
1990-03-16 12:00:00+00:00,2.38,95.65,47.0,0.0,47.0,312.75,2.76,27.0,97400.0
1990-03-16 13:00:00+00:00,3.13,92.15,91.0,0.0,91.0,311.95,2.34,28.0,97340.0
1990-03-16 14:00:00+00:00,3.3,92.15,93.0,0.0,93.0,320.5,2.07,30.0,97330.0
1990-03-16 15:00:00+00:00,3.59,88.75,89.0,0.0,89.0,319.5,1.24,39.0,97310.0
1990-03-16 16:00:00+00:00,3.94,92.15,100.0,10.81,97.0,313.1,0.55,33.0,97310.0
1990-03-16 17:00:00+00:00,3.82,92.15,99.0,357.77,47.0,282.75,0.28,6.0,97330.0
1990-03-16 18:00:00+00:00,3.11,92.15,0.0,0.0,0.0,268.2,0.48,351.0,97350.0
1990-03-16 19:00:00+00:00,1.56,95.65,0.0,0.0,0.0,298.05,2.28,190.0,97320.0
1990-03-16 20:00:00+00:00,1.2,95.65,0.0,0.0,0.0,294.75,2.69,180.0,97330.0
1990-03-16 21:00:00+00:00,0.74,92.05,0.0,0.0,0.0,274.2,2.97,176.0,97360.0
1990-03-16 22:00:00+00:00,0.5,88.55,0.0,0.0,0.0,267.65,2.76,176.0,97380.0
1990-03-16 23:00:00+00:00,0.35,92.0,0.0,0.0,0.0,275.6,2.14,175.0,97400.0
1990-03-17 00:00:00+00:00,0.04,88.5,0.0,0.0,0.0,279.85,1.52,163.0,97420.0
1990-03-17 01:00:00+00:00,-0.49,88.45,0.0,0.0,0.0,277.25,0.83,109.0,97380.0
1990-03-17 02:00:00+00:00,-1.26,91.95,0.0,0.0,0.0,275.2,1.1,48.0,97350.0
1990-03-17 03:00:00+00:00,-1.17,95.6,0.0,0.0,0.0,273.05,1.93,26.0,97280.0
1990-03-17 04:00:00+00:00,-1.0,91.95,0.0,0.0,0.0,276.95,2.34,28.0,97220.0
1990-03-17 05:00:00+00:00,-0.21,95.6,0.0,0.0,0.0,303.25,2.28,36.0,97160.0
1990-03-17 06:00:00+00:00,0.23,95.65,0.0,0.0,0.0,306.15,1.93,52.0,97130.0
1990-03-17 07:00:00+00:00,1.68,99.4,56.0,229.45,33.0,303.25,3.1,83.0,97140.0
1990-03-17 08:00:00+00:00,2.35,99.4,68.0,4.21,67.0,311.2,2.97,79.0,97120.0
1990-03-17 09:00:00+00:00,2.76,99.4,121.0,5.59,119.0,316.4,2.9,72.0,97090.0
1990-03-17 10:00:00+00:00,3.17,99.4,184.0,15.49,177.0,319.7,2.83,67.0,97080.0
1990-03-17 11:00:00+00:00,3.44,99.4,103.0,0.0,103.0,325.9,2.76,68.0,97080.0
1990-03-17 12:00:00+00:00,3.8,95.7,106.0,0.0,106.0,322.4,2.41,82.0,97050.0
1990-03-17 13:00:00+00:00,4.0,92.15,131.0,0.0,131.0,317.95,2.0,115.0,97070.0
1990-03-17 14:00:00+00:00,4.52,88.8,360.0,303.47,215.0,310.4,2.07,144.0,97090.0
1990-03-17 15:00:00+00:00,4.96,85.55,375.0,730.34,87.0,281.2,2.48,146.0,97110.0
1990-03-17 16:00:00+00:00,5.2,79.35,245.0,601.41,75.0,265.1,2.9,133.0,97170.0
1990-03-17 17:00:00+00:00,4.06,82.3,18.0,0.0,18.0,259.1,3.03,118.0,97210.0
1990-03-17 18:00:00+00:00,3.27,85.4,0.0,0.0,0.0,267.45,3.93,112.0,97290.0
1990-03-17 19:00:00+00:00,2.25,88.65,0.0,0.0,0.0,270.15,4.14,103.0,97350.0
1990-03-17 20:00:00+00:00,1.33,95.65,0.0,0.0,0.0,269.95,3.31,88.0,97390.0
1990-03-17 21:00:00+00:00,0.62,95.65,0.0,0.0,0.0,277.7,2.9,73.0,97410.0
1990-03-17 22:00:00+00:00,0.35,99.4,0.0,0.0,0.0,282.35,2.69,78.0,97420.0
1990-03-17 23:00:00+00:00,0.66,95.65,0.0,0.0,0.0,293.95,3.17,89.0,97450.0
1990-03-18 00:00:00+00:00,1.19,99.35,0.0,0.0,0.0,296.1,3.86,88.0,97480.0
1990-03-18 01:00:00+00:00,1.78,95.65,0.0,0.0,0.0,299.9,5.1,93.0,97500.0
1990-03-18 02:00:00+00:00,2.25,95.65,0.0,0.0,0.0,314.85,5.52,92.0,97520.0
1990-03-18 03:00:00+00:00,2.31,99.4,0.0,0.0,0.0,314.5,5.66,91.0,97530.0
1990-03-18 04:00:00+00:00,2.34,99.4,0.0,0.0,0.0,318.75,5.86,85.0,97560.0
1990-03-18 05:00:00+00:00,1.98,100.0,0.0,0.0,0.0,319.7,5.59,83.0,97600.0
1990-03-18 06:00:00+00:00,1.9,99.4,0.0,0.0,0.0,316.4,6.28,84.0,97680.0
1990-03-18 07:00:00+00:00,1.68,95.65,8.0,0.0,8.0,315.45,6.76,86.0,97760.0
1990-03-18 08:00:00+00:00,1.76,95.65,121.0,77.84,102.0,309.85,7.45,86.0,97830.0
1990-03-18 09:00:00+00:00,1.74,92.05,44.0,0.0,44.0,307.9,7.52,84.0,97890.0
1990-03-18 10:00:00+00:00,1.71,92.05,50.0,0.0,50.0,306.15,6.62,78.0,97940.0
1990-03-18 11:00:00+00:00,2.16,88.65,60.0,0.0,60.0,297.65,6.55,74.0,97980.0
1990-03-18 12:00:00+00:00,2.34,85.3,48.0,0.0,48.0,298.05,6.69,70.0,98010.0
1990-03-18 13:00:00+00:00,2.05,85.3,64.0,0.0,64.0,298.8,6.62,67.0,98080.0
1990-03-18 14:00:00+00:00,1.94,88.6,80.0,0.0,80.0,297.65,6.69,63.0,98090.0
1990-03-18 15:00:00+00:00,1.81,88.6,138.0,5.0,136.0,291.05,6.55,58.0,98100.0
1990-03-18 16:00:00+00:00,1.3,85.2,65.0,0.0,65.0,283.7,6.62,56.0,98110.0
1990-03-18 17:00:00+00:00,0.71,85.2,37.0,0.0,37.0,278.85,6.21,50.0,98120.0
1990-03-18 18:00:00+00:00,0.21,85.15,0.0,0.0,0.0,279.85,6.62,47.0,98150.0
1990-03-18 19:00:00+00:00,-0.23,88.45,0.0,0.0,0.0,276.75,6.69,43.0,98210.0
1990-03-18 20:00:00+00:00,-0.17,88.45,0.0,0.0,0.0,288.35,6.55,43.0,98230.0
1990-03-18 21:00:00+00:00,-0.17,88.45,0.0,0.0,0.0,277.9,6.97,48.0,98220.0
1990-03-18 22:00:00+00:00,-0.07,92.0,0.0,0.0,0.0,293.75,7.24,50.0,98210.0
1990-03-18 23:00:00+00:00,-0.02,92.0,0.0,0.0,0.0,295.5,7.72,52.0,98250.0
1990-03-19 00:00:00+00:00,-0.04,92.0,0.0,0.0,0.0,288.55,7.38,51.0,98280.0
1990-03-19 01:00:00+00:00,0.08,88.5,0.0,0.0,0.0,299.3,7.38,51.0,98300.0
1990-03-19 02:00:00+00:00,0.13,88.5,0.0,0.0,0.0,299.6,7.03,50.0,98300.0
1990-03-19 03:00:00+00:00,0.14,85.15,0.0,0.0,0.0,302.3,7.03,49.0,98280.0
1990-03-19 04:00:00+00:00,0.15,88.5,0.0,0.0,0.0,302.85,7.24,48.0,98280.0
1990-03-19 05:00:00+00:00,0.12,85.15,0.0,0.0,0.0,300.15,7.31,45.0,98290.0
1990-03-19 06:00:00+00:00,0.19,88.5,0.0,0.0,0.0,304.2,7.52,44.0,98290.0
1990-03-19 07:00:00+00:00,0.18,88.5,29.0,0.0,29.0,303.85,7.72,47.0,98340.0
1990-03-19 08:00:00+00:00,0.41,88.5,25.0,0.0,25.0,305.75,8.48,49.0,98340.0
1990-03-19 09:00:00+00:00,0.63,88.55,42.0,0.0,42.0,304.2,9.03,54.0,98360.0
1990-03-19 10:00:00+00:00,0.63,88.55,83.0,0.0,83.0,301.3,8.76,56.0,98390.0
1990-03-19 11:00:00+00:00,0.83,88.55,139.0,0.0,139.0,304.2,8.9,61.0,98410.0
1990-03-19 12:00:00+00:00,1.03,88.55,74.0,0.0,74.0,308.1,8.69,64.0,98440.0
1990-03-19 13:00:00+00:00,1.06,88.55,67.0,0.0,67.0,306.75,8.34,68.0,98470.0
1990-03-19 14:00:00+00:00,1.05,92.05,99.0,0.0,99.0,305.95,8.14,72.0,98470.0
1990-03-19 15:00:00+00:00,1.08,92.05,72.0,0.0,72.0,307.5,7.72,76.0,98470.0
1990-03-19 16:00:00+00:00,0.96,92.05,54.0,0.0,54.0,310.2,6.34,76.0,98500.0
1990-03-19 17:00:00+00:00,0.86,92.05,69.0,56.07,60.0,306.35,6.21,78.0,98510.0
1990-03-19 18:00:00+00:00,0.75,88.55,0.0,0.0,0.0,306.75,6.62,81.0,98580.0
1990-03-19 19:00:00+00:00,0.94,92.05,0.0,0.0,0.0,311.2,5.93,82.0,98590.0
1990-03-19 20:00:00+00:00,0.88,92.05,0.0,0.0,0.0,306.75,5.93,86.0,98650.0
1990-03-19 21:00:00+00:00,0.77,88.55,0.0,0.0,0.0,303.05,5.79,91.0,98700.0
1990-03-19 22:00:00+00:00,0.59,88.55,0.0,0.0,0.0,293.0,5.59,95.0,98740.0
1990-03-19 23:00:00+00:00,0.55,88.55,0.0,0.0,0.0,300.15,5.31,97.0,98790.0
1990-03-20 00:00:00+00:00,0.49,88.5,0.0,0.0,0.0,297.85,4.97,96.0,98850.0
1990-03-20 01:00:00+00:00,0.29,88.5,0.0,0.0,0.0,294.85,4.83,94.0,98860.0
1990-03-20 02:00:00+00:00,0.19,88.5,0.0,0.0,0.0,295.1,4.69,93.0,98910.0
1990-03-20 03:00:00+00:00,0.05,88.5,0.0,0.0,0.0,295.5,4.62,92.0,98910.0
1990-03-20 04:00:00+00:00,-0.1,88.45,0.0,0.0,0.0,287.0,4.41,92.0,98930.0
1990-03-20 05:00:00+00:00,-0.14,88.45,0.0,0.0,0.0,296.3,4.28,94.0,98970.0
1990-03-20 06:00:00+00:00,-0.13,88.45,0.0,0.0,0.0,292.6,4.21,95.0,99030.0
1990-03-20 07:00:00+00:00,0.25,85.15,44.0,33.45,40.0,272.1,4.48,99.0,99130.0
1990-03-20 08:00:00+00:00,0.41,85.15,121.0,58.39,106.0,269.2,4.83,102.0,99210.0
1990-03-20 09:00:00+00:00,0.79,81.95,123.0,2.66,122.0,273.45,5.72,104.0,99300.0
1990-03-20 10:00:00+00:00,1.16,78.8,179.0,8.5,175.0,269.6,5.79,103.0,99360.0
1990-03-20 11:00:00+00:00,1.56,72.95,162.0,0.0,162.0,275.0,5.79,101.0,99430.0
1990-03-20 12:00:00+00:00,1.92,70.1,279.0,44.87,254.0,259.9,5.59,97.0,99480.0
1990-03-20 13:00:00+00:00,2.01,70.1,313.0,91.87,263.0,262.6,5.38,94.0,99540.0
1990-03-20 14:00:00+00:00,1.98,70.1,399.0,384.54,209.0,264.15,5.24,91.0,99600.0
1990-03-20 15:00:00+00:00,1.86,70.1,234.0,104.84,191.0,251.2,5.03,88.0,99640.0
1990-03-20 16:00:00+00:00,1.6,70.1,139.0,50.32,124.0,251.95,4.83,86.0,99700.0
1990-03-20 17:00:00+00:00,1.12,75.75,79.0,90.62,64.0,236.65,4.34,84.0,99740.0
1990-03-20 18:00:00+00:00,0.41,78.75,0.0,0.0,0.0,227.95,3.79,85.0,99800.0
1990-03-20 19:00:00+00:00,-0.33,75.6,0.0,0.0,0.0,222.95,3.24,91.0,99890.0
1990-03-20 20:00:00+00:00,-0.8,78.6,0.0,0.0,0.0,229.3,2.97,94.0,99950.0
1990-03-20 21:00:00+00:00,-1.13,78.5,0.0,0.0,0.0,231.85,2.9,95.0,100000.0
1990-03-20 22:00:00+00:00,-1.51,78.5,0.0,0.0,0.0,228.15,2.69,98.0,100030.0
1990-03-20 23:00:00+00:00,-2.13,84.85,0.0,0.0,0.0,221.95,2.41,104.0,100070.0
1990-03-21 00:00:00+00:00,-3.22,88.25,0.0,0.0,0.0,222.75,2.21,103.0,100100.0
1990-03-21 01:00:00+00:00,-4.3,88.15,0.0,0.0,0.0,227.1,2.07,95.0,100090.0
1990-03-21 02:00:00+00:00,-5.29,91.7,0.0,0.0,0.0,225.25,2.28,91.0,100090.0
1990-03-21 03:00:00+00:00,-5.8,91.7,0.0,0.0,0.0,223.5,2.34,94.0,100080.0
1990-03-21 04:00:00+00:00,-5.94,91.7,0.0,0.0,0.0,222.35,2.34,104.0,100090.0
1990-03-21 05:00:00+00:00,-6.49,91.65,0.0,0.0,0.0,221.75,2.55,107.0,100120.0
1990-03-21 06:00:00+00:00,-6.93,91.6,0.0,0.0,0.0,228.15,2.83,105.0,100130.0
1990-03-21 07:00:00+00:00,-6.56,91.65,88.0,412.56,36.0,224.5,2.69,102.0,100170.0
1990-03-21 08:00:00+00:00,-5.05,91.7,201.0,391.25,98.0,222.95,3.17,98.0,100190.0
1990-03-21 09:00:00+00:00,-0.97,75.55,362.0,708.0,91.0,227.4,4.76,101.0,100190.0
1990-03-21 10:00:00+00:00,0.54,67.3,458.0,707.33,121.0,237.05,5.17,99.0,100210.0
1990-03-21 11:00:00+00:00,1.33,67.3,496.0,593.07,177.0,264.15,5.93,95.0,100180.0
1990-03-21 12:00:00+00:00,1.6,64.8,236.0,14.21,228.0,270.35,5.93,94.0,100160.0
1990-03-21 13:00:00+00:00,1.7,64.8,110.0,0.0,110.0,275.4,5.59,98.0,100200.0
1990-03-21 14:00:00+00:00,1.68,64.8,205.0,14.01,198.0,287.4,5.66,101.0,100200.0
1990-03-21 15:00:00+00:00,1.51,64.8,256.0,142.05,197.0,284.65,6.14,100.0,100140.0
1990-03-21 16:00:00+00:00,1.42,67.3,107.0,9.9,104.0,257.0,6.41,97.0,100100.0
1990-03-21 17:00:00+00:00,1.15,67.3,69.0,41.05,62.0,247.9,6.28,98.0,100090.0
1990-03-21 18:00:00+00:00,0.61,70.05,0.0,0.0,0.0,251.4,6.21,101.0,100120.0
1990-03-21 19:00:00+00:00,-0.05,75.6,0.0,0.0,0.0,226.05,6.14,101.0,100090.0
1990-03-21 20:00:00+00:00,-0.13,75.6,0.0,0.0,0.0,235.5,6.28,100.0,100100.0
1990-03-21 21:00:00+00:00,-0.16,75.6,0.0,0.0,0.0,231.65,6.83,103.0,100050.0
1990-03-21 22:00:00+00:00,-0.05,78.65,0.0,0.0,0.0,243.85,7.17,106.0,100020.0
1990-03-21 23:00:00+00:00,-0.02,78.65,0.0,0.0,0.0,242.5,7.31,108.0,100010.0
1990-03-22 00:00:00+00:00,0.06,78.75,0.0,0.0,0.0,262.05,7.17,109.0,100020.0
1990-03-22 01:00:00+00:00,0.1,81.9,0.0,0.0,0.0,266.8,7.45,108.0,100000.0
1990-03-22 02:00:00+00:00,0.34,81.9,0.0,0.0,0.0,285.65,7.72,106.0,99930.0
1990-03-22 03:00:00+00:00,0.44,81.9,0.0,0.0,0.0,288.95,8.21,105.0,99850.0
1990-03-22 04:00:00+00:00,0.45,78.75,0.0,0.0,0.0,293.95,8.14,106.0,99830.0
1990-03-22 05:00:00+00:00,0.34,75.7,0.0,0.0,0.0,291.85,7.86,106.0,99870.0
1990-03-22 06:00:00+00:00,0.09,72.75,0.0,0.0,0.0,295.3,8.07,106.0,99870.0
1990-03-22 07:00:00+00:00,0.1,72.75,16.0,0.0,16.0,290.5,7.86,105.0,99870.0
1990-03-22 08:00:00+00:00,0.27,72.75,33.0,0.0,33.0,291.85,8.07,105.0,99870.0
1990-03-22 09:00:00+00:00,0.63,67.3,56.0,0.0,56.0,289.5,10.0,109.0,99850.0
1990-03-22 10:00:00+00:00,0.94,67.3,68.0,0.0,68.0,293.0,9.38,108.0,99830.0
1990-03-22 11:00:00+00:00,1.18,67.3,104.0,0.0,104.0,298.05,9.86,108.0,99820.0
1990-03-22 12:00:00+00:00,1.4,70.05,80.0,0.0,80.0,297.05,10.28,108.0,99800.0
1990-03-22 13:00:00+00:00,1.45,70.05,107.0,0.0,107.0,297.45,10.55,109.0,99840.0
1990-03-22 14:00:00+00:00,1.25,72.85,68.0,0.0,68.0,296.85,9.86,108.0,99850.0
1990-03-22 15:00:00+00:00,0.98,75.75,59.0,0.0,59.0,298.05,9.79,106.0,99800.0
1990-03-22 16:00:00+00:00,0.85,75.75,40.0,0.0,40.0,297.65,9.86,103.0,99780.0
1990-03-22 17:00:00+00:00,0.66,78.8,25.0,0.0,25.0,297.85,8.97,101.0,99790.0
1990-03-22 18:00:00+00:00,0.36,81.9,2.0,0.0,2.0,299.4,8.83,100.0,99800.0
1990-03-22 19:00:00+00:00,0.12,78.75,0.0,0.0,0.0,289.3,8.62,98.0,99850.0
1990-03-22 20:00:00+00:00,0.05,78.75,0.0,0.0,0.0,295.1,8.62,98.0,99900.0
1990-03-22 21:00:00+00:00,-0.03,81.8,0.0,0.0,0.0,297.05,8.34,99.0,99920.0
1990-03-22 22:00:00+00:00,-0.13,81.8,0.0,0.0,0.0,295.5,8.69,100.0,99950.0
1990-03-22 23:00:00+00:00,-0.01,81.8,0.0,0.0,0.0,298.2,8.41,101.0,100010.0
1990-03-23 00:00:00+00:00,0.01,78.75,0.0,0.0,0.0,299.0,8.28,102.0,100050.0
1990-03-23 01:00:00+00:00,0.12,81.9,0.0,0.0,0.0,297.75,8.28,101.0,100030.0
1990-03-23 02:00:00+00:00,0.22,81.9,0.0,0.0,0.0,297.25,8.48,101.0,100030.0
1990-03-23 03:00:00+00:00,0.21,81.9,0.0,0.0,0.0,296.65,8.41,100.0,100000.0
1990-03-23 04:00:00+00:00,0.28,81.9,0.0,0.0,0.0,298.05,8.55,100.0,100010.0
1990-03-23 05:00:00+00:00,0.33,78.75,0.0,0.0,0.0,298.8,8.55,99.0,100050.0
1990-03-23 06:00:00+00:00,0.26,78.75,0.0,0.0,0.0,297.85,8.62,99.0,100080.0
1990-03-23 07:00:00+00:00,-0.2,78.65,18.0,0.0,18.0,296.5,8.21,98.0,100160.0
1990-03-23 08:00:00+00:00,-0.08,78.65,38.0,0.0,38.0,292.2,8.48,97.0,100200.0
1990-03-23 09:00:00+00:00,0.0,72.75,68.0,0.0,68.0,286.4,9.24,98.0,100230.0
1990-03-23 10:00:00+00:00,0.05,72.75,90.0,0.0,90.0,287.55,9.79,101.0,100270.0
1990-03-23 11:00:00+00:00,0.29,69.95,93.0,0.0,93.0,292.05,9.1,101.0,100290.0
1990-03-23 12:00:00+00:00,0.34,69.95,104.0,0.0,104.0,292.05,9.79,102.0,100330.0
1990-03-23 13:00:00+00:00,0.36,69.95,102.0,0.0,102.0,292.4,8.9,101.0,100340.0
1990-03-23 14:00:00+00:00,0.23,69.95,99.0,0.0,99.0,294.15,8.69,99.0,100340.0
1990-03-23 15:00:00+00:00,0.0,72.65,76.0,0.0,76.0,293.95,8.55,99.0,100340.0
1990-03-23 16:00:00+00:00,-0.01,72.65,37.0,0.0,37.0,294.95,8.14,98.0,100370.0
1990-03-23 17:00:00+00:00,-0.08,72.65,18.0,0.0,18.0,288.15,8.0,98.0,100400.0
1990-03-23 18:00:00+00:00,-0.22,72.65,1.0,0.0,1.0,291.05,8.0,98.0,100430.0
1990-03-23 19:00:00+00:00,-0.28,72.65,0.0,0.0,0.0,294.75,7.72,95.0,100470.0
1990-03-23 20:00:00+00:00,-0.29,72.65,0.0,0.0,0.0,293.0,7.66,94.0,100510.0
1990-03-23 21:00:00+00:00,-0.31,72.65,0.0,0.0,0.0,288.55,7.66,95.0,100520.0
1990-03-23 22:00:00+00:00,-0.28,72.65,0.0,0.0,0.0,290.3,7.59,94.0,100540.0
1990-03-23 23:00:00+00:00,-0.25,72.65,0.0,0.0,0.0,291.65,7.59,94.0,100550.0
1990-03-24 00:00:00+00:00,-0.28,72.65,0.0,0.0,0.0,289.3,7.59,94.0,100580.0
1990-03-24 01:00:00+00:00,-0.29,72.65,0.0,0.0,0.0,291.55,7.52,94.0,100560.0
1990-03-24 02:00:00+00:00,-0.34,72.65,0.0,0.0,0.0,288.55,7.45,93.0,100580.0
1990-03-24 03:00:00+00:00,-0.41,72.65,0.0,0.0,0.0,288.35,7.38,93.0,100560.0
1990-03-24 04:00:00+00:00,-0.45,69.85,0.0,0.0,0.0,287.95,7.31,93.0,100560.0
1990-03-24 05:00:00+00:00,-0.57,72.6,0.0,0.0,0.0,277.3,7.31,93.0,100570.0
1990-03-24 06:00:00+00:00,-0.64,72.6,0.0,0.0,0.0,276.95,7.31,93.0,100600.0
1990-03-24 07:00:00+00:00,-0.43,69.85,39.0,6.88,38.0,277.5,7.24,89.0,100600.0
1990-03-24 08:00:00+00:00,-0.3,69.85,127.0,42.5,115.0,273.25,7.66,90.0,100630.0
1990-03-24 09:00:00+00:00,-0.01,67.1,184.0,34.87,170.0,266.5,8.69,92.0,100660.0
1990-03-24 10:00:00+00:00,0.02,64.55,210.0,18.19,201.0,286.4,8.69,94.0,100690.0
1990-03-24 11:00:00+00:00,0.04,64.55,165.0,0.0,165.0,287.95,8.76,94.0,100720.0
1990-03-24 12:00:00+00:00,0.33,67.2,184.0,0.0,184.0,287.0,9.03,96.0,100740.0
1990-03-24 13:00:00+00:00,0.46,67.2,160.0,0.0,160.0,284.5,8.9,96.0,100750.0
1990-03-24 14:00:00+00:00,0.45,69.95,79.0,0.0,79.0,294.15,8.55,96.0,100750.0
1990-03-24 15:00:00+00:00,0.32,69.95,196.0,30.18,183.0,283.3,8.28,95.0,100750.0
1990-03-24 16:00:00+00:00,0.35,69.95,147.0,43.99,133.0,287.4,8.14,94.0,100750.0
1990-03-24 17:00:00+00:00,0.29,69.95,93.0,97.07,75.0,264.55,7.86,94.0,100790.0
1990-03-24 18:00:00+00:00,0.06,69.95,2.0,0.0,2.0,257.4,7.1,92.0,100820.0
1990-03-24 19:00:00+00:00,-0.16,72.65,0.0,0.0,0.0,230.1,7.24,91.0,100800.0
1990-03-24 20:00:00+00:00,-0.27,72.65,0.0,0.0,0.0,234.95,7.17,90.0,100830.0
1990-03-24 21:00:00+00:00,-0.42,72.65,0.0,0.0,0.0,238.05,7.1,91.0,100870.0
1990-03-24 22:00:00+00:00,-0.43,72.65,0.0,0.0,0.0,245.6,6.97,92.0,100890.0
1990-03-24 23:00:00+00:00,-0.2,72.65,0.0,0.0,0.0,281.95,6.9,92.0,100900.0
1990-03-25 00:00:00+00:00,-0.14,72.65,0.0,0.0,0.0,285.45,6.76,92.0,100910.0
1990-03-25 01:00:00+00:00,-0.06,72.65,0.0,0.0,0.0,282.65,6.34,92.0,100880.0
1990-03-25 02:00:00+00:00,0.0,69.95,0.0,0.0,0.0,276.75,6.14,91.0,100870.0
1990-03-25 03:00:00+00:00,0.08,69.95,0.0,0.0,0.0,273.05,5.93,90.0,100830.0
1990-03-25 04:00:00+00:00,-0.3,72.65,0.0,0.0,0.0,238.6,5.93,90.0,100830.0
1990-03-25 05:00:00+00:00,-0.46,72.65,0.0,0.0,0.0,231.45,5.72,88.0,100840.0
1990-03-25 06:00:00+00:00,-0.45,72.65,0.0,0.0,0.0,249.85,5.66,85.0,100870.0
1990-03-25 07:00:00+00:00,-0.17,72.65,61.0,39.53,55.0,235.7,6.41,84.0,100870.0
1990-03-25 08:00:00+00:00,0.26,69.95,77.0,0.0,77.0,239.4,7.59,85.0,100890.0
1990-03-25 09:00:00+00:00,0.66,67.3,69.0,0.0,69.0,262.4,8.07,85.0,100900.0
1990-03-25 10:00:00+00:00,0.82,67.3,94.0,0.0,94.0,272.5,8.21,85.0,100900.0
1990-03-25 11:00:00+00:00,0.89,67.3,111.0,0.0,111.0,279.05,8.07,86.0,100910.0
1990-03-25 12:00:00+00:00,1.12,67.3,117.0,0.0,117.0,263.4,7.93,84.0,100890.0
1990-03-25 13:00:00+00:00,1.09,67.3,124.0,0.0,124.0,269.6,7.66,85.0,100870.0
1990-03-25 14:00:00+00:00,1.18,67.3,165.0,0.0,165.0,271.3,7.38,85.0,100850.0
1990-03-25 15:00:00+00:00,0.93,67.3,106.0,0.0,106.0,271.7,7.03,84.0,100830.0
1990-03-25 16:00:00+00:00,0.87,67.3,118.0,9.28,115.0,277.9,6.83,84.0,100800.0
1990-03-25 17:00:00+00:00,0.55,67.3,57.0,5.25,56.0,259.5,6.28,83.0,100800.0
1990-03-25 18:00:00+00:00,0.1,69.95,4.0,0.0,4.0,241.9,5.59,82.0,100790.0
1990-03-25 19:00:00+00:00,-0.31,72.65,0.0,0.0,0.0,228.15,5.38,79.0,100780.0
1990-03-25 20:00:00+00:00,-0.45,69.85,0.0,0.0,0.0,235.15,5.38,79.0,100800.0
1990-03-25 21:00:00+00:00,-0.58,72.6,0.0,0.0,0.0,230.5,5.31,80.0,100790.0
1990-03-25 22:00:00+00:00,-0.68,72.6,0.0,0.0,0.0,224.85,5.17,81.0,100790.0
1990-03-25 23:00:00+00:00,-0.66,72.6,0.0,0.0,0.0,233.4,4.9,83.0,100750.0
1990-03-26 00:00:00+00:00,-0.6,72.6,0.0,0.0,0.0,245.0,4.76,84.0,100740.0
1990-03-26 01:00:00+00:00,-0.76,75.55,0.0,0.0,0.0,234.05,4.62,86.0,100720.0
1990-03-26 02:00:00+00:00,-0.9,75.55,0.0,0.0,0.0,233.2,4.62,86.0,100690.0
1990-03-26 03:00:00+00:00,-0.99,75.55,0.0,0.0,0.0,232.05,4.34,87.0,100660.0
1990-03-26 04:00:00+00:00,-1.11,78.5,0.0,0.0,0.0,230.65,4.14,86.0,100640.0
1990-03-26 05:00:00+00:00,-1.09,78.5,0.0,0.0,0.0,239.2,4.07,84.0,100630.0
1990-03-26 06:00:00+00:00,-1.17,78.5,0.0,0.0,0.0,235.7,3.86,81.0,100630.0
1990-03-26 07:00:00+00:00,-0.47,72.65,70.0,63.22,60.0,249.45,4.41,75.0,100630.0
1990-03-26 08:00:00+00:00,-0.14,72.65,162.0,105.1,131.0,239.2,5.86,79.0,100640.0
1990-03-26 09:00:00+00:00,0.38,69.95,303.0,280.33,187.0,254.5,6.48,81.0,100630.0
1990-03-26 10:00:00+00:00,0.89,64.65,254.0,47.37,230.0,245.4,6.69,80.0,100610.0
1990-03-26 11:00:00+00:00,1.22,64.65,276.0,37.03,255.0,257.75,6.76,81.0,100580.0
1990-03-26 12:00:00+00:00,1.37,67.3,234.0,8.46,229.0,268.8,6.83,82.0,100570.0
1990-03-26 13:00:00+00:00,1.51,64.8,154.0,0.0,154.0,258.75,6.83,82.0,100540.0
1990-03-26 14:00:00+00:00,1.61,64.8,448.0,450.73,211.0,257.75,6.9,82.0,100490.0
1990-03-26 15:00:00+00:00,1.56,64.8,318.0,258.54,204.0,266.3,6.62,85.0,100480.0
1990-03-26 16:00:00+00:00,1.54,64.8,154.0,45.71,139.0,253.9,6.48,88.0,100460.0
1990-03-26 17:00:00+00:00,1.16,67.3,125.0,240.71,78.0,253.3,5.72,89.0,100450.0
1990-03-26 18:00:00+00:00,0.64,67.3,10.0,0.0,10.0,231.85,4.83,88.0,100480.0
1990-03-26 19:00:00+00:00,-0.01,69.85,0.0,0.0,0.0,228.95,4.48,89.0,100460.0
1990-03-26 20:00:00+00:00,-0.32,67.1,0.0,0.0,0.0,225.25,4.21,90.0,100480.0
1990-03-26 21:00:00+00:00,-0.61,67.0,0.0,0.0,0.0,220.05,3.79,89.0,100480.0
1990-03-26 22:00:00+00:00,-0.86,67.0,0.0,0.0,0.0,221.4,3.38,84.0,100460.0
1990-03-26 23:00:00+00:00,-1.02,69.65,0.0,0.0,0.0,231.25,3.38,74.0,100440.0
1990-03-27 00:00:00+00:00,-1.2,72.5,0.0,0.0,0.0,228.75,3.59,67.0,100440.0
1990-03-27 01:00:00+00:00,-1.18,75.45,0.0,0.0,0.0,239.5,3.79,64.0,100410.0
1990-03-27 02:00:00+00:00,-1.25,78.5,0.0,0.0,0.0,234.15,3.79,65.0,100370.0
1990-03-27 03:00:00+00:00,-1.25,81.7,0.0,0.0,0.0,240.55,3.72,66.0,100310.0
1990-03-27 04:00:00+00:00,-1.14,85.0,0.0,0.0,0.0,252.35,3.72,63.0,100270.0
1990-03-27 05:00:00+00:00,-1.02,85.0,0.0,0.0,0.0,256.05,3.93,62.0,100250.0
1990-03-27 06:00:00+00:00,-0.75,81.75,0.0,0.0,0.0,266.5,4.14,62.0,100260.0
1990-03-27 07:00:00+00:00,-0.66,81.75,72.0,60.76,62.0,239.0,4.41,58.0,100270.0
1990-03-27 08:00:00+00:00,-0.21,78.65,203.0,239.02,131.0,241.15,5.24,59.0,100280.0
1990-03-27 09:00:00+00:00,0.42,75.7,200.0,40.48,183.0,243.45,5.66,61.0,100270.0
1990-03-27 10:00:00+00:00,0.76,72.85,249.0,39.02,229.0,257.0,5.93,64.0,100260.0
1990-03-27 11:00:00+00:00,1.47,70.05,338.0,99.5,281.0,251.0,6.34,67.0,100240.0
1990-03-27 12:00:00+00:00,1.58,67.4,373.0,127.37,297.0,255.05,6.28,70.0,100210.0
1990-03-27 13:00:00+00:00,1.85,64.8,308.0,56.66,275.0,266.5,6.28,72.0,100210.0
1990-03-27 14:00:00+00:00,1.89,64.8,396.0,276.85,249.0,252.75,6.0,73.0,100200.0
1990-03-27 15:00:00+00:00,1.88,67.4,150.0,2.24,149.0,267.25,5.66,72.0,100200.0
1990-03-27 16:00:00+00:00,1.79,64.8,163.0,57.04,144.0,270.35,5.66,72.0,100200.0
1990-03-27 17:00:00+00:00,1.53,67.4,58.0,5.0,57.0,263.4,5.17,70.0,100220.0
1990-03-27 18:00:00+00:00,1.04,70.05,4.0,0.0,4.0,247.3,4.41,67.0,100240.0
1990-03-27 19:00:00+00:00,0.34,69.95,0.0,0.0,0.0,239.6,3.72,62.0,100250.0
1990-03-27 20:00:00+00:00,-0.02,72.65,0.0,0.0,0.0,233.75,3.66,58.0,100270.0
1990-03-27 21:00:00+00:00,0.06,69.95,0.0,0.0,0.0,260.85,3.86,59.0,100270.0
1990-03-27 22:00:00+00:00,-0.32,72.65,0.0,0.0,0.0,237.65,3.79,61.0,100270.0
1990-03-27 23:00:00+00:00,-0.54,81.75,0.0,0.0,0.0,248.3,4.0,65.0,100250.0
1990-03-28 00:00:00+00:00,-0.66,85.05,0.0,0.0,0.0,248.1,3.93,69.0,100250.0
1990-03-28 01:00:00+00:00,-0.81,85.05,0.0,0.0,0.0,237.35,3.66,71.0,100260.0
1990-03-28 02:00:00+00:00,-0.64,85.05,0.0,0.0,0.0,263.95,3.45,75.0,100230.0
1990-03-28 03:00:00+00:00,-0.81,85.05,0.0,0.0,0.0,250.2,3.17,75.0,100210.0
1990-03-28 04:00:00+00:00,-0.88,85.05,0.0,0.0,0.0,253.9,3.03,76.0,100190.0
1990-03-28 05:00:00+00:00,-0.95,81.75,0.0,0.0,0.0,255.65,2.83,74.0,100170.0
1990-03-28 06:00:00+00:00,-1.08,81.7,0.0,0.0,0.0,243.45,2.9,71.0,100190.0
1990-03-28 07:00:00+00:00,-0.56,85.05,94.0,146.25,69.0,245.4,3.17,69.0,100200.0
1990-03-28 08:00:00+00:00,0.32,75.7,91.0,0.0,91.0,245.0,4.9,75.0,100210.0
1990-03-28 09:00:00+00:00,0.97,67.3,138.0,2.35,137.0,253.15,5.52,80.0,100210.0
1990-03-28 10:00:00+00:00,1.55,64.8,166.0,1.93,165.0,253.3,5.59,83.0,100190.0
1990-03-28 11:00:00+00:00,1.95,64.8,212.0,5.19,209.0,265.5,5.38,86.0,100200.0
1990-03-28 12:00:00+00:00,2.32,62.35,195.0,1.66,194.0,282.95,5.1,86.0,100170.0
1990-03-28 13:00:00+00:00,2.65,60.05,302.0,49.35,273.0,276.55,4.83,85.0,100170.0
1990-03-28 14:00:00+00:00,2.67,60.05,182.0,1.87,181.0,284.5,4.62,84.0,100140.0
1990-03-28 15:00:00+00:00,2.46,64.9,242.0,73.18,209.0,283.7,4.41,82.0,100140.0
1990-03-28 16:00:00+00:00,2.2,64.9,210.0,162.72,155.0,289.3,4.21,79.0,100140.0
1990-03-28 17:00:00+00:00,1.98,67.4,170.0,570.75,53.0,273.85,4.07,78.0,100140.0
1990-03-28 18:00:00+00:00,1.45,72.85,19.0,32.81,17.0,241.9,3.52,75.0,100140.0
1990-03-28 19:00:00+00:00,0.56,70.05,0.0,0.0,0.0,233.75,3.1,68.0,100170.0
1990-03-28 20:00:00+00:00,-0.19,75.6,0.0,0.0,0.0,224.3,2.76,69.0,100170.0
1990-03-28 21:00:00+00:00,-0.78,78.6,0.0,0.0,0.0,226.4,2.48,71.0,100160.0
1990-03-28 22:00:00+00:00,-1.59,81.65,0.0,0.0,0.0,222.15,2.41,72.0,100130.0
1990-03-28 23:00:00+00:00,-2.73,88.25,0.0,0.0,0.0,223.3,2.34,73.0,100100.0
1990-03-29 00:00:00+00:00,-3.71,88.2,0.0,0.0,0.0,224.1,2.28,71.0,100070.0
1990-03-29 01:00:00+00:00,-4.03,88.2,0.0,0.0,0.0,229.45,2.14,70.0,100030.0
1990-03-29 02:00:00+00:00,-3.79,88.2,0.0,0.0,0.0,238.6,2.0,67.0,99980.0
1990-03-29 03:00:00+00:00,-3.74,88.2,0.0,0.0,0.0,236.3,2.0,64.0,99940.0
1990-03-29 04:00:00+00:00,-3.85,88.2,0.0,0.0,0.0,238.6,2.0,64.0,99900.0
1990-03-29 05:00:00+00:00,-3.84,88.2,0.0,0.0,0.0,252.75,2.07,66.0,99880.0
1990-03-29 06:00:00+00:00,-3.74,88.2,2.0,0.0,2.0,250.8,2.0,68.0,99890.0
1990-03-29 07:00:00+00:00,-3.15,91.8,70.0,33.85,64.0,251.6,1.93,70.0,99900.0
1990-03-29 08:00:00+00:00,-0.88,78.6,98.0,3.19,97.0,267.85,3.03,79.0,99880.0
1990-03-29 09:00:00+00:00,0.96,70.05,243.0,92.58,203.0,255.45,3.79,85.0,99890.0
1990-03-29 10:00:00+00:00,1.63,64.8,416.0,347.11,234.0,242.1,3.93,83.0,99860.0
1990-03-29 11:00:00+00:00,1.96,64.8,352.0,107.84,289.0,272.3,3.93,79.0,99830.0
1990-03-29 12:00:00+00:00,2.25,62.35,204.0,1.65,203.0,261.45,4.07,77.0,99810.0
1990-03-29 13:00:00+00:00,2.41,62.35,318.0,60.72,282.0,283.1,4.21,75.0,99760.0
1990-03-29 14:00:00+00:00,2.43,62.35,480.0,515.54,201.0,280.4,4.28,75.0,99750.0
1990-03-29 15:00:00+00:00,2.25,62.35,393.0,495.73,167.0,274.2,4.28,75.0,99720.0
1990-03-29 16:00:00+00:00,2.06,62.35,221.0,186.66,157.0,275.0,4.28,77.0,99690.0
1990-03-29 17:00:00+00:00,1.72,64.8,141.0,276.42,83.0,258.15,4.0,79.0,99690.0
1990-03-29 18:00:00+00:00,1.2,70.05,24.0,75.97,19.0,231.85,3.38,80.0,99700.0
1990-03-29 19:00:00+00:00,0.16,72.75,0.0,0.0,0.0,219.25,3.03,75.0,99730.0
1990-03-29 20:00:00+00:00,-0.53,78.6,0.0,0.0,0.0,220.05,2.55,78.0,99740.0
1990-03-29 21:00:00+00:00,-1.43,78.5,0.0,0.0,0.0,221.75,2.28,78.0,99760.0
1990-03-29 22:00:00+00:00,-2.8,84.85,0.0,0.0,0.0,222.15,2.0,77.0,99740.0
1990-03-29 23:00:00+00:00,-2.87,84.85,0.0,0.0,0.0,225.45,1.72,74.0,99770.0
1990-03-30 00:00:00+00:00,-1.46,78.5,0.0,0.0,0.0,222.15,1.45,61.0,99770.0
1990-03-30 01:00:00+00:00,-0.9,75.55,0.0,0.0,0.0,225.95,1.38,46.0,99770.0
1990-03-30 02:00:00+00:00,-1.13,78.5,0.0,0.0,0.0,224.1,1.45,27.0,99780.0
1990-03-30 03:00:00+00:00,-1.9,81.65,0.0,0.0,0.0,227.6,1.59,16.0,99780.0
1990-03-30 04:00:00+00:00,-3.07,91.8,0.0,0.0,0.0,230.65,1.72,13.0,99760.0
1990-03-30 05:00:00+00:00,-3.94,91.8,0.0,0.0,0.0,241.15,1.93,13.0,99780.0
1990-03-30 06:00:00+00:00,-4.02,91.8,3.0,0.0,3.0,247.3,1.93,16.0,99830.0
1990-03-30 07:00:00+00:00,-3.35,91.8,82.0,59.91,71.0,242.65,1.72,7.0,99830.0
1990-03-30 08:00:00+00:00,-2.77,88.25,97.0,3.13,96.0,254.65,2.34,26.0,99860.0
1990-03-30 09:00:00+00:00,0.36,72.75,149.0,4.57,147.0,253.9,2.55,43.0,99870.0
1990-03-30 10:00:00+00:00,1.16,70.05,98.0,0.0,98.0,260.65,2.76,57.0,99860.0
1990-03-30 11:00:00+00:00,1.82,67.4,132.0,0.0,132.0,273.25,2.97,63.0,99870.0
1990-03-30 12:00:00+00:00,2.18,64.9,411.0,169.66,307.0,274.6,3.03,69.0,99870.0
1990-03-30 13:00:00+00:00,2.33,64.9,131.0,0.0,131.0,282.35,2.9,71.0,99860.0
1990-03-30 14:00:00+00:00,2.49,64.9,291.0,62.25,257.0,279.45,2.69,72.0,99840.0
1990-03-30 15:00:00+00:00,2.28,64.9,181.0,10.85,176.0,272.65,2.55,73.0,99850.0
1990-03-30 16:00:00+00:00,2.32,64.9,164.0,46.01,148.0,284.1,2.41,79.0,99830.0
1990-03-30 17:00:00+00:00,2.15,64.9,149.0,312.15,82.0,270.35,2.28,84.0,99840.0
1990-03-30 18:00:00+00:00,1.5,72.85,21.0,28.31,19.0,236.5,1.86,88.0,99870.0
1990-03-30 19:00:00+00:00,0.28,75.7,0.0,0.0,0.0,234.35,2.14,100.0,99910.0
1990-03-30 20:00:00+00:00,-0.79,78.6,0.0,0.0,0.0,239.75,2.07,119.0,99940.0
1990-03-30 21:00:00+00:00,-1.95,81.65,0.0,0.0,0.0,243.65,2.0,135.0,99970.0
1990-03-30 22:00:00+00:00,-2.38,81.55,0.0,0.0,0.0,251.4,1.86,146.0,99960.0
1990-03-30 23:00:00+00:00,-2.13,81.55,0.0,0.0,0.0,260.3,1.66,151.0,99960.0
1990-03-31 00:00:00+00:00,-1.43,78.5,0.0,0.0,0.0,257.0,1.38,153.0,99970.0
1990-03-31 01:00:00+00:00,-0.26,72.65,0.0,0.0,0.0,246.45,1.24,155.0,99970.0
1990-03-31 02:00:00+00:00,-0.2,72.65,0.0,0.0,0.0,233.4,1.1,155.0,99980.0
1990-03-31 03:00:00+00:00,-0.28,72.65,0.0,0.0,0.0,228.95,0.97,149.0,99950.0
1990-03-31 04:00:00+00:00,-0.25,72.65,0.0,0.0,0.0,250.4,0.97,139.0,99930.0
1990-03-31 05:00:00+00:00,-0.44,72.65,0.0,0.0,0.0,246.35,1.1,133.0,99940.0
1990-03-31 06:00:00+00:00,-0.62,75.55,3.0,0.0,3.0,244.6,1.24,129.0,99930.0
1990-03-31 07:00:00+00:00,-2.23,84.85,101.0,115.86,79.0,260.5,1.59,113.0,99940.0
1990-03-31 08:00:00+00:00,-1.83,81.65,228.0,260.71,143.0,249.45,2.14,116.0,99970.0
1990-03-31 09:00:00+00:00,1.18,70.05,381.0,490.92,163.0,250.05,2.55,123.0,99960.0
1990-03-31 10:00:00+00:00,1.85,64.8,545.0,820.99,105.0,251.75,2.55,124.0,99970.0
1990-03-31 11:00:00+00:00,2.33,62.35,585.0,718.86,157.0,269.2,2.62,123.0,99940.0
1990-03-31 12:00:00+00:00,2.73,60.05,321.0,50.13,290.0,277.7,2.83,121.0,99930.0
1990-03-31 13:00:00+00:00,2.86,60.05,305.0,44.75,278.0,288.75,3.03,118.0,99900.0
1990-03-31 14:00:00+00:00,3.06,57.8,224.0,12.7,217.0,291.05,3.24,118.0,99880.0
1990-03-31 15:00:00+00:00,3.4,57.8,224.0,40.8,205.0,293.75,3.31,114.0,99850.0
1990-03-31 16:00:00+00:00,0.97,62.5,118.0,5.67,116.0,253.03,2.91,110.0,99840.0
1990-03-31 17:00:00+00:00,1.12,64.63,75.0,9.11,73.0,255.24,3.03,108.0,99850.0
1990-03-31 18:00:00+00:00,1.27,66.76,13.0,0.0,13.0,257.46,3.16,113.0,99860.0
1990-03-31 19:00:00+00:00,1.41,68.9,0.0,0.0,0.0,259.68,3.29,115.0,99890.0
1990-03-31 20:00:00+00:00,1.56,71.03,0.0,0.0,0.0,261.9,3.42,119.0,99920.0
1990-03-31 21:00:00+00:00,1.71,73.16,0.0,0.0,0.0,264.12,3.54,121.0,99920.0
1990-03-31 22:00:00+00:00,1.86,75.29,0.0,0.0,0.0,266.34,3.67,122.0,99910.0
1990-03-31 23:00:00+00:00,2.01,77.42,0.0,0.0,0.0,268.56,3.8,122.0,99920.0
1990-04-01 00:00:00+00:00,2.16,79.55,0.0,0.0,0.0,270.78,3.93,191.0,99830.0
1990-04-01 01:00:00+00:00,2.31,81.68,0.0,0.0,0.0,273.0,4.05,185.0,99760.0
1990-04-01 02:00:00+00:00,2.46,83.82,0.0,0.0,0.0,275.22,4.18,190.0,99720.0
1990-04-01 03:00:00+00:00,2.61,85.95,0.0,0.0,0.0,277.44,4.31,193.0,99640.0
1990-04-01 04:00:00+00:00,2.76,88.08,0.0,0.0,0.0,279.65,4.44,191.0,99590.0
1990-04-01 05:00:00+00:00,2.91,90.21,0.0,0.0,0.0,281.87,4.56,187.0,99490.0
1990-04-01 06:00:00+00:00,3.06,92.34,7.0,0.0,7.0,284.09,4.69,186.0,99440.0
1990-04-01 07:00:00+00:00,3.21,94.47,44.0,0.0,44.0,286.31,4.82,184.0,99420.0
1990-04-01 08:00:00+00:00,4.54,85.5,55.0,0.0,55.0,312.55,5.72,183.0,99360.0
1990-04-01 09:00:00+00:00,4.94,85.55,75.0,0.0,75.0,313.3,6.14,181.0,99260.0
1990-04-01 10:00:00+00:00,5.83,79.4,133.0,0.0,133.0,307.9,7.52,184.0,99190.0
1990-04-01 11:00:00+00:00,6.59,79.5,144.0,0.0,144.0,309.45,7.45,186.0,99100.0
1990-04-01 12:00:00+00:00,7.17,73.9,215.0,3.18,213.0,319.9,8.21,191.0,99030.0
1990-04-01 13:00:00+00:00,7.07,76.65,212.0,3.26,210.0,324.55,7.86,191.0,98950.0
1990-04-01 14:00:00+00:00,6.93,79.55,131.0,0.0,131.0,327.45,7.79,191.0,98900.0
1990-04-01 15:00:00+00:00,6.7,82.6,115.0,0.0,115.0,329.0,8.62,195.0,98840.0
1990-04-01 16:00:00+00:00,6.33,88.95,104.0,0.0,104.0,329.95,8.14,196.0,98770.0
1990-04-01 17:00:00+00:00,6.36,88.95,34.0,0.0,34.0,332.1,8.0,197.0,98740.0
1990-04-01 18:00:00+00:00,6.39,88.95,9.0,0.0,9.0,332.3,7.86,198.0,98690.0
1990-04-01 19:00:00+00:00,6.83,89.0,0.0,0.0,0.0,332.1,7.79,198.0,98670.0
1990-04-01 20:00:00+00:00,7.06,92.35,0.0,0.0,0.0,334.2,7.45,200.0,98650.0
1990-04-01 21:00:00+00:00,7.28,92.35,0.0,0.0,0.0,339.85,6.83,205.0,98690.0
1990-04-01 22:00:00+00:00,7.41,92.35,0.0,0.0,0.0,342.95,5.86,211.0,98730.0
1990-04-01 23:00:00+00:00,7.42,95.8,0.0,0.0,0.0,343.7,4.69,222.0,98800.0
1990-04-02 00:00:00+00:00,7.26,92.35,0.0,0.0,0.0,343.5,3.66,237.0,98900.0
1990-04-02 01:00:00+00:00,6.96,95.8,0.0,0.0,0.0,340.35,3.1,248.0,98950.0
1990-04-02 02:00:00+00:00,6.57,95.8,0.0,0.0,0.0,331.1,2.55,250.0,98990.0
1990-04-02 03:00:00+00:00,6.2,92.3,0.0,0.0,0.0,324.35,2.0,243.0,99010.0
1990-04-02 04:00:00+00:00,5.71,92.3,0.0,0.0,0.0,311.75,1.66,226.0,99050.0
1990-04-02 05:00:00+00:00,5.1,99.4,0.0,0.0,0.0,301.5,1.52,207.0,99080.0
1990-04-02 06:00:00+00:00,4.67,95.75,13.0,0.0,13.0,306.75,1.31,195.0,99110.0
1990-04-02 07:00:00+00:00,5.67,95.75,76.0,19.18,72.0,324.55,1.1,207.0,99190.0
1990-04-02 08:00:00+00:00,6.73,89.0,185.0,95.86,152.0,314.65,1.31,219.0,99240.0
1990-04-02 09:00:00+00:00,7.37,82.65,294.0,168.92,216.0,309.45,0.97,217.0,99250.0
1990-04-02 10:00:00+00:00,8.27,74.05,286.0,59.67,253.0,325.7,0.69,196.0,99290.0
1990-04-02 11:00:00+00:00,8.91,68.8,335.0,75.19,289.0,330.55,0.69,161.0,99270.0
1990-04-02 12:00:00+00:00,9.51,66.35,305.0,37.85,281.0,329.75,0.97,122.0,99280.0
1990-04-02 13:00:00+00:00,10.16,64.0,234.0,6.47,230.0,331.3,1.66,113.0,99270.0
1990-04-02 14:00:00+00:00,9.79,66.45,260.0,31.8,242.0,330.35,2.34,94.0,99250.0
1990-04-02 15:00:00+00:00,8.93,76.95,145.0,0.0,145.0,332.85,2.9,88.0,99220.0
1990-04-02 16:00:00+00:00,8.43,82.75,99.0,0.0,99.0,333.65,2.97,92.0,99190.0
1990-04-02 17:00:00+00:00,7.89,92.4,55.0,0.0,55.0,332.65,2.76,96.0,99180.0
1990-04-02 18:00:00+00:00,7.49,95.8,13.0,0.0,13.0,336.55,0.0,0.0,99160.0
1990-04-02 19:00:00+00:00,7.44,95.8,0.0,0.0,0.0,337.5,0.0,0.0,99140.0
1990-04-02 20:00:00+00:00,7.29,95.8,0.0,0.0,0.0,339.25,1.79,125.0,99150.0
1990-04-02 21:00:00+00:00,7.26,95.8,0.0,0.0,0.0,338.65,1.79,152.0,99140.0
1990-04-02 22:00:00+00:00,7.23,92.35,0.0,0.0,0.0,337.9,1.79,170.0,99120.0
1990-04-02 23:00:00+00:00,7.04,95.8,0.0,0.0,0.0,334.0,1.45,176.0,99080.0
1990-04-03 00:00:00+00:00,6.5,95.8,0.0,0.0,0.0,324.15,1.03,145.0,99040.0
1990-04-03 01:00:00+00:00,5.73,95.75,0.0,0.0,0.0,316.15,1.1,102.0,98940.0
1990-04-03 02:00:00+00:00,4.87,99.4,0.0,0.0,0.0,299.95,1.45,94.0,98900.0
1990-04-03 03:00:00+00:00,4.5,99.4,0.0,0.0,0.0,301.1,1.52,86.0,98820.0
1990-04-03 04:00:00+00:00,4.23,99.4,0.0,0.0,0.0,297.45,1.72,84.0,98760.0
1990-04-03 05:00:00+00:00,4.54,99.4,0.0,0.0,0.0,305.55,2.0,101.0,98720.0
1990-04-03 06:00:00+00:00,4.92,99.4,4.0,0.0,4.0,307.3,2.34,125.0,98720.0
1990-04-03 07:00:00+00:00,5.56,95.75,64.0,4.66,63.0,314.5,2.07,143.0,98690.0
1990-04-03 08:00:00+00:00,6.36,92.3,94.0,0.0,94.0,315.45,2.07,150.0,98670.0
1990-04-03 09:00:00+00:00,6.75,89.0,72.0,0.0,72.0,315.05,2.0,152.0,98670.0
1990-04-03 10:00:00+00:00,7.4,89.0,93.0,0.0,93.0,313.1,2.0,160.0,98670.0
1990-04-03 11:00:00+00:00,8.55,85.9,82.0,0.0,82.0,305.95,1.66,161.0,98630.0
1990-04-03 12:00:00+00:00,9.44,79.9,111.0,0.0,111.0,310.4,1.24,166.0,98600.0
1990-04-03 13:00:00+00:00,10.05,77.1,390.0,137.93,304.0,304.8,1.24,181.0,98600.0
1990-04-03 14:00:00+00:00,10.39,74.4,411.0,254.03,266.0,308.3,1.38,180.0,98570.0
1990-04-03 15:00:00+00:00,10.64,71.7,174.0,6.19,171.0,310.4,1.79,176.0,98560.0
1990-04-03 16:00:00+00:00,10.48,69.1,166.0,37.69,152.0,299.95,2.34,178.0,98560.0
1990-04-03 17:00:00+00:00,10.06,66.45,59.0,0.0,59.0,299.0,2.28,177.0,98580.0
1990-04-03 18:00:00+00:00,9.66,66.35,28.0,21.15,26.0,288.55,2.14,176.0,98600.0
1990-04-03 19:00:00+00:00,8.51,74.05,0.0,0.0,0.0,287.75,2.0,159.0,98640.0
1990-04-03 20:00:00+00:00,8.27,74.05,0.0,0.0,0.0,326.65,1.93,149.0,98680.0
1990-04-03 21:00:00+00:00,7.55,79.65,0.0,0.0,0.0,305.2,2.0,144.0,98690.0
1990-04-03 22:00:00+00:00,7.09,82.6,0.0,0.0,0.0,305.55,1.93,143.0,98700.0
1990-04-03 23:00:00+00:00,6.52,88.95,0.0,0.0,0.0,299.0,1.79,141.0,98670.0
1990-04-04 00:00:00+00:00,6.02,92.3,0.0,0.0,0.0,299.55,1.86,127.0,98680.0
1990-04-04 01:00:00+00:00,5.43,92.25,0.0,0.0,0.0,299.7,1.59,119.0,98660.0
1990-04-04 02:00:00+00:00,5.52,95.75,0.0,0.0,0.0,324.35,1.31,100.0,98630.0
1990-04-04 03:00:00+00:00,5.61,95.75,0.0,0.0,0.0,324.75,1.52,82.0,98590.0
1990-04-04 04:00:00+00:00,6.06,95.75,0.0,0.0,0.0,333.65,1.86,80.0,98550.0
1990-04-04 05:00:00+00:00,6.24,92.3,0.0,0.0,0.0,333.45,2.07,85.0,98530.0
1990-04-04 06:00:00+00:00,6.36,95.8,21.0,13.09,20.0,332.1,2.41,79.0,98530.0
1990-04-04 07:00:00+00:00,6.48,95.8,20.0,0.0,20.0,333.85,3.17,75.0,98450.0
1990-04-04 08:00:00+00:00,6.62,99.4,28.0,0.0,28.0,336.55,3.52,71.0,98430.0
1990-04-04 09:00:00+00:00,6.71,95.8,67.0,0.0,67.0,339.25,3.93,70.0,98420.0
1990-04-04 10:00:00+00:00,6.65,99.4,83.0,0.0,83.0,340.4,4.0,70.0,98400.0
1990-04-04 11:00:00+00:00,6.59,99.4,93.0,0.0,93.0,341.75,4.21,71.0,98370.0
1990-04-04 12:00:00+00:00,6.75,95.8,130.0,0.0,130.0,343.1,3.86,73.0,98340.0
1990-04-04 13:00:00+00:00,7.04,99.4,207.0,1.59,206.0,344.65,3.1,72.0,98300.0
1990-04-04 14:00:00+00:00,7.19,95.8,92.0,0.0,92.0,346.0,2.76,70.0,98270.0
1990-04-04 15:00:00+00:00,7.51,92.35,90.0,0.0,90.0,347.2,3.03,59.0,98240.0
1990-04-04 16:00:00+00:00,7.4,99.4,80.0,0.0,80.0,346.0,2.76,49.0,98210.0
1990-04-04 17:00:00+00:00,7.14,99.4,29.0,0.0,29.0,346.8,2.21,42.0,98210.0
1990-04-04 18:00:00+00:00,6.83,99.4,30.0,20.14,28.0,347.0,2.0,30.0,98240.0
1990-04-04 19:00:00+00:00,6.59,100.0,0.0,0.0,0.0,344.5,1.79,17.0,98230.0
1990-04-04 20:00:00+00:00,6.34,99.4,0.0,0.0,0.0,343.3,1.93,5.0,98250.0
1990-04-04 21:00:00+00:00,6.1,100.0,0.0,0.0,0.0,342.75,2.0,5.0,98250.0
1990-04-04 22:00:00+00:00,5.9,99.4,0.0,0.0,0.0,340.8,1.59,352.0,98250.0
1990-04-04 23:00:00+00:00,5.77,99.4,0.0,0.0,0.0,340.8,1.59,328.0,98290.0
1990-04-05 00:00:00+00:00,5.59,100.0,0.0,0.0,0.0,339.65,1.93,315.0,98280.0
1990-04-05 01:00:00+00:00,5.43,99.4,0.0,0.0,0.0,339.15,2.34,308.0,98290.0
1990-04-05 02:00:00+00:00,5.24,99.4,0.0,0.0,0.0,339.05,2.55,304.0,98290.0
1990-04-05 03:00:00+00:00,5.04,99.4,0.0,0.0,0.0,337.1,2.62,300.0,98300.0
1990-04-05 04:00:00+00:00,4.91,99.4,0.0,0.0,0.0,334.05,2.55,296.0,98320.0
1990-04-05 05:00:00+00:00,4.83,95.75,0.0,0.0,0.0,331.1,2.76,293.0,98340.0
1990-04-05 06:00:00+00:00,4.83,95.75,29.0,48.45,25.0,330.75,2.69,290.0,98380.0
1990-04-05 07:00:00+00:00,5.04,95.75,111.0,83.74,92.0,328.6,2.83,294.0,98390.0
1990-04-05 08:00:00+00:00,5.3,92.25,166.0,44.19,150.0,326.65,2.9,294.0,98450.0
1990-04-05 09:00:00+00:00,5.67,85.65,121.0,0.0,121.0,326.5,3.17,293.0,98480.0
1990-04-05 10:00:00+00:00,6.43,79.5,111.0,0.0,111.0,328.0,3.52,293.0,98520.0
1990-04-05 11:00:00+00:00,7.11,79.55,167.0,0.0,167.0,329.95,3.66,290.0,98540.0
1990-04-05 12:00:00+00:00,7.88,76.8,314.0,38.49,289.0,333.65,3.79,289.0,98540.0
1990-04-05 13:00:00+00:00,8.42,74.05,172.0,0.0,172.0,335.2,3.72,284.0,98540.0
1990-04-05 14:00:00+00:00,8.83,71.4,119.0,0.0,119.0,329.75,4.0,280.0,98550.0
1990-04-05 15:00:00+00:00,8.94,71.4,183.0,8.09,179.0,328.6,4.14,276.0,98570.0
1990-04-05 16:00:00+00:00,8.88,71.4,324.0,546.42,116.0,322.4,4.41,272.0,98570.0
1990-04-05 17:00:00+00:00,8.83,71.4,196.0,496.8,73.0,300.75,4.41,266.0,98590.0
1990-04-05 18:00:00+00:00,8.36,71.35,64.0,317.33,31.0,291.05,4.55,261.0,98630.0
1990-04-05 19:00:00+00:00,7.46,71.15,0.0,0.0,0.0,278.65,4.62,252.0,98690.0
1990-04-05 20:00:00+00:00,6.58,76.55,0.0,0.0,0.0,270.35,4.34,247.0,98720.0
1990-04-05 21:00:00+00:00,5.71,79.4,0.0,0.0,0.0,252.75,4.07,240.0,98700.0
1990-04-05 22:00:00+00:00,5.09,85.55,0.0,0.0,0.0,247.15,3.93,234.0,98650.0
1990-04-05 23:00:00+00:00,4.7,88.85,0.0,0.0,0.0,252.55,3.52,227.0,98580.0
1990-04-06 00:00:00+00:00,4.41,92.2,0.0,0.0,0.0,256.6,3.03,220.0,98510.0
1990-04-06 01:00:00+00:00,4.18,92.2,0.0,0.0,0.0,265.45,2.69,207.0,98380.0
1990-04-06 02:00:00+00:00,4.59,92.2,0.0,0.0,0.0,302.1,3.1,199.0,98270.0
1990-04-06 03:00:00+00:00,4.37,92.2,0.0,0.0,0.0,291.85,3.72,200.0,98140.0
1990-04-06 04:00:00+00:00,4.63,92.2,0.0,0.0,0.0,312.75,4.0,203.0,98020.0
1990-04-06 05:00:00+00:00,4.91,92.25,0.0,0.0,0.0,324.75,4.34,215.0,97910.0
1990-04-06 06:00:00+00:00,5.14,92.25,24.0,11.27,23.0,329.0,4.76,235.0,97880.0
1990-04-06 07:00:00+00:00,5.35,85.6,93.0,30.06,86.0,308.85,5.52,246.0,97860.0
1990-04-06 08:00:00+00:00,5.67,79.4,240.0,203.83,165.0,308.1,5.59,242.0,97840.0
1990-04-06 09:00:00+00:00,5.83,82.5,344.0,249.67,223.0,304.4,5.79,243.0,97800.0
1990-04-06 10:00:00+00:00,6.42,82.55,390.0,194.77,278.0,278.65,5.86,245.0,97770.0
1990-04-06 11:00:00+00:00,6.99,82.6,263.0,14.22,254.0,297.25,6.07,248.0,97720.0
1990-04-06 12:00:00+00:00,6.89,82.6,259.0,9.17,253.0,307.3,6.14,248.0,97720.0
1990-04-06 13:00:00+00:00,6.8,79.55,392.0,122.23,314.0,298.2,6.28,247.0,97690.0
1990-04-06 14:00:00+00:00,7.11,79.55,183.0,0.0,183.0,297.05,6.62,253.0,97660.0
1990-04-06 15:00:00+00:00,7.23,76.7,442.0,561.4,162.0,298.6,6.69,263.0,97650.0
1990-04-06 16:00:00+00:00,6.75,76.65,261.0,231.03,172.0,295.3,6.69,270.0,97630.0
1990-04-06 17:00:00+00:00,6.52,76.55,181.0,344.99,94.0,269.6,6.9,273.0,97680.0
1990-04-06 18:00:00+00:00,6.03,76.5,66.0,303.66,33.0,274.05,5.93,270.0,97700.0
1990-04-06 19:00:00+00:00,5.37,79.35,0.0,0.0,0.0,267.05,5.86,265.0,97820.0
1990-04-06 20:00:00+00:00,4.78,79.3,0.0,0.0,0.0,261.45,5.79,261.0,97870.0
1990-04-06 21:00:00+00:00,4.35,82.3,0.0,0.0,0.0,257.75,5.86,258.0,97890.0
1990-04-06 22:00:00+00:00,4.07,85.45,0.0,0.0,0.0,256.4,5.93,257.0,97900.0
1990-04-06 23:00:00+00:00,3.95,85.45,0.0,0.0,0.0,255.85,5.93,255.0,97930.0
1990-04-07 00:00:00+00:00,3.82,85.45,0.0,0.0,0.0,254.1,5.86,257.0,97970.0
1990-04-07 01:00:00+00:00,3.88,88.75,0.0,0.0,0.0,271.45,5.52,263.0,98000.0
1990-04-07 02:00:00+00:00,3.95,92.15,0.0,0.0,0.0,285.05,4.83,270.0,98060.0
1990-04-07 03:00:00+00:00,4.22,88.8,0.0,0.0,0.0,315.85,4.14,278.0,98120.0
1990-04-07 04:00:00+00:00,4.34,88.8,0.0,0.0,0.0,310.6,3.59,285.0,98210.0
1990-04-07 05:00:00+00:00,4.32,88.8,0.0,0.0,0.0,300.35,3.31,286.0,98290.0
1990-04-07 06:00:00+00:00,4.14,92.15,50.0,200.36,31.0,279.45,3.31,283.0,98410.0
1990-04-07 07:00:00+00:00,4.75,88.85,134.0,142.33,100.0,253.3,3.72,279.0,98530.0
1990-04-07 08:00:00+00:00,5.94,85.65,140.0,13.38,135.0,253.5,4.41,281.0,98620.0
1990-04-07 09:00:00+00:00,6.92,76.65,390.0,387.57,200.0,255.65,4.97,287.0,98650.0
1990-04-07 10:00:00+00:00,8.02,71.25,440.0,304.96,263.0,290.1,4.83,293.0,98720.0
1990-04-07 11:00:00+00:00,9.08,66.25,539.0,440.36,258.0,304.6,4.62,295.0,98750.0
1990-04-07 12:00:00+00:00,10.06,61.65,189.0,0.0,189.0,284.3,4.69,298.0,98800.0
1990-04-07 13:00:00+00:00,10.67,59.5,145.0,0.0,145.0,296.65,4.62,302.0,98820.0
1990-04-07 14:00:00+00:00,10.76,59.6,100.0,0.0,100.0,295.9,4.34,310.0,98850.0
1990-04-07 15:00:00+00:00,10.81,64.25,408.0,409.29,202.0,299.4,3.86,325.0,98890.0
1990-04-07 16:00:00+00:00,9.78,71.6,123.0,2.57,122.0,314.3,3.72,342.0,98960.0
1990-04-07 17:00:00+00:00,8.39,79.75,51.0,0.0,51.0,298.4,3.66,1.0,99070.0
1990-04-07 18:00:00+00:00,7.72,82.7,18.0,0.0,18.0,296.65,2.69,10.0,99170.0
1990-04-07 19:00:00+00:00,7.19,82.65,0.0,0.0,0.0,302.85,2.14,2.0,99320.0
1990-04-07 20:00:00+00:00,6.39,88.95,0.0,0.0,0.0,286.8,1.86,349.0,99420.0
1990-04-07 21:00:00+00:00,5.59,92.25,0.0,0.0,0.0,273.85,1.93,340.0,99470.0
1990-04-07 22:00:00+00:00,4.73,92.25,0.0,0.0,0.0,269.6,1.79,337.0,99500.0
1990-04-07 23:00:00+00:00,3.8,95.7,0.0,0.0,0.0,270.95,1.45,332.0,99500.0
1990-04-08 00:00:00+00:00,3.26,95.7,0.0,0.0,0.0,268.05,1.38,313.0,99500.0
1990-04-08 01:00:00+00:00,2.79,92.15,0.0,0.0,0.0,257.5,1.38,295.0,99510.0
1990-04-08 02:00:00+00:00,2.43,92.15,0.0,0.0,0.0,268.05,1.38,265.0,99490.0
1990-04-08 03:00:00+00:00,1.83,95.65,0.0,0.0,0.0,268.8,1.52,238.0,99460.0
1990-04-08 04:00:00+00:00,1.42,95.65,0.0,0.0,0.0,272.5,1.52,213.0,99410.0
1990-04-08 05:00:00+00:00,0.57,95.65,0.0,0.0,0.0,255.45,1.66,198.0,99370.0
1990-04-08 06:00:00+00:00,0.95,95.65,11.0,0.0,11.0,279.45,1.45,189.0,99330.0
1990-04-08 07:00:00+00:00,3.08,95.7,112.0,57.19,98.0,271.5,1.72,213.0,99340.0
1990-04-08 08:00:00+00:00,5.22,88.85,302.0,421.62,142.0,278.1,2.14,228.0,99290.0
1990-04-08 09:00:00+00:00,6.55,79.5,316.0,161.37,236.0,284.1,2.55,244.0,99240.0
1990-04-08 10:00:00+00:00,7.41,73.9,368.0,141.71,285.0,294.15,2.69,256.0,99180.0
1990-04-08 11:00:00+00:00,7.97,68.6,201.0,0.0,201.0,302.85,2.76,258.0,99120.0
1990-04-08 12:00:00+00:00,8.34,66.15,513.0,311.59,306.0,308.3,2.21,248.0,99060.0
1990-04-08 13:00:00+00:00,8.82,63.8,471.0,250.14,309.0,305.4,2.34,235.0,98970.0
1990-04-08 14:00:00+00:00,9.28,61.55,347.0,100.97,287.0,303.25,2.55,227.0,98890.0
1990-04-08 15:00:00+00:00,9.26,63.9,199.0,11.81,193.0,310.8,2.55,218.0,98810.0
1990-04-08 16:00:00+00:00,8.86,66.25,227.0,119.21,180.0,313.7,2.62,212.0,98730.0
1990-04-08 17:00:00+00:00,8.27,71.35,124.0,65.06,107.0,313.1,2.69,206.0,98670.0
1990-04-08 18:00:00+00:00,7.47,73.9,7.0,0.0,7.0,315.25,3.24,202.0,98640.0
1990-04-08 19:00:00+00:00,6.68,76.65,0.0,0.0,0.0,319.7,3.72,200.0,98630.0
1990-04-08 20:00:00+00:00,5.97,82.5,0.0,0.0,0.0,320.85,3.45,194.0,98590.0
1990-04-08 21:00:00+00:00,5.51,85.6,0.0,0.0,0.0,321.65,3.17,183.0,98520.0
1990-04-08 22:00:00+00:00,5.34,85.6,0.0,0.0,0.0,324.95,3.1,167.0,98420.0
1990-04-08 23:00:00+00:00,5.22,88.85,0.0,0.0,0.0,324.95,3.38,156.0,98360.0
1990-04-09 00:00:00+00:00,5.17,88.85,0.0,0.0,0.0,327.85,3.66,151.0,98260.0
1990-04-09 01:00:00+00:00,5.07,92.25,0.0,0.0,0.0,326.6,3.79,148.0,98190.0
1990-04-09 02:00:00+00:00,5.11,92.25,0.0,0.0,0.0,327.85,3.66,145.0,98110.0
1990-04-09 03:00:00+00:00,5.17,92.25,0.0,0.0,0.0,328.6,3.24,142.0,98050.0
1990-04-09 04:00:00+00:00,5.12,95.75,0.0,0.0,0.0,327.65,2.62,142.0,98020.0
1990-04-09 05:00:00+00:00,4.93,95.75,0.0,0.0,0.0,330.55,2.07,158.0,97970.0
1990-04-09 06:00:00+00:00,4.39,95.75,53.0,149.65,37.0,330.15,1.79,202.0,97970.0
1990-04-09 07:00:00+00:00,3.74,95.7,120.0,67.82,103.0,325.3,2.76,243.0,98110.0
1990-04-09 08:00:00+00:00,3.58,92.15,241.0,168.76,176.0,297.45,3.17,246.0,98160.0
1990-04-09 09:00:00+00:00,4.45,79.2,436.0,528.69,171.0,302.3,3.52,247.0,98180.0
1990-04-09 10:00:00+00:00,5.32,68.1,324.0,76.15,279.0,287.6,3.03,241.0,98200.0
1990-04-09 11:00:00+00:00,6.2,60.85,482.0,271.5,306.0,309.65,2.48,231.0,98230.0
1990-04-09 12:00:00+00:00,6.97,56.45,588.0,500.63,253.0,290.1,2.0,216.0,98250.0
1990-04-09 13:00:00+00:00,7.86,50.45,482.0,263.68,310.0,296.65,1.79,200.0,98270.0
1990-04-09 14:00:00+00:00,8.43,45.0,341.0,90.18,287.0,293.2,1.31,177.0,98290.0
1990-04-09 15:00:00+00:00,8.25,46.8,169.0,1.95,168.0,312.15,1.1,138.0,98300.0
1990-04-09 16:00:00+00:00,8.13,50.45,260.0,198.13,181.0,302.3,1.66,115.0,98330.0
1990-04-09 17:00:00+00:00,7.75,52.45,81.0,3.76,80.0,293.95,2.07,98.0,98360.0
1990-04-09 18:00:00+00:00,7.12,61.0,17.0,0.0,17.0,289.5,2.07,86.0,98420.0
1990-04-09 19:00:00+00:00,6.57,70.95,0.0,0.0,0.0,297.65,1.72,84.0,98440.0
1990-04-09 20:00:00+00:00,5.4,79.35,0.0,0.0,0.0,274.2,1.52,104.0,98510.0
1990-04-09 21:00:00+00:00,4.15,85.5,0.0,0.0,0.0,270.35,1.45,127.0,98560.0
1990-04-09 22:00:00+00:00,3.35,88.7,0.0,0.0,0.0,270.55,1.31,155.0,98580.0
1990-04-09 23:00:00+00:00,3.37,88.7,0.0,0.0,0.0,275.6,1.03,184.0,98630.0
1990-04-10 00:00:00+00:00,3.78,85.45,0.0,0.0,0.0,281.6,0.83,209.0,98670.0
1990-04-10 01:00:00+00:00,3.05,88.7,0.0,0.0,0.0,293.9,0.97,243.0,98700.0
1990-04-10 02:00:00+00:00,2.04,92.1,0.0,0.0,0.0,272.65,1.24,257.0,98730.0
1990-04-10 03:00:00+00:00,2.09,92.1,0.0,0.0,0.0,288.95,1.1,260.0,98760.0
1990-04-10 04:00:00+00:00,2.04,92.1,0.0,0.0,0.0,296.65,1.1,262.0,98800.0
1990-04-10 05:00:00+00:00,2.3,92.15,0.0,0.0,0.0,311.2,1.1,262.0,98860.0
1990-04-10 06:00:00+00:00,2.8,88.7,13.0,0.0,13.0,314.3,1.38,262.0,98920.0
1990-04-10 07:00:00+00:00,3.35,95.7,105.0,31.19,97.0,310.05,0.69,314.0,99000.0
1990-04-10 08:00:00+00:00,4.41,92.2,168.0,28.15,157.0,297.85,0.83,354.0,99060.0
1990-04-10 09:00:00+00:00,5.69,85.65,122.0,0.0,122.0,309.45,0.76,65.0,99110.0
1990-04-10 10:00:00+00:00,6.64,79.5,340.0,90.58,286.0,317.0,1.31,84.0,99160.0
1990-04-10 11:00:00+00:00,7.31,73.9,423.0,153.09,323.0,319.9,1.79,96.0,99200.0
1990-04-10 12:00:00+00:00,8.17,76.8,334.0,41.55,306.0,311.2,1.86,97.0,99250.0
1990-04-10 13:00:00+00:00,8.58,74.05,94.0,0.0,94.0,317.75,2.34,88.0,99270.0
1990-04-10 14:00:00+00:00,8.91,68.8,114.0,0.0,114.0,281.6,2.69,84.0,99310.0
1990-04-10 15:00:00+00:00,9.04,66.25,363.0,236.09,241.0,303.85,3.1,83.0,99340.0
1990-04-10 16:00:00+00:00,9.09,63.8,320.0,409.27,155.0,271.9,3.52,82.0,99370.0
1990-04-10 17:00:00+00:00,8.6,68.7,220.0,517.98,80.0,281.4,4.0,75.0,99430.0
1990-04-10 18:00:00+00:00,7.57,76.7,83.0,346.03,39.0,259.1,4.0,68.0,99470.0
1990-04-10 19:00:00+00:00,6.12,88.9,0.0,0.0,0.0,258.55,3.79,70.0,99600.0
1990-04-10 20:00:00+00:00,5.32,88.85,0.0,0.0,0.0,274.8,3.59,76.0,99650.0
1990-04-10 21:00:00+00:00,4.81,92.25,0.0,0.0,0.0,275.95,3.24,77.0,99700.0
1990-04-10 22:00:00+00:00,4.31,92.2,0.0,0.0,0.0,266.85,3.03,76.0,99730.0
1990-04-10 23:00:00+00:00,3.88,92.15,0.0,0.0,0.0,259.7,3.1,76.0,99790.0
1990-04-11 00:00:00+00:00,3.53,95.7,0.0,0.0,0.0,255.45,3.17,77.0,99840.0
1990-04-11 01:00:00+00:00,3.15,92.15,0.0,0.0,0.0,252.45,3.24,72.0,99890.0
1990-04-11 02:00:00+00:00,2.85,92.15,0.0,0.0,0.0,237.45,3.45,66.0,99900.0
1990-04-11 03:00:00+00:00,2.8,92.15,0.0,0.0,0.0,239.0,4.0,68.0,99880.0
1990-04-11 04:00:00+00:00,3.22,92.15,0.0,0.0,0.0,277.5,4.55,74.0,99890.0
1990-04-11 05:00:00+00:00,3.68,92.15,0.0,0.0,0.0,308.65,4.9,75.0,99900.0
1990-04-11 06:00:00+00:00,4.0,92.15,59.0,134.68,43.0,303.25,4.97,68.0,99920.0
1990-04-11 07:00:00+00:00,4.64,85.55,146.0,129.65,112.0,285.45,6.0,65.0,99940.0
1990-04-11 08:00:00+00:00,5.58,82.4,112.0,0.0,112.0,297.65,6.34,64.0,99970.0
1990-04-11 09:00:00+00:00,6.1,82.5,145.0,0.0,145.0,292.05,7.03,62.0,99980.0
1990-04-11 10:00:00+00:00,6.5,82.55,107.0,0.0,107.0,312.15,7.17,58.0,99980.0
1990-04-11 11:00:00+00:00,6.59,85.7,96.0,0.0,96.0,336.35,7.31,56.0,99960.0
1990-04-11 12:00:00+00:00,6.88,85.75,158.0,0.0,158.0,329.0,7.38,55.0,99920.0
1990-04-11 13:00:00+00:00,7.13,85.75,208.0,0.0,208.0,334.6,7.38,56.0,99880.0
1990-04-11 14:00:00+00:00,7.42,85.8,253.0,14.81,244.0,336.95,7.03,59.0,99830.0
1990-04-11 15:00:00+00:00,7.65,85.8,245.0,36.46,226.0,336.55,6.62,64.0,99790.0
1990-04-11 16:00:00+00:00,7.69,82.7,182.0,34.35,168.0,328.6,6.21,67.0,99760.0
1990-04-11 17:00:00+00:00,7.52,85.8,55.0,0.0,55.0,324.35,6.14,69.0,99740.0
1990-04-11 18:00:00+00:00,6.94,89.0,18.0,0.0,18.0,309.85,5.24,67.0,99730.0
1990-04-11 19:00:00+00:00,6.37,92.3,0.0,0.0,0.0,323.4,5.31,66.0,99770.0
1990-04-11 20:00:00+00:00,5.87,92.3,0.0,0.0,0.0,318.75,4.83,66.0,99740.0
1990-04-11 21:00:00+00:00,5.52,92.25,0.0,0.0,0.0,314.65,4.9,64.0,99730.0
1990-04-11 22:00:00+00:00,5.1,92.25,0.0,0.0,0.0,294.95,4.97,60.0,99700.0
1990-04-11 23:00:00+00:00,4.94,92.25,0.0,0.0,0.0,299.2,5.1,58.0,99660.0
1990-04-12 00:00:00+00:00,4.83,92.25,0.0,0.0,0.0,293.4,5.24,55.0,99620.0
1990-04-12 01:00:00+00:00,4.83,92.25,0.0,0.0,0.0,291.95,5.38,54.0,99560.0
1990-04-12 02:00:00+00:00,5.11,92.25,0.0,0.0,0.0,313.9,5.52,53.0,99510.0
1990-04-12 03:00:00+00:00,5.29,92.25,0.0,0.0,0.0,318.55,5.52,54.0,99410.0
1990-04-12 04:00:00+00:00,5.31,92.25,0.0,0.0,0.0,322.6,5.52,52.0,99320.0
1990-04-12 05:00:00+00:00,5.28,92.25,0.0,0.0,0.0,321.05,5.31,54.0,99280.0
1990-04-12 06:00:00+00:00,5.33,95.75,11.0,0.0,11.0,328.8,5.38,52.0,99260.0
1990-04-12 07:00:00+00:00,5.83,92.3,73.0,0.0,73.0,329.75,5.59,60.0,99240.0
1990-04-12 08:00:00+00:00,5.87,95.75,108.0,0.0,108.0,332.85,5.79,61.0,99230.0
1990-04-12 09:00:00+00:00,5.99,95.75,96.0,0.0,96.0,332.85,5.86,62.0,99200.0
1990-04-12 10:00:00+00:00,6.16,92.3,76.0,0.0,76.0,331.1,5.72,63.0,99180.0
1990-04-12 11:00:00+00:00,6.76,92.35,59.0,0.0,59.0,329.0,5.38,61.0,99170.0
1990-04-12 12:00:00+00:00,6.99,92.35,61.0,0.0,61.0,329.75,5.03,58.0,99140.0
1990-04-12 13:00:00+00:00,7.41,89.0,85.0,0.0,85.0,331.5,5.03,57.0,99130.0
1990-04-12 14:00:00+00:00,7.47,89.0,65.0,0.0,65.0,334.6,5.03,58.0,99080.0
1990-04-12 15:00:00+00:00,6.98,92.35,86.0,0.0,86.0,335.75,4.76,57.0,99050.0
1990-04-12 16:00:00+00:00,6.62,92.3,44.0,0.0,44.0,334.2,4.41,54.0,99020.0
1990-04-12 17:00:00+00:00,6.2,92.3,40.0,0.0,40.0,338.5,4.14,50.0,98980.0
1990-04-12 18:00:00+00:00,5.82,95.75,8.0,0.0,8.0,338.1,4.28,49.0,98980.0
1990-04-12 19:00:00+00:00,5.52,99.4,0.0,0.0,0.0,336.35,4.21,47.0,99000.0
1990-04-12 20:00:00+00:00,5.36,99.4,0.0,0.0,0.0,334.6,3.93,45.0,99020.0
1990-04-12 21:00:00+00:00,5.31,99.4,0.0,0.0,0.0,336.35,3.93,43.0,99030.0
1990-04-12 22:00:00+00:00,5.26,95.75,0.0,0.0,0.0,337.1,3.86,42.0,99040.0
1990-04-12 23:00:00+00:00,5.2,95.75,0.0,0.0,0.0,336.15,3.79,39.0,99050.0
1990-04-13 00:00:00+00:00,5.14,99.4,0.0,0.0,0.0,335.2,3.79,36.0,99030.0
1990-04-13 01:00:00+00:00,5.15,95.75,0.0,0.0,0.0,335.1,3.72,35.0,99020.0
1990-04-13 02:00:00+00:00,5.1,99.4,0.0,0.0,0.0,335.95,3.59,32.0,99010.0
1990-04-13 03:00:00+00:00,5.04,99.4,0.0,0.0,0.0,334.2,3.66,30.0,98990.0
1990-04-13 04:00:00+00:00,4.99,99.4,0.0,0.0,0.0,333.65,3.59,29.0,99000.0
1990-04-13 05:00:00+00:00,4.97,99.4,0.0,0.0,0.0,332.65,3.52,27.0,99000.0
1990-04-13 06:00:00+00:00,5.07,99.4,48.0,38.32,43.0,334.6,3.59,26.0,99050.0
1990-04-13 07:00:00+00:00,5.22,95.75,84.0,3.66,83.0,335.2,4.34,27.0,99080.0
1990-04-13 08:00:00+00:00,5.37,95.75,110.0,0.0,110.0,336.75,4.14,25.0,99150.0
1990-04-13 09:00:00+00:00,5.67,95.75,107.0,0.0,107.0,336.95,4.41,26.0,99180.0
1990-04-13 10:00:00+00:00,6.03,95.75,72.0,0.0,72.0,336.15,5.17,31.0,99200.0
1990-04-13 11:00:00+00:00,6.29,88.95,84.0,0.0,84.0,335.2,5.17,31.0,99260.0
1990-04-13 12:00:00+00:00,6.54,88.95,145.0,0.0,145.0,333.25,5.31,30.0,99290.0
1990-04-13 13:00:00+00:00,6.87,82.6,83.0,0.0,83.0,332.85,5.86,30.0,99340.0
1990-04-13 14:00:00+00:00,7.08,82.6,99.0,0.0,99.0,322.05,5.66,30.0,99360.0
1990-04-13 15:00:00+00:00,7.03,79.55,94.0,0.0,94.0,323.4,4.9,30.0,99370.0
1990-04-13 16:00:00+00:00,7.03,79.55,57.0,0.0,57.0,321.65,4.62,28.0,99380.0
1990-04-13 17:00:00+00:00,6.72,79.55,49.0,0.0,49.0,323.55,3.72,27.0,99370.0
1990-04-13 18:00:00+00:00,6.48,82.55,54.0,42.63,48.0,322.6,3.24,24.0,99420.0
1990-04-13 19:00:00+00:00,6.13,85.65,0.0,0.0,0.0,329.2,3.31,16.0,99460.0
1990-04-13 20:00:00+00:00,5.81,85.65,0.0,0.0,0.0,327.85,3.52,14.0,99500.0
1990-04-13 21:00:00+00:00,5.55,88.85,0.0,0.0,0.0,327.65,3.38,13.0,99540.0
1990-04-13 22:00:00+00:00,5.26,85.6,0.0,0.0,0.0,323.2,3.24,11.0,99540.0
1990-04-13 23:00:00+00:00,5.02,88.85,0.0,0.0,0.0,320.5,3.24,9.0,99550.0
1990-04-14 00:00:00+00:00,4.75,88.85,0.0,0.0,0.0,314.65,3.24,6.0,99560.0
1990-04-14 01:00:00+00:00,4.64,92.2,0.0,0.0,0.0,324.65,3.24,4.0,99560.0
1990-04-14 02:00:00+00:00,4.43,88.8,0.0,0.0,0.0,318.35,3.17,1.0,99570.0
1990-04-14 03:00:00+00:00,4.29,88.8,0.0,0.0,0.0,322.05,3.1,1.0,99540.0
1990-04-14 04:00:00+00:00,4.11,92.15,0.0,0.0,0.0,319.1,3.1,4.0,99550.0
1990-04-14 05:00:00+00:00,3.98,92.15,0.0,0.0,0.0,323.0,3.24,8.0,99560.0
1990-04-14 06:00:00+00:00,3.81,92.15,47.0,22.02,44.0,318.95,3.17,13.0,99580.0
1990-04-14 07:00:00+00:00,4.13,92.15,126.0,50.15,112.0,322.05,3.72,26.0,99590.0
1990-04-14 08:00:00+00:00,4.37,88.8,293.0,271.39,181.0,322.8,4.28,32.0,99630.0
1990-04-14 09:00:00+00:00,4.8,82.35,386.0,278.59,239.0,316.4,4.34,38.0,99650.0
1990-04-14 10:00:00+00:00,5.38,76.4,512.0,423.51,251.0,315.25,4.0,41.0,99660.0
1990-04-14 11:00:00+00:00,5.82,73.65,449.0,175.47,331.0,315.05,3.45,44.0,99640.0
1990-04-14 12:00:00+00:00,6.34,68.3,566.0,385.59,299.0,317.55,2.76,45.0,99610.0
1990-04-14 13:00:00+00:00,6.32,68.3,542.0,363.06,297.0,318.35,1.93,54.0,99600.0
1990-04-14 14:00:00+00:00,6.73,65.85,323.0,57.99,287.0,313.3,1.31,62.0,99550.0
1990-04-14 15:00:00+00:00,7.25,65.95,211.0,11.24,205.0,308.5,1.24,53.0,99510.0
1990-04-14 16:00:00+00:00,7.27,63.5,192.0,38.05,176.0,302.1,1.17,54.0,99460.0
1990-04-14 17:00:00+00:00,7.0,65.85,144.0,79.89,121.0,310.6,1.31,81.0,99390.0
1990-04-14 18:00:00+00:00,6.56,68.3,41.0,6.89,40.0,306.75,1.52,102.0,99360.0
1990-04-14 19:00:00+00:00,6.07,70.85,0.0,0.0,0.0,308.85,1.66,109.0,99350.0
1990-04-14 20:00:00+00:00,5.57,73.55,0.0,0.0,0.0,312.55,2.0,125.0,99320.0
1990-04-14 21:00:00+00:00,4.95,76.3,0.0,0.0,0.0,293.95,2.07,142.0,99270.0
1990-04-14 22:00:00+00:00,4.57,79.2,0.0,0.0,0.0,296.5,1.93,152.0,99210.0
1990-04-14 23:00:00+00:00,4.24,79.2,0.0,0.0,0.0,296.65,1.79,158.0,99150.0
1990-04-15 00:00:00+00:00,3.75,82.25,0.0,0.0,0.0,284.65,1.72,166.0,99080.0
1990-04-15 01:00:00+00:00,3.54,85.4,0.0,0.0,0.0,294.65,1.52,177.0,98990.0
1990-04-15 02:00:00+00:00,3.24,85.4,0.0,0.0,0.0,292.8,1.52,196.0,98900.0
1990-04-15 03:00:00+00:00,3.43,85.4,0.0,0.0,0.0,305.2,1.66,210.0,98820.0
1990-04-15 04:00:00+00:00,3.64,85.45,0.0,0.0,0.0,308.85,1.66,225.0,98740.0
1990-04-15 05:00:00+00:00,3.79,85.45,0.0,0.0,0.0,311.55,1.59,240.0,98670.0
1990-04-15 06:00:00+00:00,3.88,88.75,48.0,21.14,45.0,308.1,1.45,256.0,98620.0
1990-04-15 07:00:00+00:00,4.5,88.8,51.0,0.0,51.0,309.65,1.52,287.0,98580.0
1990-04-15 08:00:00+00:00,5.04,85.55,206.0,55.02,183.0,303.65,2.28,316.0,98560.0
1990-04-15 09:00:00+00:00,5.34,82.4,108.0,0.0,108.0,294.75,2.62,337.0,98540.0
1990-04-15 10:00:00+00:00,5.61,85.6,124.0,0.0,124.0,304.8,2.97,354.0,98540.0
1990-04-15 11:00:00+00:00,5.45,82.4,108.0,0.0,108.0,311.4,3.72,14.0,98530.0
1990-04-15 12:00:00+00:00,4.9,82.35,160.0,0.0,160.0,307.1,4.83,27.0,98570.0
1990-04-15 13:00:00+00:00,3.87,85.45,192.0,0.0,192.0,304.2,4.9,32.0,98600.0
1990-04-15 14:00:00+00:00,3.18,82.2,208.0,1.6,207.0,309.25,4.62,34.0,98630.0
1990-04-15 15:00:00+00:00,3.66,79.15,274.0,55.74,244.0,306.55,4.55,37.0,98640.0
1990-04-15 16:00:00+00:00,3.82,76.15,209.0,54.15,186.0,296.5,4.34,38.0,98620.0
1990-04-15 17:00:00+00:00,3.84,70.5,46.0,0.0,46.0,288.75,4.0,38.0,98630.0
1990-04-15 18:00:00+00:00,3.8,70.5,57.0,40.08,51.0,284.5,3.38,37.0,98630.0
1990-04-15 19:00:00+00:00,3.2,73.2,0.0,0.0,0.0,281.75,2.28,22.0,98660.0
1990-04-15 20:00:00+00:00,2.6,73.1,0.0,0.0,0.0,254.1,1.66,5.0,98680.0
1990-04-15 21:00:00+00:00,1.5,78.9,0.0,0.0,0.0,231.25,1.79,338.0,98710.0
1990-04-15 22:00:00+00:00,0.97,78.8,0.0,0.0,0.0,239.75,2.41,326.0,98700.0
1990-04-15 23:00:00+00:00,0.78,75.75,0.0,0.0,0.0,233.75,3.1,327.0,98730.0
1990-04-16 00:00:00+00:00,0.58,78.75,0.0,0.0,0.0,230.85,3.38,326.0,98730.0
1990-04-16 01:00:00+00:00,0.46,81.9,0.0,0.0,0.0,236.2,3.45,322.0,98730.0
1990-04-16 02:00:00+00:00,0.24,81.9,0.0,0.0,0.0,231.65,3.45,317.0,98730.0
1990-04-16 03:00:00+00:00,0.1,81.8,0.0,0.0,0.0,235.15,3.45,314.0,98720.0
1990-04-16 04:00:00+00:00,-0.06,81.8,0.0,0.0,0.0,229.15,3.45,312.0,98740.0
1990-04-16 05:00:00+00:00,-0.23,81.8,0.0,0.0,0.0,224.5,3.45,312.0,98760.0
1990-04-16 06:00:00+00:00,0.01,85.1,108.0,440.56,43.0,224.85,3.52,313.0,98800.0
1990-04-16 07:00:00+00:00,1.08,81.95,223.0,399.82,107.0,228.15,3.66,314.0,98820.0
1990-04-16 08:00:00+00:00,2.31,73.1,295.0,241.0,193.0,225.65,4.34,328.0,98850.0
1990-04-16 09:00:00+00:00,3.56,67.7,301.0,85.54,255.0,234.15,4.41,340.0,98880.0
1990-04-16 10:00:00+00:00,4.54,62.8,162.0,0.0,162.0,252.55,4.34,346.0,98900.0
1990-04-16 11:00:00+00:00,5.37,56.05,138.0,0.0,138.0,243.85,4.07,346.0,98940.0
1990-04-16 12:00:00+00:00,6.09,56.2,386.0,68.44,338.0,245.0,3.52,343.0,98950.0
1990-04-16 13:00:00+00:00,6.77,54.3,403.0,96.57,337.0,245.4,3.03,340.0,98990.0
1990-04-16 14:00:00+00:00,7.15,54.3,330.0,57.21,294.0,253.9,2.76,334.0,99000.0
1990-04-16 15:00:00+00:00,7.29,52.35,455.0,442.46,215.0,245.95,2.83,334.0,99030.0
1990-04-16 16:00:00+00:00,7.19,52.35,258.0,132.89,201.0,256.05,2.97,341.0,99050.0
1990-04-16 17:00:00+00:00,6.78,54.3,167.0,124.79,130.0,246.55,3.03,347.0,99090.0
1990-04-16 18:00:00+00:00,5.73,58.45,15.0,0.0,15.0,248.65,3.03,347.0,99150.0
1990-04-16 19:00:00+00:00,4.35,67.9,0.0,0.0,0.0,247.9,2.55,350.0,99230.0
1990-04-16 20:00:00+00:00,3.6,73.2,0.0,0.0,0.0,243.45,2.07,339.0,99290.0
1990-04-16 21:00:00+00:00,2.91,73.2,0.0,0.0,0.0,243.05,2.07,330.0,99340.0
1990-04-16 22:00:00+00:00,2.19,76.0,0.0,0.0,0.0,239.95,2.34,328.0,99390.0
1990-04-16 23:00:00+00:00,1.54,78.9,0.0,0.0,0.0,238.05,2.34,326.0,99430.0
1990-04-17 00:00:00+00:00,0.69,78.8,0.0,0.0,0.0,233.6,2.14,317.0,99440.0
1990-04-17 01:00:00+00:00,-0.3,81.8,0.0,0.0,0.0,226.7,2.14,300.0,99420.0
1990-04-17 02:00:00+00:00,-1.01,85.0,0.0,0.0,0.0,225.85,2.28,284.0,99450.0
1990-04-17 03:00:00+00:00,-1.44,88.35,0.0,0.0,0.0,224.65,2.34,274.0,99450.0
1990-04-17 04:00:00+00:00,-1.52,88.35,0.0,0.0,0.0,225.45,2.48,264.0,99490.0
1990-04-17 05:00:00+00:00,-1.28,85.0,0.0,0.0,0.0,225.25,2.69,258.0,99480.0
1990-04-17 06:00:00+00:00,-0.4,85.05,57.0,32.66,52.0,225.45,2.83,255.0,99500.0
1990-04-17 07:00:00+00:00,1.79,78.95,138.0,54.14,122.0,231.85,3.31,255.0,99540.0
1990-04-17 08:00:00+00:00,3.79,73.3,206.0,46.69,186.0,244.8,3.93,258.0,99540.0
1990-04-17 09:00:00+00:00,5.41,70.8,390.0,254.28,252.0,248.3,4.48,263.0,99540.0
1990-04-17 10:00:00+00:00,6.92,63.35,551.0,501.06,235.0,283.5,5.17,267.0,99540.0
1990-04-17 11:00:00+00:00,7.71,58.9,383.0,77.23,330.0,297.65,5.72,266.0,99520.0
1990-04-17 12:00:00+00:00,7.77,58.9,521.0,257.91,339.0,319.1,6.41,262.0,99520.0
1990-04-17 13:00:00+00:00,8.19,54.65,621.0,549.7,243.0,312.95,6.9,261.0,99520.0
1990-04-17 14:00:00+00:00,8.03,58.9,351.0,77.36,302.0,323.95,6.97,258.0,99510.0
1990-04-17 15:00:00+00:00,8.02,61.2,344.0,148.2,263.0,321.05,7.79,258.0,99490.0
1990-04-17 16:00:00+00:00,7.74,66.05,321.0,314.02,185.0,323.75,7.03,255.0,99470.0
1990-04-17 17:00:00+00:00,7.53,71.15,238.0,455.54,101.0,325.1,7.17,253.0,99460.0
1990-04-17 18:00:00+00:00,7.27,73.9,96.0,239.72,58.0,325.9,6.97,250.0,99470.0
1990-04-17 19:00:00+00:00,7.01,79.55,0.0,0.0,0.0,325.7,6.9,247.0,99460.0
1990-04-17 20:00:00+00:00,6.85,82.6,0.0,0.0,0.0,319.9,6.83,246.0,99470.0
1990-04-17 21:00:00+00:00,6.81,82.6,0.0,0.0,0.0,321.85,6.83,248.0,99470.0
1990-04-17 22:00:00+00:00,6.71,82.6,0.0,0.0,0.0,313.3,6.97,249.0,99450.0
1990-04-17 23:00:00+00:00,6.62,85.7,0.0,0.0,0.0,311.75,7.03,250.0,99430.0
1990-04-18 00:00:00+00:00,6.55,85.7,0.0,0.0,0.0,310.05,7.17,250.0,99430.0
1990-04-18 01:00:00+00:00,6.56,85.7,0.0,0.0,0.0,313.25,7.31,250.0,99400.0
1990-04-18 02:00:00+00:00,6.57,85.7,0.0,0.0,0.0,320.65,7.52,250.0,99370.0
1990-04-18 03:00:00+00:00,6.48,85.7,0.0,0.0,0.0,311.95,7.45,250.0,99340.0
1990-04-18 04:00:00+00:00,6.39,85.7,0.0,0.0,0.0,302.85,7.31,252.0,99340.0
1990-04-18 05:00:00+00:00,6.34,85.7,0.0,0.0,0.0,304.05,7.1,254.0,99340.0
1990-04-18 06:00:00+00:00,6.39,85.7,85.0,151.33,61.0,309.05,7.03,257.0,99380.0
1990-04-18 07:00:00+00:00,6.7,79.55,190.0,196.13,131.0,323.0,7.1,261.0,99390.0
1990-04-18 08:00:00+00:00,7.01,76.65,268.0,154.56,201.0,277.3,7.52,263.0,99470.0
1990-04-18 09:00:00+00:00,7.4,71.15,312.0,94.96,260.0,295.9,7.66,267.0,99500.0
1990-04-18 10:00:00+00:00,8.12,63.6,431.0,190.46,310.0,297.05,8.21,273.0,99570.0
1990-04-18 11:00:00+00:00,8.59,56.8,541.0,325.76,316.0,291.45,7.72,274.0,99620.0
1990-04-18 12:00:00+00:00,8.85,54.8,589.0,400.02,305.0,309.45,7.79,275.0,99690.0
1990-04-18 13:00:00+00:00,8.98,50.7,567.0,387.39,299.0,309.45,7.59,275.0,99760.0
1990-04-18 14:00:00+00:00,9.18,50.7,541.0,451.8,253.0,312.35,7.24,275.0,99790.0
1990-04-18 15:00:00+00:00,9.26,48.95,521.0,686.5,143.0,305.95,7.03,277.0,99860.0
1990-04-18 16:00:00+00:00,9.24,48.95,304.0,244.73,197.0,304.8,6.76,279.0,99930.0
1990-04-18 17:00:00+00:00,9.09,50.7,215.0,301.68,123.0,281.0,6.48,280.0,99990.0
1990-04-18 18:00:00+00:00,8.61,54.65,116.0,411.34,49.0,273.25,5.59,275.0,100100.0
1990-04-18 19:00:00+00:00,7.69,58.9,0.0,0.0,0.0,247.9,5.17,269.0,100160.0
1990-04-18 20:00:00+00:00,6.71,63.35,0.0,0.0,0.0,246.75,4.9,268.0,100260.0
1990-04-18 21:00:00+00:00,5.98,70.85,0.0,0.0,0.0,244.8,4.76,268.0,100370.0
1990-04-18 22:00:00+00:00,5.37,76.4,0.0,0.0,0.0,243.25,4.55,268.0,100420.0
1990-04-18 23:00:00+00:00,4.85,79.3,0.0,0.0,0.0,242.1,4.21,268.0,100510.0
1990-04-19 00:00:00+00:00,4.46,85.5,0.0,0.0,0.0,243.65,4.07,269.0,100570.0
1990-04-19 01:00:00+00:00,4.21,85.5,0.0,0.0,0.0,249.55,3.79,270.0,100660.0
1990-04-19 02:00:00+00:00,4.01,88.75,0.0,0.0,0.0,254.3,3.52,272.0,100690.0
1990-04-19 03:00:00+00:00,3.88,88.75,0.0,0.0,0.0,262.4,3.24,275.0,100740.0
1990-04-19 04:00:00+00:00,3.59,92.15,0.0,0.0,0.0,258.35,2.9,276.0,100750.0
1990-04-19 05:00:00+00:00,3.03,88.7,0.0,0.0,0.0,239.75,2.62,278.0,100800.0
1990-04-19 06:00:00+00:00,2.98,88.7,116.0,390.19,52.0,233.2,2.28,276.0,100870.0
1990-04-19 07:00:00+00:00,4.37,85.5,259.0,558.72,88.0,232.8,2.21,277.0,100970.0
1990-04-19 08:00:00+00:00,5.89,70.85,412.0,704.64,103.0,235.15,2.55,295.0,101030.0
1990-04-19 09:00:00+00:00,6.91,63.35,538.0,751.28,123.0,237.85,2.0,300.0,101070.0
1990-04-19 10:00:00+00:00,7.98,56.7,645.0,806.38,129.0,240.15,1.59,294.0,101100.0
1990-04-19 11:00:00+00:00,8.94,52.7,707.0,815.73,140.0,243.25,1.17,280.0,101130.0
1990-04-19 12:00:00+00:00,9.84,49.05,721.0,792.51,155.0,250.4,1.24,258.0,101140.0
1990-04-19 13:00:00+00:00,10.68,47.35,695.0,770.22,159.0,257.6,1.59,254.0,101160.0
1990-04-19 14:00:00+00:00,11.31,45.8,579.0,551.84,225.0,268.05,1.86,261.0,101150.0
1990-04-19 15:00:00+00:00,11.56,45.8,528.0,695.94,142.0,268.05,2.14,262.0,101150.0
1990-04-19 16:00:00+00:00,11.46,45.8,419.0,725.15,99.0,274.6,2.21,262.0,101140.0
1990-04-19 17:00:00+00:00,11.04,47.45,265.0,582.26,85.0,287.4,2.21,262.0,101150.0
1990-04-19 18:00:00+00:00,10.36,51.1,120.0,418.62,50.0,269.75,2.0,272.0,101190.0
1990-04-19 19:00:00+00:00,9.35,57.05,0.0,0.0,0.0,262.2,1.45,265.0,101200.0
1990-04-19 20:00:00+00:00,7.52,65.95,0.0,0.0,0.0,257.2,1.79,264.0,101230.0
1990-04-19 21:00:00+00:00,6.07,70.85,0.0,0.0,0.0,254.3,2.34,264.0,101290.0
1990-04-19 22:00:00+00:00,5.15,76.3,0.0,0.0,0.0,252.35,2.55,259.0,101310.0
1990-04-19 23:00:00+00:00,4.53,79.2,0.0,0.0,0.0,250.05,2.62,253.0,101330.0
1990-04-20 00:00:00+00:00,4.07,79.15,0.0,0.0,0.0,249.65,2.62,247.0,101340.0
1990-04-20 01:00:00+00:00,3.51,82.2,0.0,0.0,0.0,245.9,2.69,244.0,101360.0
1990-04-20 02:00:00+00:00,3.19,79.1,0.0,0.0,0.0,244.2,2.76,247.0,101360.0
1990-04-20 03:00:00+00:00,2.92,79.1,0.0,0.0,0.0,242.85,2.76,250.0,101350.0
1990-04-20 04:00:00+00:00,2.77,79.1,0.0,0.0,0.0,247.15,2.76,253.0,101360.0
1990-04-20 05:00:00+00:00,2.49,82.15,0.0,0.0,0.0,242.85,2.62,253.0,101360.0
1990-04-20 06:00:00+00:00,2.69,79.1,123.0,413.27,53.0,239.0,2.34,252.0,101350.0
1990-04-20 07:00:00+00:00,4.5,79.2,268.0,588.0,85.0,239.4,2.0,257.0,101390.0
1990-04-20 08:00:00+00:00,6.46,70.95,416.0,699.03,106.0,241.3,2.07,270.0,101400.0
1990-04-20 09:00:00+00:00,7.84,61.2,537.0,725.17,133.0,244.8,1.93,281.0,101420.0
1990-04-20 10:00:00+00:00,9.0,56.9,646.0,794.53,134.0,248.3,1.79,294.0,101440.0
1990-04-20 11:00:00+00:00,9.97,55.05,719.0,842.15,130.0,251.95,1.52,297.0,101430.0
1990-04-20 12:00:00+00:00,10.87,53.25,750.0,874.23,122.0,255.25,1.24,291.0,101430.0
1990-04-20 13:00:00+00:00,11.65,51.35,724.0,854.35,126.0,260.3,1.17,289.0,101400.0
1990-04-20 14:00:00+00:00,12.27,49.7,671.0,875.33,106.0,263.6,1.31,293.0,101380.0
1990-04-20 15:00:00+00:00,12.63,51.65,573.0,859.25,93.0,267.45,1.24,299.0,101360.0
1990-04-20 16:00:00+00:00,12.73,49.85,421.0,718.58,101.0,269.2,0.83,305.0,101330.0
1990-04-20 17:00:00+00:00,12.5,51.65,270.0,596.9,83.0,271.5,0.07,24.0,101270.0
1990-04-20 18:00:00+00:00,11.85,57.65,88.0,122.44,67.0,267.65,0.83,126.0,101240.0
1990-04-20 19:00:00+00:00,11.0,66.65,4.0,0.0,4.0,266.1,1.31,121.0,101200.0
1990-04-20 20:00:00+00:00,8.77,76.95,0.0,0.0,0.0,263.6,1.79,137.0,101180.0
1990-04-20 21:00:00+00:00,7.03,85.75,0.0,0.0,0.0,261.45,1.93,153.0,101180.0
1990-04-20 22:00:00+00:00,5.67,85.65,0.0,0.0,0.0,259.7,2.0,171.0,101160.0
1990-04-20 23:00:00+00:00,4.55,92.2,0.0,0.0,0.0,258.75,2.07,188.0,101170.0
1990-04-21 00:00:00+00:00,3.61,95.7,0.0,0.0,0.0,257.0,2.0,195.0,101170.0
1990-04-21 01:00:00+00:00,2.84,92.15,0.0,0.0,0.0,255.95,1.93,201.0,101150.0
1990-04-21 02:00:00+00:00,2.48,92.15,0.0,0.0,0.0,255.25,1.79,211.0,101130.0
1990-04-21 03:00:00+00:00,2.21,92.15,0.0,0.0,0.0,254.65,1.72,221.0,101090.0
1990-04-21 04:00:00+00:00,1.82,92.1,0.0,0.0,0.0,255.25,1.72,226.0,101050.0
1990-04-21 05:00:00+00:00,1.38,92.05,5.0,0.0,5.0,252.75,1.86,228.0,101020.0
1990-04-21 06:00:00+00:00,2.24,92.15,128.0,429.39,53.0,251.75,1.66,236.0,101020.0
1990-04-21 07:00:00+00:00,5.99,92.3,275.0,610.16,82.0,251.75,0.9,250.0,101030.0
1990-04-21 08:00:00+00:00,8.95,79.85,427.0,733.81,98.0,254.3,0.83,301.0,101050.0
1990-04-21 09:00:00+00:00,10.19,74.3,557.0,792.15,112.0,260.1,1.59,356.0,101060.0
1990-04-21 10:00:00+00:00,10.89,69.15,654.0,813.76,126.0,263.4,2.41,25.0,101050.0
1990-04-21 11:00:00+00:00,11.34,66.75,727.0,859.81,122.0,266.85,2.9,43.0,101050.0
1990-04-21 12:00:00+00:00,11.42,66.75,758.0,891.43,114.0,268.2,3.1,64.0,101070.0
1990-04-21 13:00:00+00:00,11.43,66.75,727.0,859.46,122.0,279.65,3.31,77.0,101070.0
1990-04-21 14:00:00+00:00,10.98,69.15,651.0,802.28,130.0,295.3,3.72,82.0,101070.0
1990-04-21 15:00:00+00:00,10.37,69.1,536.0,705.71,139.0,314.65,4.21,81.0,101070.0
1990-04-21 16:00:00+00:00,9.49,71.5,361.0,418.41,173.0,320.5,4.55,83.0,101070.0
1990-04-21 17:00:00+00:00,8.72,71.4,250.0,437.94,111.0,296.5,4.62,86.0,101080.0
1990-04-21 18:00:00+00:00,7.99,73.95,128.0,426.65,53.0,290.3,4.48,89.0,101080.0
1990-04-21 19:00:00+00:00,7.66,76.7,2.0,0.0,2.0,284.5,3.59,96.0,101090.0
1990-04-21 20:00:00+00:00,6.92,76.65,0.0,0.0,0.0,280.2,3.59,99.0,101130.0
1990-04-21 21:00:00+00:00,6.51,76.55,0.0,0.0,0.0,284.5,3.31,99.0,101190.0
1990-04-21 22:00:00+00:00,6.22,76.55,0.0,0.0,0.0,293.0,3.1,94.0,101200.0
1990-04-21 23:00:00+00:00,5.68,79.4,0.0,0.0,0.0,275.0,2.9,87.0,101200.0
1990-04-22 00:00:00+00:00,5.07,88.85,0.0,0.0,0.0,260.3,2.76,79.0,101200.0
1990-04-22 01:00:00+00:00,4.62,92.2,0.0,0.0,0.0,257.5,2.55,70.0,101160.0
1990-04-22 02:00:00+00:00,4.13,92.15,0.0,0.0,0.0,255.65,2.34,65.0,101120.0
1990-04-22 03:00:00+00:00,3.66,92.15,0.0,0.0,0.0,250.8,2.28,60.0,101110.0
1990-04-22 04:00:00+00:00,3.26,92.15,0.0,0.0,0.0,248.85,2.28,57.0,101110.0
1990-04-22 05:00:00+00:00,2.97,88.7,3.0,0.0,3.0,251.0,2.28,58.0,101090.0
1990-04-22 06:00:00+00:00,3.41,88.7,87.0,88.95,71.0,262.8,2.21,57.0,101090.0
1990-04-22 07:00:00+00:00,4.84,82.35,177.0,108.92,142.0,267.25,2.07,60.0,101060.0
1990-04-22 08:00:00+00:00,5.61,73.55,371.0,441.37,171.0,270.15,2.48,54.0,101040.0
1990-04-22 09:00:00+00:00,6.31,68.3,265.0,33.55,246.0,286.05,2.48,44.0,101010.0
1990-04-22 10:00:00+00:00,6.74,63.35,392.0,110.23,320.0,291.45,2.34,36.0,100980.0
1990-04-22 11:00:00+00:00,7.03,63.35,379.0,60.75,336.0,301.9,2.14,33.0,100950.0
1990-04-22 12:00:00+00:00,7.65,58.8,478.0,158.3,363.0,294.75,2.14,33.0,100910.0
1990-04-22 13:00:00+00:00,8.05,56.7,535.0,281.13,336.0,301.7,1.93,35.0,100850.0
1990-04-22 14:00:00+00:00,8.14,56.7,493.0,287.78,305.0,300.95,1.93,41.0,100800.0
1990-04-22 15:00:00+00:00,7.94,58.9,468.0,423.7,228.0,295.5,2.28,54.0,100770.0
1990-04-22 16:00:00+00:00,7.68,58.9,182.0,15.44,175.0,297.85,2.69,56.0,100730.0
1990-04-22 17:00:00+00:00,6.83,65.85,247.0,401.28,118.0,283.1,3.31,58.0,100700.0
1990-04-22 18:00:00+00:00,5.84,70.85,64.0,22.22,60.0,291.25,3.45,59.0,100690.0
1990-04-22 19:00:00+00:00,5.13,76.3,4.0,0.0,4.0,274.05,3.31,55.0,100740.0
1990-04-22 20:00:00+00:00,4.2,79.2,0.0,0.0,0.0,263.0,3.1,52.0,100760.0
1990-04-22 21:00:00+00:00,3.62,85.4,0.0,0.0,0.0,259.9,2.69,48.0,100790.0
1990-04-22 22:00:00+00:00,3.08,85.4,0.0,0.0,0.0,248.1,2.28,37.0,100800.0
1990-04-22 23:00:00+00:00,2.65,82.2,0.0,0.0,0.0,248.1,2.07,21.0,100790.0
1990-04-23 00:00:00+00:00,2.2,85.35,0.0,0.0,0.0,250.05,2.0,9.0,100800.0
1990-04-23 01:00:00+00:00,1.64,85.3,0.0,0.0,0.0,247.45,1.93,356.0,100770.0
1990-04-23 02:00:00+00:00,1.14,88.6,0.0,0.0,0.0,253.5,1.79,342.0,100750.0
1990-04-23 03:00:00+00:00,0.3,88.5,0.0,0.0,0.0,240.75,1.72,318.0,100700.0
1990-04-23 04:00:00+00:00,-0.38,92.0,0.0,0.0,0.0,234.95,2.0,295.0,100660.0
1990-04-23 05:00:00+00:00,-0.73,95.6,8.0,0.0,8.0,230.3,2.28,281.0,100650.0
1990-04-23 06:00:00+00:00,0.49,92.0,133.0,394.57,60.0,227.95,2.48,276.0,100620.0
1990-04-23 07:00:00+00:00,2.83,82.2,284.0,600.75,88.0,228.95,3.17,282.0,100620.0
1990-04-23 08:00:00+00:00,4.38,73.4,420.0,644.31,125.0,233.75,4.07,297.0,100600.0
1990-04-23 09:00:00+00:00,5.47,63.05,315.0,78.83,270.0,239.95,4.62,316.0,100570.0
1990-04-23 10:00:00+00:00,6.44,58.55,465.0,219.02,321.0,268.8,4.62,325.0,100570.0
1990-04-23 11:00:00+00:00,6.98,54.3,364.0,47.76,330.0,285.65,4.34,333.0,100550.0
1990-04-23 12:00:00+00:00,7.45,52.35,106.0,0.0,106.0,268.6,4.34,339.0,100530.0
1990-04-23 13:00:00+00:00,7.86,50.45,423.0,101.16,351.0,280.4,3.79,351.0,100490.0
1990-04-23 14:00:00+00:00,7.8,48.55,192.0,0.0,192.0,295.7,3.66,2.0,100450.0
1990-04-23 15:00:00+00:00,7.37,52.35,223.0,10.52,217.0,301.1,3.38,18.0,100450.0
1990-04-23 16:00:00+00:00,6.67,56.45,183.0,15.31,176.0,299.2,3.03,32.0,100440.0
1990-04-23 17:00:00+00:00,5.98,60.75,140.0,33.79,129.0,284.5,2.55,44.0,100430.0
1990-04-23 18:00:00+00:00,5.47,63.05,54.0,5.43,53.0,290.3,2.0,47.0,100460.0
1990-04-23 19:00:00+00:00,5.15,60.65,4.0,0.0,4.0,292.8,1.66,21.0,100450.0
1990-04-23 20:00:00+00:00,4.56,65.3,0.0,0.0,0.0,286.4,1.38,12.0,100480.0
1990-04-23 21:00:00+00:00,3.57,73.2,0.0,0.0,0.0,267.85,1.52,354.0,100480.0
1990-04-23 22:00:00+00:00,3.09,67.7,0.0,0.0,0.0,265.9,2.34,339.0,100510.0
1990-04-23 23:00:00+00:00,2.52,70.3,0.0,0.0,0.0,248.1,2.69,329.0,100490.0
1990-04-24 00:00:00+00:00,2.16,67.6,0.0,0.0,0.0,246.15,2.83,317.0,100490.0
1990-04-24 01:00:00+00:00,1.96,70.2,0.0,0.0,0.0,253.25,2.97,307.0,100480.0
1990-04-24 02:00:00+00:00,2.02,70.2,0.0,0.0,0.0,278.1,3.03,301.0,100450.0
1990-04-24 03:00:00+00:00,2.0,73.0,0.0,0.0,0.0,295.7,2.97,293.0,100430.0
1990-04-24 04:00:00+00:00,1.8,78.95,0.0,0.0,0.0,302.1,2.28,278.0,100390.0
1990-04-24 05:00:00+00:00,1.58,82.0,5.0,0.0,5.0,302.65,1.79,267.0,100350.0
1990-04-24 06:00:00+00:00,1.67,82.05,72.0,26.31,67.0,307.9,1.31,274.0,100350.0
1990-04-24 07:00:00+00:00,2.78,76.1,177.0,93.62,146.0,292.4,2.21,283.0,100370.0
1990-04-24 08:00:00+00:00,3.81,76.15,329.0,259.46,209.0,279.85,2.07,309.0,100390.0
1990-04-24 09:00:00+00:00,5.08,70.7,428.0,283.36,265.0,283.3,2.9,351.0,100390.0
1990-04-24 10:00:00+00:00,6.05,60.75,602.0,568.24,226.0,251.6,3.1,357.0,100390.0
1990-04-24 11:00:00+00:00,6.91,56.45,721.0,790.56,155.0,278.1,2.83,356.0,100350.0
1990-04-24 12:00:00+00:00,7.74,52.45,730.0,751.73,178.0,292.6,2.28,351.0,100310.0
1990-04-24 13:00:00+00:00,8.59,50.6,614.0,451.42,291.0,298.05,1.93,339.0,100270.0
1990-04-24 14:00:00+00:00,9.2,47.05,469.0,225.46,320.0,285.85,1.38,325.0,100190.0
1990-04-24 15:00:00+00:00,9.95,43.7,368.0,156.78,278.0,280.2,1.45,312.0,100100.0
1990-04-24 16:00:00+00:00,10.29,42.15,350.0,331.85,197.0,285.85,1.66,314.0,100030.0
1990-04-24 17:00:00+00:00,10.25,42.15,163.0,66.77,141.0,287.0,1.31,329.0,99970.0
1990-04-24 18:00:00+00:00,9.32,50.85,75.0,37.16,68.0,280.8,0.48,333.0,99950.0
1990-04-24 19:00:00+00:00,8.5,59.0,8.0,0.0,8.0,283.1,1.24,244.0,99910.0
1990-04-24 20:00:00+00:00,6.91,65.85,0.0,0.0,0.0,262.2,2.14,257.0,99880.0
1990-04-24 21:00:00+00:00,6.08,70.85,0.0,0.0,0.0,270.15,2.97,270.0,99840.0
1990-04-24 22:00:00+00:00,5.3,73.55,0.0,0.0,0.0,254.3,3.38,279.0,99820.0
1990-04-24 23:00:00+00:00,4.76,76.3,0.0,0.0,0.0,259.1,3.38,286.0,99760.0
1990-04-25 00:00:00+00:00,4.21,79.2,0.0,0.0,0.0,254.85,3.17,289.0,99730.0
1990-04-25 01:00:00+00:00,3.61,82.2,0.0,0.0,0.0,243.95,3.1,288.0,99660.0
1990-04-25 02:00:00+00:00,3.19,82.2,0.0,0.0,0.0,245.95,3.1,286.0,99600.0
1990-04-25 03:00:00+00:00,3.02,82.2,0.0,0.0,0.0,255.25,3.24,283.0,99540.0
1990-04-25 04:00:00+00:00,2.84,82.2,0.0,0.0,0.0,251.2,3.45,280.0,99470.0
1990-04-25 05:00:00+00:00,2.7,82.2,15.0,18.48,14.0,246.15,3.72,283.0,99400.0
1990-04-25 06:00:00+00:00,3.14,85.4,151.0,481.94,57.0,240.35,3.93,292.0,99380.0
1990-04-25 07:00:00+00:00,4.72,79.3,163.0,59.54,143.0,242.65,4.28,309.0,99380.0
1990-04-25 08:00:00+00:00,5.31,65.55,301.0,171.29,221.0,264.55,5.31,336.0,99350.0
1990-04-25 09:00:00+00:00,5.38,56.05,375.0,158.73,283.0,293.0,5.79,339.0,99340.0
1990-04-25 10:00:00+00:00,5.04,53.8,273.0,12.02,265.0,281.95,6.0,340.0,99360.0
1990-04-25 11:00:00+00:00,5.3,51.8,315.0,18.06,302.0,276.55,6.62,342.0,99360.0
1990-04-25 12:00:00+00:00,5.68,49.95,373.0,43.35,341.0,270.35,6.83,342.0,99370.0
1990-04-25 13:00:00+00:00,5.83,48.0,737.0,828.64,141.0,257.0,6.69,341.0,99350.0
1990-04-25 14:00:00+00:00,6.2,42.7,653.0,732.8,166.0,254.5,6.76,341.0,99320.0
1990-04-25 15:00:00+00:00,6.32,39.4,559.0,723.43,141.0,255.85,6.9,338.0,99270.0
1990-04-25 16:00:00+00:00,6.26,37.85,457.0,787.32,91.0,251.95,7.45,337.0,99250.0
1990-04-25 17:00:00+00:00,5.82,40.9,272.0,479.82,112.0,244.8,6.83,330.0,99220.0
1990-04-25 18:00:00+00:00,5.42,44.15,150.0,498.62,54.0,248.1,6.48,321.0,99210.0
1990-04-25 19:00:00+00:00,4.31,47.6,11.0,0.0,11.0,235.5,6.69,320.0,99220.0
1990-04-25 20:00:00+00:00,3.68,49.4,0.0,0.0,0.0,246.55,6.07,319.0,99250.0
1990-04-25 21:00:00+00:00,3.26,53.4,0.0,0.0,0.0,256.8,5.66,322.0,99270.0
1990-04-25 22:00:00+00:00,2.73,55.55,0.0,0.0,0.0,239.2,5.17,322.0,99290.0
1990-04-25 23:00:00+00:00,2.35,62.5,0.0,0.0,0.0,241.3,4.76,321.0,99290.0
1990-04-26 00:00:00+00:00,2.14,62.5,0.0,0.0,0.0,248.85,4.55,320.0,99280.0
1990-04-26 01:00:00+00:00,2.04,67.5,0.0,0.0,0.0,264.25,4.55,317.0,99270.0
1990-04-26 02:00:00+00:00,1.77,67.5,0.0,0.0,0.0,249.65,4.55,313.0,99260.0
1990-04-26 03:00:00+00:00,1.76,67.5,0.0,0.0,0.0,263.0,4.62,312.0,99240.0
1990-04-26 04:00:00+00:00,1.81,70.2,0.0,0.0,0.0,274.2,4.62,312.0,99220.0
1990-04-26 05:00:00+00:00,1.72,70.2,16.0,16.89,15.0,263.2,4.62,315.0,99220.0
1990-04-26 06:00:00+00:00,2.07,73.0,146.0,395.11,67.0,272.5,4.34,320.0,99240.0
1990-04-26 07:00:00+00:00,2.33,70.3,286.0,522.63,108.0,275.4,4.83,314.0,99290.0
1990-04-26 08:00:00+00:00,3.56,73.2,309.0,182.39,223.0,275.6,5.45,324.0,99290.0
1990-04-26 09:00:00+00:00,4.58,67.9,145.0,0.0,145.0,267.65,6.07,335.0,99290.0
1990-04-26 10:00:00+00:00,5.37,63.05,112.0,0.0,112.0,260.5,6.48,344.0,99290.0
1990-04-26 11:00:00+00:00,6.14,65.65,132.0,0.0,132.0,262.6,6.48,349.0,99290.0
1990-04-26 12:00:00+00:00,6.35,65.75,94.0,0.0,94.0,279.25,6.21,353.0,99290.0
1990-04-26 13:00:00+00:00,6.4,68.3,139.0,0.0,139.0,281.0,6.07,1.0,99340.0
1990-04-26 14:00:00+00:00,5.81,73.65,474.0,221.48,326.0,288.35,5.52,8.0,99360.0
1990-04-26 15:00:00+00:00,5.05,82.35,117.0,0.0,117.0,299.4,4.76,12.0,99400.0
1990-04-26 16:00:00+00:00,4.63,85.5,82.0,0.0,82.0,278.3,4.83,11.0,99430.0
1990-04-26 17:00:00+00:00,3.78,88.75,252.0,352.72,133.0,298.6,4.28,8.0,99480.0
1990-04-26 18:00:00+00:00,3.77,85.45,144.0,411.94,63.0,272.85,3.79,2.0,99530.0
1990-04-26 19:00:00+00:00,3.72,82.25,13.0,0.0,13.0,285.25,4.41,4.0,99580.0
1990-04-26 20:00:00+00:00,3.12,82.2,0.0,0.0,0.0,290.5,4.21,1.0,99630.0
1990-04-26 21:00:00+00:00,2.58,82.15,0.0,0.0,0.0,276.35,4.07,355.0,99650.0
1990-04-26 22:00:00+00:00,2.42,79.0,0.0,0.0,0.0,274.8,3.79,348.0,99660.0
1990-04-26 23:00:00+00:00,2.03,78.95,0.0,0.0,0.0,266.65,3.66,345.0,99650.0
1990-04-27 00:00:00+00:00,1.72,78.95,0.0,0.0,0.0,261.45,3.52,341.0,99660.0
1990-04-27 01:00:00+00:00,1.19,78.9,0.0,0.0,0.0,244.9,3.17,330.0,99650.0
1990-04-27 02:00:00+00:00,0.8,81.95,0.0,0.0,0.0,245.0,3.1,321.0,99630.0
1990-04-27 03:00:00+00:00,0.42,81.9,0.0,0.0,0.0,242.1,3.17,317.0,99620.0
1990-04-27 04:00:00+00:00,-0.03,81.8,0.0,0.0,0.0,233.2,3.17,313.0,99590.0
1990-04-27 05:00:00+00:00,-0.45,85.05,23.0,62.31,19.0,225.65,3.17,309.0,99580.0
1990-04-27 06:00:00+00:00,-0.05,81.8,152.0,405.35,69.0,223.3,3.17,309.0,99600.0
1990-04-27 07:00:00+00:00,0.87,78.8,229.0,217.27,154.0,218.3,3.1,307.0,99620.0
1990-04-27 08:00:00+00:00,2.0,73.0,368.0,344.6,204.0,218.5,3.24,311.0,99620.0
1990-04-27 09:00:00+00:00,3.11,65.1,480.0,391.15,250.0,221.4,3.1,310.0,99580.0
1990-04-27 10:00:00+00:00,4.14,57.95,425.0,132.07,336.0,232.2,3.24,318.0,99580.0
1990-04-27 11:00:00+00:00,5.03,55.95,500.0,185.54,365.0,235.7,2.9,316.0,99510.0
1990-04-27 12:00:00+00:00,5.84,54.05,655.0,476.14,300.0,237.25,2.55,309.0,99530.0
1990-04-27 13:00:00+00:00,6.3,54.15,651.0,514.76,277.0,245.95,2.34,299.0,99480.0
1990-04-27 14:00:00+00:00,6.59,58.55,412.0,117.59,333.0,252.95,2.48,291.0,99450.0
1990-04-27 15:00:00+00:00,6.75,56.45,599.0,844.25,105.0,264.75,2.76,290.0,99450.0
1990-04-27 16:00:00+00:00,6.53,60.85,437.0,649.89,130.0,262.4,2.97,289.0,99410.0
1990-04-27 17:00:00+00:00,5.06,65.4,101.0,0.0,101.0,258.55,2.34,294.0,99380.0
1990-04-27 18:00:00+00:00,4.3,67.9,132.0,274.06,77.0,266.5,2.69,286.0,99420.0
1990-04-27 19:00:00+00:00,3.53,76.1,3.0,0.0,3.0,263.2,2.62,283.0,99480.0
1990-04-27 20:00:00+00:00,2.64,79.1,0.0,0.0,0.0,259.7,2.14,268.0,99500.0
1990-04-27 21:00:00+00:00,1.98,82.05,0.0,0.0,0.0,242.5,2.14,254.0,99480.0
1990-04-27 22:00:00+00:00,1.49,85.25,0.0,0.0,0.0,242.1,2.28,252.0,99460.0
1990-04-27 23:00:00+00:00,1.06,85.2,0.0,0.0,0.0,237.45,2.41,255.0,99430.0
1990-04-28 00:00:00+00:00,0.67,85.2,0.0,0.0,0.0,236.1,2.48,258.0,99420.0
1990-04-28 01:00:00+00:00,0.4,88.5,0.0,0.0,0.0,240.05,2.41,256.0,99400.0
1990-04-28 02:00:00+00:00,0.09,92.0,0.0,0.0,0.0,241.15,2.28,248.0,99370.0
1990-04-28 03:00:00+00:00,-0.38,88.45,0.0,0.0,0.0,233.95,2.21,231.0,99320.0
1990-04-28 04:00:00+00:00,-0.77,88.45,0.0,0.0,0.0,234.95,2.14,218.0,99250.0
1990-04-28 05:00:00+00:00,-1.17,91.95,28.0,101.29,21.0,225.05,2.21,218.0,99250.0
1990-04-28 06:00:00+00:00,-0.46,91.95,170.0,539.4,57.0,220.4,1.72,202.0,99220.0
1990-04-28 07:00:00+00:00,1.66,82.05,316.0,657.68,86.0,244.2,1.79,198.0,99200.0
1990-04-28 08:00:00+00:00,3.03,79.1,282.0,114.53,227.0,247.9,2.07,191.0,99160.0
1990-04-28 09:00:00+00:00,3.99,70.5,253.0,18.58,242.0,258.95,3.03,177.0,99090.0
1990-04-28 10:00:00+00:00,4.7,62.95,203.0,0.0,203.0,280.4,4.0,176.0,99020.0
1990-04-28 11:00:00+00:00,4.67,65.4,218.0,0.0,218.0,287.95,4.07,168.0,98960.0
1990-04-28 12:00:00+00:00,4.75,65.4,130.0,0.0,130.0,295.7,4.9,161.0,98890.0
1990-04-28 13:00:00+00:00,4.4,70.6,131.0,0.0,131.0,301.7,4.9,151.0,98800.0
1990-04-28 14:00:00+00:00,3.44,82.2,405.0,108.09,332.0,302.5,4.28,134.0,98720.0
1990-04-28 15:00:00+00:00,3.01,88.7,296.0,49.26,267.0,298.4,4.48,127.0,98640.0
1990-04-28 16:00:00+00:00,3.13,95.7,145.0,0.0,145.0,301.7,3.93,124.0,98580.0
1990-04-28 17:00:00+00:00,2.87,95.7,76.0,0.0,76.0,311.55,3.72,123.0,98530.0
1990-04-28 18:00:00+00:00,2.6,99.4,81.0,34.19,74.0,306.15,3.31,132.0,98490.0
1990-04-28 19:00:00+00:00,1.92,99.4,19.0,0.0,19.0,309.45,2.07,101.0,98480.0
1990-04-28 20:00:00+00:00,1.53,99.4,0.0,0.0,0.0,294.55,1.24,66.0,98460.0
1990-04-28 21:00:00+00:00,1.46,99.4,0.0,0.0,0.0,321.65,1.1,357.0,98430.0
1990-04-28 22:00:00+00:00,1.38,95.65,0.0,0.0,0.0,319.3,1.59,348.0,98420.0
1990-04-28 23:00:00+00:00,1.23,95.65,0.0,0.0,0.0,317.55,1.93,359.0,98380.0
1990-04-29 00:00:00+00:00,1.09,99.35,0.0,0.0,0.0,317.4,2.21,13.0,98380.0
1990-04-29 01:00:00+00:00,1.03,99.35,0.0,0.0,0.0,311.7,2.83,17.0,98350.0
1990-04-29 02:00:00+00:00,0.98,99.35,0.0,0.0,0.0,309.85,3.52,18.0,98330.0
1990-04-29 03:00:00+00:00,0.98,99.35,0.0,0.0,0.0,309.45,4.07,19.0,98310.0
1990-04-29 04:00:00+00:00,0.99,99.35,0.0,0.0,0.0,309.45,4.62,15.0,98290.0
1990-04-29 05:00:00+00:00,1.16,95.65,11.0,0.0,11.0,312.35,5.17,13.0,98340.0
1990-04-29 06:00:00+00:00,1.11,95.65,21.0,0.0,21.0,308.5,5.52,12.0,98400.0
1990-04-29 07:00:00+00:00,1.67,92.1,47.0,0.0,47.0,301.7,6.0,360.0,98440.0
1990-04-29 08:00:00+00:00,1.9,92.1,105.0,0.0,105.0,304.6,6.41,0.0,98520.0
1990-04-29 09:00:00+00:00,2.82,88.7,86.0,0.0,86.0,309.45,6.34,355.0,98590.0
1990-04-29 10:00:00+00:00,3.53,92.15,88.0,0.0,88.0,314.1,6.34,355.0,98680.0
1990-04-29 11:00:00+00:00,4.47,88.8,112.0,0.0,112.0,302.1,6.21,355.0,98770.0
1990-04-29 12:00:00+00:00,4.81,82.35,147.0,0.0,147.0,310.2,5.52,350.0,98870.0
1990-04-29 13:00:00+00:00,5.65,79.35,157.0,0.0,157.0,306.55,5.38,343.0,98960.0
1990-04-29 14:00:00+00:00,6.43,73.7,150.0,0.0,150.0,294.15,5.38,337.0,99020.0
1990-04-29 15:00:00+00:00,6.88,68.4,84.0,0.0,84.0,280.6,5.52,335.0,99060.0
1990-04-29 16:00:00+00:00,6.77,68.4,195.0,16.68,187.0,273.85,5.38,335.0,99130.0
1990-04-29 17:00:00+00:00,6.53,68.3,208.0,149.04,156.0,273.45,5.17,336.0,99200.0
1990-04-29 18:00:00+00:00,5.94,70.85,158.0,460.01,62.0,284.85,4.07,339.0,99300.0
1990-04-29 19:00:00+00:00,5.32,70.8,6.0,0.0,6.0,261.05,3.52,317.0,99360.0
1990-04-29 20:00:00+00:00,4.39,76.25,0.0,0.0,0.0,256.8,3.24,303.0,99460.0
1990-04-29 21:00:00+00:00,3.55,79.1,0.0,0.0,0.0,242.65,3.17,291.0,99520.0
1990-04-29 22:00:00+00:00,3.02,79.1,0.0,0.0,0.0,247.5,3.1,288.0,99570.0
1990-04-29 23:00:00+00:00,2.49,82.15,0.0,0.0,0.0,240.55,3.03,284.0,99640.0
1990-04-30 00:00:00+00:00,1.95,82.05,0.0,0.0,0.0,236.65,2.83,276.0,99670.0
1990-04-30 01:00:00+00:00,1.41,85.25,0.0,0.0,0.0,232.55,2.76,266.0,99710.0
1990-04-30 02:00:00+00:00,0.95,85.2,0.0,0.0,0.0,231.45,2.83,258.0,99750.0
1990-04-30 03:00:00+00:00,0.58,88.5,0.0,0.0,0.0,227.4,2.83,254.0,99780.0
1990-04-30 04:00:00+00:00,0.3,88.5,0.0,0.0,0.0,226.6,2.83,251.0,99820.0
1990-04-30 05:00:00+00:00,0.14,88.5,27.0,38.12,24.0,225.45,2.83,248.0,99860.0
1990-04-30 06:00:00+00:00,1.05,88.55,173.0,502.96,63.0,224.85,2.69,250.0,99920.0
1990-04-30 07:00:00+00:00,3.23,85.4,323.0,649.92,90.0,228.35,2.97,261.0,99940.0
1990-04-30 08:00:00+00:00,4.75,76.3,467.0,728.64,111.0,232.2,3.38,275.0,99980.0
1990-04-30 09:00:00+00:00,5.9,65.65,497.0,416.63,247.0,239.75,3.31,280.0,100010.0
1990-04-30 10:00:00+00:00,6.78,56.45,495.0,236.38,333.0,253.5,3.24,274.0,100040.0
1990-04-30 11:00:00+00:00,6.97,56.45,216.0,0.0,216.0,257.0,3.17,265.0,100070.0
1990-04-30 12:00:00+00:00,8.23,59.0,543.0,223.48,374.0,270.15,3.24,256.0,100080.0
1990-04-30 13:00:00+00:00,8.8,61.45,464.0,130.25,368.0,266.5,3.66,254.0,100110.0
1990-04-30 14:00:00+00:00,9.17,61.45,564.0,397.19,293.0,265.9,4.07,255.0,100150.0
1990-04-30 15:00:00+00:00,9.25,59.25,597.0,807.38,116.0,279.25,4.34,256.0,100170.0
1990-04-30 16:00:00+00:00,7.09,60.26,264.0,84.83,223.0,253.39,3.58,257.0,100210.0
1990-04-30 17:00:00+00:00,7.06,62.84,320.0,666.4,85.0,255.35,3.57,257.0,100250.0
1990-04-30 18:00:00+00:00,7.02,65.42,132.0,221.04,85.0,257.32,3.56,253.0,100300.0
1990-04-30 19:00:00+00:00,6.99,68.0,25.0,54.92,21.0,259.28,3.55,247.0,100340.0
1990-04-30 20:00:00+00:00,6.96,70.57,0.0,0.0,0.0,261.24,3.54,237.0,100400.0
1990-04-30 21:00:00+00:00,6.93,73.15,0.0,0.0,0.0,263.21,3.53,217.0,100430.0
1990-04-30 22:00:00+00:00,6.9,75.73,0.0,0.0,0.0,265.17,3.52,204.0,100410.0
1990-04-30 23:00:00+00:00,6.86,78.31,0.0,0.0,0.0,267.14,3.51,200.0,100380.0
1990-05-01 00:00:00+00:00,6.83,80.89,0.0,0.0,0.0,269.1,3.5,192.0,100110.0
1990-05-01 01:00:00+00:00,6.8,83.46,0.0,0.0,0.0,271.07,3.49,181.0,100110.0
1990-05-01 02:00:00+00:00,6.77,86.04,0.0,0.0,0.0,273.03,3.48,176.0,100100.0
1990-05-01 03:00:00+00:00,6.73,88.62,0.0,0.0,0.0,274.99,3.47,180.0,100070.0
1990-05-01 04:00:00+00:00,6.7,91.2,0.0,0.0,0.0,276.96,3.46,185.0,100060.0
1990-05-01 05:00:00+00:00,6.67,93.78,37.0,152.49,25.0,278.92,3.45,186.0,100030.0
1990-05-01 06:00:00+00:00,6.64,96.35,155.0,361.22,76.0,280.89,3.44,185.0,100000.0
1990-05-01 07:00:00+00:00,6.61,98.93,277.0,404.45,132.0,282.85,3.43,180.0,99960.0
1990-05-01 08:00:00+00:00,10.21,77.1,235.0,47.08,212.0,281.4,5.59,183.0,99930.0
1990-05-01 09:00:00+00:00,11.29,71.75,138.0,0.0,138.0,304.05,6.28,189.0,99910.0
1990-05-01 10:00:00+00:00,11.89,66.75,116.0,0.0,116.0,314.1,6.34,196.0,99920.0
1990-05-01 11:00:00+00:00,11.09,69.15,302.0,12.19,293.0,329.55,6.55,201.0,99930.0
1990-05-01 12:00:00+00:00,10.09,79.95,169.0,0.0,169.0,339.25,6.97,200.0,99950.0
1990-05-01 13:00:00+00:00,9.57,85.95,176.0,0.0,176.0,339.05,6.76,200.0,99960.0
1990-05-01 14:00:00+00:00,9.34,89.1,249.0,4.4,246.0,345.65,6.76,203.0,99960.0
1990-05-01 15:00:00+00:00,9.31,89.1,548.0,636.17,169.0,352.0,5.59,206.0,99960.0
1990-05-01 16:00:00+00:00,10.32,89.2,442.0,664.16,121.0,354.55,5.17,213.0,99980.0
1990-05-01 17:00:00+00:00,11.05,86.1,127.0,11.34,123.0,332.65,4.69,221.0,99980.0
1990-05-01 18:00:00+00:00,11.03,77.2,54.0,0.0,54.0,305.0,5.1,233.0,100040.0
1990-05-01 19:00:00+00:00,10.24,79.95,9.0,0.0,9.0,284.5,4.55,240.0,100130.0
1990-05-01 20:00:00+00:00,9.22,82.85,0.0,0.0,0.0,281.2,4.21,242.0,100230.0
1990-05-01 21:00:00+00:00,8.46,82.75,0.0,0.0,0.0,277.5,4.14,242.0,100300.0
1990-05-01 22:00:00+00:00,7.93,82.7,0.0,0.0,0.0,275.75,4.21,242.0,100360.0
1990-05-01 23:00:00+00:00,7.48,79.7,0.0,0.0,0.0,263.4,4.34,242.0,100410.0
1990-05-02 00:00:00+00:00,7.18,82.65,0.0,0.0,0.0,264.75,4.41,244.0,100430.0
1990-05-02 01:00:00+00:00,7.05,79.65,0.0,0.0,0.0,270.65,4.34,245.0,100470.0
1990-05-02 02:00:00+00:00,6.67,82.6,0.0,0.0,0.0,260.85,4.14,244.0,100510.0
1990-05-02 03:00:00+00:00,6.26,82.55,0.0,0.0,0.0,254.5,3.79,240.0,100540.0
1990-05-02 04:00:00+00:00,5.92,82.55,0.0,0.0,0.0,254.1,3.59,236.0,100590.0
1990-05-02 05:00:00+00:00,5.74,85.65,38.0,119.97,28.0,258.55,3.45,231.0,100660.0
1990-05-02 06:00:00+00:00,6.24,85.7,162.0,380.86,77.0,265.3,3.45,230.0,100720.0
1990-05-02 07:00:00+00:00,7.55,79.7,318.0,603.68,99.0,274.6,4.55,238.0,100770.0
1990-05-02 08:00:00+00:00,8.55,74.05,381.0,351.18,208.0,293.4,5.45,248.0,100820.0
1990-05-02 09:00:00+00:00,9.2,68.8,381.0,144.06,294.0,291.05,5.38,249.0,100860.0
1990-05-02 10:00:00+00:00,10.13,59.35,578.0,425.26,285.0,298.4,5.66,249.0,100860.0
1990-05-02 11:00:00+00:00,10.58,57.3,560.0,277.59,354.0,300.95,5.66,249.0,100880.0
1990-05-02 12:00:00+00:00,11.01,55.3,563.0,258.02,367.0,294.95,5.66,251.0,100900.0
1990-05-02 13:00:00+00:00,11.35,53.25,593.0,351.16,333.0,299.2,5.52,251.0,100890.0
1990-05-02 14:00:00+00:00,11.79,51.35,632.0,597.96,222.0,287.0,5.1,250.0,100880.0
1990-05-02 15:00:00+00:00,11.95,49.45,568.0,684.25,158.0,293.95,4.9,247.0,100840.0
1990-05-02 16:00:00+00:00,11.72,49.45,391.0,408.73,192.0,301.9,4.55,247.0,100790.0
1990-05-02 17:00:00+00:00,11.41,51.25,312.0,608.94,95.0,291.05,4.34,247.0,100760.0
1990-05-02 18:00:00+00:00,10.79,55.15,32.0,0.0,32.0,295.5,3.59,246.0,100750.0
1990-05-02 19:00:00+00:00,10.09,59.35,9.0,0.0,9.0,282.55,2.97,240.0,100740.0
1990-05-02 20:00:00+00:00,9.05,63.8,0.0,0.0,0.0,288.35,2.62,221.0,100740.0
1990-05-02 21:00:00+00:00,8.16,71.25,0.0,0.0,0.0,283.9,3.03,202.0,100710.0
1990-05-02 22:00:00+00:00,7.19,76.7,0.0,0.0,0.0,256.6,3.45,199.0,100670.0
1990-05-02 23:00:00+00:00,6.78,82.6,0.0,0.0,0.0,267.25,3.59,197.0,100600.0
1990-05-03 00:00:00+00:00,6.62,82.6,0.0,0.0,0.0,278.5,3.66,203.0,100520.0
1990-05-03 01:00:00+00:00,6.61,85.75,0.0,0.0,0.0,301.6,3.52,218.0,100460.0
1990-05-03 02:00:00+00:00,6.52,85.75,0.0,0.0,0.0,319.7,3.79,240.0,100430.0
1990-05-03 03:00:00+00:00,6.0,88.95,0.0,0.0,0.0,325.1,4.34,257.0,100420.0
1990-05-03 04:00:00+00:00,5.55,88.9,0.0,0.0,0.0,318.75,4.69,266.0,100430.0
1990-05-03 05:00:00+00:00,5.03,88.85,53.0,318.41,25.0,282.75,4.9,270.0,100470.0
1990-05-03 06:00:00+00:00,5.07,88.85,179.0,487.77,68.0,261.65,5.1,273.0,100530.0
1990-05-03 07:00:00+00:00,5.42,82.5,329.0,648.59,91.0,245.4,5.72,278.0,100580.0
1990-05-03 08:00:00+00:00,6.35,70.95,454.0,636.34,138.0,251.75,5.86,284.0,100640.0
1990-05-03 09:00:00+00:00,7.36,61.1,564.0,631.94,180.0,257.4,5.86,288.0,100660.0
1990-05-03 10:00:00+00:00,8.25,56.7,610.0,508.25,258.0,254.3,6.0,288.0,100690.0
1990-05-03 11:00:00+00:00,9.14,48.8,515.0,194.49,370.0,261.65,6.21,291.0,100720.0
1990-05-03 12:00:00+00:00,9.7,45.25,643.0,419.4,323.0,271.7,6.28,292.0,100730.0
1990-05-03 13:00:00+00:00,9.84,45.25,635.0,446.42,303.0,283.1,6.21,288.0,100750.0
1990-05-03 14:00:00+00:00,10.08,45.4,681.0,761.99,156.0,281.75,6.48,287.0,100750.0
1990-05-03 15:00:00+00:00,10.05,45.4,566.0,665.47,165.0,267.85,6.48,285.0,100770.0
1990-05-03 16:00:00+00:00,9.73,48.95,315.0,173.34,230.0,272.1,6.28,282.0,100760.0
1990-05-03 17:00:00+00:00,9.25,54.8,315.0,611.07,95.0,263.6,5.86,278.0,100790.0
1990-05-03 18:00:00+00:00,8.82,59.0,159.0,381.14,75.0,262.05,5.38,274.0,100840.0
1990-05-03 19:00:00+00:00,7.91,66.05,40.0,185.17,25.0,266.5,5.03,268.0,100800.0
1990-05-03 20:00:00+00:00,7.26,71.15,0.0,0.0,0.0,278.85,4.34,258.0,100840.0
1990-05-03 21:00:00+00:00,6.54,73.8,0.0,0.0,0.0,258.75,4.14,249.0,100810.0
1990-05-03 22:00:00+00:00,6.0,76.55,0.0,0.0,0.0,253.15,4.28,243.0,100790.0
1990-05-03 23:00:00+00:00,5.68,82.5,0.0,0.0,0.0,256.05,4.48,239.0,100750.0
1990-05-04 00:00:00+00:00,5.59,85.65,0.0,0.0,0.0,266.1,4.48,235.0,100700.0
1990-05-04 01:00:00+00:00,5.69,85.65,0.0,0.0,0.0,280.15,4.76,233.0,100630.0
1990-05-04 02:00:00+00:00,6.04,85.7,0.0,0.0,0.0,299.55,5.17,232.0,100580.0
1990-05-04 03:00:00+00:00,6.46,82.6,0.0,0.0,0.0,321.85,5.45,231.0,100480.0
1990-05-04 04:00:00+00:00,6.65,85.75,0.0,0.0,0.0,329.2,5.66,232.0,100410.0
1990-05-04 05:00:00+00:00,6.64,85.75,6.0,0.0,6.0,328.6,5.79,230.0,100330.0
1990-05-04 06:00:00+00:00,6.73,85.75,34.0,0.0,34.0,331.1,6.0,226.0,100230.0
1990-05-04 07:00:00+00:00,6.63,89.0,64.0,0.0,64.0,330.15,6.21,218.0,100130.0
1990-05-04 08:00:00+00:00,7.07,85.8,97.0,0.0,97.0,330.55,6.48,218.0,100080.0
1990-05-04 09:00:00+00:00,7.41,85.85,118.0,0.0,118.0,335.2,6.48,217.0,100000.0
1990-05-04 10:00:00+00:00,7.74,89.05,204.0,0.0,204.0,337.9,7.66,220.0,99960.0
1990-05-04 11:00:00+00:00,8.14,92.4,243.0,1.34,242.0,340.6,7.45,220.0,99890.0
1990-05-04 12:00:00+00:00,8.75,92.4,195.0,0.0,195.0,344.85,6.97,219.0,99850.0
1990-05-04 13:00:00+00:00,9.02,89.1,214.0,0.0,214.0,348.95,6.62,221.0,99750.0
1990-05-04 14:00:00+00:00,9.58,89.15,106.0,0.0,106.0,347.55,6.69,229.0,99680.0
1990-05-04 15:00:00+00:00,9.71,89.15,132.0,0.0,132.0,351.05,7.45,244.0,99630.0
1990-05-04 16:00:00+00:00,9.94,86.0,174.0,6.07,171.0,350.85,7.24,256.0,99630.0
1990-05-04 17:00:00+00:00,9.8,85.95,115.0,2.75,114.0,347.4,6.97,257.0,99640.0
1990-05-04 18:00:00+00:00,9.69,85.95,107.0,80.28,89.0,344.3,7.31,261.0,99680.0
1990-05-04 19:00:00+00:00,9.27,89.1,4.0,0.0,4.0,343.1,6.48,263.0,99660.0
1990-05-04 20:00:00+00:00,8.87,89.1,0.0,0.0,0.0,333.45,6.21,262.0,99710.0
1990-05-04 21:00:00+00:00,8.39,89.05,0.0,0.0,0.0,314.5,6.07,262.0,99760.0
1990-05-04 22:00:00+00:00,8.11,89.05,0.0,0.0,0.0,318.55,5.93,261.0,99830.0
1990-05-04 23:00:00+00:00,7.84,85.85,0.0,0.0,0.0,309.65,5.86,260.0,99850.0
1990-05-05 00:00:00+00:00,7.69,85.85,0.0,0.0,0.0,313.7,5.86,260.0,99890.0
1990-05-05 01:00:00+00:00,7.53,85.85,0.0,0.0,0.0,311.9,5.93,258.0,99890.0
1990-05-05 02:00:00+00:00,7.43,85.85,0.0,0.0,0.0,314.85,5.79,258.0,99870.0
1990-05-05 03:00:00+00:00,7.21,85.8,0.0,0.0,0.0,300.15,5.38,255.0,99870.0
1990-05-05 04:00:00+00:00,7.1,85.8,0.0,0.0,0.0,300.35,5.24,252.0,99860.0
1990-05-05 05:00:00+00:00,7.13,85.8,10.0,0.0,10.0,304.05,4.83,249.0,99850.0
1990-05-05 06:00:00+00:00,7.41,85.85,62.0,0.0,62.0,295.1,4.62,245.0,99850.0
1990-05-05 07:00:00+00:00,8.15,89.05,83.0,0.0,83.0,319.9,4.97,244.0,99760.0
1990-05-05 08:00:00+00:00,8.96,79.85,203.0,15.87,195.0,326.65,6.21,248.0,99720.0
1990-05-05 09:00:00+00:00,9.5,79.9,319.0,61.8,281.0,326.65,5.86,247.0,99670.0
1990-05-05 10:00:00+00:00,9.77,82.9,277.0,10.01,270.0,341.2,5.72,246.0,99630.0
1990-05-05 11:00:00+00:00,9.92,85.95,224.0,0.0,224.0,339.45,5.1,242.0,99560.0
1990-05-05 12:00:00+00:00,10.36,82.95,209.0,0.0,209.0,341.55,5.66,244.0,99470.0
1990-05-05 13:00:00+00:00,10.38,82.95,373.0,43.99,340.0,345.05,5.93,245.0,99390.0
1990-05-05 14:00:00+00:00,10.2,86.0,234.0,1.44,233.0,345.85,6.83,242.0,99270.0
1990-05-05 15:00:00+00:00,10.34,89.2,120.0,0.0,120.0,343.3,7.1,243.0,99180.0
1990-05-05 16:00:00+00:00,10.21,86.0,77.0,0.0,77.0,343.9,8.69,246.0,99110.0
1990-05-05 17:00:00+00:00,9.97,89.2,66.0,0.0,66.0,347.95,8.28,244.0,99040.0
1990-05-05 18:00:00+00:00,9.92,92.45,66.0,4.39,65.0,352.4,8.07,246.0,99000.0
1990-05-05 19:00:00+00:00,9.79,89.15,23.0,11.23,22.0,351.25,8.41,256.0,98890.0
1990-05-05 20:00:00+00:00,9.5,85.95,0.0,0.0,0.0,331.5,7.59,259.0,98930.0
1990-05-05 21:00:00+00:00,8.99,89.1,0.0,0.0,0.0,317.4,6.62,262.0,98990.0
1990-05-05 22:00:00+00:00,8.35,92.4,0.0,0.0,0.0,306.75,6.0,265.0,99040.0
1990-05-05 23:00:00+00:00,7.8,89.05,0.0,0.0,0.0,315.85,5.72,269.0,99120.0
1990-05-06 00:00:00+00:00,7.17,85.8,0.0,0.0,0.0,309.85,5.38,270.0,99210.0
1990-05-06 01:00:00+00:00,6.42,85.75,0.0,0.0,0.0,283.6,4.9,265.0,99260.0
1990-05-06 02:00:00+00:00,6.09,85.7,0.0,0.0,0.0,286.2,4.83,263.0,99320.0
1990-05-06 03:00:00+00:00,5.84,85.65,0.0,0.0,0.0,280.2,4.48,262.0,99340.0
1990-05-06 04:00:00+00:00,5.79,85.65,0.0,0.0,0.0,289.3,4.28,261.0,99370.0
1990-05-06 05:00:00+00:00,5.78,85.65,57.0,237.31,33.0,287.75,3.93,259.0,99390.0
1990-05-06 06:00:00+00:00,6.21,82.55,180.0,428.84,77.0,283.1,3.72,257.0,99420.0
1990-05-06 07:00:00+00:00,6.85,73.8,323.0,567.38,108.0,294.95,4.76,262.0,99370.0
1990-05-06 08:00:00+00:00,7.68,68.6,449.0,590.61,149.0,307.1,4.76,255.0,99380.0
1990-05-06 09:00:00+00:00,8.37,71.25,291.0,37.19,268.0,323.2,5.17,244.0,99350.0
1990-05-06 10:00:00+00:00,9.07,74.15,283.0,11.38,275.0,333.05,5.31,231.0,99300.0
1990-05-06 11:00:00+00:00,10.18,77.1,450.0,108.55,368.0,337.9,5.59,220.0,99210.0
1990-05-06 12:00:00+00:00,10.86,80.05,403.0,55.65,360.0,348.95,5.93,208.0,99110.0
1990-05-06 13:00:00+00:00,11.34,83.05,270.0,3.98,267.0,353.75,6.55,216.0,99020.0
1990-05-06 14:00:00+00:00,11.37,83.05,175.0,0.0,175.0,352.4,8.0,234.0,98970.0
1990-05-06 15:00:00+00:00,11.26,86.1,185.0,0.0,185.0,348.35,8.41,236.0,98870.0
1990-05-06 16:00:00+00:00,11.86,86.15,61.0,0.0,61.0,343.9,6.41,228.0,98760.0
1990-05-06 17:00:00+00:00,11.88,83.1,41.0,0.0,41.0,341.55,7.52,227.0,98680.0
1990-05-06 18:00:00+00:00,11.23,86.1,23.0,0.0,23.0,346.0,7.24,225.0,98620.0
1990-05-06 19:00:00+00:00,10.84,89.25,38.0,86.07,30.0,342.75,7.31,221.0,98550.0
1990-05-06 20:00:00+00:00,10.51,89.25,0.0,0.0,0.0,354.95,7.17,224.0,98520.0
1990-05-06 21:00:00+00:00,10.03,89.2,0.0,0.0,0.0,354.15,7.1,235.0,98500.0
1990-05-06 22:00:00+00:00,9.37,89.1,0.0,0.0,0.0,342.75,6.41,246.0,98490.0
1990-05-06 23:00:00+00:00,8.61,89.1,0.0,0.0,0.0,340.6,6.41,247.0,98500.0
1990-05-07 00:00:00+00:00,7.79,82.7,0.0,0.0,0.0,323.2,6.97,248.0,98520.0
1990-05-07 01:00:00+00:00,6.97,79.65,0.0,0.0,0.0,291.35,6.76,245.0,98540.0
1990-05-07 02:00:00+00:00,6.29,79.5,0.0,0.0,0.0,259.7,6.62,240.0,98530.0
1990-05-07 03:00:00+00:00,5.74,76.5,0.0,0.0,0.0,256.05,7.31,241.0,98540.0
1990-05-07 04:00:00+00:00,5.15,79.35,0.0,0.0,0.0,252.75,7.45,238.0,98550.0
1990-05-07 05:00:00+00:00,5.05,79.35,42.0,66.44,35.0,255.45,7.59,234.0,98580.0
1990-05-07 06:00:00+00:00,5.52,73.65,182.0,401.31,84.0,253.15,8.28,234.0,98630.0
1990-05-07 07:00:00+00:00,6.26,76.55,298.0,399.74,145.0,271.7,8.41,229.0,98640.0
1990-05-07 08:00:00+00:00,7.21,73.9,476.0,678.32,129.0,259.5,8.76,228.0,98660.0
1990-05-07 09:00:00+00:00,8.2,68.6,589.0,681.84,165.0,265.3,9.17,230.0,98680.0
1990-05-07 10:00:00+00:00,9.24,66.25,669.0,661.38,202.0,270.75,9.45,230.0,98690.0
1990-05-07 11:00:00+00:00,9.99,59.35,712.0,626.18,237.0,274.05,10.07,230.0,98690.0
1990-05-07 12:00:00+00:00,10.96,53.25,764.0,736.12,193.0,276.95,10.0,231.0,98660.0
1990-05-07 13:00:00+00:00,11.21,55.3,386.0,47.6,350.0,296.1,9.38,228.0,98630.0
1990-05-07 14:00:00+00:00,11.44,55.3,415.0,104.03,342.0,297.45,8.83,221.0,98560.0
1990-05-07 15:00:00+00:00,11.49,55.4,343.0,82.84,292.0,314.3,9.1,215.0,98480.0
1990-05-07 16:00:00+00:00,11.1,59.6,371.0,295.68,222.0,304.2,8.62,209.0,98420.0
1990-05-07 17:00:00+00:00,10.62,59.5,138.0,10.69,134.0,275.4,8.62,206.0,98310.0
1990-05-07 18:00:00+00:00,9.82,66.35,195.0,569.27,61.0,275.4,7.86,201.0,98210.0
1990-05-07 19:00:00+00:00,8.91,74.05,56.0,278.81,29.0,267.85,8.41,197.0,98060.0
1990-05-07 20:00:00+00:00,8.18,76.8,0.0,0.0,0.0,271.7,9.17,199.0,97920.0
1990-05-07 21:00:00+00:00,7.79,79.7,0.0,0.0,0.0,274.4,9.17,201.0,97800.0
1990-05-07 22:00:00+00:00,7.77,82.7,0.0,0.0,0.0,313.7,9.03,207.0,97730.0
1990-05-07 23:00:00+00:00,7.49,79.7,0.0,0.0,0.0,318.55,8.21,217.0,97690.0
1990-05-08 00:00:00+00:00,7.06,76.7,0.0,0.0,0.0,312.75,7.45,219.0,97650.0
1990-05-08 01:00:00+00:00,6.3,76.55,0.0,0.0,0.0,269.9,7.1,216.0,97590.0
1990-05-08 02:00:00+00:00,5.7,76.5,0.0,0.0,0.0,261.25,7.72,217.0,97560.0
1990-05-08 03:00:00+00:00,5.36,79.35,0.0,0.0,0.0,273.65,7.72,222.0,97570.0
1990-05-08 04:00:00+00:00,5.21,79.35,0.0,0.0,0.0,262.2,7.24,219.0,97560.0
1990-05-08 05:00:00+00:00,5.6,76.5,6.0,0.0,6.0,299.2,7.52,213.0,97540.0
1990-05-08 06:00:00+00:00,5.92,76.55,145.0,165.24,104.0,288.15,7.93,211.0,97530.0
1990-05-08 07:00:00+00:00,6.01,82.55,99.0,0.0,99.0,298.05,7.93,215.0,97500.0
1990-05-08 08:00:00+00:00,6.61,85.75,459.0,578.56,161.0,314.85,8.34,216.0,97560.0
1990-05-08 09:00:00+00:00,7.09,85.8,334.0,67.18,292.0,320.85,7.72,222.0,97650.0
1990-05-08 10:00:00+00:00,7.9,85.85,734.0,872.72,115.0,316.05,7.66,227.0,97750.0
1990-05-08 11:00:00+00:00,8.78,85.9,764.0,785.16,166.0,311.0,7.93,236.0,97850.0
1990-05-08 12:00:00+00:00,9.55,82.9,421.0,62.93,372.0,309.65,8.07,243.0,97970.0
1990-05-08 13:00:00+00:00,9.95,77.1,765.0,799.45,158.0,308.85,8.0,246.0,98090.0
1990-05-08 14:00:00+00:00,10.22,77.1,646.0,587.47,232.0,299.75,7.79,248.0,98220.0
1990-05-08 15:00:00+00:00,10.53,74.4,484.0,344.25,271.0,301.5,7.52,248.0,98310.0
1990-05-08 16:00:00+00:00,9.6,71.5,197.0,11.83,191.0,293.75,7.93,253.0,98410.0
1990-05-08 17:00:00+00:00,9.28,74.15,321.0,548.09,114.0,285.65,7.52,252.0,98530.0
1990-05-08 18:00:00+00:00,8.95,74.15,193.0,535.51,65.0,288.55,6.9,249.0,98640.0
1990-05-08 19:00:00+00:00,8.39,73.95,51.0,168.85,34.0,289.9,6.41,247.0,98730.0
1990-05-08 20:00:00+00:00,7.54,73.95,0.0,0.0,0.0,270.75,6.14,242.0,98830.0
1990-05-08 21:00:00+00:00,6.83,79.55,0.0,0.0,0.0,262.4,6.0,238.0,98930.0
1990-05-08 22:00:00+00:00,6.44,79.55,0.0,0.0,0.0,281.0,5.52,235.0,98970.0
1990-05-08 23:00:00+00:00,6.18,79.5,0.0,0.0,0.0,278.65,5.52,233.0,99020.0
1990-05-09 00:00:00+00:00,5.84,82.5,0.0,0.0,0.0,260.1,5.66,232.0,99040.0
1990-05-09 01:00:00+00:00,5.62,79.4,0.0,0.0,0.0,259.25,5.86,233.0,99040.0
1990-05-09 02:00:00+00:00,5.51,79.4,0.0,0.0,0.0,256.05,5.72,232.0,99040.0
1990-05-09 03:00:00+00:00,5.43,79.4,0.0,0.0,0.0,256.2,5.52,230.0,99020.0
1990-05-09 04:00:00+00:00,5.34,82.4,0.0,0.0,0.0,257.75,5.31,226.0,99030.0
1990-05-09 05:00:00+00:00,5.36,82.4,68.0,281.92,36.0,260.5,5.03,222.0,99020.0
1990-05-09 06:00:00+00:00,6.07,79.5,159.0,218.29,104.0,275.4,4.41,218.0,99020.0
1990-05-09 07:00:00+00:00,7.13,76.7,223.0,120.48,176.0,261.65,5.66,219.0,99010.0
1990-05-09 08:00:00+00:00,8.25,79.7,424.0,433.94,199.0,277.7,6.14,220.0,99000.0
1990-05-09 09:00:00+00:00,9.09,79.85,437.0,218.01,300.0,304.2,6.21,219.0,98970.0
1990-05-09 10:00:00+00:00,9.51,77.0,455.0,145.99,351.0,302.1,6.28,216.0,98970.0
1990-05-09 11:00:00+00:00,8.25,82.7,261.0,1.31,260.0,315.85,6.0,221.0,98970.0
1990-05-09 12:00:00+00:00,7.37,89.0,380.0,35.82,352.0,317.2,5.1,227.0,98990.0
1990-05-09 13:00:00+00:00,6.92,89.0,96.0,0.0,96.0,325.7,4.0,232.0,98980.0
1990-05-09 14:00:00+00:00,5.97,92.3,161.0,0.0,161.0,331.3,3.93,242.0,99000.0
1990-05-09 15:00:00+00:00,5.7,92.3,371.0,115.79,299.0,330.35,4.76,245.0,99030.0
1990-05-09 16:00:00+00:00,7.29,79.65,448.0,560.34,162.0,302.5,5.38,251.0,99070.0
1990-05-09 17:00:00+00:00,8.28,76.8,300.0,422.5,139.0,285.25,6.34,254.0,99130.0
1990-05-09 18:00:00+00:00,7.93,79.7,62.0,0.0,62.0,286.6,6.48,254.0,99240.0
1990-05-09 19:00:00+00:00,7.3,79.65,49.0,124.43,36.0,254.3,5.86,252.0,99330.0
1990-05-09 20:00:00+00:00,6.77,79.55,0.0,0.0,0.0,264.55,4.9,249.0,99430.0
1990-05-09 21:00:00+00:00,6.24,82.55,0.0,0.0,0.0,256.6,4.69,247.0,99540.0
1990-05-09 22:00:00+00:00,5.81,85.65,0.0,0.0,0.0,249.85,4.48,249.0,99640.0
1990-05-09 23:00:00+00:00,5.44,82.5,0.0,0.0,0.0,248.65,4.07,250.0,99710.0
1990-05-10 00:00:00+00:00,5.01,85.6,0.0,0.0,0.0,242.3,3.72,249.0,99770.0
1990-05-10 01:00:00+00:00,4.66,88.85,0.0,0.0,0.0,240.85,3.45,246.0,99810.0
1990-05-10 02:00:00+00:00,4.38,88.8,0.0,0.0,0.0,240.95,3.31,243.0,99870.0
1990-05-10 03:00:00+00:00,4.13,88.8,0.0,0.0,0.0,240.95,3.1,239.0,99930.0
1990-05-10 04:00:00+00:00,3.89,88.8,0.0,0.0,0.0,240.75,2.97,235.0,99970.0
1990-05-10 05:00:00+00:00,3.9,88.8,53.0,93.66,42.0,240.95,2.83,234.0,100050.0
1990-05-10 06:00:00+00:00,5.0,85.6,205.0,508.41,75.0,245.2,2.48,240.0,100130.0
1990-05-10 07:00:00+00:00,6.97,79.65,356.0,660.51,96.0,259.7,3.03,250.0,100180.0
1990-05-10 08:00:00+00:00,8.28,73.95,339.0,176.3,247.0,260.65,3.38,270.0,100230.0
1990-05-10 09:00:00+00:00,9.05,68.8,435.0,207.42,304.0,276.35,3.1,281.0,100270.0
1990-05-10 10:00:00+00:00,9.95,64.0,403.0,81.08,345.0,286.05,2.83,288.0,100310.0
1990-05-10 11:00:00+00:00,10.64,61.75,293.0,6.51,288.0,285.85,2.34,297.0,100350.0
1990-05-10 12:00:00+00:00,11.06,61.85,699.0,516.26,294.0,302.1,1.72,313.0,100430.0
1990-05-10 13:00:00+00:00,11.45,66.65,334.0,18.3,320.0,284.5,1.24,349.0,100490.0
1990-05-10 14:00:00+00:00,11.64,66.75,526.0,264.56,338.0,303.25,1.24,39.0,100510.0
1990-05-10 15:00:00+00:00,11.49,66.75,594.0,691.39,162.0,304.2,1.59,78.0,100540.0
1990-05-10 16:00:00+00:00,11.03,69.15,377.0,290.13,228.0,323.75,2.21,80.0,100580.0
1990-05-10 17:00:00+00:00,10.53,71.7,294.0,374.61,150.0,314.5,3.1,85.0,100610.0
1990-05-10 18:00:00+00:00,9.51,77.0,171.0,316.88,93.0,297.65,3.66,79.0,100680.0
1990-05-10 19:00:00+00:00,8.75,76.85,52.0,129.37,38.0,288.15,3.24,94.0,100750.0
1990-05-10 20:00:00+00:00,7.91,79.7,0.0,0.0,0.0,287.0,2.83,90.0,100840.0
1990-05-10 21:00:00+00:00,7.11,82.65,0.0,0.0,0.0,282.35,2.55,94.0,100900.0
1990-05-10 22:00:00+00:00,6.46,85.75,0.0,0.0,0.0,275.75,2.14,100.0,100940.0
1990-05-10 23:00:00+00:00,5.64,92.3,0.0,0.0,0.0,258.35,1.86,102.0,100980.0
1990-05-11 00:00:00+00:00,4.42,92.25,0.0,0.0,0.0,246.35,1.72,97.0,101030.0
1990-05-11 01:00:00+00:00,3.21,95.7,0.0,0.0,0.0,244.9,1.66,98.0,101050.0
1990-05-11 02:00:00+00:00,2.67,95.7,0.0,0.0,0.0,243.85,1.59,101.0,101070.0
1990-05-11 03:00:00+00:00,2.3,99.4,0.0,0.0,0.0,242.3,1.59,102.0,101080.0
1990-05-11 04:00:00+00:00,2.07,95.65,0.0,0.0,0.0,241.9,1.52,99.0,101090.0
1990-05-11 05:00:00+00:00,2.11,99.4,79.0,354.55,36.0,239.75,1.52,96.0,101120.0
1990-05-11 06:00:00+00:00,3.77,95.7,215.0,559.11,70.0,246.55,1.31,90.0,101160.0
1990-05-11 07:00:00+00:00,6.52,79.55,374.0,727.83,85.0,255.25,1.86,98.0,101200.0
1990-05-11 08:00:00+00:00,7.47,73.95,515.0,784.64,103.0,251.95,2.07,92.0,101230.0
1990-05-11 09:00:00+00:00,8.5,71.35,642.0,830.37,115.0,256.6,2.41,88.0,101220.0
1990-05-11 10:00:00+00:00,9.48,66.35,726.0,818.58,138.0,261.65,2.76,88.0,101230.0
1990-05-11 11:00:00+00:00,10.29,61.65,775.0,790.52,166.0,259.5,3.03,90.0,101240.0
1990-05-11 12:00:00+00:00,10.88,59.5,635.0,356.93,354.0,260.3,3.31,90.0,101260.0
1990-05-11 13:00:00+00:00,11.18,57.4,686.0,524.83,283.0,268.2,3.59,88.0,101250.0
1990-05-11 14:00:00+00:00,11.19,57.4,696.0,726.03,178.0,271.7,3.86,87.0,101260.0
1990-05-11 15:00:00+00:00,10.98,57.4,632.0,825.11,114.0,265.5,3.93,88.0,101260.0
1990-05-11 16:00:00+00:00,10.65,59.5,499.0,756.76,108.0,265.5,3.93,92.0,101250.0
1990-05-11 17:00:00+00:00,10.16,61.65,352.0,670.63,92.0,259.1,3.72,96.0,101240.0
1990-05-11 18:00:00+00:00,9.49,63.9,204.0,544.8,68.0,257.75,3.52,98.0,101260.0
1990-05-11 19:00:00+00:00,8.59,68.7,65.0,250.21,37.0,256.2,3.1,98.0,101260.0
1990-05-11 20:00:00+00:00,7.38,73.9,0.0,0.0,0.0,252.95,2.97,97.0,101310.0
1990-05-11 21:00:00+00:00,6.3,79.5,0.0,0.0,0.0,252.95,2.69,99.0,101360.0
1990-05-11 22:00:00+00:00,5.47,82.5,0.0,0.0,0.0,249.65,2.41,97.0,101390.0
1990-05-11 23:00:00+00:00,4.75,88.85,0.0,0.0,0.0,245.2,2.21,91.0,101380.0
1990-05-12 00:00:00+00:00,4.1,88.8,0.0,0.0,0.0,243.65,2.14,85.0,101390.0
1990-05-12 01:00:00+00:00,3.51,92.15,0.0,0.0,0.0,242.6,2.14,78.0,101400.0
1990-05-12 02:00:00+00:00,3.18,92.15,0.0,0.0,0.0,242.3,2.28,75.0,101390.0
1990-05-12 03:00:00+00:00,3.09,95.7,0.0,0.0,0.0,243.25,2.41,73.0,101370.0
1990-05-12 04:00:00+00:00,3.12,95.7,0.0,0.0,0.0,243.05,2.55,71.0,101330.0
1990-05-12 05:00:00+00:00,3.56,92.15,81.0,335.94,39.0,248.85,2.69,69.0,101320.0
1990-05-12 06:00:00+00:00,4.86,92.25,215.0,528.74,76.0,258.55,2.97,70.0,101340.0
1990-05-12 07:00:00+00:00,6.07,76.55,370.0,694.28,92.0,290.3,4.69,82.0,101400.0
1990-05-12 08:00:00+00:00,6.83,73.8,509.0,745.88,115.0,315.45,4.9,82.0,101390.0
1990-05-12 09:00:00+00:00,7.46,68.6,596.0,642.99,186.0,320.85,5.1,82.0,101390.0
1990-05-12 10:00:00+00:00,7.75,68.6,567.0,331.4,328.0,325.5,5.24,83.0,101360.0
1990-05-12 11:00:00+00:00,8.46,66.15,714.0,584.63,262.0,327.05,5.52,84.0,101340.0
1990-05-12 12:00:00+00:00,8.86,68.7,647.0,375.95,350.0,312.35,5.66,84.0,101320.0
1990-05-12 13:00:00+00:00,9.19,66.25,735.0,659.23,227.0,305.4,5.72,84.0,101280.0
1990-05-12 14:00:00+00:00,9.46,66.35,728.0,832.09,132.0,310.05,5.72,85.0,101260.0
1990-05-12 15:00:00+00:00,9.39,68.8,623.0,781.67,130.0,314.5,5.52,83.0,101240.0
1990-05-12 16:00:00+00:00,9.15,71.4,484.0,673.42,134.0,310.4,5.31,82.0,101210.0
1990-05-12 17:00:00+00:00,8.87,76.85,352.0,657.4,95.0,302.1,5.03,80.0,101170.0
1990-05-12 18:00:00+00:00,8.49,76.85,205.0,533.45,70.0,285.05,4.97,79.0,101150.0
1990-05-12 19:00:00+00:00,7.67,79.7,66.0,233.68,39.0,270.95,4.48,78.0,101130.0
1990-05-12 20:00:00+00:00,6.93,85.8,0.0,0.0,0.0,275.4,4.14,78.0,101120.0
1990-05-12 21:00:00+00:00,6.28,92.3,0.0,0.0,0.0,270.15,3.86,81.0,101110.0
1990-05-12 22:00:00+00:00,5.85,95.75,0.0,0.0,0.0,265.3,3.59,81.0,101090.0
1990-05-12 23:00:00+00:00,5.62,95.75,0.0,0.0,0.0,270.35,3.45,79.0,101070.0
1990-05-13 00:00:00+00:00,5.61,95.75,0.0,0.0,0.0,285.85,3.45,80.0,101050.0
1990-05-13 01:00:00+00:00,5.64,92.3,0.0,0.0,0.0,297.35,3.45,80.0,101020.0
1990-05-13 02:00:00+00:00,5.53,92.3,0.0,0.0,0.0,287.0,3.52,80.0,100980.0
1990-05-13 03:00:00+00:00,5.43,92.3,0.0,0.0,0.0,280.2,3.66,79.0,100930.0
1990-05-13 04:00:00+00:00,5.25,95.75,0.0,0.0,0.0,267.85,3.59,78.0,100870.0
1990-05-13 05:00:00+00:00,5.43,92.3,83.0,318.65,42.0,270.95,3.72,81.0,100850.0
1990-05-13 06:00:00+00:00,6.12,88.95,206.0,435.54,90.0,273.05,4.21,84.0,100810.0
1990-05-13 07:00:00+00:00,6.91,82.65,358.0,609.42,112.0,279.25,4.69,76.0,100830.0
1990-05-13 08:00:00+00:00,7.75,79.7,515.0,758.52,112.0,289.3,4.97,75.0,100810.0
1990-05-13 09:00:00+00:00,8.78,76.85,643.0,811.81,123.0,271.7,5.38,75.0,100760.0
1990-05-13 10:00:00+00:00,9.64,74.2,734.0,821.89,139.0,273.65,5.79,75.0,100700.0
1990-05-13 11:00:00+00:00,10.35,71.6,809.0,877.77,128.0,268.6,6.21,75.0,100660.0
1990-05-13 12:00:00+00:00,10.85,69.1,829.0,884.38,128.0,279.65,6.55,77.0,100610.0
1990-05-13 13:00:00+00:00,11.02,66.65,830.0,949.22,96.0,270.15,6.69,78.0,100540.0
1990-05-13 14:00:00+00:00,11.01,66.65,765.0,934.62,93.0,288.55,6.62,78.0,100510.0
1990-05-13 15:00:00+00:00,10.88,71.7,657.0,887.06,95.0,268.6,6.62,77.0,100460.0
1990-05-13 16:00:00+00:00,10.6,71.7,514.0,793.89,99.0,266.5,6.55,77.0,100390.0
1990-05-13 17:00:00+00:00,10.07,74.3,362.0,687.6,91.0,269.75,6.34,75.0,100320.0
1990-05-13 18:00:00+00:00,9.42,79.85,180.0,323.64,97.0,263.6,5.86,74.0,100290.0
1990-05-13 19:00:00+00:00,8.25,82.7,39.0,25.18,36.0,255.25,5.38,75.0,100280.0
1990-05-13 20:00:00+00:00,7.49,79.7,0.0,0.0,0.0,256.4,5.17,78.0,100270.0
1990-05-13 21:00:00+00:00,6.98,82.65,0.0,0.0,0.0,261.45,4.76,81.0,100270.0
1990-05-13 22:00:00+00:00,6.62,85.75,0.0,0.0,0.0,252.95,4.41,83.0,100260.0
1990-05-13 23:00:00+00:00,6.38,85.7,0.0,0.0,0.0,251.75,4.21,81.0,100220.0
1990-05-14 00:00:00+00:00,6.2,85.7,0.0,0.0,0.0,249.45,4.14,80.0,100190.0
1990-05-14 01:00:00+00:00,6.39,88.95,0.0,0.0,0.0,264.85,4.14,79.0,100150.0
1990-05-14 02:00:00+00:00,6.23,88.95,0.0,0.0,0.0,251.6,4.0,78.0,100070.0
1990-05-14 03:00:00+00:00,6.26,88.95,0.0,0.0,0.0,257.95,3.93,77.0,100020.0
1990-05-14 04:00:00+00:00,6.45,85.75,0.0,0.0,0.0,269.0,4.0,77.0,99980.0
1990-05-14 05:00:00+00:00,6.76,89.0,61.0,98.33,48.0,267.25,3.93,78.0,99960.0
1990-05-14 06:00:00+00:00,7.74,85.85,172.0,222.48,112.0,264.95,3.66,78.0,99930.0
1990-05-14 07:00:00+00:00,9.21,85.95,362.0,626.82,107.0,270.15,4.48,82.0,99960.0
1990-05-14 08:00:00+00:00,10.5,77.15,508.0,728.1,119.0,270.35,5.59,87.0,99930.0
1990-05-14 09:00:00+00:00,11.29,74.45,626.0,750.75,143.0,273.05,5.93,85.0,99890.0
1990-05-14 10:00:00+00:00,11.93,71.85,710.0,739.02,173.0,276.35,6.55,87.0,99870.0
1990-05-14 11:00:00+00:00,12.23,69.35,779.0,786.19,167.0,291.65,6.62,88.0,99860.0
1990-05-14 12:00:00+00:00,12.53,66.95,798.0,790.96,169.0,287.95,6.62,91.0,99870.0
1990-05-14 13:00:00+00:00,12.68,66.95,771.0,769.45,174.0,300.55,6.41,91.0,99830.0
1990-05-14 14:00:00+00:00,12.49,66.95,728.0,824.46,133.0,296.1,6.21,87.0,99810.0
1990-05-14 15:00:00+00:00,12.3,69.35,631.0,798.3,123.0,289.7,6.28,84.0,99770.0
1990-05-14 16:00:00+00:00,11.78,71.85,500.0,732.36,115.0,283.9,6.14,82.0,99740.0
1990-05-14 17:00:00+00:00,11.05,74.45,334.0,523.59,126.0,283.5,5.93,81.0,99720.0
1990-05-14 18:00:00+00:00,10.31,79.95,204.0,481.17,79.0,284.5,5.52,79.0,99710.0
1990-05-14 19:00:00+00:00,9.35,82.85,67.0,195.68,43.0,276.15,5.17,76.0,99710.0
1990-05-14 20:00:00+00:00,8.47,85.9,0.0,0.0,0.0,276.15,5.03,74.0,99690.0
1990-05-14 21:00:00+00:00,7.84,85.85,0.0,0.0,0.0,279.65,4.9,75.0,99670.0
1990-05-14 22:00:00+00:00,7.49,85.85,0.0,0.0,0.0,278.1,4.62,76.0,99650.0
1990-05-14 23:00:00+00:00,7.28,89.0,0.0,0.0,0.0,278.5,4.41,74.0,99630.0
1990-05-15 00:00:00+00:00,7.12,89.0,0.0,0.0,0.0,273.85,4.48,72.0,99610.0
1990-05-15 01:00:00+00:00,7.03,89.0,0.0,0.0,0.0,268.9,4.69,71.0,99560.0
1990-05-15 02:00:00+00:00,6.91,89.0,0.0,0.0,0.0,261.85,4.83,71.0,99490.0
1990-05-15 03:00:00+00:00,6.83,92.35,0.0,0.0,0.0,262.6,4.83,70.0,99430.0
1990-05-15 04:00:00+00:00,6.99,92.35,0.0,0.0,0.0,285.25,4.9,69.0,99360.0
1990-05-15 05:00:00+00:00,7.39,92.35,13.0,0.0,13.0,297.65,5.38,70.0,99310.0
1990-05-15 06:00:00+00:00,8.2,89.05,45.0,0.0,45.0,306.75,5.59,71.0,99270.0
1990-05-15 07:00:00+00:00,8.64,85.9,82.0,0.0,82.0,308.5,7.1,76.0,99170.0
1990-05-15 08:00:00+00:00,8.88,85.9,100.0,0.0,100.0,327.65,7.24,77.0,99120.0
1990-05-15 09:00:00+00:00,8.88,85.9,94.0,0.0,94.0,337.3,7.52,80.0,99050.0
1990-05-15 10:00:00+00:00,9.0,85.95,100.0,0.0,100.0,342.35,7.86,80.0,98950.0
1990-05-15 11:00:00+00:00,8.98,85.95,122.0,0.0,122.0,342.75,7.86,82.0,98900.0
1990-05-15 12:00:00+00:00,8.79,92.4,149.0,0.0,149.0,344.1,7.1,83.0,98860.0
1990-05-15 13:00:00+00:00,8.8,92.4,147.0,0.0,147.0,344.5,7.66,83.0,98790.0
1990-05-15 14:00:00+00:00,8.71,92.4,101.0,0.0,101.0,342.75,7.59,79.0,98720.0
1990-05-15 15:00:00+00:00,8.29,95.8,101.0,0.0,101.0,343.3,7.31,70.0,98610.0
1990-05-15 16:00:00+00:00,8.26,95.8,60.0,0.0,60.0,341.4,7.17,61.0,98510.0
1990-05-15 17:00:00+00:00,7.9,95.8,33.0,0.0,33.0,343.5,6.07,51.0,98330.0
1990-05-15 18:00:00+00:00,8.07,95.8,21.0,0.0,21.0,346.0,4.62,64.0,98190.0
1990-05-15 19:00:00+00:00,8.14,99.4,7.0,0.0,7.0,346.6,4.28,86.0,98160.0
1990-05-15 20:00:00+00:00,8.36,99.4,0.0,0.0,0.0,348.35,4.76,124.0,98190.0
1990-05-15 21:00:00+00:00,8.6,92.4,0.0,0.0,0.0,348.95,5.03,132.0,98270.0
1990-05-15 22:00:00+00:00,8.62,92.4,0.0,0.0,0.0,331.9,4.41,126.0,98330.0
1990-05-15 23:00:00+00:00,8.67,92.4,0.0,0.0,0.0,335.55,3.79,118.0,98370.0
1990-05-16 00:00:00+00:00,8.35,95.8,0.0,0.0,0.0,311.75,3.1,107.0,98400.0
1990-05-16 01:00:00+00:00,8.18,95.8,0.0,0.0,0.0,318.05,2.76,101.0,98410.0
1990-05-16 02:00:00+00:00,8.22,99.4,0.0,0.0,0.0,335.0,2.41,97.0,98380.0
1990-05-16 03:00:00+00:00,8.34,99.4,0.0,0.0,0.0,348.55,2.28,94.0,98340.0
1990-05-16 04:00:00+00:00,8.35,99.4,0.0,0.0,0.0,348.15,2.41,92.0,98320.0
1990-05-16 05:00:00+00:00,8.4,99.4,45.0,14.39,43.0,349.9,2.83,95.0,98280.0
1990-05-16 06:00:00+00:00,8.63,99.4,83.0,3.62,82.0,346.4,3.31,99.0,98250.0
1990-05-16 07:00:00+00:00,9.28,99.4,190.0,43.6,172.0,353.2,3.31,94.0,98240.0
1990-05-16 08:00:00+00:00,9.6,92.45,301.0,94.46,250.0,345.85,4.21,102.0,98230.0
1990-05-16 09:00:00+00:00,10.89,89.25,388.0,118.7,311.0,344.3,4.28,104.0,98230.0
1990-05-16 10:00:00+00:00,12.04,80.2,425.0,98.39,353.0,307.7,4.48,108.0,98210.0
1990-05-16 11:00:00+00:00,12.69,77.45,295.0,6.38,290.0,311.95,4.76,113.0,98180.0
1990-05-16 12:00:00+00:00,13.42,72.1,209.0,0.0,209.0,317.4,5.24,122.0,98160.0
1990-05-16 13:00:00+00:00,13.31,69.55,386.0,42.26,353.0,328.8,5.45,130.0,98180.0
1990-05-16 14:00:00+00:00,13.47,69.55,547.0,295.79,332.0,321.65,4.97,136.0,98180.0
1990-05-16 15:00:00+00:00,13.68,64.75,360.0,90.37,302.0,291.85,4.97,133.0,98190.0
1990-05-16 16:00:00+00:00,12.58,69.45,145.0,0.0,145.0,306.75,4.83,146.0,98210.0
1990-05-16 17:00:00+00:00,10.92,80.05,75.0,0.0,75.0,328.6,4.34,168.0,98320.0
1990-05-16 18:00:00+00:00,10.69,80.05,109.0,33.8,100.0,318.75,3.59,169.0,98380.0
1990-05-16 19:00:00+00:00,10.23,77.1,40.0,15.44,38.0,290.65,3.59,174.0,98450.0
1990-05-16 20:00:00+00:00,9.51,77.0,0.0,0.0,0.0,285.65,3.38,167.0,98540.0
1990-05-16 21:00:00+00:00,8.82,79.75,0.0,0.0,0.0,283.9,3.1,155.0,98620.0
1990-05-16 22:00:00+00:00,8.39,82.7,0.0,0.0,0.0,289.3,2.9,150.0,98640.0
1990-05-16 23:00:00+00:00,8.06,79.7,0.0,0.0,0.0,289.7,2.97,152.0,98710.0
1990-05-17 00:00:00+00:00,7.61,79.7,0.0,0.0,0.0,281.0,2.97,158.0,98760.0
1990-05-17 01:00:00+00:00,7.0,79.65,0.0,0.0,0.0,262.7,3.1,165.0,98820.0
1990-05-17 02:00:00+00:00,6.41,82.6,0.0,0.0,0.0,256.6,2.97,169.0,98820.0
1990-05-17 03:00:00+00:00,5.86,85.65,0.0,0.0,0.0,254.3,2.55,164.0,98830.0
1990-05-17 04:00:00+00:00,5.57,85.65,0.0,0.0,0.0,269.75,2.41,157.0,98850.0
1990-05-17 05:00:00+00:00,5.78,88.9,10.0,0.0,10.0,280.05,2.41,152.0,98870.0
1990-05-17 06:00:00+00:00,6.62,85.75,94.0,7.16,92.0,272.85,2.14,145.0,98890.0
1990-05-17 07:00:00+00:00,7.66,82.7,371.0,637.48,106.0,261.05,2.55,137.0,98850.0
1990-05-17 08:00:00+00:00,8.89,79.75,497.0,645.01,147.0,261.05,3.1,116.0,98840.0
1990-05-17 09:00:00+00:00,9.99,71.6,592.0,598.83,202.0,269.95,4.14,112.0,98840.0
1990-05-17 10:00:00+00:00,10.78,64.1,552.0,286.02,342.0,289.3,5.17,117.0,98810.0
1990-05-17 11:00:00+00:00,11.09,59.6,651.0,405.94,332.0,319.5,5.17,116.0,98800.0
1990-05-17 12:00:00+00:00,11.48,57.55,680.0,438.59,328.0,323.55,4.97,108.0,98760.0
1990-05-17 13:00:00+00:00,11.53,59.7,652.0,414.9,327.0,333.45,4.76,100.0,98710.0
1990-05-17 14:00:00+00:00,11.56,62.0,694.0,684.15,195.0,316.8,5.17,95.0,98640.0
1990-05-17 15:00:00+00:00,11.64,66.75,449.0,225.01,304.0,309.05,5.72,94.0,98600.0
1990-05-17 16:00:00+00:00,11.28,71.75,109.0,0.0,109.0,294.95,6.41,94.0,98530.0
1990-05-17 17:00:00+00:00,10.31,77.1,117.0,0.0,117.0,320.5,5.93,97.0,98520.0
1990-05-17 18:00:00+00:00,10.01,79.95,122.0,55.67,107.0,314.3,5.59,96.0,98510.0
1990-05-17 19:00:00+00:00,9.69,79.9,17.0,0.0,17.0,296.5,4.83,91.0,98530.0
1990-05-17 20:00:00+00:00,8.92,89.1,0.0,0.0,0.0,313.1,4.83,86.0,98520.0
1990-05-17 21:00:00+00:00,8.3,95.8,0.0,0.0,0.0,318.75,4.55,85.0,98490.0
1990-05-17 22:00:00+00:00,8.08,95.8,0.0,0.0,0.0,337.5,4.34,88.0,98480.0
1990-05-17 23:00:00+00:00,7.97,95.8,0.0,0.0,0.0,343.1,3.79,97.0,98460.0
1990-05-18 00:00:00+00:00,8.11,95.8,0.0,0.0,0.0,344.1,2.9,113.0,98430.0
1990-05-18 01:00:00+00:00,8.07,95.8,0.0,0.0,0.0,335.5,2.28,135.0,98430.0
1990-05-18 02:00:00+00:00,7.7,92.4,0.0,0.0,0.0,311.2,2.28,152.0,98390.0
1990-05-18 03:00:00+00:00,7.46,92.4,0.0,0.0,0.0,305.75,2.55,157.0,98370.0
1990-05-18 04:00:00+00:00,7.37,92.35,0.0,0.0,0.0,303.65,2.97,159.0,98400.0
1990-05-18 05:00:00+00:00,7.43,89.05,11.0,0.0,11.0,295.5,3.31,158.0,98380.0
1990-05-18 06:00:00+00:00,7.97,92.4,92.0,7.09,90.0,287.75,3.38,154.0,98360.0
1990-05-18 07:00:00+00:00,9.37,89.1,95.0,0.0,95.0,309.25,4.21,160.0,98320.0
1990-05-18 08:00:00+00:00,9.78,85.95,153.0,0.0,153.0,331.3,4.07,154.0,98340.0
1990-05-18 09:00:00+00:00,10.09,82.95,242.0,6.12,238.0,335.55,4.62,158.0,98360.0
1990-05-18 10:00:00+00:00,10.55,83.0,147.0,0.0,147.0,341.0,4.48,164.0,98370.0
1990-05-18 11:00:00+00:00,10.88,86.05,509.0,152.26,389.0,350.65,4.41,174.0,98350.0
1990-05-18 12:00:00+00:00,11.66,80.15,107.0,0.0,107.0,334.8,4.62,190.0,98370.0
1990-05-18 13:00:00+00:00,12.03,77.35,209.0,0.0,209.0,317.4,4.97,202.0,98380.0
1990-05-18 14:00:00+00:00,12.34,77.35,153.0,0.0,153.0,333.25,5.17,209.0,98430.0
1990-05-18 15:00:00+00:00,12.39,77.35,225.0,3.09,223.0,330.15,5.17,211.0,98480.0
1990-05-18 16:00:00+00:00,12.21,74.6,332.0,150.85,251.0,324.75,5.03,211.0,98510.0
1990-05-18 17:00:00+00:00,11.9,74.55,181.0,36.65,166.0,310.6,5.03,205.0,98500.0
1990-05-18 18:00:00+00:00,11.33,74.45,183.0,282.51,106.0,301.1,4.62,206.0,98580.0
1990-05-18 19:00:00+00:00,10.74,77.15,12.0,0.0,12.0,300.35,4.55,201.0,98690.0
1990-05-18 20:00:00+00:00,10.19,79.95,0.0,0.0,0.0,305.95,4.48,197.0,98770.0
1990-05-18 21:00:00+00:00,9.5,82.9,0.0,0.0,0.0,293.95,4.62,197.0,98840.0
1990-05-18 22:00:00+00:00,9.04,85.95,0.0,0.0,0.0,288.95,4.62,199.0,98880.0
1990-05-18 23:00:00+00:00,8.8,89.1,0.0,0.0,0.0,292.2,4.55,201.0,98940.0
1990-05-19 00:00:00+00:00,8.94,85.95,0.0,0.0,0.0,316.2,4.62,202.0,98980.0
1990-05-19 01:00:00+00:00,8.8,92.4,0.0,0.0,0.0,306.65,4.28,201.0,99030.0
1990-05-19 02:00:00+00:00,8.76,92.4,0.0,0.0,0.0,313.7,4.14,204.0,99050.0
1990-05-19 03:00:00+00:00,8.6,89.1,0.0,0.0,0.0,307.3,3.79,203.0,99060.0
1990-05-19 04:00:00+00:00,8.55,92.4,0.0,0.0,0.0,319.1,3.86,202.0,99100.0
1990-05-19 05:00:00+00:00,8.67,92.4,81.0,175.18,55.0,327.25,4.14,201.0,99140.0
1990-05-19 06:00:00+00:00,8.91,92.4,240.0,586.09,73.0,328.6,4.34,201.0,99160.0
1990-05-19 07:00:00+00:00,9.58,85.95,315.0,346.68,169.0,342.55,4.14,189.0,99190.0
1990-05-19 08:00:00+00:00,10.0,86.0,373.0,220.91,252.0,340.6,4.76,193.0,99230.0
1990-05-19 09:00:00+00:00,10.29,86.0,348.0,67.06,304.0,341.75,4.97,198.0,99270.0
1990-05-19 10:00:00+00:00,11.08,86.1,355.0,36.54,328.0,344.65,5.1,201.0,99290.0
1990-05-19 11:00:00+00:00,11.8,83.1,392.0,41.75,359.0,338.85,5.17,203.0,99350.0
1990-05-19 12:00:00+00:00,12.15,80.2,460.0,85.49,391.0,341.0,5.17,203.0,99360.0
1990-05-19 13:00:00+00:00,12.46,74.7,635.0,373.12,341.0,336.95,5.31,205.0,99350.0
1990-05-19 14:00:00+00:00,12.78,74.7,644.0,523.02,260.0,330.75,5.1,208.0,99340.0
1990-05-19 15:00:00+00:00,12.96,69.45,528.0,411.08,261.0,318.75,4.83,211.0,99350.0
1990-05-19 16:00:00+00:00,13.09,67.05,413.0,348.37,225.0,304.05,4.48,214.0,99320.0
1990-05-19 17:00:00+00:00,12.95,66.95,185.0,38.82,169.0,302.1,4.14,212.0,99280.0
1990-05-19 18:00:00+00:00,12.4,66.85,95.0,10.89,92.0,301.1,3.66,220.0,99340.0
1990-05-19 19:00:00+00:00,11.57,69.25,38.0,7.17,37.0,311.2,3.45,215.0,99390.0
1990-05-19 20:00:00+00:00,10.79,74.4,0.0,0.0,0.0,298.4,3.24,218.0,99450.0
1990-05-19 21:00:00+00:00,9.86,77.0,0.0,0.0,0.0,289.9,3.1,215.0,99490.0
1990-05-19 22:00:00+00:00,9.11,79.85,0.0,0.0,0.0,283.9,3.1,203.0,99520.0
1990-05-19 23:00:00+00:00,8.43,82.75,0.0,0.0,0.0,271.9,3.24,197.0,99530.0
1990-05-20 00:00:00+00:00,8.19,89.05,0.0,0.0,0.0,285.25,3.24,195.0,99510.0
1990-05-20 01:00:00+00:00,8.12,92.4,0.0,0.0,0.0,293.3,3.24,196.0,99490.0
1990-05-20 02:00:00+00:00,8.21,95.8,0.0,0.0,0.0,304.2,3.31,201.0,99490.0
1990-05-20 03:00:00+00:00,8.28,95.8,0.0,0.0,0.0,305.95,3.17,205.0,99470.0
1990-05-20 04:00:00+00:00,8.47,92.4,0.0,0.0,0.0,322.2,3.1,210.0,99480.0
1990-05-20 05:00:00+00:00,8.81,92.4,31.0,0.0,31.0,333.65,3.03,214.0,99520.0
1990-05-20 06:00:00+00:00,9.36,89.1,94.0,6.95,92.0,342.15,3.03,222.0,99530.0
1990-05-20 07:00:00+00:00,9.94,86.0,146.0,7.08,143.0,336.35,3.31,227.0,99560.0
1990-05-20 08:00:00+00:00,10.67,86.05,183.0,3.64,181.0,336.75,3.52,232.0,99600.0
1990-05-20 09:00:00+00:00,11.6,83.1,579.0,539.19,224.0,322.4,3.72,234.0,99620.0
1990-05-20 10:00:00+00:00,12.17,80.2,482.0,160.58,363.0,324.75,3.93,232.0,99630.0
1990-05-20 11:00:00+00:00,12.77,74.7,472.0,105.99,388.0,328.05,4.41,232.0,99660.0
1990-05-20 12:00:00+00:00,13.23,72.1,412.0,48.19,373.0,327.85,4.48,232.0,99660.0
1990-05-20 13:00:00+00:00,13.55,67.15,333.0,15.19,321.0,304.05,4.76,232.0,99650.0
1990-05-20 14:00:00+00:00,13.62,67.15,512.0,213.16,355.0,315.65,4.76,234.0,99630.0
1990-05-20 15:00:00+00:00,13.56,64.75,588.0,592.05,202.0,317.75,4.69,234.0,99640.0
1990-05-20 16:00:00+00:00,12.67,69.45,293.0,81.14,249.0,320.1,4.48,232.0,99600.0
1990-05-20 17:00:00+00:00,12.54,69.45,314.0,368.74,161.0,300.95,4.28,231.0,99600.0
1990-05-20 18:00:00+00:00,12.11,69.35,195.0,323.05,105.0,297.25,3.52,233.0,99600.0
1990-05-20 19:00:00+00:00,10.91,77.15,93.0,336.67,45.0,304.6,3.38,226.0,99620.0
1990-05-20 20:00:00+00:00,10.35,77.1,0.0,0.0,0.0,299.55,3.03,222.0,99620.0
1990-05-20 21:00:00+00:00,9.48,79.9,0.0,0.0,0.0,281.75,2.83,219.0,99640.0
1990-05-20 22:00:00+00:00,9.04,85.95,0.0,0.0,0.0,297.25,2.55,213.0,99630.0
1990-05-20 23:00:00+00:00,8.59,89.1,0.0,0.0,0.0,295.3,2.48,206.0,99620.0
1990-05-21 00:00:00+00:00,8.4,95.8,0.0,0.0,0.0,306.55,2.34,207.0,99560.0
1990-05-21 01:00:00+00:00,8.06,95.8,0.0,0.0,0.0,299.7,2.21,206.0,99510.0
1990-05-21 02:00:00+00:00,8.1,95.8,0.0,0.0,0.0,319.5,2.28,198.0,99490.0
1990-05-21 03:00:00+00:00,7.87,95.8,0.0,0.0,0.0,310.05,2.07,204.0,99430.0
1990-05-21 04:00:00+00:00,7.76,95.8,1.0,0.0,1.0,314.1,1.86,213.0,99410.0
1990-05-21 05:00:00+00:00,7.71,95.8,43.0,6.49,42.0,308.65,1.52,218.0,99400.0
1990-05-21 06:00:00+00:00,8.32,95.8,146.0,82.66,122.0,320.65,1.52,237.0,99370.0
1990-05-21 07:00:00+00:00,8.97,85.95,250.0,131.4,194.0,311.95,3.17,264.0,99420.0
1990-05-21 08:00:00+00:00,9.81,79.9,418.0,323.99,239.0,303.05,3.45,269.0,99400.0
1990-05-21 09:00:00+00:00,10.66,69.1,479.0,260.37,307.0,303.65,3.79,268.0,99400.0
1990-05-21 10:00:00+00:00,11.25,64.25,173.0,0.0,173.0,308.3,4.07,263.0,99370.0
1990-05-21 11:00:00+00:00,11.8,59.7,384.0,35.24,356.0,308.1,4.55,260.0,99370.0
1990-05-21 12:00:00+00:00,12.5,57.75,810.0,787.54,171.0,307.1,4.62,259.0,99370.0
1990-05-21 13:00:00+00:00,13.01,60.05,186.0,0.0,186.0,288.75,4.62,259.0,99340.0
1990-05-21 14:00:00+00:00,12.91,64.55,148.0,0.0,148.0,313.3,5.1,259.0,99320.0
1990-05-21 15:00:00+00:00,12.15,66.85,208.0,1.53,207.0,303.85,5.31,266.0,99320.0
1990-05-21 16:00:00+00:00,11.89,69.25,311.0,104.62,254.0,298.6,5.03,261.0,99310.0
1990-05-21 17:00:00+00:00,11.59,69.25,334.0,440.54,150.0,292.6,4.97,264.0,99300.0
1990-05-21 18:00:00+00:00,11.05,69.15,191.0,280.62,112.0,295.3,4.76,264.0,99330.0
1990-05-21 19:00:00+00:00,10.57,71.7,52.0,27.46,48.0,305.4,4.07,258.0,99330.0
1990-05-21 20:00:00+00:00,9.9,77.0,0.0,0.0,0.0,303.05,4.0,252.0,99360.0
1990-05-21 21:00:00+00:00,9.04,79.85,0.0,0.0,0.0,283.9,3.93,252.0,99410.0
1990-05-21 22:00:00+00:00,8.47,82.75,0.0,0.0,0.0,287.2,3.93,250.0,99410.0
1990-05-21 23:00:00+00:00,7.77,89.05,0.0,0.0,0.0,265.3,3.79,247.0,99420.0
1990-05-22 00:00:00+00:00,7.3,92.35,0.0,0.0,0.0,265.1,3.86,247.0,99410.0
1990-05-22 01:00:00+00:00,6.94,92.35,0.0,0.0,0.0,264.05,3.79,248.0,99390.0
1990-05-22 02:00:00+00:00,6.89,95.8,0.0,0.0,0.0,285.25,3.79,251.0,99390.0
1990-05-22 03:00:00+00:00,7.08,89.0,0.0,0.0,0.0,316.05,4.0,254.0,99370.0
1990-05-22 04:00:00+00:00,7.02,89.0,2.0,0.0,2.0,312.35,3.79,253.0,99380.0
1990-05-22 05:00:00+00:00,7.22,89.0,100.0,280.4,56.0,311.75,3.93,254.0,99410.0
1990-05-22 06:00:00+00:00,7.84,82.7,165.0,129.74,127.0,299.4,4.97,259.0,99410.0
1990-05-22 07:00:00+00:00,8.38,79.7,259.0,147.0,196.0,323.2,4.9,258.0,99460.0
1990-05-22 08:00:00+00:00,9.36,71.4,496.0,589.5,169.0,308.65,4.83,261.0,99480.0
1990-05-22 09:00:00+00:00,10.37,66.45,565.0,472.3,252.0,308.1,4.34,262.0,99500.0
1990-05-22 10:00:00+00:00,11.1,59.6,404.0,67.09,354.0,305.4,4.34,261.0,99500.0
1990-05-22 11:00:00+00:00,12.08,55.5,595.0,272.39,378.0,289.3,4.28,261.0,99540.0
1990-05-22 12:00:00+00:00,12.95,53.6,567.0,204.08,401.0,303.25,4.28,261.0,99560.0
1990-05-22 13:00:00+00:00,13.47,51.75,627.0,336.09,360.0,297.45,4.28,262.0,99580.0
1990-05-22 14:00:00+00:00,13.98,48.25,678.0,591.1,240.0,310.4,4.28,263.0,99610.0
1990-05-22 15:00:00+00:00,14.0,48.25,527.0,382.21,276.0,325.5,4.07,266.0,99610.0
1990-05-22 16:00:00+00:00,14.1,48.25,495.0,619.35,156.0,328.6,3.66,265.0,99610.0
1990-05-22 17:00:00+00:00,14.01,48.25,358.0,544.77,129.0,321.25,3.38,260.0,99630.0
1990-05-22 18:00:00+00:00,13.77,50.0,236.0,562.61,76.0,294.55,2.9,263.0,99680.0
1990-05-22 19:00:00+00:00,13.18,57.9,99.0,349.67,47.0,275.75,2.07,271.0,99720.0
1990-05-22 20:00:00+00:00,11.94,66.75,0.0,0.0,0.0,269.75,1.66,262.0,99770.0
1990-05-22 21:00:00+00:00,9.78,77.0,0.0,0.0,0.0,268.4,1.66,232.0,99820.0
1990-05-22 22:00:00+00:00,7.86,82.7,0.0,0.0,0.0,268.4,1.66,209.0,99870.0
1990-05-22 23:00:00+00:00,6.52,85.75,0.0,0.0,0.0,267.45,2.0,194.0,99900.0
1990-05-23 00:00:00+00:00,6.29,92.3,0.0,0.0,0.0,275.95,2.28,188.0,99930.0
1990-05-23 01:00:00+00:00,6.61,92.35,0.0,0.0,0.0,286.35,2.34,181.0,99900.0
1990-05-23 02:00:00+00:00,7.26,95.8,0.0,0.0,0.0,300.35,2.41,178.0,99890.0
1990-05-23 03:00:00+00:00,7.66,95.8,0.0,0.0,0.0,298.05,2.41,182.0,99860.0
1990-05-23 04:00:00+00:00,8.0,95.8,4.0,0.0,4.0,300.55,2.34,179.0,99830.0
1990-05-23 05:00:00+00:00,8.96,92.45,64.0,50.14,56.0,325.7,2.28,173.0,99810.0
1990-05-23 06:00:00+00:00,10.06,92.5,170.0,148.98,126.0,335.55,2.21,166.0,99780.0
1990-05-23 07:00:00+00:00,11.54,86.15,128.0,2.32,127.0,339.85,3.79,178.0,99800.0
1990-05-23 08:00:00+00:00,12.78,80.3,251.0,32.32,233.0,350.65,4.21,180.0,99760.0
1990-05-23 09:00:00+00:00,13.31,80.35,265.0,12.03,257.0,365.55,4.55,181.0,99770.0
1990-05-23 10:00:00+00:00,13.3,80.35,208.0,0.0,208.0,366.35,4.55,180.0,99740.0
1990-05-23 11:00:00+00:00,13.06,80.35,129.0,0.0,129.0,360.35,4.41,177.0,99720.0
1990-05-23 12:00:00+00:00,13.01,83.25,204.0,0.0,204.0,365.75,4.83,184.0,99720.0
1990-05-23 13:00:00+00:00,12.58,83.25,136.0,0.0,136.0,365.0,4.83,193.0,99690.0
1990-05-23 14:00:00+00:00,12.5,83.25,103.0,0.0,103.0,360.75,4.97,200.0,99650.0
1990-05-23 15:00:00+00:00,13.0,72.1,83.0,0.0,83.0,344.5,5.17,204.0,99630.0
1990-05-23 16:00:00+00:00,13.46,67.05,501.0,665.7,135.0,306.15,5.31,207.0,99560.0
1990-05-23 17:00:00+00:00,13.36,62.3,333.0,430.27,151.0,299.75,5.52,210.0,99560.0
1990-05-23 18:00:00+00:00,12.64,69.45,176.0,198.47,119.0,298.6,5.31,220.0,99550.0
1990-05-23 19:00:00+00:00,11.57,74.55,103.0,382.38,45.0,325.9,4.76,240.0,99590.0
1990-05-23 20:00:00+00:00,10.47,80.05,0.0,0.0,0.0,335.55,5.31,257.0,99680.0
1990-05-23 21:00:00+00:00,9.62,82.9,0.0,0.0,0.0,334.2,5.38,262.0,99800.0
1990-05-23 22:00:00+00:00,8.8,82.75,0.0,0.0,0.0,313.3,5.45,262.0,99890.0
1990-05-23 23:00:00+00:00,7.97,82.7,0.0,0.0,0.0,276.35,4.83,267.0,99940.0
1990-05-24 00:00:00+00:00,7.41,79.7,0.0,0.0,0.0,271.3,4.34,270.0,99970.0
1990-05-24 01:00:00+00:00,6.93,82.65,0.0,0.0,0.0,260.2,3.86,270.0,100000.0
1990-05-24 02:00:00+00:00,6.59,85.75,0.0,0.0,0.0,258.55,3.24,264.0,100020.0
1990-05-24 03:00:00+00:00,6.2,88.95,0.0,0.0,0.0,254.1,2.69,247.0,100030.0
1990-05-24 04:00:00+00:00,5.83,88.9,2.0,0.0,2.0,251.6,2.62,233.0,100030.0
1990-05-24 05:00:00+00:00,6.19,88.95,108.0,339.38,53.0,252.95,2.69,227.0,100070.0
1990-05-24 06:00:00+00:00,7.59,82.7,237.0,493.82,90.0,256.6,2.76,225.0,100090.0
1990-05-24 07:00:00+00:00,9.23,79.85,383.0,623.51,113.0,267.45,3.52,218.0,100120.0
1990-05-24 08:00:00+00:00,10.65,71.7,509.0,642.34,150.0,271.3,4.34,219.0,100120.0
1990-05-24 09:00:00+00:00,11.81,66.75,581.0,526.48,230.0,290.65,4.9,222.0,100110.0
1990-05-24 10:00:00+00:00,12.82,62.2,624.0,432.53,300.0,307.1,5.24,222.0,100110.0
1990-05-24 11:00:00+00:00,13.54,58.0,762.0,683.37,215.0,318.35,5.52,222.0,100120.0
1990-05-24 12:00:00+00:00,14.32,53.95,695.0,455.17,323.0,315.65,5.79,225.0,100110.0
1990-05-24 13:00:00+00:00,15.08,50.35,474.0,105.2,390.0,294.35,5.66,228.0,100120.0
1990-05-24 14:00:00+00:00,15.56,48.65,704.0,679.0,198.0,291.25,5.45,232.0,100110.0
1990-05-24 15:00:00+00:00,15.7,50.5,571.0,512.69,232.0,300.55,5.17,236.0,100100.0
1990-05-24 16:00:00+00:00,15.54,52.4,394.0,266.21,247.0,296.65,5.03,239.0,100070.0
1990-05-24 17:00:00+00:00,14.95,56.15,217.0,72.85,186.0,302.3,4.69,240.0,100080.0
1990-05-24 18:00:00+00:00,14.29,60.3,118.0,31.04,109.0,316.4,4.0,235.0,100090.0
1990-05-24 19:00:00+00:00,13.32,67.05,43.0,6.47,42.0,341.2,3.52,234.0,100140.0
1990-05-24 20:00:00+00:00,12.64,69.45,1.0,0.0,1.0,325.1,3.24,220.0,100170.0
1990-05-24 21:00:00+00:00,11.43,74.45,0.0,0.0,0.0,290.3,3.17,208.0,100190.0
1990-05-24 22:00:00+00:00,10.47,77.15,0.0,0.0,0.0,286.4,3.24,203.0,100180.0
1990-05-24 23:00:00+00:00,9.8,79.9,0.0,0.0,0.0,284.65,3.31,202.0,100180.0
1990-05-25 00:00:00+00:00,9.37,79.85,0.0,0.0,0.0,282.55,3.38,204.0,100150.0
1990-05-25 01:00:00+00:00,9.22,79.85,0.0,0.0,0.0,284.4,3.31,205.0,100140.0
1990-05-25 02:00:00+00:00,9.15,79.85,0.0,0.0,0.0,290.85,3.24,204.0,100120.0
1990-05-25 03:00:00+00:00,8.88,82.75,0.0,0.0,0.0,282.75,3.1,201.0,100070.0
1990-05-25 04:00:00+00:00,8.69,82.75,2.0,0.0,2.0,283.9,2.97,199.0,100030.0
1990-05-25 05:00:00+00:00,9.09,82.85,81.0,115.52,62.0,295.5,2.83,198.0,100000.0
1990-05-25 06:00:00+00:00,10.23,79.95,76.0,0.0,76.0,292.05,2.62,196.0,99980.0
1990-05-25 07:00:00+00:00,11.83,74.55,221.0,71.24,190.0,328.8,3.24,192.0,99980.0
1990-05-25 08:00:00+00:00,12.82,69.45,136.0,0.0,136.0,332.85,3.17,193.0,99960.0
1990-05-25 09:00:00+00:00,13.83,67.15,347.0,62.82,305.0,335.95,3.03,195.0,99930.0
1990-05-25 10:00:00+00:00,15.5,58.45,432.0,97.22,359.0,318.15,3.03,196.0,99870.0
1990-05-25 11:00:00+00:00,16.63,52.65,557.0,214.4,385.0,316.6,3.31,193.0,99810.0
1990-05-25 12:00:00+00:00,17.58,49.15,731.0,555.48,276.0,313.1,3.66,197.0,99760.0
1990-05-25 13:00:00+00:00,18.16,44.2,531.0,177.42,389.0,314.1,3.59,202.0,99680.0
1990-05-25 14:00:00+00:00,18.45,42.6,388.0,58.88,344.0,308.1,3.31,208.0,99610.0
1990-05-25 15:00:00+00:00,18.52,41.05,360.0,78.39,308.0,309.65,3.1,211.0,99540.0
1990-05-25 16:00:00+00:00,18.32,41.05,293.0,75.74,251.0,305.55,2.9,214.0,99460.0
1990-05-25 17:00:00+00:00,17.73,42.45,114.0,0.0,114.0,310.8,2.48,221.0,99420.0
1990-05-25 18:00:00+00:00,17.06,45.55,67.0,0.0,67.0,318.75,2.21,231.0,99360.0
1990-05-25 19:00:00+00:00,14.26,67.25,52.0,19.06,49.0,343.1,1.93,276.0,99470.0
1990-05-25 20:00:00+00:00,13.23,77.5,1.0,0.0,1.0,339.05,2.14,286.0,99400.0
1990-05-25 21:00:00+00:00,12.4,86.2,0.0,0.0,0.0,344.65,2.0,283.0,99370.0
1990-05-25 22:00:00+00:00,11.85,89.3,0.0,0.0,0.0,344.85,2.07,265.0,99350.0
1990-05-25 23:00:00+00:00,11.33,92.55,0.0,0.0,0.0,346.2,2.69,259.0,99340.0
1990-05-26 00:00:00+00:00,10.94,95.9,0.0,0.0,0.0,352.6,3.59,266.0,99290.0
1990-05-26 01:00:00+00:00,10.35,92.5,0.0,0.0,0.0,350.6,4.41,272.0,99330.0
1990-05-26 02:00:00+00:00,9.69,89.15,0.0,0.0,0.0,347.95,4.76,275.0,99290.0
1990-05-26 03:00:00+00:00,9.14,89.1,0.0,0.0,0.0,334.2,4.55,276.0,99270.0
1990-05-26 04:00:00+00:00,8.44,89.1,3.0,0.0,3.0,310.6,4.14,276.0,99290.0
1990-05-26 05:00:00+00:00,8.0,89.05,40.0,0.0,40.0,294.95,4.28,276.0,99330.0
1990-05-26 06:00:00+00:00,7.97,85.85,262.0,622.38,74.0,271.7,4.41,277.0,99370.0
1990-05-26 07:00:00+00:00,8.63,82.75,381.0,583.38,126.0,274.6,5.45,282.0,99280.0
1990-05-26 08:00:00+00:00,9.39,71.4,549.0,785.47,107.0,284.3,5.59,285.0,99310.0
1990-05-26 09:00:00+00:00,10.07,64.0,658.0,780.21,135.0,284.3,5.59,284.0,99300.0
1990-05-26 10:00:00+00:00,10.98,55.3,714.0,676.31,205.0,283.1,6.07,282.0,99310.0
1990-05-26 11:00:00+00:00,11.35,55.3,657.0,388.08,345.0,288.95,6.48,280.0,99290.0
1990-05-26 12:00:00+00:00,11.81,57.55,561.0,190.04,405.0,279.65,6.9,275.0,99320.0
1990-05-26 13:00:00+00:00,11.97,59.85,659.0,397.66,340.0,293.2,7.24,273.0,99340.0
1990-05-26 14:00:00+00:00,12.02,59.85,301.0,10.68,293.0,290.5,7.38,273.0,99390.0
1990-05-26 15:00:00+00:00,11.8,57.55,644.0,748.32,146.0,290.85,7.59,272.0,99440.0
1990-05-26 16:00:00+00:00,11.23,57.4,494.0,581.91,170.0,286.4,7.79,272.0,99490.0
1990-05-26 17:00:00+00:00,10.8,59.5,340.0,418.12,160.0,283.9,7.17,269.0,99540.0
1990-05-26 18:00:00+00:00,10.1,64.0,139.0,60.97,121.0,289.7,6.76,264.0,99590.0
1990-05-26 19:00:00+00:00,9.54,63.9,79.0,112.38,61.0,293.4,5.93,256.0,99630.0
1990-05-26 20:00:00+00:00,8.84,68.7,3.0,0.0,3.0,277.5,5.66,251.0,99630.0
1990-05-26 21:00:00+00:00,8.44,68.7,0.0,0.0,0.0,287.95,5.45,245.0,99690.0
1990-05-26 22:00:00+00:00,7.88,73.95,0.0,0.0,0.0,270.55,5.86,244.0,99700.0
1990-05-26 23:00:00+00:00,7.55,73.95,0.0,0.0,0.0,273.05,5.72,243.0,99710.0
1990-05-27 00:00:00+00:00,7.32,76.7,0.0,0.0,0.0,273.05,5.59,241.0,99680.0
1990-05-27 01:00:00+00:00,7.08,76.7,0.0,0.0,0.0,260.2,5.45,237.0,99660.0
1990-05-27 02:00:00+00:00,7.15,76.7,0.0,0.0,0.0,280.6,5.38,235.0,99620.0
1990-05-27 03:00:00+00:00,7.21,79.65,0.0,0.0,0.0,277.3,5.17,232.0,99590.0
1990-05-27 04:00:00+00:00,7.43,79.7,9.0,0.0,9.0,287.95,4.9,226.0,99540.0
1990-05-27 05:00:00+00:00,7.93,82.7,48.0,5.92,47.0,305.55,4.9,220.0,99470.0
1990-05-27 06:00:00+00:00,8.44,82.75,134.0,42.75,121.0,315.65,4.14,214.0,99430.0
1990-05-27 07:00:00+00:00,8.72,85.9,371.0,535.3,136.0,332.5,4.14,208.0,99380.0
1990-05-27 08:00:00+00:00,9.16,85.95,373.0,193.09,264.0,337.5,4.14,204.0,99320.0
1990-05-27 09:00:00+00:00,10.32,82.95,618.0,632.42,193.0,339.85,5.31,216.0,99280.0
1990-05-27 10:00:00+00:00,11.16,77.2,451.0,111.37,367.0,344.3,6.55,229.0,99250.0
1990-05-27 11:00:00+00:00,11.73,74.55,412.0,49.65,372.0,346.4,6.28,239.0,99270.0
1990-05-27 12:00:00+00:00,12.32,74.6,279.0,2.43,277.0,355.1,5.86,248.0,99290.0
1990-05-27 13:00:00+00:00,13.44,69.55,276.0,2.49,274.0,341.4,5.79,255.0,99320.0
1990-05-27 14:00:00+00:00,14.17,64.85,255.0,2.66,253.0,348.35,6.21,262.0,99380.0
1990-05-27 15:00:00+00:00,14.4,64.85,487.0,272.64,305.0,336.55,6.0,265.0,99420.0
1990-05-27 16:00:00+00:00,14.0,67.25,267.0,42.93,243.0,340.4,6.41,269.0,99520.0
1990-05-27 17:00:00+00:00,13.83,69.65,196.0,39.27,179.0,334.6,6.14,272.0,99590.0
1990-05-27 18:00:00+00:00,13.5,69.65,97.0,6.72,95.0,329.2,5.66,274.0,99700.0
1990-05-27 19:00:00+00:00,12.71,72.05,67.0,55.26,58.0,325.1,4.48,266.0,99810.0
1990-05-27 20:00:00+00:00,11.94,77.3,1.0,0.0,1.0,320.3,4.41,264.0,99920.0
1990-05-27 21:00:00+00:00,11.23,80.1,0.0,0.0,0.0,319.5,4.28,262.0,100030.0
1990-05-27 22:00:00+00:00,10.46,83.0,0.0,0.0,0.0,294.55,4.07,261.0,100140.0
1990-05-27 23:00:00+00:00,10.12,89.2,0.0,0.0,0.0,305.75,4.0,259.0,100240.0
1990-05-28 00:00:00+00:00,10.19,89.2,0.0,0.0,0.0,334.2,3.86,257.0,100310.0
1990-05-28 01:00:00+00:00,10.19,89.2,0.0,0.0,0.0,344.2,3.66,255.0,100380.0
1990-05-28 02:00:00+00:00,10.28,92.5,0.0,0.0,0.0,349.1,3.52,254.0,100420.0
1990-05-28 03:00:00+00:00,10.33,92.5,0.0,0.0,0.0,349.1,3.38,251.0,100450.0
1990-05-28 04:00:00+00:00,10.46,92.5,4.0,0.0,4.0,354.75,3.24,249.0,100470.0
1990-05-28 05:00:00+00:00,10.7,92.5,72.0,52.6,63.0,357.25,3.24,250.0,100510.0
1990-05-28 06:00:00+00:00,11.15,92.55,129.0,35.94,118.0,360.95,3.66,254.0,100580.0
1990-05-28 07:00:00+00:00,11.65,89.3,187.0,27.22,175.0,362.5,4.14,259.0,100700.0
1990-05-28 08:00:00+00:00,12.21,89.35,215.0,10.6,209.0,364.8,4.55,258.0,100780.0
1990-05-28 09:00:00+00:00,12.82,86.25,204.0,0.0,204.0,366.95,5.03,259.0,100860.0
1990-05-28 10:00:00+00:00,13.45,83.25,250.0,1.32,249.0,367.5,5.03,260.0,100940.0
1990-05-28 11:00:00+00:00,13.91,80.4,292.0,4.96,288.0,369.85,5.17,256.0,101020.0
1990-05-28 12:00:00+00:00,14.41,77.65,349.0,15.77,336.0,371.2,5.38,252.0,101080.0
1990-05-28 13:00:00+00:00,14.94,75.0,494.0,125.36,393.0,369.65,5.45,252.0,101110.0
1990-05-28 14:00:00+00:00,15.65,70.0,265.0,3.98,262.0,367.3,5.38,253.0,101140.0
1990-05-28 15:00:00+00:00,16.01,67.65,317.0,38.83,291.0,364.0,5.24,254.0,101160.0
1990-05-28 16:00:00+00:00,15.96,70.0,262.0,40.99,239.0,372.15,4.83,256.0,101170.0
1990-05-28 17:00:00+00:00,15.72,70.0,295.0,248.17,187.0,370.0,4.48,260.0,101190.0
1990-05-28 18:00:00+00:00,15.47,72.45,232.0,462.97,93.0,355.9,3.79,260.0,101240.0
1990-05-28 19:00:00+00:00,15.06,75.1,117.0,416.98,48.0,335.75,3.38,260.0,101250.0
1990-05-28 20:00:00+00:00,14.35,80.45,3.0,0.0,3.0,322.8,2.97,256.0,101310.0
1990-05-28 21:00:00+00:00,13.03,86.3,0.0,0.0,0.0,293.75,2.55,246.0,101360.0
1990-05-28 22:00:00+00:00,12.17,92.6,0.0,0.0,0.0,297.25,2.34,229.0,101390.0
1990-05-28 23:00:00+00:00,11.45,95.9,0.0,0.0,0.0,291.25,2.28,217.0,101410.0
1990-05-29 00:00:00+00:00,10.88,95.9,0.0,0.0,0.0,286.6,2.28,207.0,101440.0
1990-05-29 01:00:00+00:00,10.23,95.9,0.0,0.0,0.0,285.55,2.21,200.0,101430.0
1990-05-29 02:00:00+00:00,9.8,95.85,0.0,0.0,0.0,295.3,2.14,192.0,101430.0
1990-05-29 03:00:00+00:00,9.31,99.4,0.0,0.0,0.0,288.35,2.21,186.0,101430.0
1990-05-29 04:00:00+00:00,9.07,95.85,6.0,0.0,6.0,298.8,2.21,186.0,101450.0
1990-05-29 05:00:00+00:00,9.56,95.85,118.0,352.44,57.0,317.4,2.07,194.0,101480.0
1990-05-29 06:00:00+00:00,10.62,92.5,248.0,509.94,91.0,323.55,2.14,201.0,101510.0
1990-05-29 07:00:00+00:00,12.0,89.35,331.0,343.5,179.0,341.4,1.93,206.0,101560.0
1990-05-29 08:00:00+00:00,13.46,83.25,535.0,723.88,124.0,314.65,1.59,202.0,101560.0
1990-05-29 09:00:00+00:00,15.06,75.1,633.0,679.85,174.0,312.15,1.45,178.0,101540.0
1990-05-29 10:00:00+00:00,16.52,67.75,735.0,743.41,172.0,301.7,1.72,153.0,101540.0
1990-05-29 11:00:00+00:00,17.75,65.55,816.0,835.93,140.0,301.9,2.28,136.0,101520.0
1990-05-29 12:00:00+00:00,18.61,63.4,849.0,875.58,126.0,307.3,2.55,131.0,101500.0
1990-05-29 13:00:00+00:00,19.34,63.5,814.0,834.85,140.0,309.85,2.69,134.0,101460.0
1990-05-29 14:00:00+00:00,19.88,61.4,764.0,849.35,123.0,313.1,2.69,136.0,101390.0
1990-05-29 15:00:00+00:00,20.37,61.5,669.0,825.09,115.0,315.85,2.83,137.0,101360.0
1990-05-29 16:00:00+00:00,20.53,61.5,537.0,751.03,114.0,318.55,2.9,136.0,101290.0
1990-05-29 17:00:00+00:00,20.38,63.7,391.0,658.38,103.0,320.3,2.83,135.0,101220.0
1990-05-29 18:00:00+00:00,19.95,68.2,244.0,522.08,86.0,320.65,2.48,129.0,101200.0
1990-05-29 19:00:00+00:00,19.05,73.05,113.0,357.11,53.0,321.45,2.55,123.0,101180.0
1990-05-29 20:00:00+00:00,17.84,75.45,3.0,0.0,3.0,319.9,2.69,126.0,101190.0
1990-05-29 21:00:00+00:00,16.45,80.75,0.0,0.0,0.0,317.75,3.24,130.0,101200.0
1990-05-29 22:00:00+00:00,15.34,86.5,0.0,0.0,0.0,313.5,3.66,138.0,101230.0
1990-05-29 23:00:00+00:00,14.8,86.45,0.0,0.0,0.0,319.9,3.93,146.0,101240.0
1990-05-30 00:00:00+00:00,14.21,86.4,0.0,0.0,0.0,317.75,4.0,151.0,101240.0
1990-05-30 01:00:00+00:00,13.82,83.35,0.0,0.0,0.0,313.25,3.86,152.0,101250.0
1990-05-30 02:00:00+00:00,13.2,80.35,0.0,0.0,0.0,310.2,3.59,153.0,101230.0
1990-05-30 03:00:00+00:00,12.4,77.35,0.0,0.0,0.0,292.4,3.38,153.0,101230.0
1990-05-30 04:00:00+00:00,11.72,74.55,11.0,0.0,11.0,287.75,3.03,152.0,101210.0
1990-05-30 05:00:00+00:00,11.46,69.25,132.0,468.66,50.0,281.4,2.69,149.0,101210.0
1990-05-30 06:00:00+00:00,12.11,64.45,266.0,610.44,77.0,280.2,2.55,144.0,101230.0
1990-05-30 07:00:00+00:00,13.27,53.7,419.0,740.81,90.0,280.2,3.1,147.0,101220.0
1990-05-30 08:00:00+00:00,14.5,46.6,555.0,785.21,108.0,282.15,3.31,141.0,101230.0
1990-05-30 09:00:00+00:00,15.7,43.5,670.0,804.04,126.0,282.55,3.52,137.0,101180.0
1990-05-30 10:00:00+00:00,16.83,42.15,758.0,810.56,143.0,282.95,3.86,134.0,101180.0
1990-05-30 11:00:00+00:00,17.68,44.05,827.0,854.2,135.0,284.3,4.28,134.0,101160.0
1990-05-30 12:00:00+00:00,18.36,45.85,856.0,883.67,125.0,286.6,4.48,137.0,101170.0
1990-05-30 13:00:00+00:00,18.86,47.55,829.0,865.36,129.0,291.05,4.55,138.0,101140.0
1990-05-30 14:00:00+00:00,19.18,45.95,775.0,868.58,118.0,295.3,4.34,139.0,101120.0
1990-05-30 15:00:00+00:00,19.29,47.65,672.0,822.81,118.0,299.4,4.14,138.0,101100.0
1990-05-30 16:00:00+00:00,19.15,49.45,525.0,686.42,137.0,302.1,3.86,135.0,101080.0
1990-05-30 17:00:00+00:00,18.74,53.0,388.0,618.72,116.0,303.65,3.86,130.0,101070.0
1990-05-30 18:00:00+00:00,18.04,54.95,257.0,586.94,78.0,303.85,3.86,126.0,101090.0
1990-05-30 19:00:00+00:00,16.92,60.85,121.0,410.6,51.0,297.65,3.79,127.0,101090.0
1990-05-30 20:00:00+00:00,15.54,62.85,7.0,0.0,7.0,294.95,3.72,132.0,101130.0
1990-05-30 21:00:00+00:00,14.18,67.25,0.0,0.0,0.0,291.45,3.59,141.0,101200.0
1990-05-30 22:00:00+00:00,13.14,72.1,0.0,0.0,0.0,288.15,3.31,151.0,101240.0
1990-05-30 23:00:00+00:00,12.27,74.6,0.0,0.0,0.0,284.85,2.76,156.0,101270.0
1990-05-31 00:00:00+00:00,11.44,80.1,0.0,0.0,0.0,281.6,2.07,156.0,101300.0
1990-05-31 01:00:00+00:00,10.09,86.0,0.0,0.0,0.0,279.55,1.45,151.0,101300.0
1990-05-31 02:00:00+00:00,9.21,89.1,0.0,0.0,0.0,279.85,1.17,143.0,101320.0
1990-05-31 03:00:00+00:00,8.73,92.4,0.0,0.0,0.0,275.95,1.1,140.0,101310.0
1990-05-31 04:00:00+00:00,8.76,92.4,11.0,0.0,11.0,273.05,1.03,145.0,101330.0
1990-05-31 05:00:00+00:00,9.22,89.1,134.0,475.26,50.0,271.3,0.83,146.0,101380.0
1990-05-31 06:00:00+00:00,10.55,86.05,267.0,604.02,79.0,270.35,0.62,141.0,101390.0
1990-05-31 07:00:00+00:00,13.11,69.55,420.0,740.55,90.0,268.6,1.17,133.0,101450.0
1990-05-31 08:00:00+00:00,14.75,62.65,570.0,835.84,93.0,272.5,1.24,130.0,101450.0
1990-05-31 09:00:00+00:00,16.18,56.5,699.0,890.93,95.0,278.1,1.31,109.0,101460.0
1990-05-31 10:00:00+00:00,17.38,54.7,799.0,927.55,94.0,285.45,1.93,96.0,101450.0
1990-05-31 11:00:00+00:00,18.23,53.0,855.0,926.71,103.0,293.4,2.55,92.0,101440.0
1990-05-31 12:00:00+00:00,18.78,56.95,881.0,944.91,98.0,301.1,2.97,91.0,101400.0
1990-05-31 13:00:00+00:00,19.38,59.15,813.0,813.14,154.0,308.1,3.24,98.0,101390.0
1990-05-31 14:00:00+00:00,19.48,59.15,731.0,720.26,185.0,322.8,3.45,93.0,101350.0
1990-05-31 15:00:00+00:00,18.91,61.2,594.0,542.14,228.0,357.05,3.86,86.0,101350.0
1990-05-31 16:00:00+00:00,17.17,65.42,548.0,772.2,110.0,339.73,3.51,86.0,101330.0
1990-05-31 17:00:00+00:00,16.76,66.46,403.0,688.2,99.0,335.51,3.26,92.0,101340.0
1990-05-31 18:00:00+00:00,16.36,67.5,248.0,514.27,90.0,331.28,3.01,96.0,101340.0
1990-05-31 19:00:00+00:00,15.95,68.54,100.0,196.68,66.0,327.06,2.75,103.0,101310.0
1990-05-31 20:00:00+00:00,15.54,69.58,10.0,0.0,10.0,322.84,2.5,111.0,101330.0
1990-05-31 21:00:00+00:00,15.13,70.62,0.0,0.0,0.0,318.61,2.25,120.0,101360.0
1990-05-31 22:00:00+00:00,14.72,71.65,0.0,0.0,0.0,314.39,2.0,129.0,101380.0
1990-05-31 23:00:00+00:00,14.31,72.69,0.0,0.0,0.0,310.16,1.75,136.0,101420.0
1990-06-01 00:00:00+00:00,13.9,73.73,0.0,0.0,0.0,305.94,1.49,139.0,101420.0
1990-06-01 01:00:00+00:00,13.5,74.77,0.0,0.0,0.0,301.71,1.24,150.0,101400.0
1990-06-01 02:00:00+00:00,13.09,75.81,0.0,0.0,0.0,297.49,0.99,180.0,101390.0
1990-06-01 03:00:00+00:00,12.68,76.85,0.0,0.0,0.0,293.26,0.74,206.0,101380.0
1990-06-01 04:00:00+00:00,12.27,77.89,15.0,0.0,15.0,289.04,0.49,208.0,101360.0
1990-06-01 05:00:00+00:00,11.86,78.93,127.0,403.54,55.0,284.82,0.24,212.0,101380.0
1990-06-01 06:00:00+00:00,11.45,79.97,262.0,575.48,82.0,280.59,-0.02,226.0,101360.0
1990-06-01 07:00:00+00:00,11.04,81.0,401.0,659.92,106.0,276.37,-0.27,230.0,101400.0
1990-06-01 08:00:00+00:00,16.92,58.7,545.0,749.99,116.0,303.65,0.21,210.0,101380.0
1990-06-01 09:00:00+00:00,18.35,53.0,664.0,789.15,128.0,301.7,0.21,140.0,101380.0
1990-06-01 10:00:00+00:00,19.55,49.55,764.0,831.44,131.0,306.55,0.55,117.0,101360.0
1990-06-01 11:00:00+00:00,20.52,47.9,820.0,837.89,139.0,314.1,0.69,109.0,101340.0
1990-06-01 12:00:00+00:00,21.21,46.5,858.0,890.35,119.0,316.2,0.62,87.0,101310.0
1990-06-01 13:00:00+00:00,21.73,44.95,823.0,848.64,134.0,318.75,0.69,54.0,101290.0
1990-06-01 14:00:00+00:00,21.96,44.95,777.0,875.41,112.0,323.2,1.03,50.0,101260.0
1990-06-01 15:00:00+00:00,22.0,46.6,691.0,883.52,93.0,323.95,1.31,55.0,101230.0
1990-06-01 16:00:00+00:00,21.72,46.6,540.0,746.79,115.0,339.85,1.66,64.0,101200.0
1990-06-01 17:00:00+00:00,21.17,49.95,396.0,653.47,106.0,345.25,2.0,74.0,101190.0
1990-06-01 18:00:00+00:00,20.2,55.3,260.0,584.96,79.0,365.2,2.28,84.0,101180.0
1990-06-01 19:00:00+00:00,19.52,61.4,116.0,325.38,59.0,318.15,2.0,90.0,101150.0
1990-06-01 20:00:00+00:00,17.84,65.55,12.0,0.0,12.0,316.4,2.28,84.0,101150.0
1990-06-01 21:00:00+00:00,16.06,70.1,0.0,0.0,0.0,312.95,2.28,79.0,101200.0
1990-06-01 22:00:00+00:00,14.62,75.0,0.0,0.0,0.0,308.1,2.0,76.0,101240.0
1990-06-01 23:00:00+00:00,13.41,83.25,0.0,0.0,0.0,307.3,1.66,74.0,101250.0
1990-06-02 00:00:00+00:00,12.24,89.35,0.0,0.0,0.0,309.25,1.31,67.0,101260.0
1990-06-02 01:00:00+00:00,11.72,89.3,0.0,0.0,0.0,317.5,1.1,51.0,101240.0
1990-06-02 02:00:00+00:00,11.26,89.3,0.0,0.0,0.0,303.25,1.1,38.0,101230.0
1990-06-02 03:00:00+00:00,10.84,92.5,0.0,0.0,0.0,303.45,1.03,37.0,101200.0
1990-06-02 04:00:00+00:00,10.63,92.5,16.0,0.0,16.0,303.25,1.03,46.0,101200.0
1990-06-02 05:00:00+00:00,10.75,95.9,106.0,216.68,67.0,306.15,0.83,56.0,101200.0
1990-06-02 06:00:00+00:00,12.39,89.35,200.0,219.6,131.0,310.8,0.76,61.0,101200.0
1990-06-02 07:00:00+00:00,13.41,80.35,281.0,178.43,201.0,307.1,0.69,55.0,101200.0
1990-06-02 08:00:00+00:00,14.43,74.95,358.0,158.75,267.0,313.7,1.17,43.0,101200.0
1990-06-02 09:00:00+00:00,15.42,69.9,490.0,263.08,311.0,316.8,1.52,47.0,101170.0
1990-06-02 10:00:00+00:00,16.11,65.25,688.0,590.16,238.0,319.9,1.72,58.0,101130.0
1990-06-02 11:00:00+00:00,16.75,65.35,782.0,724.84,192.0,321.05,2.0,65.0,101130.0
1990-06-02 12:00:00+00:00,17.04,65.45,806.0,744.62,187.0,323.75,2.48,66.0,101110.0
1990-06-02 13:00:00+00:00,16.88,67.75,795.0,768.49,170.0,330.35,2.97,72.0,101130.0
1990-06-02 14:00:00+00:00,16.42,67.65,605.0,371.8,322.0,334.6,3.45,80.0,101100.0
1990-06-02 15:00:00+00:00,15.58,70.0,440.0,173.91,322.0,347.4,3.59,82.0,101070.0
1990-06-02 16:00:00+00:00,14.66,72.4,320.0,99.84,263.0,348.75,3.72,80.0,101060.0
1990-06-02 17:00:00+00:00,13.88,74.85,241.0,96.46,198.0,335.75,3.86,79.0,101060.0
1990-06-02 18:00:00+00:00,12.77,77.45,137.0,44.94,123.0,334.6,3.79,80.0,101060.0
1990-06-02 19:00:00+00:00,11.8,80.15,39.0,0.0,39.0,329.75,3.59,81.0,101090.0
1990-06-02 20:00:00+00:00,11.01,80.1,2.0,0.0,2.0,338.85,3.45,84.0,101080.0
1990-06-02 21:00:00+00:00,10.56,80.05,0.0,0.0,0.0,346.0,3.38,85.0,101100.0
1990-06-02 22:00:00+00:00,10.19,82.95,0.0,0.0,0.0,338.65,3.38,83.0,101090.0
1990-06-02 23:00:00+00:00,9.99,82.95,0.0,0.0,0.0,348.55,3.38,81.0,101090.0
1990-06-03 00:00:00+00:00,9.83,85.95,0.0,0.0,0.0,355.7,3.45,80.0,101090.0
1990-06-03 01:00:00+00:00,9.54,82.9,0.0,0.0,0.0,353.7,3.45,81.0,101050.0
1990-06-03 02:00:00+00:00,9.25,82.85,0.0,0.0,0.0,350.3,3.59,80.0,101040.0
1990-06-03 03:00:00+00:00,8.91,82.75,0.0,0.0,0.0,345.05,3.59,78.0,101010.0
1990-06-03 04:00:00+00:00,8.55,79.75,5.0,0.0,5.0,336.15,3.52,75.0,101000.0
1990-06-03 05:00:00+00:00,8.38,82.7,25.0,0.0,25.0,337.5,3.38,72.0,100990.0
1990-06-03 06:00:00+00:00,8.43,76.85,148.0,57.04,130.0,325.7,3.24,68.0,100990.0
1990-06-03 07:00:00+00:00,8.86,74.05,304.0,231.33,200.0,323.2,2.62,64.0,101020.0
1990-06-03 08:00:00+00:00,9.46,66.35,473.0,443.95,218.0,321.25,2.62,54.0,100990.0
1990-06-03 09:00:00+00:00,10.0,64.0,582.0,482.76,253.0,324.95,2.62,48.0,100990.0
1990-06-03 10:00:00+00:00,10.64,59.5,645.0,449.18,302.0,312.55,2.48,42.0,100960.0
1990-06-03 11:00:00+00:00,11.42,59.6,691.0,449.01,325.0,314.85,2.21,41.0,100940.0
1990-06-03 12:00:00+00:00,12.18,57.65,704.0,440.83,337.0,299.2,2.14,44.0,100920.0
1990-06-03 13:00:00+00:00,12.52,55.65,592.0,249.2,389.0,311.55,2.21,53.0,100890.0
1990-06-03 14:00:00+00:00,12.63,57.75,600.0,344.86,337.0,311.4,2.48,66.0,100860.0
1990-06-03 15:00:00+00:00,12.3,62.1,642.0,689.59,173.0,323.2,2.97,73.0,100850.0
1990-06-03 16:00:00+00:00,11.65,64.35,416.0,281.13,255.0,339.05,3.79,83.0,100840.0
1990-06-03 17:00:00+00:00,10.64,69.1,366.0,473.56,154.0,338.3,4.28,87.0,100830.0
1990-06-03 18:00:00+00:00,9.84,71.5,252.0,500.67,95.0,338.5,4.07,90.0,100840.0
1990-06-03 19:00:00+00:00,9.27,74.15,52.0,5.57,51.0,322.8,3.79,97.0,100790.0
1990-06-03 20:00:00+00:00,8.85,74.05,2.0,0.0,2.0,325.1,3.66,94.0,100770.0
1990-06-03 21:00:00+00:00,8.36,73.95,0.0,0.0,0.0,315.45,3.52,91.0,100790.0
1990-06-03 22:00:00+00:00,8.05,73.95,0.0,0.0,0.0,319.1,3.38,90.0,100780.0
1990-06-03 23:00:00+00:00,7.91,71.25,0.0,0.0,0.0,332.85,3.31,88.0,100750.0
1990-06-04 00:00:00+00:00,7.77,68.6,0.0,0.0,0.0,331.1,3.03,90.0,100730.0
1990-06-04 01:00:00+00:00,7.71,68.6,0.0,0.0,0.0,335.3,2.62,94.0,100670.0
1990-06-04 02:00:00+00:00,7.64,68.6,0.0,0.0,0.0,336.75,2.28,92.0,100630.0
1990-06-04 03:00:00+00:00,7.48,68.6,0.0,0.0,0.0,331.9,2.21,88.0,100580.0
1990-06-04 04:00:00+00:00,7.39,71.15,9.0,0.0,9.0,337.5,2.14,89.0,100540.0
1990-06-04 05:00:00+00:00,7.33,73.9,38.0,0.0,38.0,337.7,2.14,92.0,100520.0
1990-06-04 06:00:00+00:00,7.31,73.9,87.0,0.0,87.0,336.55,2.0,97.0,100490.0
1990-06-04 07:00:00+00:00,7.51,73.95,163.0,8.88,159.0,332.65,1.03,129.0,100490.0
1990-06-04 08:00:00+00:00,7.83,76.8,131.0,0.0,131.0,337.3,0.97,136.0,100460.0
1990-06-04 09:00:00+00:00,8.14,76.8,200.0,0.0,200.0,337.9,0.97,138.0,100430.0
1990-06-04 10:00:00+00:00,8.36,79.7,322.0,14.39,311.0,337.7,1.03,132.0,100400.0
1990-06-04 11:00:00+00:00,8.65,76.85,274.0,1.23,273.0,337.9,1.1,113.0,100370.0
1990-06-04 12:00:00+00:00,8.89,79.75,304.0,3.6,301.0,339.05,1.79,86.0,100360.0
1990-06-04 13:00:00+00:00,8.83,79.75,549.0,178.95,403.0,335.2,2.48,85.0,100350.0
1990-06-04 14:00:00+00:00,8.84,76.85,750.0,760.44,169.0,337.5,2.69,90.0,100320.0
1990-06-04 15:00:00+00:00,8.71,76.85,660.0,745.24,152.0,333.65,2.48,102.0,100290.0
1990-06-04 16:00:00+00:00,8.6,74.05,545.0,727.74,127.0,332.3,2.07,123.0,100250.0
1990-06-04 17:00:00+00:00,8.98,68.8,309.0,244.71,199.0,320.1,1.59,143.0,100200.0
1990-06-04 18:00:00+00:00,9.35,66.25,143.0,47.54,128.0,301.1,1.31,159.0,100150.0
1990-06-04 19:00:00+00:00,9.74,59.25,33.0,0.0,33.0,308.1,1.66,122.0,100110.0
1990-06-04 20:00:00+00:00,9.26,63.8,2.0,0.0,2.0,294.55,1.66,132.0,100070.0
1990-06-04 21:00:00+00:00,8.57,66.15,0.0,0.0,0.0,294.75,1.79,138.0,100040.0
1990-06-04 22:00:00+00:00,7.66,68.6,0.0,0.0,0.0,282.35,1.66,149.0,100000.0
1990-06-04 23:00:00+00:00,6.64,79.55,0.0,0.0,0.0,283.3,1.38,166.0,99960.0
1990-06-05 00:00:00+00:00,6.66,79.55,0.0,0.0,0.0,305.4,1.1,183.0,99940.0
1990-06-05 01:00:00+00:00,7.14,76.7,0.0,0.0,0.0,314.6,0.9,198.0,99890.0
1990-06-05 02:00:00+00:00,7.84,73.95,0.0,0.0,0.0,314.3,0.07,198.0,99820.0
1990-06-05 03:00:00+00:00,6.46,82.6,0.0,0.0,0.0,310.8,1.24,18.0,99780.0
1990-06-05 04:00:00+00:00,6.27,82.55,8.0,0.0,8.0,306.55,2.83,30.0,99760.0
1990-06-05 05:00:00+00:00,6.3,85.7,28.0,0.0,28.0,315.05,3.72,37.0,99760.0
1990-06-05 06:00:00+00:00,6.07,82.55,65.0,0.0,65.0,329.75,3.59,40.0,99760.0
1990-06-05 07:00:00+00:00,5.79,88.9,148.0,2.21,147.0,328.4,3.03,40.0,99730.0
1990-06-05 08:00:00+00:00,5.84,88.9,301.0,64.19,264.0,317.95,2.9,37.0,99720.0
1990-06-05 09:00:00+00:00,6.02,82.55,483.0,231.17,325.0,312.15,2.97,41.0,99710.0
1990-06-05 10:00:00+00:00,6.52,79.55,528.0,201.15,374.0,305.75,2.9,48.0,99670.0
1990-06-05 11:00:00+00:00,7.33,76.7,729.0,529.86,296.0,303.25,2.9,49.0,99630.0
1990-06-05 12:00:00+00:00,8.28,73.95,835.0,785.86,179.0,301.5,3.1,48.0,99600.0
1990-06-05 13:00:00+00:00,9.41,68.8,819.0,795.52,169.0,270.95,3.38,48.0,99560.0
1990-06-05 14:00:00+00:00,9.94,61.65,797.0,897.61,110.0,277.5,3.31,50.0,99510.0
1990-06-05 15:00:00+00:00,10.09,59.35,671.0,778.76,139.0,286.2,3.1,51.0,99470.0
1990-06-05 16:00:00+00:00,10.1,59.35,500.0,531.24,194.0,281.4,2.9,52.0,99450.0
1990-06-05 17:00:00+00:00,9.85,59.25,369.0,463.13,160.0,279.05,2.83,57.0,99400.0
1990-06-05 18:00:00+00:00,9.27,61.45,271.0,598.54,81.0,266.65,2.76,76.0,99370.0
1990-06-05 19:00:00+00:00,8.68,71.35,130.0,392.13,58.0,270.75,2.69,49.0,99410.0
1990-06-05 20:00:00+00:00,7.94,73.95,16.0,0.0,16.0,280.4,2.34,51.0,99440.0
1990-06-05 21:00:00+00:00,7.09,76.7,0.0,0.0,0.0,283.3,2.21,50.0,99450.0
1990-06-05 22:00:00+00:00,6.62,82.6,0.0,0.0,0.0,289.3,2.28,50.0,99480.0
1990-06-05 23:00:00+00:00,6.45,82.6,0.0,0.0,0.0,300.75,2.41,48.0,99490.0
1990-06-06 00:00:00+00:00,6.07,85.7,0.0,0.0,0.0,286.2,2.69,45.0,99500.0
1990-06-06 01:00:00+00:00,5.62,92.3,0.0,0.0,0.0,272.4,2.9,42.0,99470.0
1990-06-06 02:00:00+00:00,5.55,92.3,0.0,0.0,0.0,277.3,3.1,39.0,99440.0
1990-06-06 03:00:00+00:00,5.69,92.3,0.0,0.0,0.0,288.35,3.45,39.0,99450.0
1990-06-06 04:00:00+00:00,5.65,92.3,6.0,0.0,6.0,278.3,3.59,41.0,99410.0
1990-06-06 05:00:00+00:00,6.16,88.95,140.0,464.34,54.0,296.5,4.14,45.0,99430.0
1990-06-06 06:00:00+00:00,6.78,85.75,218.0,269.65,132.0,278.1,4.41,47.0,99430.0
1990-06-06 07:00:00+00:00,7.76,71.25,280.0,156.85,209.0,281.0,5.31,57.0,99380.0
1990-06-06 08:00:00+00:00,8.66,66.15,475.0,433.05,225.0,281.75,5.66,59.0,99370.0
1990-06-06 09:00:00+00:00,9.31,61.45,570.0,429.62,276.0,294.95,5.66,60.0,99390.0
1990-06-06 10:00:00+00:00,9.76,59.25,394.0,50.88,355.0,300.35,5.72,63.0,99390.0
1990-06-06 11:00:00+00:00,9.95,57.15,710.0,476.7,320.0,317.2,5.38,64.0,99380.0
1990-06-06 12:00:00+00:00,10.68,57.3,603.0,233.32,408.0,299.75,5.45,64.0,99360.0
1990-06-06 13:00:00+00:00,10.82,57.3,662.0,367.87,361.0,314.85,5.52,62.0,99360.0
1990-06-06 14:00:00+00:00,10.84,59.5,302.0,9.13,295.0,311.4,5.72,59.0,99320.0
1990-06-06 15:00:00+00:00,10.7,59.5,488.0,238.11,325.0,303.05,5.72,60.0,99340.0
1990-06-06 16:00:00+00:00,10.54,59.5,302.0,65.79,264.0,298.05,5.59,59.0,99320.0
1990-06-06 17:00:00+00:00,10.02,64.0,240.0,81.68,203.0,309.45,5.72,59.0,99310.0
1990-06-06 18:00:00+00:00,9.48,68.9,76.0,0.0,76.0,319.1,5.59,60.0,99290.0
1990-06-06 19:00:00+00:00,8.44,71.35,80.0,53.9,70.0,297.85,5.24,61.0,99260.0
1990-06-06 20:00:00+00:00,7.92,76.8,15.0,0.0,15.0,290.3,4.69,60.0,99270.0
1990-06-06 21:00:00+00:00,7.43,76.8,0.0,0.0,0.0,286.05,4.07,55.0,99260.0
1990-06-06 22:00:00+00:00,7.16,79.65,0.0,0.0,0.0,292.6,3.86,51.0,99270.0
1990-06-06 23:00:00+00:00,7.0,79.65,0.0,0.0,0.0,297.85,3.79,47.0,99250.0
1990-06-07 00:00:00+00:00,6.94,79.65,0.0,0.0,0.0,303.45,3.86,47.0,99250.0
1990-06-07 01:00:00+00:00,6.65,82.6,0.0,0.0,0.0,289.05,3.66,45.0,99230.0
1990-06-07 02:00:00+00:00,6.4,85.7,0.0,0.0,0.0,287.95,3.52,43.0,99210.0
1990-06-07 03:00:00+00:00,6.31,85.7,0.0,0.0,0.0,295.3,3.59,41.0,99200.0
1990-06-07 04:00:00+00:00,6.2,85.7,3.0,0.0,3.0,293.0,3.79,42.0,99190.0
1990-06-07 05:00:00+00:00,6.41,85.75,19.0,0.0,19.0,300.55,3.93,44.0,99210.0
1990-06-07 06:00:00+00:00,6.84,85.75,109.0,9.38,106.0,288.35,4.48,46.0,99190.0
1990-06-07 07:00:00+00:00,7.12,79.65,110.0,0.0,110.0,295.9,4.41,48.0,99190.0
1990-06-07 08:00:00+00:00,7.43,79.7,232.0,13.84,224.0,318.35,4.41,49.0,99200.0
1990-06-07 09:00:00+00:00,8.01,79.7,209.0,0.0,209.0,298.6,4.34,53.0,99220.0
1990-06-07 10:00:00+00:00,8.68,79.75,298.0,7.82,292.0,295.1,4.48,57.0,99220.0
1990-06-07 11:00:00+00:00,9.62,71.5,424.0,51.28,382.0,318.15,4.76,61.0,99210.0
1990-06-07 12:00:00+00:00,9.99,69.0,535.0,142.22,416.0,295.3,4.83,65.0,99200.0
1990-06-07 13:00:00+00:00,10.51,64.1,436.0,59.81,387.0,293.55,4.9,67.0,99210.0
1990-06-07 14:00:00+00:00,10.7,64.1,540.0,218.8,372.0,286.8,4.83,69.0,99200.0
1990-06-07 15:00:00+00:00,10.69,61.75,469.0,204.11,329.0,301.3,4.76,71.0,99220.0
1990-06-07 16:00:00+00:00,10.61,59.5,335.0,107.07,273.0,303.85,4.62,72.0,99210.0
1990-06-07 17:00:00+00:00,10.45,59.5,234.0,70.39,202.0,302.3,4.41,70.0,99200.0
1990-06-07 18:00:00+00:00,10.13,61.65,209.0,227.43,136.0,298.4,4.28,69.0,99220.0
1990-06-07 19:00:00+00:00,9.25,66.25,83.0,64.06,71.0,292.6,3.93,68.0,99290.0
1990-06-07 20:00:00+00:00,8.73,68.7,11.0,0.0,11.0,289.3,3.24,66.0,99320.0
1990-06-07 21:00:00+00:00,8.09,73.95,0.0,0.0,0.0,283.5,2.9,61.0,99350.0
1990-06-07 22:00:00+00:00,7.46,73.95,0.0,0.0,0.0,271.9,2.62,54.0,99350.0
1990-06-07 23:00:00+00:00,7.04,79.65,0.0,0.0,0.0,274.6,2.41,48.0,99400.0
1990-06-08 00:00:00+00:00,6.51,82.6,0.0,0.0,0.0,263.75,2.28,44.0,99400.0
1990-06-08 01:00:00+00:00,6.02,85.7,0.0,0.0,0.0,261.95,2.21,37.0,99420.0
1990-06-08 02:00:00+00:00,5.66,88.9,0.0,0.0,0.0,265.5,2.28,29.0,99410.0
1990-06-08 03:00:00+00:00,5.55,88.9,0.0,0.0,0.0,271.1,2.41,24.0,99420.0
1990-06-08 04:00:00+00:00,5.58,92.3,4.0,0.0,4.0,277.9,2.41,22.0,99420.0
1990-06-08 05:00:00+00:00,6.13,88.95,121.0,272.45,70.0,283.3,2.34,24.0,99450.0
1990-06-08 06:00:00+00:00,7.14,82.65,233.0,333.65,126.0,284.65,3.52,34.0,99480.0
1990-06-08 07:00:00+00:00,7.65,73.95,320.0,264.16,200.0,276.55,3.52,33.0,99480.0
1990-06-08 08:00:00+00:00,8.47,68.7,471.0,414.65,231.0,295.3,3.52,42.0,99500.0
1990-06-08 09:00:00+00:00,9.03,66.25,514.0,290.17,315.0,311.2,3.45,49.0,99500.0
1990-06-08 10:00:00+00:00,9.66,63.9,627.0,388.01,329.0,315.85,3.38,54.0,99490.0
1990-06-08 11:00:00+00:00,10.12,61.65,746.0,566.0,282.0,318.95,3.38,61.0,99490.0
1990-06-08 12:00:00+00:00,10.46,59.5,716.0,447.7,341.0,319.5,3.31,66.0,99500.0
1990-06-08 13:00:00+00:00,10.67,59.5,685.0,415.71,344.0,321.25,2.97,71.0,99500.0
1990-06-08 14:00:00+00:00,11.16,57.4,660.0,466.85,301.0,306.75,2.62,74.0,99490.0
1990-06-08 15:00:00+00:00,11.52,53.35,662.0,724.69,164.0,307.9,2.62,72.0,99520.0
1990-06-08 16:00:00+00:00,11.46,53.35,543.0,682.19,147.0,308.1,2.83,71.0,99500.0
1990-06-08 17:00:00+00:00,11.13,55.3,426.0,716.88,99.0,303.05,2.83,73.0,99500.0
1990-06-08 18:00:00+00:00,10.81,57.3,276.0,601.3,82.0,278.65,2.83,75.0,99490.0
1990-06-08 19:00:00+00:00,9.99,64.0,141.0,454.87,55.0,274.05,3.24,69.0,99500.0
1990-06-08 20:00:00+00:00,9.29,68.8,19.0,0.0,19.0,272.85,2.83,67.0,99540.0
1990-06-08 21:00:00+00:00,8.44,74.05,0.0,0.0,0.0,273.85,2.62,66.0,99570.0
1990-06-08 22:00:00+00:00,7.84,76.8,0.0,0.0,0.0,276.35,2.28,64.0,99600.0
1990-06-08 23:00:00+00:00,7.26,82.65,0.0,0.0,0.0,272.1,2.07,59.0,99580.0
1990-06-09 00:00:00+00:00,6.66,85.75,0.0,0.0,0.0,270.55,1.93,54.0,99580.0
1990-06-09 01:00:00+00:00,5.76,92.3,0.0,0.0,0.0,261.95,1.86,46.0,99580.0
1990-06-09 02:00:00+00:00,4.99,92.25,0.0,0.0,0.0,257.95,2.0,37.0,99560.0
1990-06-09 03:00:00+00:00,4.49,92.25,0.0,0.0,0.0,254.5,2.28,28.0,99550.0
1990-06-09 04:00:00+00:00,4.59,92.25,4.0,0.0,4.0,261.05,2.48,27.0,99540.0
1990-06-09 05:00:00+00:00,5.74,88.9,112.0,202.11,74.0,263.95,2.41,27.0,99550.0
1990-06-09 06:00:00+00:00,7.3,82.65,206.0,208.45,139.0,259.3,2.83,30.0,99540.0
1990-06-09 07:00:00+00:00,8.2,73.95,346.0,351.7,186.0,278.65,3.86,35.0,99540.0
1990-06-09 08:00:00+00:00,9.0,66.25,323.0,88.02,272.0,293.55,3.93,37.0,99540.0
1990-06-09 09:00:00+00:00,9.61,61.55,391.0,90.32,329.0,294.55,3.79,39.0,99540.0
1990-06-09 10:00:00+00:00,10.12,59.35,414.0,65.05,364.0,311.0,3.72,41.0,99540.0
1990-06-09 11:00:00+00:00,10.51,57.3,645.0,331.5,373.0,322.05,3.66,44.0,99560.0
1990-06-09 12:00:00+00:00,10.68,57.3,742.0,510.47,314.0,326.1,3.59,51.0,99580.0
1990-06-09 13:00:00+00:00,10.79,59.5,637.0,315.38,378.0,320.1,3.24,56.0,99580.0
1990-06-09 14:00:00+00:00,11.01,57.4,659.0,464.9,301.0,324.95,2.69,58.0,99590.0
1990-06-09 15:00:00+00:00,11.12,55.3,658.0,708.88,170.0,319.3,2.28,61.0,99590.0
1990-06-09 16:00:00+00:00,11.21,55.3,491.0,481.23,211.0,311.75,2.07,63.0,99570.0
1990-06-09 17:00:00+00:00,11.2,55.3,269.0,126.74,211.0,309.85,2.0,63.0,99560.0
1990-06-09 18:00:00+00:00,11.06,55.3,189.0,148.05,141.0,290.85,2.07,66.0,99570.0
1990-06-09 19:00:00+00:00,10.25,61.65,13.0,0.0,13.0,297.85,2.48,77.0,99590.0
1990-06-09 20:00:00+00:00,9.67,66.35,10.0,0.0,10.0,299.75,2.14,80.0,99600.0
1990-06-09 21:00:00+00:00,9.01,68.8,0.0,0.0,0.0,299.4,1.72,81.0,99610.0
1990-06-09 22:00:00+00:00,8.35,76.8,0.0,0.0,0.0,299.6,1.38,80.0,99620.0
1990-06-09 23:00:00+00:00,7.35,82.65,0.0,0.0,0.0,291.25,1.1,84.0,99610.0
1990-06-10 00:00:00+00:00,7.31,79.65,0.0,0.0,0.0,300.35,0.9,92.0,99620.0
1990-06-10 01:00:00+00:00,7.28,79.65,0.0,0.0,0.0,311.7,0.9,97.0,99620.0
1990-06-10 02:00:00+00:00,7.16,82.65,0.0,0.0,0.0,318.55,0.9,99.0,99600.0
1990-06-10 03:00:00+00:00,6.91,82.65,0.0,0.0,0.0,312.55,0.97,99.0,99590.0
1990-06-10 04:00:00+00:00,6.74,85.75,3.0,0.0,3.0,315.45,1.03,106.0,99560.0
1990-06-10 05:00:00+00:00,7.26,89.0,43.0,0.0,43.0,318.35,1.03,116.0,99570.0
1990-06-10 06:00:00+00:00,8.67,79.75,102.0,3.11,101.0,295.1,1.38,122.0,99580.0
1990-06-10 07:00:00+00:00,9.52,77.0,123.0,0.0,123.0,285.65,1.79,138.0,99580.0
1990-06-10 08:00:00+00:00,10.26,71.6,264.0,31.04,246.0,298.4,1.93,144.0,99570.0
1990-06-10 09:00:00+00:00,11.07,66.65,476.0,216.89,327.0,304.6,1.79,143.0,99560.0
1990-06-10 10:00:00+00:00,11.98,64.45,424.0,74.1,367.0,281.75,1.79,136.0,99540.0
1990-06-10 11:00:00+00:00,12.81,64.55,603.0,256.95,392.0,288.15,2.0,125.0,99530.0
1990-06-10 12:00:00+00:00,13.16,67.05,720.0,463.53,331.0,319.1,2.28,117.0,99510.0
1990-06-10 13:00:00+00:00,13.03,64.65,436.0,59.6,387.0,326.65,2.55,113.0,99460.0
1990-06-10 14:00:00+00:00,12.39,71.95,222.0,0.0,222.0,336.15,2.97,108.0,99460.0
1990-06-10 15:00:00+00:00,12.24,71.95,512.0,285.69,315.0,336.75,2.9,115.0,99450.0
1990-06-10 16:00:00+00:00,11.3,80.1,174.0,0.0,174.0,335.75,2.34,119.0,99410.0
1990-06-10 17:00:00+00:00,11.39,77.2,138.0,2.18,137.0,306.75,1.59,134.0,99420.0
1990-06-10 18:00:00+00:00,11.18,80.1,210.0,221.06,138.0,308.1,0.9,149.0,99410.0
1990-06-10 19:00:00+00:00,10.5,80.05,77.0,36.41,70.0,314.65,2.07,121.0,99430.0
1990-06-10 20:00:00+00:00,10.02,82.95,3.0,0.0,3.0,322.6,2.07,124.0,99450.0
1990-06-10 21:00:00+00:00,9.47,85.95,0.0,0.0,0.0,306.95,1.93,134.0,99460.0
1990-06-10 22:00:00+00:00,9.0,89.1,0.0,0.0,0.0,306.95,1.72,149.0,99470.0
1990-06-10 23:00:00+00:00,8.34,95.8,0.0,0.0,0.0,303.85,1.38,163.0,99490.0
1990-06-11 00:00:00+00:00,7.67,92.4,0.0,0.0,0.0,302.3,1.17,195.0,99500.0
1990-06-11 01:00:00+00:00,6.65,92.35,0.0,0.0,0.0,286.35,1.24,226.0,99510.0
1990-06-11 02:00:00+00:00,5.78,95.75,0.0,0.0,0.0,281.95,1.38,248.0,99540.0
1990-06-11 03:00:00+00:00,5.36,95.75,0.0,0.0,0.0,289.9,1.72,265.0,99540.0
1990-06-11 04:00:00+00:00,4.96,95.75,6.0,0.0,6.0,280.6,1.79,293.0,99570.0
1990-06-11 05:00:00+00:00,5.8,95.75,12.0,0.0,12.0,276.55,2.0,322.0,99620.0
1990-06-11 06:00:00+00:00,7.3,92.35,77.0,0.0,77.0,305.4,2.62,342.0,99650.0
1990-06-11 07:00:00+00:00,8.48,89.1,103.0,0.0,103.0,314.65,2.83,341.0,99770.0
1990-06-11 08:00:00+00:00,8.97,85.95,187.0,1.72,186.0,326.5,2.62,342.0,99830.0
1990-06-11 09:00:00+00:00,9.68,82.9,261.0,7.27,256.0,335.75,2.48,343.0,99860.0
1990-06-11 10:00:00+00:00,10.32,79.95,413.0,64.96,363.0,304.6,2.34,337.0,99920.0
1990-06-11 11:00:00+00:00,11.05,71.75,476.0,91.27,401.0,312.55,2.14,334.0,99940.0
1990-06-11 12:00:00+00:00,11.63,69.25,563.0,175.02,416.0,302.3,2.0,329.0,99950.0
1990-06-11 13:00:00+00:00,12.28,64.45,276.0,1.22,275.0,303.45,2.0,318.0,99970.0
1990-06-11 14:00:00+00:00,12.95,57.75,780.0,836.76,134.0,292.8,2.14,308.0,99970.0
1990-06-11 15:00:00+00:00,13.57,50.0,603.0,518.36,245.0,285.25,2.62,300.0,99990.0
1990-06-11 16:00:00+00:00,13.85,46.35,445.0,332.0,251.0,302.85,3.45,294.0,99970.0
1990-06-11 17:00:00+00:00,13.74,42.95,350.0,358.43,185.0,295.9,4.28,295.0,100000.0
1990-06-11 18:00:00+00:00,13.28,44.5,155.0,58.08,136.0,308.1,4.62,302.0,100010.0
1990-06-11 19:00:00+00:00,12.52,49.7,31.0,0.0,31.0,321.85,3.72,314.0,100100.0
1990-06-11 20:00:00+00:00,11.63,55.4,3.0,0.0,3.0,286.8,2.97,315.0,100150.0
1990-06-11 21:00:00+00:00,10.69,59.5,0.0,0.0,0.0,287.95,2.41,308.0,100200.0
1990-06-11 22:00:00+00:00,9.57,66.35,0.0,0.0,0.0,267.85,2.48,306.0,100240.0
1990-06-11 23:00:00+00:00,8.66,71.35,0.0,0.0,0.0,261.25,2.55,312.0,100250.0
1990-06-12 00:00:00+00:00,7.86,73.95,0.0,0.0,0.0,257.2,2.48,315.0,100280.0
1990-06-12 01:00:00+00:00,6.88,79.55,0.0,0.0,0.0,256.9,2.07,304.0,100310.0
1990-06-12 02:00:00+00:00,5.59,85.65,0.0,0.0,0.0,252.35,1.79,286.0,100320.0
1990-06-12 03:00:00+00:00,4.83,88.85,0.0,0.0,0.0,251.6,1.66,274.0,100320.0
1990-06-12 04:00:00+00:00,4.41,85.55,20.0,0.0,20.0,250.2,1.66,268.0,100340.0
1990-06-12 05:00:00+00:00,5.1,88.85,150.0,521.35,51.0,249.65,1.38,267.0,100370.0
1990-06-12 06:00:00+00:00,7.81,79.7,280.0,612.93,82.0,250.6,1.03,287.0,100390.0
1990-06-12 07:00:00+00:00,9.21,68.8,426.0,712.15,101.0,252.95,0.9,4.0,100400.0
1990-06-12 08:00:00+00:00,10.14,64.0,567.0,778.25,115.0,255.45,0.83,42.0,100440.0
1990-06-12 09:00:00+00:00,11.09,59.6,688.0,814.15,128.0,257.95,0.83,71.0,100420.0
1990-06-12 10:00:00+00:00,12.03,57.65,784.0,845.23,133.0,260.5,0.97,87.0,100410.0
1990-06-12 11:00:00+00:00,13.02,53.7,851.0,874.4,132.0,276.35,0.97,105.0,100410.0
1990-06-12 12:00:00+00:00,14.16,48.25,863.0,854.23,145.0,272.65,0.83,136.0,100410.0
1990-06-12 13:00:00+00:00,15.04,43.4,672.0,377.57,361.0,311.75,0.97,114.0,100380.0
1990-06-12 14:00:00+00:00,15.6,43.5,774.0,799.58,156.0,304.05,1.66,93.0,100340.0
1990-06-12 15:00:00+00:00,15.96,45.15,526.0,306.51,314.0,279.85,2.28,98.0,100320.0
1990-06-12 16:00:00+00:00,15.4,48.55,409.0,232.29,273.0,312.15,3.45,96.0,100280.0
1990-06-12 17:00:00+00:00,14.75,50.25,387.0,500.45,156.0,304.2,4.0,101.0,100270.0
1990-06-12 18:00:00+00:00,14.11,53.95,264.0,478.02,107.0,299.0,4.0,107.0,100260.0
1990-06-12 19:00:00+00:00,13.42,60.05,147.0,466.4,56.0,294.55,3.66,111.0,100230.0
1990-06-12 20:00:00+00:00,12.52,64.55,3.0,0.0,3.0,284.65,3.24,119.0,100230.0
1990-06-12 21:00:00+00:00,11.76,69.25,0.0,0.0,0.0,300.75,2.76,131.0,100270.0
1990-06-12 22:00:00+00:00,11.16,74.45,0.0,0.0,0.0,309.05,2.69,130.0,100260.0
1990-06-12 23:00:00+00:00,10.49,77.15,0.0,0.0,0.0,300.15,2.62,131.0,100220.0
1990-06-13 00:00:00+00:00,10.17,79.95,0.0,0.0,0.0,310.2,2.34,136.0,100210.0
1990-06-13 01:00:00+00:00,9.67,82.9,0.0,0.0,0.0,308.2,2.14,134.0,100180.0
1990-06-13 02:00:00+00:00,9.64,85.95,0.0,0.0,0.0,338.3,1.79,126.0,100140.0
1990-06-13 03:00:00+00:00,9.21,89.1,0.0,0.0,0.0,322.05,1.66,121.0,100090.0
1990-06-13 04:00:00+00:00,9.44,85.95,5.0,0.0,5.0,346.6,1.45,120.0,100030.0
1990-06-13 05:00:00+00:00,9.78,92.45,126.0,304.77,68.0,350.5,1.31,124.0,100030.0
1990-06-13 06:00:00+00:00,10.61,89.25,171.0,98.96,139.0,339.85,1.24,136.0,100020.0
1990-06-13 07:00:00+00:00,11.75,86.15,331.0,304.38,192.0,335.55,1.52,182.0,100020.0
1990-06-13 08:00:00+00:00,13.07,77.5,224.0,10.33,218.0,327.45,1.93,204.0,100010.0
1990-06-13 09:00:00+00:00,13.95,77.6,338.0,45.05,307.0,348.15,1.52,214.0,100020.0
1990-06-13 10:00:00+00:00,14.45,77.65,484.0,141.45,375.0,354.15,1.24,225.0,100000.0
1990-06-13 11:00:00+00:00,14.29,80.45,510.0,128.84,404.0,360.15,1.38,240.0,100020.0
1990-06-13 12:00:00+00:00,15.37,80.6,230.0,0.0,230.0,331.5,1.31,245.0,100030.0
1990-06-13 13:00:00+00:00,15.9,80.65,157.0,0.0,157.0,348.75,1.17,256.0,100010.0
1990-06-13 14:00:00+00:00,16.55,75.3,297.0,7.75,291.0,345.05,0.76,267.0,99990.0
1990-06-13 15:00:00+00:00,16.48,75.25,154.0,0.0,154.0,356.3,0.28,348.0,99960.0
1990-06-13 16:00:00+00:00,15.09,72.45,117.0,0.0,117.0,368.65,0.21,194.0,99960.0
1990-06-13 17:00:00+00:00,14.47,74.95,37.0,0.0,37.0,331.5,1.45,205.0,100040.0
1990-06-13 18:00:00+00:00,14.27,77.65,48.0,0.0,48.0,335.2,1.66,195.0,100020.0
1990-06-13 19:00:00+00:00,14.24,74.95,113.0,183.3,77.0,322.4,1.72,230.0,99990.0
1990-06-13 20:00:00+00:00,13.61,77.6,7.0,0.0,7.0,311.95,1.66,223.0,99990.0
1990-06-13 21:00:00+00:00,12.57,83.25,0.0,0.0,0.0,304.05,2.07,216.0,100010.0
1990-06-13 22:00:00+00:00,11.63,86.15,0.0,0.0,0.0,300.95,2.21,216.0,100030.0
1990-06-13 23:00:00+00:00,11.11,89.3,0.0,0.0,0.0,308.65,2.14,215.0,100030.0
1990-06-14 00:00:00+00:00,10.3,92.5,0.0,0.0,0.0,291.65,2.0,211.0,100020.0
1990-06-14 01:00:00+00:00,9.67,95.85,0.0,0.0,0.0,284.6,2.07,208.0,100010.0
1990-06-14 02:00:00+00:00,9.2,95.85,0.0,0.0,0.0,288.55,2.07,207.0,99980.0
1990-06-14 03:00:00+00:00,8.87,99.4,0.0,0.0,0.0,282.35,2.07,207.0,99990.0
1990-06-14 04:00:00+00:00,9.0,95.85,20.0,0.0,20.0,299.2,2.07,211.0,100000.0
1990-06-14 05:00:00+00:00,9.66,95.85,129.0,335.74,65.0,297.25,1.93,218.0,100030.0
1990-06-14 06:00:00+00:00,10.9,92.5,247.0,420.24,111.0,314.85,2.69,229.0,100050.0
1990-06-14 07:00:00+00:00,12.08,83.15,432.0,755.14,87.0,312.75,2.69,242.0,100060.0
1990-06-14 08:00:00+00:00,13.19,77.5,374.0,177.2,271.0,320.85,2.41,257.0,100070.0
1990-06-14 09:00:00+00:00,14.19,74.95,399.0,103.14,328.0,323.2,2.0,269.0,100090.0
1990-06-14 10:00:00+00:00,14.99,72.45,447.0,98.59,371.0,330.95,1.66,278.0,100090.0
1990-06-14 11:00:00+00:00,15.75,72.55,725.0,527.26,291.0,351.65,1.38,295.0,100080.0
1990-06-14 12:00:00+00:00,16.16,67.65,604.0,241.21,401.0,345.25,1.31,321.0,100070.0
1990-06-14 13:00:00+00:00,15.34,75.1,296.0,3.64,293.0,354.35,0.55,351.0,100070.0
1990-06-14 14:00:00+00:00,15.65,75.15,89.0,0.0,89.0,336.35,0.76,45.0,100070.0
1990-06-14 15:00:00+00:00,16.05,72.65,86.0,0.0,86.0,337.7,1.24,61.0,100090.0
1990-06-14 16:00:00+00:00,15.32,75.1,117.0,0.0,117.0,352.2,1.79,97.0,100080.0
1990-06-14 17:00:00+00:00,13.71,86.35,37.0,0.0,37.0,352.8,2.14,119.0,100070.0
1990-06-14 18:00:00+00:00,13.43,89.4,75.0,0.0,75.0,329.55,1.31,141.0,100110.0
1990-06-14 19:00:00+00:00,13.13,86.3,48.0,0.0,48.0,359.0,1.1,96.0,100120.0
1990-06-14 20:00:00+00:00,12.67,92.6,22.0,0.0,22.0,339.65,1.45,51.0,100110.0
1990-06-14 21:00:00+00:00,11.85,95.9,0.0,0.0,0.0,320.1,1.59,48.0,100130.0
1990-06-14 22:00:00+00:00,11.07,95.9,0.0,0.0,0.0,312.75,1.86,56.0,100110.0
1990-06-14 23:00:00+00:00,10.44,99.4,0.0,0.0,0.0,310.05,2.0,63.0,100110.0
1990-06-15 00:00:00+00:00,10.11,95.9,0.0,0.0,0.0,317.0,2.21,71.0,100100.0
1990-06-15 01:00:00+00:00,10.15,95.9,0.0,0.0,0.0,338.8,1.93,76.0,100110.0
1990-06-15 02:00:00+00:00,10.29,95.9,0.0,0.0,0.0,346.8,1.66,71.0,100080.0
1990-06-15 03:00:00+00:00,10.38,99.4,0.0,0.0,0.0,352.8,1.66,64.0,100080.0
1990-06-15 04:00:00+00:00,10.28,99.4,6.0,0.0,6.0,352.4,1.66,55.0,100080.0
1990-06-15 05:00:00+00:00,10.41,99.4,46.0,0.0,46.0,353.2,2.0,50.0,100100.0
1990-06-15 06:00:00+00:00,10.67,99.4,79.0,0.0,79.0,356.65,1.93,48.0,100140.0
1990-06-15 07:00:00+00:00,11.37,95.9,118.0,0.0,118.0,359.75,1.66,65.0,100100.0
1990-06-15 08:00:00+00:00,12.01,89.35,205.0,5.16,202.0,357.45,1.59,68.0,100120.0
1990-06-15 09:00:00+00:00,12.6,86.25,287.0,17.43,275.0,361.1,2.07,70.0,100110.0
1990-06-15 10:00:00+00:00,13.1,80.35,442.0,94.67,369.0,354.95,2.41,65.0,100090.0
1990-06-15 11:00:00+00:00,13.35,83.25,591.0,245.31,389.0,340.4,3.03,62.0,100070.0
1990-06-15 12:00:00+00:00,14.03,77.65,183.0,0.0,183.0,332.85,3.1,63.0,100040.0
1990-06-15 13:00:00+00:00,13.67,83.35,188.0,0.0,188.0,353.75,3.24,57.0,100050.0
1990-06-15 14:00:00+00:00,13.54,80.4,199.0,0.0,199.0,323.55,3.31,57.0,100030.0
1990-06-15 15:00:00+00:00,13.52,83.35,223.0,1.44,222.0,347.0,3.52,69.0,100050.0
1990-06-15 16:00:00+00:00,13.45,89.4,177.0,0.0,177.0,341.55,3.38,74.0,100000.0
1990-06-15 17:00:00+00:00,13.11,86.3,201.0,30.12,187.0,346.6,3.17,79.0,100030.0
1990-06-15 18:00:00+00:00,12.48,86.25,168.0,84.36,140.0,350.65,3.31,95.0,100030.0
1990-06-15 19:00:00+00:00,11.52,86.15,24.0,0.0,24.0,322.8,3.45,77.0,100100.0
1990-06-15 20:00:00+00:00,11.25,89.3,4.0,0.0,4.0,343.1,3.24,76.0,100160.0
1990-06-15 21:00:00+00:00,10.5,89.25,0.0,0.0,0.0,314.1,3.03,78.0,100210.0
1990-06-15 22:00:00+00:00,10.38,92.5,0.0,0.0,0.0,336.75,2.9,82.0,100230.0
1990-06-15 23:00:00+00:00,10.39,92.5,0.0,0.0,0.0,341.0,2.55,84.0,100260.0
1990-06-16 00:00:00+00:00,10.39,92.5,0.0,0.0,0.0,346.2,2.34,83.0,100280.0
1990-06-16 01:00:00+00:00,10.25,92.5,0.0,0.0,0.0,338.0,2.28,83.0,100270.0
1990-06-16 02:00:00+00:00,10.2,92.5,0.0,0.0,0.0,341.95,2.21,85.0,100310.0
1990-06-16 03:00:00+00:00,10.12,92.5,0.0,0.0,0.0,341.4,2.21,86.0,100320.0
1990-06-16 04:00:00+00:00,10.04,92.5,6.0,0.0,6.0,337.1,2.28,91.0,100340.0
1990-06-16 05:00:00+00:00,10.33,92.5,35.0,0.0,35.0,344.5,2.41,101.0,100370.0
1990-06-16 06:00:00+00:00,10.78,89.25,70.0,0.0,70.0,350.85,2.76,115.0,100420.0
1990-06-16 07:00:00+00:00,10.72,89.25,129.0,0.0,129.0,353.75,2.14,127.0,100500.0
1990-06-16 08:00:00+00:00,11.54,86.15,0.0,0.0,0.0,345.45,2.14,136.0,100540.0
1990-06-16 09:00:00+00:00,12.71,83.25,451.0,177.17,329.0,345.65,2.28,137.0,100530.0
1990-06-16 10:00:00+00:00,13.86,80.4,0.0,0.0,0.0,319.1,2.48,138.0,100510.0
1990-06-16 11:00:00+00:00,14.85,77.75,599.0,253.74,390.0,322.6,2.62,143.0,100510.0
1990-06-16 12:00:00+00:00,15.79,72.55,295.0,2.37,293.0,337.7,2.76,143.0,100480.0
1990-06-16 13:00:00+00:00,16.34,72.65,211.0,0.0,211.0,337.5,2.62,143.0,100450.0
1990-06-16 14:00:00+00:00,16.36,67.65,554.0,242.34,366.0,350.85,2.14,153.0,100410.0
1990-06-16 15:00:00+00:00,16.03,67.65,280.0,12.95,271.0,363.25,1.86,169.0,100430.0
1990-06-16 16:00:00+00:00,16.12,67.65,275.0,37.33,253.0,335.75,1.93,185.0,100390.0
1990-06-16 17:00:00+00:00,16.22,65.25,405.0,592.55,129.0,341.95,2.0,185.0,100350.0
1990-06-16 18:00:00+00:00,16.37,62.95,146.0,42.05,132.0,331.9,2.21,186.0,100340.0
1990-06-16 19:00:00+00:00,15.93,65.15,55.0,5.01,54.0,323.4,2.55,173.0,100300.0
1990-06-16 20:00:00+00:00,15.02,65.05,23.0,26.56,21.0,311.95,2.9,175.0,100290.0
1990-06-16 21:00:00+00:00,14.08,67.25,0.0,0.0,0.0,310.05,3.17,176.0,100260.0
1990-06-16 22:00:00+00:00,13.37,72.1,0.0,0.0,0.0,311.75,3.38,174.0,100220.0
1990-06-16 23:00:00+00:00,12.97,72.1,0.0,0.0,0.0,314.85,3.72,172.0,100150.0
1990-06-17 00:00:00+00:00,12.84,74.7,0.0,0.0,0.0,321.65,4.0,176.0,100080.0
1990-06-17 01:00:00+00:00,12.83,74.7,0.0,0.0,0.0,329.9,4.34,183.0,100000.0
1990-06-17 02:00:00+00:00,12.62,74.7,0.0,0.0,0.0,324.55,4.62,184.0,99890.0
1990-06-17 03:00:00+00:00,12.32,80.2,0.0,0.0,0.0,322.2,4.97,186.0,99760.0
1990-06-17 04:00:00+00:00,12.22,80.2,3.0,0.0,3.0,333.45,5.24,188.0,99670.0
1990-06-17 05:00:00+00:00,12.29,80.2,15.0,0.0,15.0,341.75,5.38,186.0,99580.0
1990-06-17 06:00:00+00:00,12.34,80.2,24.0,0.0,24.0,346.6,5.79,184.0,99490.0
1990-06-17 07:00:00+00:00,11.86,86.15,63.0,0.0,63.0,350.65,5.79,180.0,99380.0
1990-06-17 08:00:00+00:00,11.83,89.3,79.0,0.0,79.0,352.8,6.34,180.0,99280.0
1990-06-17 09:00:00+00:00,11.94,89.3,99.0,0.0,99.0,356.3,6.76,183.0,99170.0
1990-06-17 10:00:00+00:00,12.11,86.2,134.0,0.0,134.0,358.2,6.97,186.0,99070.0
1990-06-17 11:00:00+00:00,12.31,89.35,148.0,0.0,148.0,360.35,7.03,191.0,98980.0
1990-06-17 12:00:00+00:00,12.4,89.35,139.0,0.0,139.0,363.25,6.97,198.0,98890.0
1990-06-17 13:00:00+00:00,12.5,89.4,331.0,10.89,322.0,365.2,6.9,210.0,98840.0
1990-06-17 14:00:00+00:00,12.51,89.4,381.0,43.8,347.0,365.75,5.72,232.0,98850.0
1990-06-17 15:00:00+00:00,12.2,89.35,577.0,451.34,263.0,359.55,4.97,255.0,98860.0
1990-06-17 16:00:00+00:00,12.26,86.2,503.0,523.67,194.0,352.8,4.97,256.0,98880.0
1990-06-17 17:00:00+00:00,12.69,77.45,411.0,630.05,117.0,327.45,5.72,256.0,98900.0
1990-06-17 18:00:00+00:00,12.63,72.05,242.0,353.51,124.0,303.65,6.28,257.0,98950.0
1990-06-17 19:00:00+00:00,11.72,71.85,133.0,314.02,70.0,304.6,6.62,257.0,98980.0
1990-06-17 20:00:00+00:00,10.92,74.4,40.0,223.13,23.0,292.2,6.55,257.0,99070.0
1990-06-17 21:00:00+00:00,10.12,77.1,0.0,0.0,0.0,285.25,5.79,253.0,99140.0
1990-06-17 22:00:00+00:00,9.5,79.9,0.0,0.0,0.0,278.85,5.72,250.0,99190.0
1990-06-17 23:00:00+00:00,9.22,82.85,0.0,0.0,0.0,281.75,5.66,248.0,99250.0
1990-06-18 00:00:00+00:00,9.02,82.85,0.0,0.0,0.0,280.4,5.59,247.0,99270.0
1990-06-18 01:00:00+00:00,9.02,82.85,0.0,0.0,0.0,293.9,5.59,245.0,99290.0
1990-06-18 02:00:00+00:00,8.88,85.9,0.0,0.0,0.0,287.95,5.45,243.0,99280.0
1990-06-18 03:00:00+00:00,8.84,85.9,0.0,0.0,0.0,290.5,5.38,241.0,99280.0
1990-06-18 04:00:00+00:00,8.79,85.9,21.0,0.0,21.0,285.25,5.45,238.0,99280.0
1990-06-18 05:00:00+00:00,9.18,82.85,133.0,361.5,64.0,299.4,5.59,236.0,99270.0
1990-06-18 06:00:00+00:00,9.75,82.9,193.0,160.66,141.0,281.4,5.03,232.0,99270.0
1990-06-18 07:00:00+00:00,10.88,77.15,308.0,225.47,205.0,279.85,7.93,239.0,99250.0
1990-06-18 08:00:00+00:00,11.28,77.2,364.0,153.11,275.0,319.5,8.07,238.0,99250.0
1990-06-18 09:00:00+00:00,12.3,74.6,448.0,168.47,332.0,300.95,7.52,234.0,99230.0
1990-06-18 10:00:00+00:00,13.15,72.1,500.0,158.17,378.0,322.05,7.45,233.0,99230.0
1990-06-18 11:00:00+00:00,13.78,72.2,626.0,294.91,383.0,324.95,7.31,235.0,99200.0
1990-06-18 12:00:00+00:00,13.81,72.2,836.0,779.44,179.0,312.95,7.72,238.0,99170.0
1990-06-18 13:00:00+00:00,14.06,69.75,606.0,257.61,393.0,317.2,7.66,240.0,99200.0
1990-06-18 14:00:00+00:00,13.45,67.05,376.0,37.33,347.0,341.4,7.79,242.0,99140.0
1990-06-18 15:00:00+00:00,13.15,69.55,684.0,789.89,134.0,312.55,7.72,245.0,99150.0
1990-06-18 16:00:00+00:00,12.99,67.05,508.0,517.97,202.0,304.4,7.66,245.0,99120.0
1990-06-18 17:00:00+00:00,12.58,66.95,366.0,400.09,179.0,316.05,7.59,250.0,99090.0
1990-06-18 18:00:00+00:00,12.06,69.35,253.0,391.5,122.0,298.8,7.24,246.0,99120.0
1990-06-18 19:00:00+00:00,11.18,74.45,134.0,302.81,73.0,308.1,6.69,242.0,99070.0
1990-06-18 20:00:00+00:00,10.57,77.15,13.0,0.0,13.0,296.5,7.31,245.0,99090.0
1990-06-18 21:00:00+00:00,9.9,82.9,0.0,0.0,0.0,293.75,6.69,244.0,99090.0
1990-06-18 22:00:00+00:00,9.59,82.9,0.0,0.0,0.0,297.25,6.97,243.0,99090.0
1990-06-18 23:00:00+00:00,9.3,89.1,0.0,0.0,0.0,281.95,7.1,245.0,99120.0
1990-06-19 00:00:00+00:00,9.1,89.1,0.0,0.0,0.0,284.85,7.31,246.0,99160.0
1990-06-19 01:00:00+00:00,9.04,85.95,0.0,0.0,0.0,293.9,7.38,250.0,99150.0
1990-06-19 02:00:00+00:00,8.87,89.1,0.0,0.0,0.0,285.65,7.24,253.0,99200.0
1990-06-19 03:00:00+00:00,8.76,89.1,0.0,0.0,0.0,290.5,6.83,256.0,99230.0
1990-06-19 04:00:00+00:00,8.74,89.1,20.0,0.0,20.0,294.95,6.48,259.0,99290.0
1990-06-19 05:00:00+00:00,9.02,85.95,136.0,388.08,62.0,297.65,6.14,262.0,99380.0
1990-06-19 06:00:00+00:00,9.59,82.9,245.0,395.75,117.0,288.15,6.69,267.0,99450.0
1990-06-19 07:00:00+00:00,10.54,74.4,413.0,661.42,111.0,312.75,7.17,273.0,99510.0
1990-06-19 08:00:00+00:00,11.59,69.25,387.0,197.91,272.0,300.55,6.69,270.0,99590.0
1990-06-19 09:00:00+00:00,12.62,62.2,472.0,209.18,328.0,306.35,7.17,274.0,99640.0
1990-06-19 10:00:00+00:00,13.12,62.3,611.0,355.25,337.0,305.4,7.03,273.0,99670.0
1990-06-19 11:00:00+00:00,13.63,67.15,445.0,65.53,391.0,311.75,6.69,264.0,99710.0
1990-06-19 12:00:00+00:00,14.11,72.3,325.0,7.12,319.0,334.0,6.83,264.0,99750.0
1990-06-19 13:00:00+00:00,14.66,72.4,602.0,250.27,395.0,331.7,6.83,267.0,99790.0
1990-06-19 14:00:00+00:00,14.46,69.75,447.0,92.64,375.0,327.05,7.31,275.0,99790.0
1990-06-19 15:00:00+00:00,13.78,67.15,334.0,38.75,307.0,325.5,7.24,278.0,99890.0
1990-06-19 16:00:00+00:00,13.47,67.05,406.0,223.21,274.0,316.2,7.1,277.0,99920.0
1990-06-19 17:00:00+00:00,12.93,69.45,422.0,653.73,116.0,308.65,7.1,274.0,99970.0
1990-06-19 18:00:00+00:00,12.44,71.95,188.0,125.25,146.0,283.7,6.97,274.0,100030.0
1990-06-19 19:00:00+00:00,11.96,66.85,121.0,207.74,79.0,293.0,6.34,275.0,100070.0
1990-06-19 20:00:00+00:00,11.41,71.75,28.0,51.49,24.0,300.95,6.07,271.0,100140.0
1990-06-19 21:00:00+00:00,10.7,77.15,0.0,0.0,0.0,305.75,5.45,267.0,100190.0
1990-06-19 22:00:00+00:00,10.11,77.1,0.0,0.0,0.0,303.65,5.17,266.0,100220.0
1990-06-19 23:00:00+00:00,9.53,79.9,0.0,0.0,0.0,287.4,4.48,264.0,100240.0
1990-06-20 00:00:00+00:00,9.1,79.85,0.0,0.0,0.0,284.3,4.28,262.0,100250.0
1990-06-20 01:00:00+00:00,9.02,82.85,0.0,0.0,0.0,301.6,4.0,258.0,100240.0
1990-06-20 02:00:00+00:00,9.07,85.95,0.0,0.0,0.0,315.85,3.72,254.0,100240.0
1990-06-20 03:00:00+00:00,9.05,85.95,0.0,0.0,0.0,314.85,3.52,252.0,100220.0
1990-06-20 04:00:00+00:00,8.82,92.4,3.0,0.0,3.0,297.25,3.45,253.0,100230.0
1990-06-20 05:00:00+00:00,9.16,89.1,112.0,194.33,75.0,300.15,3.45,257.0,100270.0
1990-06-20 06:00:00+00:00,9.91,89.15,60.0,0.0,60.0,308.3,4.07,261.0,100300.0
1990-06-20 07:00:00+00:00,10.66,83.0,141.0,2.19,140.0,334.2,3.38,265.0,100320.0
1990-06-20 08:00:00+00:00,11.77,77.3,321.0,89.53,269.0,328.4,3.93,281.0,100330.0
1990-06-20 09:00:00+00:00,12.75,69.45,338.0,45.04,307.0,323.0,4.0,291.0,100360.0
1990-06-20 10:00:00+00:00,13.63,64.75,220.0,0.0,220.0,325.5,3.79,294.0,100350.0
1990-06-20 11:00:00+00:00,14.16,62.55,531.0,154.12,404.0,324.95,3.59,294.0,100370.0
1990-06-20 12:00:00+00:00,14.69,60.4,410.0,37.95,378.0,346.0,3.86,296.0,100380.0
1990-06-20 13:00:00+00:00,15.21,58.35,111.0,0.0,111.0,339.65,4.14,295.0,100400.0
1990-06-20 14:00:00+00:00,15.64,56.35,476.0,126.03,378.0,341.75,4.14,294.0,100420.0
1990-06-20 15:00:00+00:00,15.87,56.35,563.0,400.12,284.0,348.95,4.21,294.0,100430.0
1990-06-20 16:00:00+00:00,15.88,56.35,443.0,319.3,254.0,342.35,4.0,293.0,100440.0
1990-06-20 17:00:00+00:00,15.61,56.35,239.0,70.41,206.0,327.65,3.72,292.0,100460.0
1990-06-20 18:00:00+00:00,15.26,60.5,159.0,59.53,139.0,322.6,3.38,287.0,100470.0
1990-06-20 19:00:00+00:00,14.2,67.25,34.0,0.0,34.0,332.65,2.97,279.0,100500.0
1990-06-20 20:00:00+00:00,13.54,67.15,4.0,0.0,4.0,335.4,2.9,275.0,100550.0
1990-06-20 21:00:00+00:00,12.9,72.05,0.0,0.0,0.0,339.25,2.97,276.0,100620.0
1990-06-20 22:00:00+00:00,12.25,74.6,0.0,0.0,0.0,331.5,3.03,277.0,100630.0
1990-06-20 23:00:00+00:00,11.68,74.55,0.0,0.0,0.0,326.3,3.03,276.0,100660.0
1990-06-21 00:00:00+00:00,10.99,77.2,0.0,0.0,0.0,313.1,2.97,276.0,100650.0
1990-06-21 01:00:00+00:00,10.5,80.05,0.0,0.0,0.0,318.65,2.9,274.0,100650.0
1990-06-21 02:00:00+00:00,10.25,82.95,0.0,0.0,0.0,327.65,2.97,274.0,100660.0
1990-06-21 03:00:00+00:00,10.09,82.95,0.0,0.0,0.0,333.65,2.97,274.0,100660.0
1990-06-21 04:00:00+00:00,9.87,85.95,19.0,0.0,19.0,325.7,2.83,275.0,100650.0
1990-06-21 05:00:00+00:00,9.99,82.95,118.0,247.35,71.0,326.1,2.55,278.0,100690.0
1990-06-21 06:00:00+00:00,10.45,80.05,264.0,536.08,91.0,307.7,2.55,284.0,100720.0
1990-06-21 07:00:00+00:00,11.0,77.2,393.0,581.29,128.0,332.65,1.93,301.0,100710.0
1990-06-21 08:00:00+00:00,11.92,74.55,531.0,668.45,143.0,341.55,1.38,318.0,100730.0
1990-06-21 09:00:00+00:00,12.58,69.45,595.0,524.78,234.0,330.35,0.83,312.0,100750.0
1990-06-21 10:00:00+00:00,12.99,64.65,695.0,591.47,239.0,342.95,0.62,282.0,100780.0
1990-06-21 11:00:00+00:00,13.96,62.45,663.0,382.31,348.0,351.05,0.9,275.0,100790.0
1990-06-21 12:00:00+00:00,14.33,60.3,650.0,323.76,377.0,353.55,1.03,275.0,100790.0
1990-06-21 13:00:00+00:00,15.02,58.35,504.0,122.05,403.0,359.2,1.38,273.0,100800.0
1990-06-21 14:00:00+00:00,15.42,58.35,457.0,106.7,374.0,357.65,1.66,275.0,100790.0
1990-06-21 15:00:00+00:00,15.51,58.45,364.0,63.07,320.0,364.4,1.93,275.0,100830.0
1990-06-21 16:00:00+00:00,15.48,62.75,314.0,75.96,269.0,361.3,2.07,272.0,100810.0
1990-06-21 17:00:00+00:00,15.35,62.75,242.0,74.59,207.0,364.4,2.28,267.0,100810.0
1990-06-21 18:00:00+00:00,14.99,65.05,150.0,44.58,135.0,364.4,2.41,265.0,100810.0
1990-06-21 19:00:00+00:00,14.06,72.3,103.0,113.11,80.0,361.5,2.62,257.0,100790.0
1990-06-21 20:00:00+00:00,13.71,74.85,6.0,0.0,6.0,362.85,2.62,254.0,100810.0
1990-06-21 21:00:00+00:00,13.19,80.35,0.0,0.0,0.0,353.55,2.55,251.0,100820.0
1990-06-21 22:00:00+00:00,12.78,83.25,0.0,0.0,0.0,358.8,2.62,250.0,100840.0
1990-06-21 23:00:00+00:00,12.57,86.25,0.0,0.0,0.0,363.65,2.41,237.0,100830.0
1990-06-22 00:00:00+00:00,12.35,92.6,0.0,0.0,0.0,367.5,2.83,237.0,100810.0
1990-06-22 01:00:00+00:00,12.04,92.6,0.0,0.0,0.0,365.7,3.31,241.0,100790.0
1990-06-22 02:00:00+00:00,12.0,95.95,0.0,0.0,0.0,364.0,3.52,245.0,100780.0
1990-06-22 03:00:00+00:00,12.0,95.95,0.0,0.0,0.0,361.3,3.52,250.0,100760.0
1990-06-22 04:00:00+00:00,12.05,95.95,5.0,0.0,5.0,363.85,3.72,254.0,100760.0
1990-06-22 05:00:00+00:00,12.28,95.95,54.0,5.28,53.0,363.45,3.72,255.0,100810.0
1990-06-22 06:00:00+00:00,12.72,92.6,149.0,58.97,130.0,364.8,4.34,257.0,100860.0
1990-06-22 07:00:00+00:00,13.65,89.45,256.0,118.58,202.0,360.95,4.48,260.0,100870.0
1990-06-22 08:00:00+00:00,14.52,86.45,299.0,68.96,259.0,365.95,4.62,269.0,100900.0
1990-06-22 09:00:00+00:00,15.3,83.5,235.0,2.91,233.0,373.1,4.34,273.0,100940.0
1990-06-22 10:00:00+00:00,16.06,80.75,240.0,1.3,239.0,366.95,3.86,272.0,100990.0
1990-06-22 11:00:00+00:00,16.21,83.6,290.0,3.64,287.0,373.5,3.93,267.0,101030.0
1990-06-22 12:00:00+00:00,16.84,80.8,436.0,56.93,388.0,377.2,3.86,263.0,101060.0
1990-06-22 13:00:00+00:00,17.12,80.85,609.0,282.74,375.0,383.0,4.0,262.0,101050.0
1990-06-22 14:00:00+00:00,17.6,78.15,609.0,365.0,325.0,379.9,4.28,265.0,101070.0
1990-06-22 15:00:00+00:00,17.98,78.15,661.0,750.74,137.0,384.35,4.34,267.0,101060.0
1990-06-22 16:00:00+00:00,17.89,75.45,362.0,150.14,273.0,383.0,4.41,271.0,101060.0
1990-06-22 17:00:00+00:00,17.74,75.45,231.0,63.88,201.0,381.65,4.21,274.0,101080.0
1990-06-22 18:00:00+00:00,17.54,75.45,100.0,2.97,99.0,363.05,3.86,273.0,101100.0
1990-06-22 19:00:00+00:00,17.28,80.85,54.0,4.91,53.0,347.95,3.72,265.0,101070.0
1990-06-22 20:00:00+00:00,16.35,83.6,20.0,12.63,19.0,348.15,3.66,264.0,101100.0
1990-06-22 21:00:00+00:00,15.32,86.5,0.0,0.0,0.0,340.2,3.31,262.0,101160.0
1990-06-22 22:00:00+00:00,14.46,92.7,0.0,0.0,0.0,333.45,3.24,260.0,101200.0
1990-06-22 23:00:00+00:00,13.74,92.65,0.0,0.0,0.0,324.75,3.1,259.0,101210.0
1990-06-23 00:00:00+00:00,13.3,95.95,0.0,0.0,0.0,329.95,2.97,259.0,101230.0
1990-06-23 01:00:00+00:00,12.97,92.65,0.0,0.0,0.0,326.2,2.76,259.0,101240.0
1990-06-23 02:00:00+00:00,12.49,95.95,0.0,0.0,0.0,314.65,2.55,256.0,101260.0
1990-06-23 03:00:00+00:00,12.24,95.95,0.0,0.0,0.0,325.5,2.34,253.0,101260.0
1990-06-23 04:00:00+00:00,11.9,99.4,21.0,0.0,21.0,322.6,2.28,252.0,101260.0
1990-06-23 05:00:00+00:00,12.11,95.95,107.0,174.65,74.0,316.8,2.21,256.0,101290.0
1990-06-23 06:00:00+00:00,12.82,92.6,245.0,432.18,106.0,321.65,2.34,261.0,101290.0
1990-06-23 07:00:00+00:00,14.37,83.4,344.0,371.57,175.0,312.55,2.07,262.0,101320.0
1990-06-23 08:00:00+00:00,15.8,77.85,546.0,745.48,114.0,314.1,1.79,266.0,101320.0
1990-06-23 09:00:00+00:00,17.25,72.8,661.0,772.79,130.0,314.85,1.45,280.0,101330.0
1990-06-23 10:00:00+00:00,18.51,68.05,752.0,791.82,142.0,317.75,1.17,302.0,101320.0
1990-06-23 11:00:00+00:00,19.55,63.6,836.0,869.37,120.0,325.3,0.83,332.0,101310.0
1990-06-23 12:00:00+00:00,20.37,63.7,877.0,922.77,99.0,325.3,0.69,38.0,101290.0
1990-06-23 13:00:00+00:00,20.99,59.5,844.0,882.02,114.0,345.25,1.31,77.0,101270.0
1990-06-23 14:00:00+00:00,21.09,59.6,798.0,898.2,99.0,337.5,2.0,81.0,101250.0
1990-06-23 15:00:00+00:00,20.68,63.8,705.0,872.22,96.0,340.6,2.69,86.0,101230.0
1990-06-23 16:00:00+00:00,20.35,65.95,560.0,750.32,115.0,336.55,3.17,87.0,101200.0
1990-06-23 17:00:00+00:00,19.61,70.65,431.0,708.53,98.0,335.2,3.31,90.0,101200.0
1990-06-23 18:00:00+00:00,18.96,75.55,256.0,420.97,114.0,343.3,3.17,91.0,101190.0
1990-06-23 19:00:00+00:00,17.8,78.15,148.0,426.25,61.0,341.0,2.97,92.0,101220.0
1990-06-23 20:00:00+00:00,16.98,83.65,35.0,113.29,26.0,335.0,2.34,90.0,101220.0
1990-06-23 21:00:00+00:00,15.92,89.6,0.0,0.0,0.0,326.1,2.21,87.0,101250.0
1990-06-23 22:00:00+00:00,14.91,96.0,0.0,0.0,0.0,322.6,2.07,83.0,101250.0
1990-06-23 23:00:00+00:00,14.0,96.0,0.0,0.0,0.0,317.2,2.0,78.0,101220.0
1990-06-24 00:00:00+00:00,13.38,99.4,0.0,0.0,0.0,313.7,2.0,73.0,101230.0
1990-06-24 01:00:00+00:00,12.94,99.4,0.0,0.0,0.0,317.3,2.07,72.0,101220.0
1990-06-24 02:00:00+00:00,12.56,99.4,0.0,0.0,0.0,315.05,2.07,76.0,101190.0
1990-06-24 03:00:00+00:00,12.26,99.4,0.0,0.0,0.0,317.0,2.07,82.0,101150.0
1990-06-24 04:00:00+00:00,12.12,99.4,5.0,0.0,5.0,324.75,1.93,83.0,101130.0
1990-06-24 05:00:00+00:00,12.34,99.4,35.0,0.0,35.0,315.65,1.86,79.0,101100.0
1990-06-24 06:00:00+00:00,13.28,92.65,92.0,3.12,91.0,314.65,1.93,81.0,101090.0
1990-06-24 07:00:00+00:00,12.94,95.95,142.0,2.2,141.0,372.95,2.48,94.0,101130.0
1990-06-24 08:00:00+00:00,14.06,86.4,205.0,5.18,202.0,350.5,2.48,91.0,101090.0
1990-06-24 09:00:00+00:00,15.71,80.65,387.0,93.21,323.0,340.4,2.69,89.0,101070.0
1990-06-24 10:00:00+00:00,16.95,75.3,715.0,661.06,206.0,343.5,2.97,86.0,101020.0
1990-06-24 11:00:00+00:00,17.87,70.35,833.0,859.95,125.0,343.1,3.38,83.0,100980.0
1990-06-24 12:00:00+00:00,18.09,68.05,856.0,866.0,126.0,365.4,3.86,80.0,100950.0
1990-06-24 13:00:00+00:00,17.98,70.35,625.0,303.28,374.0,378.55,4.28,77.0,100910.0
1990-06-24 14:00:00+00:00,17.99,70.35,534.0,212.0,369.0,368.65,4.41,79.0,100870.0
1990-06-24 15:00:00+00:00,17.94,70.35,515.0,293.54,310.0,356.85,4.48,82.0,100830.0
1990-06-24 16:00:00+00:00,17.61,70.35,562.0,753.4,115.0,352.2,4.62,82.0,100810.0
1990-06-24 17:00:00+00:00,17.21,72.8,435.0,723.02,95.0,324.95,4.69,83.0,100770.0
1990-06-24 18:00:00+00:00,16.45,75.25,285.0,595.42,84.0,334.4,4.55,84.0,100740.0
1990-06-24 19:00:00+00:00,15.23,77.8,155.0,479.59,57.0,314.1,4.21,82.0,100690.0
1990-06-24 20:00:00+00:00,14.16,80.45,44.0,238.65,25.0,313.1,3.93,83.0,100700.0
1990-06-24 21:00:00+00:00,13.17,86.3,0.0,0.0,0.0,313.5,3.72,89.0,100720.0
1990-06-24 22:00:00+00:00,12.62,86.25,0.0,0.0,0.0,329.2,3.38,93.0,100710.0
1990-06-24 23:00:00+00:00,12.33,89.35,0.0,0.0,0.0,340.0,3.1,95.0,100700.0
1990-06-25 00:00:00+00:00,12.17,89.35,0.0,0.0,0.0,349.7,3.03,94.0,100660.0
1990-06-25 01:00:00+00:00,11.97,86.2,0.0,0.0,0.0,357.15,3.1,96.0,100640.0
1990-06-25 02:00:00+00:00,11.95,89.3,0.0,0.0,0.0,361.5,3.1,97.0,100600.0
1990-06-25 03:00:00+00:00,11.99,86.2,0.0,0.0,0.0,366.75,3.17,97.0,100550.0
1990-06-25 04:00:00+00:00,12.1,86.2,3.0,0.0,3.0,365.75,3.38,99.0,100530.0
1990-06-25 05:00:00+00:00,12.2,86.2,25.0,0.0,25.0,366.75,3.45,102.0,100510.0
1990-06-25 06:00:00+00:00,12.45,89.35,159.0,74.96,135.0,366.75,3.45,101.0,100510.0
1990-06-25 07:00:00+00:00,12.77,80.3,304.0,224.94,202.0,357.05,4.0,97.0,100480.0
1990-06-25 08:00:00+00:00,13.09,77.5,452.0,370.09,238.0,358.6,4.41,96.0,100470.0
1990-06-25 09:00:00+00:00,13.52,74.85,442.0,161.8,331.0,365.95,4.76,97.0,100480.0
1990-06-25 10:00:00+00:00,14.02,72.3,636.0,418.45,314.0,359.0,4.97,97.0,100470.0
1990-06-25 11:00:00+00:00,14.85,69.85,658.0,362.11,360.0,358.4,5.1,99.0,100430.0
1990-06-25 12:00:00+00:00,15.7,67.55,765.0,573.13,282.0,342.95,5.31,98.0,100410.0
1990-06-25 13:00:00+00:00,16.42,65.25,779.0,654.98,237.0,350.1,5.59,95.0,100370.0
1990-06-25 14:00:00+00:00,16.59,65.35,760.0,756.78,171.0,365.4,5.59,91.0,100340.0
1990-06-25 15:00:00+00:00,16.72,65.35,546.0,350.77,301.0,355.5,5.31,85.0,100330.0
1990-06-25 16:00:00+00:00,16.4,72.65,492.0,456.64,221.0,343.5,4.83,72.0,100290.0
1990-06-25 17:00:00+00:00,16.16,75.25,299.0,180.69,214.0,326.85,4.69,68.0,100250.0
1990-06-25 18:00:00+00:00,15.69,77.85,267.0,461.88,111.0,309.25,4.41,66.0,100230.0
1990-06-25 19:00:00+00:00,14.41,83.4,137.0,313.0,73.0,307.9,4.55,66.0,100280.0
1990-06-25 20:00:00+00:00,13.57,86.35,21.0,12.55,20.0,299.6,3.72,64.0,100280.0
1990-06-25 21:00:00+00:00,12.67,92.6,0.0,0.0,0.0,294.35,3.31,63.0,100280.0
1990-06-25 22:00:00+00:00,12.06,92.6,0.0,0.0,0.0,294.55,2.83,63.0,100270.0
1990-06-25 23:00:00+00:00,11.59,95.9,0.0,0.0,0.0,287.95,2.62,62.0,100300.0
1990-06-26 00:00:00+00:00,11.35,95.9,0.0,0.0,0.0,287.4,2.69,60.0,100290.0
1990-06-26 01:00:00+00:00,11.33,95.9,0.0,0.0,0.0,287.1,2.69,61.0,100260.0
1990-06-26 02:00:00+00:00,11.21,95.9,0.0,0.0,0.0,285.45,2.55,59.0,100220.0
1990-06-26 03:00:00+00:00,11.05,95.9,0.0,0.0,0.0,283.7,2.41,57.0,100190.0
1990-06-26 04:00:00+00:00,11.01,95.9,3.0,0.0,3.0,286.6,2.41,55.0,100170.0
1990-06-26 05:00:00+00:00,11.62,95.9,12.0,0.0,12.0,294.15,2.34,54.0,100160.0
1990-06-26 06:00:00+00:00,12.89,92.6,134.0,34.45,123.0,297.25,2.69,57.0,100150.0
1990-06-26 07:00:00+00:00,14.11,86.4,254.0,112.67,203.0,335.75,3.93,65.0,100190.0
1990-06-26 08:00:00+00:00,15.55,77.85,310.0,81.38,263.0,335.95,3.86,65.0,100180.0
1990-06-26 09:00:00+00:00,16.51,78.0,467.0,215.93,319.0,336.55,4.14,64.0,100170.0
1990-06-26 10:00:00+00:00,17.63,72.9,450.0,105.33,369.0,325.1,4.83,69.0,100140.0
1990-06-26 11:00:00+00:00,17.96,72.9,445.0,70.51,387.0,339.85,5.45,68.0,100110.0
1990-06-26 12:00:00+00:00,17.8,72.9,574.0,198.23,407.0,355.5,5.45,66.0,100100.0
1990-06-26 13:00:00+00:00,17.53,75.45,205.0,0.0,205.0,356.65,5.72,67.0,100070.0
1990-06-26 14:00:00+00:00,16.8,80.8,199.0,0.0,199.0,370.2,5.38,65.0,100040.0
1990-06-26 15:00:00+00:00,15.92,83.55,216.0,1.43,215.0,375.85,4.9,61.0,100040.0
1990-06-26 16:00:00+00:00,15.42,86.5,109.0,0.0,109.0,383.75,4.69,60.0,100040.0
1990-06-26 17:00:00+00:00,15.03,86.5,84.0,0.0,84.0,381.65,4.55,59.0,100020.0
1990-06-26 18:00:00+00:00,14.71,89.5,45.0,0.0,45.0,381.05,4.48,59.0,100020.0
1990-06-26 19:00:00+00:00,14.32,92.7,37.0,0.0,37.0,380.85,4.14,62.0,100050.0
1990-06-26 20:00:00+00:00,14.04,92.7,21.0,12.56,20.0,380.1,3.86,63.0,100050.0
1990-06-26 21:00:00+00:00,13.88,95.95,0.0,0.0,0.0,379.7,3.66,63.0,100060.0
1990-06-26 22:00:00+00:00,13.86,99.4,0.0,0.0,0.0,380.65,3.66,69.0,100070.0
1990-06-26 23:00:00+00:00,13.94,99.4,0.0,0.0,0.0,379.9,3.59,76.0,100080.0
1990-06-27 00:00:00+00:00,13.91,99.4,0.0,0.0,0.0,380.85,3.59,80.0,100060.0
1990-06-27 01:00:00+00:00,13.94,99.4,0.0,0.0,0.0,381.75,3.38,84.0,100080.0
1990-06-27 02:00:00+00:00,13.95,99.4,0.0,0.0,0.0,381.65,2.97,86.0,100080.0
1990-06-27 03:00:00+00:00,13.94,99.4,0.0,0.0,0.0,377.95,2.21,86.0,100070.0
1990-06-27 04:00:00+00:00,13.95,99.4,15.0,0.0,15.0,381.65,2.34,85.0,100070.0
1990-06-27 05:00:00+00:00,14.14,96.0,98.0,140.03,72.0,381.85,2.83,86.0,100100.0
1990-06-27 06:00:00+00:00,14.47,96.0,86.0,0.0,86.0,378.35,3.1,88.0,100120.0
1990-06-27 07:00:00+00:00,15.03,86.5,118.0,0.0,118.0,374.3,3.72,94.0,100160.0
1990-06-27 08:00:00+00:00,15.28,89.55,200.0,5.2,197.0,380.3,3.86,92.0,100160.0
1990-06-27 09:00:00+00:00,15.53,86.5,142.0,0.0,142.0,381.85,4.0,91.0,100190.0
1990-06-27 10:00:00+00:00,15.69,86.5,122.0,0.0,122.0,384.95,4.21,89.0,100210.0
1990-06-27 11:00:00+00:00,15.79,86.5,119.0,0.0,119.0,386.1,4.41,87.0,100220.0
1990-06-27 12:00:00+00:00,15.97,86.5,118.0,0.0,118.0,385.5,4.62,86.0,100240.0
1990-06-27 13:00:00+00:00,16.13,83.6,140.0,0.0,140.0,383.75,4.55,83.0,100260.0
1990-06-27 14:00:00+00:00,16.12,83.6,146.0,0.0,146.0,384.15,4.62,81.0,100260.0
1990-06-27 15:00:00+00:00,16.17,80.75,188.0,0.0,188.0,382.4,4.55,80.0,100270.0
1990-06-27 16:00:00+00:00,16.18,80.75,158.0,0.0,158.0,382.8,4.48,79.0,100260.0
1990-06-27 17:00:00+00:00,16.07,80.75,101.0,0.0,101.0,372.75,4.34,76.0,100220.0
1990-06-27 18:00:00+00:00,15.59,83.55,67.0,0.0,67.0,377.75,4.21,75.0,100230.0
1990-06-27 19:00:00+00:00,14.42,92.7,20.0,0.0,20.0,381.05,3.38,70.0,100240.0
1990-06-27 20:00:00+00:00,14.09,89.5,4.0,0.0,4.0,376.6,3.24,69.0,100230.0
1990-06-27 21:00:00+00:00,13.78,92.65,0.0,0.0,0.0,377.2,2.9,69.0,100260.0
1990-06-27 22:00:00+00:00,13.59,92.65,0.0,0.0,0.0,377.95,2.69,69.0,100270.0
1990-06-27 23:00:00+00:00,13.48,92.65,0.0,0.0,0.0,377.75,2.41,68.0,100280.0
1990-06-28 00:00:00+00:00,13.41,95.95,0.0,0.0,0.0,377.95,2.34,66.0,100270.0
1990-06-28 01:00:00+00:00,13.37,99.4,0.0,0.0,0.0,377.1,2.34,61.0,100250.0
1990-06-28 02:00:00+00:00,13.29,99.4,0.0,0.0,0.0,376.8,2.34,58.0,100220.0
1990-06-28 03:00:00+00:00,13.21,99.4,0.0,0.0,0.0,372.95,2.41,60.0,100200.0
1990-06-28 04:00:00+00:00,13.21,99.4,6.0,0.0,6.0,378.15,2.62,63.0,100170.0
1990-06-28 05:00:00+00:00,13.27,99.4,14.0,0.0,14.0,377.0,2.69,64.0,100160.0
1990-06-28 06:00:00+00:00,13.5,95.95,54.0,0.0,54.0,376.6,2.97,66.0,100160.0
1990-06-28 07:00:00+00:00,13.83,92.65,76.0,0.0,76.0,377.55,3.1,67.0,100180.0
1990-06-28 08:00:00+00:00,14.34,92.7,72.0,0.0,72.0,379.7,3.24,71.0,100200.0
1990-06-28 09:00:00+00:00,14.58,89.5,125.0,0.0,125.0,381.05,3.24,73.0,100200.0
1990-06-28 10:00:00+00:00,14.72,89.5,137.0,0.0,137.0,382.6,3.17,72.0,100180.0
1990-06-28 11:00:00+00:00,15.29,89.55,138.0,0.0,138.0,384.15,3.38,72.0,100180.0
1990-06-28 12:00:00+00:00,15.59,86.5,212.0,0.0,212.0,384.55,3.38,71.0,100180.0
1990-06-28 13:00:00+00:00,15.63,86.5,207.0,0.0,207.0,385.7,3.45,70.0,100180.0
1990-06-28 14:00:00+00:00,15.86,86.5,146.0,0.0,146.0,385.3,3.52,66.0,100150.0
1990-06-28 15:00:00+00:00,15.96,86.5,159.0,0.0,159.0,383.95,3.72,66.0,100170.0
1990-06-28 16:00:00+00:00,15.84,86.5,128.0,0.0,128.0,387.45,3.66,68.0,100140.0
1990-06-28 17:00:00+00:00,15.53,86.5,83.0,0.0,83.0,386.45,3.38,66.0,100130.0
1990-06-28 18:00:00+00:00,15.21,89.55,119.0,11.84,115.0,385.7,3.03,66.0,100110.0
1990-06-28 19:00:00+00:00,14.95,92.7,89.0,58.74,77.0,385.3,2.76,70.0,100140.0
1990-06-28 20:00:00+00:00,14.69,92.7,9.0,0.0,9.0,384.15,2.41,74.0,100140.0
1990-06-28 21:00:00+00:00,14.41,96.0,0.0,0.0,0.0,384.35,2.21,74.0,100170.0
1990-06-28 22:00:00+00:00,14.19,96.0,0.0,0.0,0.0,383.75,2.14,73.0,100170.0
1990-06-28 23:00:00+00:00,14.04,96.0,0.0,0.0,0.0,383.2,2.0,77.0,100170.0
1990-06-29 00:00:00+00:00,13.95,99.4,0.0,0.0,0.0,383.2,1.72,89.0,100190.0
1990-06-29 01:00:00+00:00,13.89,99.4,0.0,0.0,0.0,381.35,1.45,88.0,100180.0
1990-06-29 02:00:00+00:00,13.82,99.4,0.0,0.0,0.0,378.95,1.38,76.0,100180.0
1990-06-29 03:00:00+00:00,13.75,99.4,0.0,0.0,0.0,380.1,1.52,69.0,100180.0
1990-06-29 04:00:00+00:00,13.67,99.4,3.0,0.0,3.0,379.3,1.52,72.0,100160.0
1990-06-29 05:00:00+00:00,13.8,99.4,12.0,0.0,12.0,379.1,1.86,90.0,100200.0
1990-06-29 06:00:00+00:00,14.33,92.7,83.0,0.0,83.0,373.9,2.0,104.0,100210.0
1990-06-29 07:00:00+00:00,15.01,86.5,146.0,4.45,144.0,369.85,1.59,85.0,100260.0
1990-06-29 08:00:00+00:00,15.93,86.5,184.0,1.74,183.0,375.85,1.86,85.0,100280.0
1990-06-29 09:00:00+00:00,16.48,83.6,240.0,4.39,237.0,375.05,1.93,91.0,100320.0
1990-06-29 10:00:00+00:00,17.35,78.1,387.0,52.15,347.0,383.0,1.93,91.0,100330.0
1990-06-29 11:00:00+00:00,18.46,72.95,435.0,65.78,381.0,363.45,1.86,85.0,100340.0
1990-06-29 12:00:00+00:00,19.22,70.55,639.0,316.21,373.0,376.0,2.0,76.0,100360.0
1990-06-29 13:00:00+00:00,19.69,68.2,684.0,440.44,320.0,379.3,2.41,70.0,100350.0
1990-06-29 14:00:00+00:00,19.76,70.65,732.0,711.14,179.0,370.6,2.83,71.0,100330.0
1990-06-29 15:00:00+00:00,20.09,68.3,605.0,547.21,223.0,376.6,3.1,73.0,100340.0
1990-06-29 16:00:00+00:00,19.51,75.65,490.0,483.78,203.0,372.35,3.45,72.0,100330.0
1990-06-29 17:00:00+00:00,19.42,75.65,358.0,384.89,177.0,357.25,3.52,77.0,100320.0
1990-06-29 18:00:00+00:00,19.06,78.3,180.0,109.63,143.0,357.25,3.45,75.0,100340.0
1990-06-29 19:00:00+00:00,17.75,83.75,71.0,19.61,67.0,359.75,3.52,75.0,100390.0
1990-06-29 20:00:00+00:00,16.75,86.6,4.0,0.0,4.0,335.75,3.03,82.0,100430.0
1990-06-29 21:00:00+00:00,15.86,92.75,0.0,0.0,0.0,334.8,2.69,93.0,100460.0
1990-06-29 22:00:00+00:00,15.39,96.0,0.0,0.0,0.0,341.4,2.34,102.0,100470.0
1990-06-29 23:00:00+00:00,14.94,96.0,0.0,0.0,0.0,335.4,2.14,101.0,100500.0
1990-06-30 00:00:00+00:00,14.5,96.0,0.0,0.0,0.0,335.75,1.93,97.0,100510.0
1990-06-30 01:00:00+00:00,14.04,96.0,0.0,0.0,0.0,330.25,1.72,93.0,100490.0
1990-06-30 02:00:00+00:00,13.66,95.95,0.0,0.0,0.0,331.5,1.79,92.0,100480.0
1990-06-30 03:00:00+00:00,13.43,99.4,0.0,0.0,0.0,334.6,1.86,95.0,100470.0
1990-06-30 04:00:00+00:00,13.42,99.4,2.0,0.0,2.0,345.45,1.72,101.0,100440.0
1990-06-30 05:00:00+00:00,13.82,95.95,50.0,5.49,49.0,348.95,1.66,104.0,100460.0
1990-06-30 06:00:00+00:00,14.93,92.7,139.0,47.61,124.0,353.95,1.38,110.0,100440.0
1990-06-30 07:00:00+00:00,15.33,92.75,140.0,2.23,139.0,364.0,1.38,127.0,100520.0
1990-06-30 08:00:00+00:00,16.47,89.65,214.0,10.46,208.0,374.85,1.24,114.0,100520.0
1990-06-30 09:00:00+00:00,17.66,83.75,331.0,46.91,299.0,378.75,1.24,103.0,100540.0
1990-06-30 10:00:00+00:00,18.8,81.0,261.0,2.61,259.0,386.65,1.24,108.0,100550.0
1990-06-30 11:00:00+00:00,19.96,78.35,444.0,75.58,382.0,392.1,0.97,93.0,100560.0
1990-06-30 12:00:00+00:00,20.44,75.75,323.0,8.33,316.0,394.8,1.24,78.0,100560.0
1990-06-30 13:00:00+00:00,21.02,75.85,596.0,265.13,377.0,400.4,1.72,77.0,100540.0
1990-06-30 14:00:00+00:00,21.04,73.35,398.0,57.89,353.0,394.6,1.93,82.0,100530.0
1990-06-30 15:00:00+00:00,21.08,73.35,471.0,216.39,320.0,402.9,1.86,87.0,100530.0
1990-06-30 16:00:00+00:00,21.17,81.85,261.0,30.35,243.0,379.52,0.99,88.0,100500.0
1990-06-30 17:00:00+00:00,20.38,82.35,105.0,0.0,105.0,374.78,1.11,66.0,100460.0
1990-06-30 18:00:00+00:00,19.6,82.85,226.0,275.81,133.0,370.03,1.23,65.0,100460.0
1990-06-30 19:00:00+00:00,18.82,83.35,81.0,39.29,73.0,365.28,1.35,108.0,100500.0
1990-06-30 20:00:00+00:00,18.04,83.85,37.0,153.0,25.0,360.53,1.47,115.0,100530.0
1990-06-30 21:00:00+00:00,17.26,84.35,0.0,0.0,0.0,355.78,1.58,130.0,100550.0
1990-06-30 22:00:00+00:00,16.47,84.85,0.0,0.0,0.0,351.03,1.7,132.0,100570.0
1990-06-30 23:00:00+00:00,15.69,85.35,0.0,0.0,0.0,346.29,1.82,144.0,100600.0
1990-07-01 00:00:00+00:00,14.91,85.85,0.0,0.0,0.0,341.54,1.94,265.0,99450.0
1990-07-01 01:00:00+00:00,14.13,86.35,0.0,0.0,0.0,336.79,2.06,259.0,99460.0
1990-07-01 02:00:00+00:00,13.35,86.85,0.0,0.0,0.0,332.04,2.17,260.0,99470.0
1990-07-01 03:00:00+00:00,12.57,87.35,0.0,0.0,0.0,327.29,2.29,262.0,99460.0
1990-07-01 04:00:00+00:00,11.78,87.84,2.0,0.0,2.0,322.55,2.41,265.0,99470.0
1990-07-01 05:00:00+00:00,11.0,88.34,12.0,0.0,12.0,317.8,2.53,266.0,99470.0
1990-07-01 06:00:00+00:00,10.22,88.84,108.0,9.56,105.0,313.05,2.65,267.0,99470.0
1990-07-01 07:00:00+00:00,9.44,89.34,216.0,55.88,191.0,308.3,2.77,270.0,99500.0
1990-07-01 08:00:00+00:00,13.28,80.35,473.0,467.95,205.0,316.05,2.69,272.0,99470.0
1990-07-01 09:00:00+00:00,13.65,77.6,214.0,1.47,213.0,325.9,2.55,271.0,99480.0
1990-07-01 10:00:00+00:00,14.86,75.0,441.0,97.99,366.0,332.5,2.48,264.0,99490.0
1990-07-01 11:00:00+00:00,15.53,72.55,574.0,223.29,391.0,343.7,2.55,258.0,99480.0
1990-07-01 12:00:00+00:00,15.93,72.55,422.0,47.61,382.0,349.5,2.69,258.0,99460.0
1990-07-01 13:00:00+00:00,16.48,67.75,414.0,47.24,375.0,343.3,2.69,262.0,99460.0
1990-07-01 14:00:00+00:00,17.15,65.45,245.0,1.29,244.0,331.9,2.76,268.0,99440.0
1990-07-01 15:00:00+00:00,17.2,65.45,333.0,40.15,305.0,342.55,2.9,265.0,99430.0
1990-07-01 16:00:00+00:00,16.22,70.1,317.0,79.31,270.0,361.9,2.62,241.0,99380.0
1990-07-01 17:00:00+00:00,15.04,69.9,311.0,219.32,208.0,352.8,3.17,235.0,99440.0
1990-07-01 18:00:00+00:00,14.37,77.65,158.0,59.38,138.0,345.05,3.1,225.0,99480.0
1990-07-01 19:00:00+00:00,14.52,69.85,35.0,0.0,35.0,324.15,2.97,212.0,99480.0
1990-07-01 20:00:00+00:00,13.77,74.85,4.0,0.0,4.0,337.7,3.17,207.0,99490.0
1990-07-01 21:00:00+00:00,12.94,77.5,0.0,0.0,0.0,325.3,2.9,202.0,99490.0
1990-07-01 22:00:00+00:00,12.11,86.2,0.0,0.0,0.0,308.85,2.62,196.0,99510.0
1990-07-01 23:00:00+00:00,11.81,89.3,0.0,0.0,0.0,333.65,2.07,179.0,99480.0
1990-07-02 00:00:00+00:00,11.28,95.9,0.0,0.0,0.0,333.25,1.93,154.0,99410.0
1990-07-02 01:00:00+00:00,11.24,95.9,0.0,0.0,0.0,342.05,2.07,143.0,99380.0
1990-07-02 02:00:00+00:00,11.2,95.9,0.0,0.0,0.0,347.95,1.79,146.0,99350.0
1990-07-02 03:00:00+00:00,11.14,95.9,0.0,0.0,0.0,344.65,1.45,164.0,99300.0
1990-07-02 04:00:00+00:00,11.46,92.55,4.0,0.0,4.0,357.85,1.45,193.0,99300.0
1990-07-02 05:00:00+00:00,11.78,95.9,69.0,33.42,63.0,360.15,1.72,214.0,99300.0
1990-07-02 06:00:00+00:00,12.22,95.95,133.0,38.41,121.0,355.5,2.28,226.0,99290.0
1990-07-02 07:00:00+00:00,12.33,92.6,214.0,53.8,190.0,361.1,3.45,229.0,99330.0
1990-07-02 08:00:00+00:00,12.85,89.4,337.0,124.23,266.0,323.75,3.79,233.0,99350.0
1990-07-02 09:00:00+00:00,13.75,86.35,471.0,227.9,316.0,332.5,4.07,232.0,99380.0
1990-07-02 10:00:00+00:00,14.97,77.8,167.0,0.0,167.0,318.35,4.48,234.0,99370.0
1990-07-02 11:00:00+00:00,14.77,80.55,239.0,0.0,239.0,349.1,4.9,234.0,99390.0
1990-07-02 12:00:00+00:00,14.97,77.8,444.0,61.95,392.0,324.75,5.1,235.0,99410.0
1990-07-02 13:00:00+00:00,15.19,80.6,637.0,328.51,366.0,354.55,5.38,237.0,99400.0
1990-07-02 14:00:00+00:00,15.73,77.85,653.0,458.54,297.0,354.95,5.52,240.0,99390.0
1990-07-02 15:00:00+00:00,16.11,75.25,422.0,129.13,332.0,315.85,5.38,247.0,99390.0
1990-07-02 16:00:00+00:00,15.27,72.45,437.0,307.32,255.0,321.45,5.79,249.0,99390.0
1990-07-02 17:00:00+00:00,14.44,72.4,296.0,181.16,211.0,346.6,5.38,249.0,99480.0
1990-07-02 18:00:00+00:00,13.7,77.6,207.0,190.31,143.0,354.75,4.76,247.0,99510.0
1990-07-02 19:00:00+00:00,14.11,77.65,135.0,310.98,72.0,331.7,4.34,242.0,99510.0
1990-07-02 20:00:00+00:00,13.55,80.4,29.0,51.83,25.0,317.95,4.48,242.0,99560.0
1990-07-02 21:00:00+00:00,12.99,80.35,0.0,0.0,0.0,328.4,4.41,245.0,99610.0
1990-07-02 22:00:00+00:00,12.37,86.2,0.0,0.0,0.0,315.45,4.21,246.0,99670.0
1990-07-02 23:00:00+00:00,11.8,89.3,0.0,0.0,0.0,307.7,3.93,247.0,99690.0
1990-07-03 00:00:00+00:00,11.42,86.15,0.0,0.0,0.0,307.9,3.52,246.0,99690.0
1990-07-03 01:00:00+00:00,11.24,89.3,0.0,0.0,0.0,315.75,3.38,244.0,99720.0
1990-07-03 02:00:00+00:00,11.01,89.3,0.0,0.0,0.0,309.65,3.31,242.0,99720.0
1990-07-03 03:00:00+00:00,11.09,92.55,0.0,0.0,0.0,326.65,3.24,242.0,99720.0
1990-07-03 04:00:00+00:00,10.96,92.55,2.0,0.0,2.0,317.55,3.1,244.0,99720.0
1990-07-03 05:00:00+00:00,11.11,92.55,41.0,0.0,41.0,303.85,3.1,245.0,99720.0
1990-07-03 06:00:00+00:00,12.01,86.2,96.0,3.22,95.0,333.85,4.21,252.0,99770.0
1990-07-03 07:00:00+00:00,12.47,83.25,223.0,67.45,193.0,345.85,3.79,256.0,99810.0
1990-07-03 08:00:00+00:00,13.28,77.5,317.0,94.69,263.0,337.9,4.21,266.0,99850.0
1990-07-03 09:00:00+00:00,14.19,72.3,217.0,1.47,216.0,315.65,4.48,270.0,99870.0
1990-07-03 10:00:00+00:00,14.74,67.35,413.0,72.04,358.0,323.75,4.55,271.0,99910.0
1990-07-03 11:00:00+00:00,15.16,62.75,288.0,3.67,285.0,319.7,4.83,269.0,99930.0
1990-07-03 12:00:00+00:00,15.32,60.5,346.0,13.12,335.0,342.95,5.03,268.0,99950.0
1990-07-03 13:00:00+00:00,15.53,58.45,150.0,0.0,150.0,338.65,5.31,266.0,99960.0
1990-07-03 14:00:00+00:00,15.47,58.45,174.0,0.0,174.0,337.1,5.59,264.0,99960.0
1990-07-03 15:00:00+00:00,15.07,60.5,260.0,7.18,255.0,337.9,6.0,261.0,99980.0
1990-07-03 16:00:00+00:00,15.0,60.5,354.0,130.13,277.0,327.65,6.0,259.0,99960.0
1990-07-03 17:00:00+00:00,14.91,62.65,121.0,0.0,121.0,341.4,6.21,257.0,99970.0
1990-07-03 18:00:00+00:00,14.26,64.85,59.0,0.0,59.0,323.75,5.86,254.0,99960.0
1990-07-03 19:00:00+00:00,13.2,72.1,21.0,0.0,21.0,345.65,5.66,250.0,99960.0
1990-07-03 20:00:00+00:00,12.66,74.7,4.0,0.0,4.0,349.7,5.38,246.0,99920.0
1990-07-03 21:00:00+00:00,12.14,77.35,0.0,0.0,0.0,344.65,5.45,246.0,99940.0
1990-07-03 22:00:00+00:00,11.75,80.15,0.0,0.0,0.0,345.65,5.45,245.0,99900.0
1990-07-03 23:00:00+00:00,11.48,80.15,0.0,0.0,0.0,340.2,5.59,243.0,99880.0
1990-07-04 00:00:00+00:00,11.12,80.1,0.0,0.0,0.0,324.35,5.66,244.0,99840.0
1990-07-04 01:00:00+00:00,10.89,80.1,0.0,0.0,0.0,320.8,5.72,244.0,99830.0
1990-07-04 02:00:00+00:00,10.77,80.05,0.0,0.0,0.0,327.45,5.86,244.0,99780.0
1990-07-04 03:00:00+00:00,10.73,80.05,0.0,0.0,0.0,337.7,5.79,244.0,99750.0
1990-07-04 04:00:00+00:00,10.48,83.0,3.0,0.0,3.0,324.15,5.52,245.0,99720.0
1990-07-04 05:00:00+00:00,10.33,86.0,29.0,0.0,29.0,310.05,5.66,246.0,99750.0
1990-07-04 06:00:00+00:00,10.6,83.0,75.0,0.0,75.0,308.1,5.66,248.0,99720.0
1990-07-04 07:00:00+00:00,11.44,77.3,249.0,110.52,200.0,323.95,7.52,258.0,99730.0
1990-07-04 08:00:00+00:00,12.07,74.6,402.0,256.6,256.0,343.1,7.38,262.0,99760.0
1990-07-04 09:00:00+00:00,12.94,67.05,436.0,165.24,324.0,345.05,8.07,265.0,99790.0
1990-07-04 10:00:00+00:00,13.79,67.15,771.0,851.26,122.0,330.55,8.28,268.0,99790.0
1990-07-04 11:00:00+00:00,14.35,64.85,724.0,538.56,284.0,333.25,7.72,270.0,99810.0
1990-07-04 12:00:00+00:00,14.78,60.4,689.0,405.79,349.0,337.5,8.14,272.0,99850.0
1990-07-04 13:00:00+00:00,15.22,58.35,509.0,128.7,403.0,321.65,8.28,272.0,99850.0
1990-07-04 14:00:00+00:00,15.18,58.35,721.0,646.3,220.0,337.7,7.79,269.0,99900.0
1990-07-04 15:00:00+00:00,14.78,60.4,618.0,564.75,225.0,351.45,7.45,266.0,99940.0
1990-07-04 16:00:00+00:00,14.78,60.4,457.0,358.64,245.0,314.65,7.59,268.0,99950.0
1990-07-04 17:00:00+00:00,14.63,60.4,168.0,8.55,164.0,319.9,7.45,269.0,100000.0
1990-07-04 18:00:00+00:00,13.87,64.75,115.0,8.95,112.0,321.25,6.41,266.0,100030.0
1990-07-04 19:00:00+00:00,12.96,72.1,76.0,24.86,71.0,341.0,5.86,260.0,100080.0
1990-07-04 20:00:00+00:00,12.44,74.7,19.0,13.25,18.0,329.75,5.31,259.0,100110.0
1990-07-04 21:00:00+00:00,11.92,77.35,0.0,0.0,0.0,330.55,5.17,261.0,100180.0
1990-07-04 22:00:00+00:00,11.28,80.1,0.0,0.0,0.0,308.5,4.76,260.0,100220.0
1990-07-04 23:00:00+00:00,10.82,83.0,0.0,0.0,0.0,304.05,4.48,259.0,100260.0
1990-07-05 00:00:00+00:00,10.53,83.0,0.0,0.0,0.0,305.55,4.21,257.0,100270.0
1990-07-05 01:00:00+00:00,10.24,86.0,0.0,0.0,0.0,297.15,4.07,254.0,100290.0
1990-07-05 02:00:00+00:00,10.03,86.0,0.0,0.0,0.0,296.65,4.0,254.0,100300.0
1990-07-05 03:00:00+00:00,9.95,86.0,0.0,0.0,0.0,304.6,4.07,255.0,100310.0
1990-07-05 04:00:00+00:00,9.86,92.45,2.0,0.0,2.0,303.05,4.0,259.0,100350.0
1990-07-05 05:00:00+00:00,10.11,89.2,45.0,0.0,45.0,302.1,3.93,264.0,100400.0
1990-07-05 06:00:00+00:00,10.81,83.0,139.0,48.72,124.0,304.4,4.69,276.0,100470.0
1990-07-05 07:00:00+00:00,11.6,74.55,269.0,153.9,201.0,308.1,4.55,285.0,100500.0
1990-07-05 08:00:00+00:00,12.43,66.95,194.0,3.52,192.0,313.5,4.62,291.0,100550.0
1990-07-05 09:00:00+00:00,13.18,62.3,368.0,76.86,316.0,323.75,4.48,296.0,100580.0
1990-07-05 10:00:00+00:00,13.78,58.0,474.0,135.3,371.0,345.85,4.14,297.0,100610.0
1990-07-05 11:00:00+00:00,14.24,56.0,438.0,64.95,385.0,350.3,3.93,295.0,100650.0
1990-07-05 12:00:00+00:00,14.66,54.1,511.0,119.47,411.0,349.1,3.86,291.0,100680.0
1990-07-05 13:00:00+00:00,15.1,52.25,569.0,206.6,399.0,357.45,3.86,287.0,100730.0
1990-07-05 14:00:00+00:00,15.39,54.25,578.0,286.65,356.0,357.25,4.0,284.0,100750.0
1990-07-05 15:00:00+00:00,16.02,50.6,566.0,409.95,281.0,358.4,4.0,283.0,100750.0
1990-07-05 16:00:00+00:00,16.35,50.6,484.0,442.04,223.0,350.1,4.21,280.0,100760.0
1990-07-05 17:00:00+00:00,16.41,48.8,379.0,457.94,165.0,336.75,4.41,276.0,100790.0
1990-07-05 18:00:00+00:00,15.88,52.4,255.0,412.9,117.0,322.05,4.28,267.0,100770.0
1990-07-05 19:00:00+00:00,15.1,58.35,54.0,0.0,54.0,322.05,4.14,260.0,100740.0
1990-07-05 20:00:00+00:00,14.3,64.85,4.0,0.0,4.0,342.15,4.62,256.0,100780.0
1990-07-05 21:00:00+00:00,13.59,72.2,0.0,0.0,0.0,350.5,4.55,251.0,100760.0
1990-07-05 22:00:00+00:00,13.02,80.35,0.0,0.0,0.0,342.75,4.28,248.0,100790.0
1990-07-05 23:00:00+00:00,12.86,89.4,0.0,0.0,0.0,355.3,4.62,247.0,100770.0
1990-07-06 00:00:00+00:00,12.89,92.6,0.0,0.0,0.0,360.35,4.9,249.0,100760.0
1990-07-06 01:00:00+00:00,12.75,92.6,0.0,0.0,0.0,365.85,5.38,250.0,100690.0
1990-07-06 02:00:00+00:00,12.69,92.6,0.0,0.0,0.0,365.0,5.52,252.0,100670.0
1990-07-06 03:00:00+00:00,12.62,95.95,0.0,0.0,0.0,365.75,5.45,253.0,100610.0
1990-07-06 04:00:00+00:00,12.64,95.95,11.0,0.0,11.0,364.6,5.66,254.0,100580.0
1990-07-06 05:00:00+00:00,12.8,95.95,11.0,0.0,11.0,366.75,5.93,256.0,100570.0
1990-07-06 06:00:00+00:00,13.22,92.65,37.0,0.0,37.0,365.2,7.31,255.0,100530.0
1990-07-06 07:00:00+00:00,13.96,86.4,60.0,0.0,60.0,363.05,7.86,255.0,100490.0
1990-07-06 08:00:00+00:00,13.85,92.65,92.0,0.0,92.0,371.75,6.97,251.0,100470.0
1990-07-06 09:00:00+00:00,14.14,89.5,153.0,0.0,153.0,374.85,7.59,250.0,100440.0
1990-07-06 10:00:00+00:00,14.79,83.45,135.0,0.0,135.0,373.3,8.48,254.0,100410.0
1990-07-06 11:00:00+00:00,14.82,83.45,187.0,0.0,187.0,374.65,8.07,254.0,100370.0
1990-07-06 12:00:00+00:00,15.16,80.6,179.0,0.0,179.0,376.2,8.0,255.0,100330.0
1990-07-06 13:00:00+00:00,15.4,80.6,163.0,0.0,163.0,375.85,8.34,256.0,100260.0
1990-07-06 14:00:00+00:00,15.54,77.85,237.0,0.0,237.0,375.65,8.69,259.0,100230.0
1990-07-06 15:00:00+00:00,15.8,75.15,384.0,87.84,323.0,379.7,9.03,262.0,100220.0
1990-07-06 16:00:00+00:00,15.47,75.15,400.0,228.94,265.0,377.2,8.41,263.0,100210.0
1990-07-06 17:00:00+00:00,15.6,72.55,274.0,139.33,209.0,360.75,8.0,270.0,100230.0
1990-07-06 18:00:00+00:00,15.01,72.45,83.0,0.0,83.0,363.65,6.97,273.0,100300.0
1990-07-06 19:00:00+00:00,14.11,77.65,116.0,195.75,77.0,371.0,5.86,276.0,100380.0
1990-07-06 20:00:00+00:00,13.64,80.4,23.0,27.27,21.0,365.4,5.1,273.0,100460.0
1990-07-06 21:00:00+00:00,13.19,80.35,0.0,0.0,0.0,353.4,5.03,275.0,100550.0
1990-07-06 22:00:00+00:00,12.9,80.35,0.0,0.0,0.0,350.65,4.69,277.0,100630.0
1990-07-06 23:00:00+00:00,12.7,83.25,0.0,0.0,0.0,347.2,4.48,278.0,100690.0
1990-07-07 00:00:00+00:00,12.53,83.25,0.0,0.0,0.0,342.35,4.21,280.0,100740.0
1990-07-07 01:00:00+00:00,12.23,86.2,0.0,0.0,0.0,329.9,3.86,284.0,100800.0
1990-07-07 02:00:00+00:00,12.1,86.2,0.0,0.0,0.0,331.5,3.45,286.0,100890.0
1990-07-07 03:00:00+00:00,11.94,86.2,0.0,0.0,0.0,332.3,3.03,288.0,100920.0
1990-07-07 04:00:00+00:00,11.76,89.3,3.0,0.0,3.0,332.85,2.83,286.0,100960.0
1990-07-07 05:00:00+00:00,11.67,89.3,104.0,239.52,63.0,311.4,2.62,284.0,101000.0
1990-07-07 06:00:00+00:00,12.39,86.2,254.0,574.84,79.0,316.05,2.97,286.0,101080.0
1990-07-07 07:00:00+00:00,13.65,80.4,407.0,727.25,88.0,324.15,3.24,282.0,101140.0
1990-07-07 08:00:00+00:00,14.5,75.0,551.0,809.35,94.0,329.2,3.31,276.0,101200.0
1990-07-07 09:00:00+00:00,15.35,72.45,673.0,845.85,103.0,326.1,3.31,270.0,101240.0
1990-07-07 10:00:00+00:00,16.78,65.35,781.0,901.33,97.0,323.55,3.52,273.0,101260.0
1990-07-07 11:00:00+00:00,17.89,67.85,809.0,822.0,140.0,318.55,3.72,269.0,101250.0
1990-07-07 12:00:00+00:00,19.19,61.3,838.0,840.63,136.0,327.05,4.28,273.0,101250.0
1990-07-07 13:00:00+00:00,20.03,59.35,813.0,811.12,147.0,352.0,4.69,278.0,101240.0
1990-07-07 14:00:00+00:00,20.41,59.35,757.0,794.48,143.0,352.8,5.24,278.0,101240.0
1990-07-07 15:00:00+00:00,20.0,59.35,689.0,831.87,112.0,368.1,5.66,277.0,101260.0
1990-07-07 16:00:00+00:00,19.12,65.75,573.0,803.3,100.0,370.6,5.66,273.0,101280.0
1990-07-07 17:00:00+00:00,18.53,68.05,415.0,652.93,111.0,357.45,5.72,270.0,101270.0
1990-07-07 18:00:00+00:00,17.69,72.8,266.0,496.48,101.0,355.7,5.45,265.0,101290.0
1990-07-07 19:00:00+00:00,17.05,72.8,137.0,363.39,65.0,331.3,4.83,267.0,101370.0
1990-07-07 20:00:00+00:00,16.01,75.25,3.0,0.0,3.0,329.95,4.62,266.0,101400.0
1990-07-07 21:00:00+00:00,15.02,80.6,0.0,0.0,0.0,346.8,4.69,266.0,101460.0
1990-07-07 22:00:00+00:00,14.3,86.4,0.0,0.0,0.0,351.85,4.62,263.0,101500.0
1990-07-07 23:00:00+00:00,13.76,89.45,0.0,0.0,0.0,348.95,4.55,259.0,101480.0
1990-07-08 00:00:00+00:00,13.41,89.45,0.0,0.0,0.0,346.4,4.48,256.0,101500.0
1990-07-08 01:00:00+00:00,13.3,92.65,0.0,0.0,0.0,349.6,4.48,254.0,101470.0
1990-07-08 02:00:00+00:00,13.13,92.65,0.0,0.0,0.0,345.25,4.55,254.0,101440.0
1990-07-08 03:00:00+00:00,13.06,92.65,0.0,0.0,0.0,348.55,4.69,254.0,101430.0
1990-07-08 04:00:00+00:00,13.05,92.65,2.0,0.0,2.0,352.0,4.69,254.0,101430.0
1990-07-08 05:00:00+00:00,13.17,92.65,38.0,0.0,38.0,353.2,4.83,255.0,101400.0
1990-07-08 06:00:00+00:00,13.58,89.45,85.0,3.3,84.0,359.55,5.45,260.0,101410.0
1990-07-08 07:00:00+00:00,14.22,86.4,237.0,98.42,194.0,362.1,5.66,255.0,101440.0
1990-07-08 08:00:00+00:00,15.08,80.6,284.0,60.38,250.0,364.6,6.28,259.0,101440.0
1990-07-08 09:00:00+00:00,15.74,77.85,450.0,200.76,315.0,349.9,6.69,259.0,101430.0
1990-07-08 10:00:00+00:00,16.3,72.65,438.0,101.64,361.0,352.6,6.83,257.0,101410.0
1990-07-08 11:00:00+00:00,16.55,72.7,695.0,484.81,301.0,361.3,6.9,257.0,101390.0
1990-07-08 12:00:00+00:00,16.07,75.25,797.0,717.01,199.0,372.55,6.21,256.0,101390.0
1990-07-08 13:00:00+00:00,15.76,77.85,639.0,342.64,358.0,373.5,6.28,256.0,101360.0
1990-07-08 14:00:00+00:00,16.41,72.65,518.0,191.73,370.0,359.55,6.83,261.0,101310.0
1990-07-08 15:00:00+00:00,16.6,70.2,456.0,184.78,328.0,352.0,6.83,263.0,101310.0
1990-07-08 16:00:00+00:00,16.52,67.75,361.0,147.99,274.0,361.1,6.69,265.0,101280.0
1990-07-08 17:00:00+00:00,16.25,70.1,232.0,64.57,202.0,365.55,6.76,270.0,101250.0
1990-07-08 18:00:00+00:00,16.03,67.65,101.0,3.02,100.0,351.85,6.28,272.0,101270.0
1990-07-08 19:00:00+00:00,15.55,75.15,22.0,0.0,22.0,359.95,5.31,262.0,101280.0
1990-07-08 20:00:00+00:00,14.83,77.75,3.0,0.0,3.0,346.0,5.17,265.0,101290.0
1990-07-08 21:00:00+00:00,14.14,74.95,0.0,0.0,0.0,348.55,5.24,267.0,101330.0
1990-07-08 22:00:00+00:00,13.42,77.6,0.0,0.0,0.0,332.5,4.9,266.0,101300.0
1990-07-08 23:00:00+00:00,12.77,80.3,0.0,0.0,0.0,322.4,4.69,270.0,101350.0
1990-07-09 00:00:00+00:00,12.21,80.2,0.0,0.0,0.0,324.75,4.28,277.0,101360.0
1990-07-09 01:00:00+00:00,11.64,83.1,0.0,0.0,0.0,319.6,3.93,280.0,101390.0
1990-07-09 02:00:00+00:00,11.24,83.05,0.0,0.0,0.0,319.9,3.52,280.0,101400.0
1990-07-09 03:00:00+00:00,10.91,80.1,0.0,0.0,0.0,319.3,3.31,278.0,101390.0
1990-07-09 04:00:00+00:00,10.54,83.0,13.0,0.0,13.0,308.5,3.03,274.0,101390.0
1990-07-09 05:00:00+00:00,10.61,83.0,29.0,0.0,29.0,311.0,2.97,269.0,101390.0
1990-07-09 06:00:00+00:00,11.08,80.1,132.0,46.56,118.0,310.6,3.59,272.0,101410.0
1990-07-09 07:00:00+00:00,12.08,77.35,366.0,556.14,124.0,318.55,3.59,273.0,101440.0
1990-07-09 08:00:00+00:00,13.07,74.75,512.0,683.98,128.0,309.25,3.72,273.0,101470.0
1990-07-09 09:00:00+00:00,14.2,69.75,614.0,658.78,172.0,320.65,3.72,278.0,101470.0
1990-07-09 10:00:00+00:00,15.53,62.85,713.0,707.46,178.0,329.4,3.66,279.0,101440.0
1990-07-09 11:00:00+00:00,16.76,60.85,792.0,783.77,156.0,316.8,3.59,274.0,101410.0
1990-07-09 12:00:00+00:00,17.83,60.95,681.0,414.22,336.0,315.25,3.86,270.0,101380.0
1990-07-09 13:00:00+00:00,18.6,56.95,705.0,503.01,293.0,329.0,4.21,271.0,101370.0
1990-07-09 14:00:00+00:00,18.88,59.05,729.0,712.15,180.0,335.2,4.34,274.0,101340.0
1990-07-09 15:00:00+00:00,19.09,57.1,674.0,799.47,121.0,335.4,4.55,271.0,101340.0
1990-07-09 16:00:00+00:00,19.0,57.1,546.0,720.79,123.0,332.1,4.62,271.0,101300.0
1990-07-09 17:00:00+00:00,18.56,59.05,422.0,699.02,98.0,332.5,4.62,271.0,101270.0
1990-07-09 18:00:00+00:00,17.88,63.2,280.0,602.91,81.0,328.8,4.55,269.0,101280.0
1990-07-09 19:00:00+00:00,17.51,65.45,144.0,439.63,58.0,324.95,4.14,263.0,101250.0
1990-07-09 20:00:00+00:00,16.3,70.1,22.0,0.0,22.0,322.6,4.41,264.0,101270.0
1990-07-09 21:00:00+00:00,15.0,72.45,0.0,0.0,0.0,316.6,4.28,266.0,101320.0
1990-07-09 22:00:00+00:00,14.06,77.65,0.0,0.0,0.0,316.4,4.28,266.0,101320.0
1990-07-09 23:00:00+00:00,13.5,83.35,0.0,0.0,0.0,317.4,3.93,263.0,101320.0
1990-07-10 00:00:00+00:00,13.2,89.4,0.0,0.0,0.0,322.4,3.66,259.0,101270.0
1990-07-10 01:00:00+00:00,13.15,92.65,0.0,0.0,0.0,329.5,3.66,258.0,101230.0
1990-07-10 02:00:00+00:00,13.18,92.65,0.0,0.0,0.0,348.55,3.72,259.0,101180.0
1990-07-10 03:00:00+00:00,12.98,92.65,0.0,0.0,0.0,345.05,3.66,260.0,101160.0
1990-07-10 04:00:00+00:00,12.73,95.95,11.0,0.0,11.0,344.85,3.52,259.0,101110.0
1990-07-10 05:00:00+00:00,12.79,95.95,93.0,175.57,64.0,346.6,3.38,257.0,101100.0
1990-07-10 06:00:00+00:00,13.09,89.4,251.0,582.48,77.0,339.25,3.52,259.0,101090.0
1990-07-10 07:00:00+00:00,14.67,83.45,399.0,710.84,91.0,323.0,3.93,260.0,101100.0
1990-07-10 08:00:00+00:00,16.09,75.25,550.0,816.49,93.0,325.9,3.86,261.0,101090.0
1990-07-10 09:00:00+00:00,17.55,70.3,659.0,809.71,117.0,308.3,3.79,263.0,101060.0
1990-07-10 10:00:00+00:00,18.98,63.5,759.0,843.93,122.0,311.55,3.59,265.0,101010.0
1990-07-10 11:00:00+00:00,20.21,61.5,820.0,852.91,129.0,315.25,3.38,265.0,100980.0
1990-07-10 12:00:00+00:00,21.32,57.55,841.0,848.85,135.0,317.95,3.17,265.0,100950.0
1990-07-10 13:00:00+00:00,22.2,53.85,820.0,832.57,139.0,322.4,3.1,264.0,100940.0
1990-07-10 14:00:00+00:00,22.72,52.1,777.0,849.54,123.0,326.1,3.24,263.0,100910.0
1990-07-10 15:00:00+00:00,22.86,52.1,691.0,839.82,111.0,328.6,3.45,262.0,100890.0
1990-07-10 16:00:00+00:00,22.62,52.1,563.0,769.96,112.0,329.0,3.72,262.0,100860.0
1990-07-10 17:00:00+00:00,21.99,53.85,429.0,720.28,96.0,327.85,3.72,262.0,100810.0
1990-07-10 18:00:00+00:00,21.14,57.55,288.0,641.78,77.0,324.55,3.52,259.0,100790.0
1990-07-10 19:00:00+00:00,20.46,65.95,146.0,458.28,57.0,323.55,3.17,257.0,100750.0
1990-07-10 20:00:00+00:00,18.99,70.55,21.0,0.0,21.0,318.35,3.1,256.0,100780.0
1990-07-10 21:00:00+00:00,17.38,75.4,0.0,0.0,0.0,312.15,2.9,249.0,100780.0
1990-07-10 22:00:00+00:00,16.12,77.95,0.0,0.0,0.0,305.95,2.76,239.0,100770.0
1990-07-10 23:00:00+00:00,15.22,83.5,0.0,0.0,0.0,303.85,2.76,236.0,100760.0
1990-07-11 00:00:00+00:00,14.61,83.45,0.0,0.0,0.0,303.65,2.9,235.0,100740.0
1990-07-11 01:00:00+00:00,14.13,86.4,0.0,0.0,0.0,299.3,2.83,236.0,100720.0
1990-07-11 02:00:00+00:00,13.77,86.35,0.0,0.0,0.0,301.5,2.69,235.0,100690.0
1990-07-11 03:00:00+00:00,13.51,86.35,0.0,0.0,0.0,307.7,2.48,232.0,100650.0
1990-07-11 04:00:00+00:00,13.34,89.4,1.0,0.0,1.0,317.4,2.34,230.0,100610.0
1990-07-11 05:00:00+00:00,13.82,89.45,48.0,6.13,47.0,330.95,2.0,228.0,100590.0
1990-07-11 06:00:00+00:00,15.15,80.6,174.0,165.17,125.0,329.4,1.72,230.0,100560.0
1990-07-11 07:00:00+00:00,16.65,78.0,364.0,558.68,123.0,329.4,1.93,220.0,100580.0
1990-07-11 08:00:00+00:00,18.03,75.45,482.0,560.99,169.0,341.55,2.14,222.0,100590.0
1990-07-11 09:00:00+00:00,19.45,73.05,544.0,431.3,256.0,347.4,2.28,220.0,100540.0
1990-07-11 10:00:00+00:00,20.5,66.05,672.0,580.1,235.0,358.8,2.34,214.0,100510.0
1990-07-11 11:00:00+00:00,21.56,61.85,706.0,525.46,281.0,359.4,2.76,208.0,100450.0
1990-07-11 12:00:00+00:00,22.31,57.75,584.0,228.79,394.0,366.95,3.24,207.0,100410.0
1990-07-11 13:00:00+00:00,22.82,54.0,577.0,233.85,386.0,367.5,3.79,206.0,100350.0
1990-07-11 14:00:00+00:00,22.93,52.1,398.0,58.54,353.0,366.95,4.48,210.0,100290.0
1990-07-11 15:00:00+00:00,22.96,50.3,259.0,8.7,253.0,356.65,5.1,220.0,100270.0
1990-07-11 16:00:00+00:00,22.68,48.55,195.0,3.42,193.0,342.55,5.24,221.0,100250.0
1990-07-11 17:00:00+00:00,22.16,48.45,149.0,4.34,147.0,344.3,5.17,218.0,100200.0
1990-07-11 18:00:00+00:00,21.3,51.75,37.0,0.0,37.0,342.15,4.69,215.0,100150.0
1990-07-11 19:00:00+00:00,20.29,59.35,25.0,0.0,25.0,358.8,4.62,214.0,100150.0
1990-07-11 20:00:00+00:00,19.66,61.4,3.0,0.0,3.0,359.95,4.41,216.0,100140.0
1990-07-11 21:00:00+00:00,19.13,63.5,0.0,0.0,0.0,358.0,4.62,214.0,100140.0
1990-07-11 22:00:00+00:00,18.7,65.65,0.0,0.0,0.0,354.15,4.97,215.0,100150.0
1990-07-11 23:00:00+00:00,18.31,65.55,0.0,0.0,0.0,354.95,4.69,217.0,100140.0
1990-07-12 00:00:00+00:00,17.92,70.3,0.0,0.0,0.0,364.8,4.21,218.0,100110.0
1990-07-12 01:00:00+00:00,17.55,70.3,0.0,0.0,0.0,357.95,3.72,211.0,100080.0
1990-07-12 02:00:00+00:00,17.24,70.3,0.0,0.0,0.0,357.85,3.79,208.0,100040.0
1990-07-12 03:00:00+00:00,17.32,70.3,0.0,0.0,0.0,368.65,4.55,213.0,100040.0
1990-07-12 04:00:00+00:00,17.49,70.3,1.0,0.0,1.0,373.5,5.03,217.0,100020.0
1990-07-12 05:00:00+00:00,17.61,72.8,44.0,6.22,43.0,378.55,5.38,224.0,100030.0
1990-07-12 06:00:00+00:00,17.61,75.4,183.0,207.1,122.0,376.4,5.52,230.0,100040.0
1990-07-12 07:00:00+00:00,17.92,78.1,333.0,416.87,154.0,372.15,4.83,234.0,100070.0
1990-07-12 08:00:00+00:00,17.84,75.4,336.0,143.86,256.0,380.45,5.03,239.0,100080.0
1990-07-12 09:00:00+00:00,18.13,72.9,446.0,204.18,310.0,374.1,5.93,241.0,100120.0
1990-07-12 10:00:00+00:00,18.72,68.05,372.0,47.89,336.0,375.45,7.45,245.0,100130.0
1990-07-12 11:00:00+00:00,18.99,65.75,400.0,45.83,363.0,379.3,6.9,246.0,100130.0
1990-07-12 12:00:00+00:00,18.79,70.45,294.0,3.62,291.0,380.45,6.14,248.0,100160.0
1990-07-12 13:00:00+00:00,18.68,70.45,214.0,0.0,214.0,382.2,5.52,250.0,100140.0
1990-07-12 14:00:00+00:00,19.02,68.1,373.0,43.0,340.0,378.55,5.45,254.0,100150.0
1990-07-12 15:00:00+00:00,18.19,72.9,140.0,0.0,140.0,381.25,4.62,256.0,100180.0
1990-07-12 16:00:00+00:00,17.85,72.8,350.0,137.16,270.0,377.4,4.48,251.0,100180.0
1990-07-12 17:00:00+00:00,17.82,72.8,371.0,474.26,153.0,362.1,4.62,250.0,100160.0
1990-07-12 18:00:00+00:00,17.3,70.3,261.0,512.43,94.0,341.2,4.83,251.0,100180.0
1990-07-12 19:00:00+00:00,17.06,70.3,121.0,266.93,70.0,333.45,4.97,255.0,100180.0
1990-07-12 20:00:00+00:00,15.65,72.55,11.0,0.0,11.0,319.1,4.9,259.0,100240.0
1990-07-12 21:00:00+00:00,14.28,72.3,0.0,0.0,0.0,318.55,4.9,263.0,100260.0
1990-07-12 22:00:00+00:00,13.27,69.55,0.0,0.0,0.0,321.05,5.1,265.0,100330.0
1990-07-12 23:00:00+00:00,12.45,69.45,0.0,0.0,0.0,305.0,4.83,262.0,100350.0
1990-07-13 00:00:00+00:00,11.9,71.95,0.0,0.0,0.0,294.95,4.76,260.0,100350.0
1990-07-13 01:00:00+00:00,11.63,77.3,0.0,0.0,0.0,303.35,4.62,260.0,100340.0
1990-07-13 02:00:00+00:00,11.3,83.05,0.0,0.0,0.0,295.1,4.55,260.0,100330.0
1990-07-13 03:00:00+00:00,11.08,83.05,0.0,0.0,0.0,298.8,4.55,260.0,100320.0
1990-07-13 04:00:00+00:00,10.95,83.05,4.0,0.0,4.0,305.2,4.48,263.0,100350.0
1990-07-13 05:00:00+00:00,10.94,83.05,73.0,75.73,61.0,294.95,4.14,263.0,100380.0
1990-07-13 06:00:00+00:00,11.42,77.3,230.0,465.18,94.0,300.75,5.03,267.0,100370.0
1990-07-13 07:00:00+00:00,12.56,69.45,387.0,673.94,99.0,290.5,5.66,270.0,100400.0
1990-07-13 08:00:00+00:00,13.56,62.45,341.0,144.35,261.0,311.95,5.66,266.0,100430.0
1990-07-13 09:00:00+00:00,14.58,58.25,415.0,144.51,319.0,336.75,5.72,264.0,100440.0
1990-07-13 10:00:00+00:00,15.24,56.25,502.0,183.96,364.0,349.5,5.86,262.0,100460.0
1990-07-13 11:00:00+00:00,15.19,58.35,701.0,496.33,301.0,361.7,5.66,259.0,100500.0
1990-07-13 12:00:00+00:00,15.48,56.35,662.0,362.43,362.0,360.55,6.34,261.0,100520.0
1990-07-13 13:00:00+00:00,15.86,56.35,472.0,93.35,396.0,345.85,6.55,262.0,100490.0
1990-07-13 14:00:00+00:00,16.18,56.5,495.0,156.63,375.0,362.5,6.41,262.0,100450.0
1990-07-13 15:00:00+00:00,16.28,56.5,186.0,0.0,186.0,352.4,6.0,260.0,100430.0
1990-07-13 16:00:00+00:00,16.18,56.5,464.0,396.99,233.0,346.4,5.79,260.0,100410.0
1990-07-13 17:00:00+00:00,16.35,56.5,165.0,8.73,161.0,320.65,6.21,262.0,100430.0
1990-07-13 18:00:00+00:00,15.84,58.45,242.0,379.27,119.0,313.3,5.79,262.0,100470.0
1990-07-13 19:00:00+00:00,14.72,64.95,141.0,443.68,57.0,310.4,4.55,262.0,100480.0
1990-07-13 20:00:00+00:00,14.07,67.25,3.0,0.0,3.0,311.55,3.86,260.0,100500.0
1990-07-13 21:00:00+00:00,13.21,69.55,0.0,0.0,0.0,306.75,3.79,255.0,100520.0
1990-07-13 22:00:00+00:00,12.57,74.7,0.0,0.0,0.0,311.2,3.79,253.0,100540.0
1990-07-13 23:00:00+00:00,12.06,77.35,0.0,0.0,0.0,313.5,3.72,253.0,100520.0
1990-07-14 00:00:00+00:00,11.35,83.05,0.0,0.0,0.0,290.85,3.72,255.0,100530.0
1990-07-14 01:00:00+00:00,10.88,83.05,0.0,0.0,0.0,291.75,3.59,257.0,100500.0
1990-07-14 02:00:00+00:00,10.45,86.05,0.0,0.0,0.0,288.75,3.45,260.0,100490.0
1990-07-14 03:00:00+00:00,10.08,89.2,0.0,0.0,0.0,288.35,3.24,261.0,100490.0
1990-07-14 04:00:00+00:00,9.86,92.45,1.0,0.0,1.0,293.2,3.1,262.0,100500.0
1990-07-14 05:00:00+00:00,10.04,92.5,31.0,0.0,31.0,293.55,2.9,262.0,100530.0
1990-07-14 06:00:00+00:00,10.78,86.05,101.0,10.34,98.0,303.05,3.66,269.0,100550.0
1990-07-14 07:00:00+00:00,12.26,77.35,203.0,51.74,181.0,316.8,3.72,273.0,100560.0
1990-07-14 08:00:00+00:00,13.3,69.55,477.0,546.86,175.0,324.55,3.93,274.0,100580.0
1990-07-14 09:00:00+00:00,14.26,67.25,433.0,179.62,314.0,323.2,3.93,274.0,100540.0
1990-07-14 10:00:00+00:00,14.95,62.75,485.0,164.33,362.0,329.95,4.07,274.0,100550.0
1990-07-14 11:00:00+00:00,15.78,67.55,544.0,191.45,390.0,326.65,4.41,273.0,100570.0
1990-07-14 12:00:00+00:00,16.29,70.1,265.0,1.21,264.0,343.1,4.62,271.0,100570.0
1990-07-14 13:00:00+00:00,16.75,70.2,400.0,41.83,366.0,340.8,4.76,271.0,100580.0
1990-07-14 14:00:00+00:00,16.97,67.85,217.0,0.0,217.0,343.9,4.97,274.0,100580.0
1990-07-14 15:00:00+00:00,17.13,65.45,461.0,198.39,325.0,346.2,5.1,277.0,100580.0
1990-07-14 16:00:00+00:00,16.7,60.85,404.0,242.93,263.0,329.95,5.31,279.0,100600.0
1990-07-14 17:00:00+00:00,16.41,60.75,263.0,122.64,207.0,336.35,5.24,279.0,100600.0
1990-07-14 18:00:00+00:00,15.96,60.75,84.0,0.0,84.0,321.45,4.9,276.0,100600.0
1990-07-14 19:00:00+00:00,15.31,62.75,91.0,90.67,74.0,317.4,4.48,270.0,100640.0
1990-07-14 20:00:00+00:00,14.55,67.35,15.0,0.0,15.0,321.45,4.14,264.0,100660.0
1990-07-14 21:00:00+00:00,13.8,74.85,0.0,0.0,0.0,329.95,3.93,260.0,100670.0
1990-07-14 22:00:00+00:00,13.06,77.5,0.0,0.0,0.0,317.2,3.79,256.0,100660.0
1990-07-14 23:00:00+00:00,12.52,80.3,0.0,0.0,0.0,315.45,3.59,252.0,100660.0
1990-07-15 00:00:00+00:00,12.1,86.2,0.0,0.0,0.0,312.15,3.52,247.0,100610.0
1990-07-15 01:00:00+00:00,12.09,86.2,0.0,0.0,0.0,331.4,3.72,243.0,100580.0
1990-07-15 02:00:00+00:00,12.34,89.35,0.0,0.0,0.0,354.15,4.0,241.0,100530.0
1990-07-15 03:00:00+00:00,12.55,86.25,0.0,0.0,0.0,361.3,3.93,242.0,100470.0
1990-07-15 04:00:00+00:00,12.65,89.4,1.0,0.0,1.0,360.75,3.93,243.0,100440.0
1990-07-15 05:00:00+00:00,12.73,89.4,15.0,0.0,15.0,362.65,3.93,244.0,100410.0
1990-07-15 06:00:00+00:00,12.85,89.4,52.0,0.0,52.0,362.85,3.79,244.0,100390.0
1990-07-15 07:00:00+00:00,13.02,92.65,57.0,0.0,57.0,366.35,3.31,233.0,100340.0
1990-07-15 08:00:00+00:00,13.21,92.65,143.0,0.0,143.0,368.3,3.31,237.0,100300.0
1990-07-15 09:00:00+00:00,13.47,89.45,133.0,0.0,133.0,371.4,3.66,252.0,100290.0
1990-07-15 10:00:00+00:00,14.17,89.5,229.0,0.0,229.0,371.75,3.45,266.0,100260.0
1990-07-15 11:00:00+00:00,14.54,89.5,305.0,7.47,299.0,375.85,3.59,275.0,100300.0
1990-07-15 12:00:00+00:00,16.1,80.75,544.0,177.02,398.0,364.6,3.93,285.0,100320.0
1990-07-15 13:00:00+00:00,17.35,75.4,665.0,421.53,323.0,353.0,4.21,292.0,100360.0
1990-07-15 14:00:00+00:00,18.01,67.95,566.0,292.15,343.0,346.6,4.21,297.0,100380.0
1990-07-15 15:00:00+00:00,18.06,65.55,588.0,524.84,229.0,327.85,4.07,299.0,100400.0
1990-07-15 16:00:00+00:00,18.37,63.3,455.0,397.34,225.0,332.3,4.0,296.0,100410.0
1990-07-15 17:00:00+00:00,18.16,61.05,392.0,591.25,123.0,346.8,3.79,292.0,100440.0
1990-07-15 18:00:00+00:00,17.56,60.95,213.0,258.71,130.0,333.85,3.45,291.0,100480.0
1990-07-15 19:00:00+00:00,17.11,56.75,111.0,220.97,70.0,310.05,2.21,294.0,100510.0
1990-07-15 20:00:00+00:00,15.95,60.75,9.0,0.0,9.0,309.85,1.66,284.0,100550.0
1990-07-15 21:00:00+00:00,14.64,67.35,0.0,0.0,0.0,314.1,1.66,269.0,100600.0
1990-07-15 22:00:00+00:00,13.46,72.2,0.0,0.0,0.0,307.3,1.79,263.0,100650.0
1990-07-15 23:00:00+00:00,12.61,77.45,0.0,0.0,0.0,310.05,1.79,262.0,100670.0
1990-07-16 00:00:00+00:00,12.02,80.2,0.0,0.0,0.0,318.55,1.79,258.0,100680.0
1990-07-16 01:00:00+00:00,11.14,86.1,0.0,0.0,0.0,304.35,1.79,251.0,100710.0
1990-07-16 02:00:00+00:00,10.36,89.2,0.0,0.0,0.0,295.7,1.86,251.0,100720.0
1990-07-16 03:00:00+00:00,9.93,89.2,0.0,0.0,0.0,299.0,2.0,252.0,100730.0
1990-07-16 04:00:00+00:00,9.69,92.45,1.0,0.0,1.0,300.55,2.14,254.0,100740.0
1990-07-16 05:00:00+00:00,9.86,92.45,70.0,86.04,57.0,299.2,1.93,254.0,100740.0
1990-07-16 06:00:00+00:00,10.91,86.1,218.0,448.54,90.0,297.45,1.93,250.0,100730.0
1990-07-16 07:00:00+00:00,12.26,80.2,358.0,582.22,113.0,300.95,2.55,253.0,100790.0
1990-07-16 08:00:00+00:00,13.46,69.65,292.0,82.1,247.0,297.05,2.83,254.0,100790.0
1990-07-16 09:00:00+00:00,14.6,64.95,373.0,98.68,308.0,297.25,2.76,253.0,100790.0
1990-07-16 10:00:00+00:00,16.12,60.75,446.0,120.81,356.0,302.5,2.83,251.0,100760.0
1990-07-16 11:00:00+00:00,17.25,58.8,619.0,338.29,348.0,305.55,3.03,249.0,100730.0
1990-07-16 12:00:00+00:00,18.43,58.9,784.0,716.72,194.0,317.95,3.66,253.0,100770.0
1990-07-16 13:00:00+00:00,19.24,55.05,778.0,740.94,178.0,324.55,4.0,257.0,100750.0
1990-07-16 14:00:00+00:00,19.74,53.25,698.0,640.61,210.0,337.3,3.86,259.0,100730.0
1990-07-16 15:00:00+00:00,20.22,53.35,600.0,568.54,212.0,326.3,4.0,257.0,100710.0
1990-07-16 16:00:00+00:00,20.49,53.5,272.0,43.31,247.0,338.65,4.76,259.0,100710.0
1990-07-16 17:00:00+00:00,19.75,57.2,65.0,0.0,65.0,362.1,4.9,264.0,100720.0
1990-07-16 18:00:00+00:00,18.33,65.55,35.0,0.0,35.0,366.75,4.34,264.0,100750.0
1990-07-16 19:00:00+00:00,17.63,72.8,18.0,0.0,18.0,368.5,2.97,260.0,100750.0
1990-07-16 20:00:00+00:00,16.79,75.3,2.0,0.0,2.0,365.95,2.41,254.0,100760.0
1990-07-16 21:00:00+00:00,16.09,77.95,0.0,0.0,0.0,358.0,2.48,243.0,100820.0
1990-07-16 22:00:00+00:00,15.79,80.65,0.0,0.0,0.0,372.35,2.62,232.0,100820.0
1990-07-16 23:00:00+00:00,15.57,83.55,0.0,0.0,0.0,372.95,2.41,221.0,100790.0
1990-07-17 00:00:00+00:00,15.04,83.5,0.0,0.0,0.0,349.7,2.07,215.0,100750.0
1990-07-17 01:00:00+00:00,14.79,86.45,0.0,0.0,0.0,351.35,2.34,213.0,100720.0
1990-07-17 02:00:00+00:00,14.73,86.45,0.0,0.0,0.0,355.7,2.55,217.0,100720.0
1990-07-17 03:00:00+00:00,14.87,86.45,0.0,0.0,0.0,370.0,2.62,221.0,100700.0
1990-07-17 04:00:00+00:00,14.84,86.45,1.0,0.0,1.0,367.5,2.76,223.0,100690.0
1990-07-17 05:00:00+00:00,14.78,86.45,9.0,0.0,9.0,362.85,2.76,218.0,100640.0
1990-07-17 06:00:00+00:00,15.01,83.5,32.0,0.0,32.0,357.45,2.9,214.0,100640.0
1990-07-17 07:00:00+00:00,16.08,83.6,84.0,0.0,84.0,366.95,2.9,211.0,100640.0
1990-07-17 08:00:00+00:00,16.91,83.65,205.0,10.99,199.0,363.85,2.69,208.0,100600.0
1990-07-17 09:00:00+00:00,17.86,80.85,185.0,0.0,185.0,366.55,3.24,210.0,100580.0
1990-07-17 10:00:00+00:00,18.69,75.55,160.0,0.0,160.0,368.1,3.86,212.0,100570.0
1990-07-17 11:00:00+00:00,20.44,68.3,314.0,10.01,306.0,361.9,4.21,216.0,100520.0
1990-07-17 12:00:00+00:00,21.99,59.7,542.0,181.37,393.0,355.9,4.0,223.0,100500.0
1990-07-17 13:00:00+00:00,23.06,52.25,419.0,59.39,371.0,358.4,4.07,228.0,100440.0
1990-07-17 14:00:00+00:00,23.89,48.8,499.0,181.54,361.0,357.25,4.28,230.0,100380.0
1990-07-17 15:00:00+00:00,24.1,48.95,425.0,152.76,321.0,352.8,4.28,228.0,100340.0
1990-07-17 16:00:00+00:00,23.93,48.8,190.0,3.48,188.0,355.9,4.34,228.0,100310.0
1990-07-17 17:00:00+00:00,23.28,50.45,231.0,77.54,196.0,364.8,3.79,223.0,100270.0
1990-07-17 18:00:00+00:00,22.54,52.1,126.0,28.4,117.0,362.3,3.03,214.0,100230.0
1990-07-17 19:00:00+00:00,21.82,53.75,51.0,5.51,50.0,354.75,3.03,226.0,100200.0
1990-07-17 20:00:00+00:00,20.43,59.35,2.0,0.0,2.0,360.35,2.62,225.0,100210.0
1990-07-17 21:00:00+00:00,19.24,63.5,0.0,0.0,0.0,358.2,2.55,216.0,100210.0
1990-07-17 22:00:00+00:00,18.34,67.95,0.0,0.0,0.0,354.15,2.62,222.0,100210.0
1990-07-17 23:00:00+00:00,17.61,70.3,0.0,0.0,0.0,349.7,2.48,227.0,100230.0
1990-07-18 00:00:00+00:00,17.05,72.8,0.0,0.0,0.0,362.1,2.41,211.0,100200.0
1990-07-18 01:00:00+00:00,16.68,78.0,0.0,0.0,0.0,359.3,2.28,204.0,100150.0
1990-07-18 02:00:00+00:00,16.51,78.0,0.0,0.0,0.0,360.15,2.28,205.0,100130.0
1990-07-18 03:00:00+00:00,16.13,80.75,0.0,0.0,0.0,344.5,2.28,209.0,100120.0
1990-07-18 04:00:00+00:00,15.65,83.55,0.0,0.0,0.0,335.95,2.21,211.0,100080.0
1990-07-18 05:00:00+00:00,15.75,86.5,69.0,102.87,54.0,336.75,2.14,211.0,100070.0
1990-07-18 06:00:00+00:00,17.01,80.85,170.0,196.16,115.0,341.2,1.93,210.0,100070.0
1990-07-18 07:00:00+00:00,18.73,81.0,280.0,252.32,175.0,341.55,2.21,212.0,100070.0
1990-07-18 08:00:00+00:00,20.3,75.75,483.0,632.58,139.0,343.1,2.48,215.0,100040.0
1990-07-18 09:00:00+00:00,21.99,71.05,606.0,694.98,151.0,345.25,2.76,221.0,100040.0
1990-07-18 10:00:00+00:00,23.52,64.4,709.0,755.47,149.0,347.4,3.38,226.0,100040.0
1990-07-18 11:00:00+00:00,24.86,58.35,773.0,776.1,154.0,348.15,3.59,228.0,100010.0
1990-07-18 12:00:00+00:00,26.03,52.85,799.0,783.09,157.0,354.15,3.72,231.0,100010.0
1990-07-18 13:00:00+00:00,26.84,46.25,779.0,763.8,163.0,361.1,3.86,231.0,99980.0
1990-07-18 14:00:00+00:00,27.38,43.3,729.0,762.05,151.0,364.0,3.86,227.0,99940.0
1990-07-18 15:00:00+00:00,27.61,40.5,643.0,746.62,136.0,364.0,3.79,222.0,99910.0
1990-07-18 16:00:00+00:00,27.43,41.8,518.0,660.7,139.0,365.55,4.0,218.0,99870.0
1990-07-18 17:00:00+00:00,26.9,41.65,374.0,534.04,134.0,360.95,3.93,218.0,99850.0
1990-07-18 18:00:00+00:00,26.07,44.55,183.0,158.81,133.0,351.05,3.31,219.0,99860.0
1990-07-18 19:00:00+00:00,25.06,45.9,92.0,128.43,69.0,351.65,2.83,209.0,99800.0
1990-07-18 20:00:00+00:00,23.39,50.45,2.0,0.0,2.0,344.65,2.41,202.0,99800.0
1990-07-18 21:00:00+00:00,21.99,53.75,0.0,0.0,0.0,349.3,2.62,192.0,99800.0
1990-07-18 22:00:00+00:00,21.04,53.6,0.0,0.0,0.0,347.55,2.41,194.0,99800.0
1990-07-18 23:00:00+00:00,19.93,57.2,0.0,0.0,0.0,341.95,2.07,199.0,99800.0
1990-07-19 00:00:00+00:00,18.56,63.4,0.0,0.0,0.0,339.45,1.93,195.0,99790.0
1990-07-19 01:00:00+00:00,17.32,67.85,0.0,0.0,0.0,335.7,1.93,186.0,99730.0
1990-07-19 02:00:00+00:00,16.49,70.2,0.0,0.0,0.0,337.3,1.93,191.0,99700.0
1990-07-19 03:00:00+00:00,15.96,72.65,0.0,0.0,0.0,336.35,1.72,177.0,99650.0
1990-07-19 04:00:00+00:00,15.13,77.8,0.0,0.0,0.0,331.9,2.07,162.0,99580.0
1990-07-19 05:00:00+00:00,16.07,75.25,33.0,0.0,33.0,363.25,1.93,175.0,99560.0
1990-07-19 06:00:00+00:00,17.74,80.85,124.0,54.0,109.0,368.1,1.38,197.0,99540.0
1990-07-19 07:00:00+00:00,20.46,73.2,62.0,0.0,62.0,366.35,1.38,185.0,99470.0
1990-07-19 08:00:00+00:00,23.39,64.3,123.0,0.0,123.0,354.55,1.45,180.0,99450.0
1990-07-19 09:00:00+00:00,25.57,56.6,501.0,358.57,267.0,354.95,1.59,175.0,99380.0
1990-07-19 10:00:00+00:00,27.28,49.7,248.0,2.71,246.0,368.5,2.14,183.0,99370.0
1990-07-19 11:00:00+00:00,28.05,46.5,617.0,349.37,339.0,383.75,2.34,208.0,99380.0
1990-07-19 12:00:00+00:00,28.47,48.15,568.0,223.7,385.0,395.0,1.38,250.0,99300.0
1990-07-19 13:00:00+00:00,29.3,45.2,541.0,197.58,382.0,394.2,1.31,248.0,99280.0
1990-07-19 14:00:00+00:00,29.45,46.75,578.0,335.66,324.0,398.1,0.9,259.0,99230.0
1990-07-19 15:00:00+00:00,29.17,46.75,481.0,261.36,304.0,404.1,0.76,299.0,99190.0
1990-07-19 16:00:00+00:00,28.52,49.8,148.0,0.0,148.0,407.0,1.17,307.0,99160.0
1990-07-19 17:00:00+00:00,27.6,53.35,79.0,0.0,79.0,410.65,1.66,291.0,99130.0
1990-07-19 18:00:00+00:00,26.51,58.7,45.0,0.0,45.0,408.35,2.62,283.0,99200.0
1990-07-19 19:00:00+00:00,25.02,64.7,50.0,5.66,49.0,407.95,1.31,277.0,99190.0
1990-07-19 20:00:00+00:00,24.02,69.05,2.0,0.0,2.0,392.85,1.1,238.0,99230.0
1990-07-19 21:00:00+00:00,22.73,76.15,0.0,0.0,0.0,388.4,1.38,210.0,99260.0
1990-07-19 22:00:00+00:00,21.61,81.35,0.0,0.0,0.0,380.65,2.41,245.0,99310.0
1990-07-19 23:00:00+00:00,20.24,83.95,0.0,0.0,0.0,359.2,2.76,253.0,99370.0
1990-07-20 00:00:00+00:00,19.08,86.8,0.0,0.0,0.0,365.2,1.31,262.0,99460.0
1990-07-20 01:00:00+00:00,17.85,96.05,0.0,0.0,0.0,369.15,0.41,265.0,99520.0
1990-07-20 02:00:00+00:00,16.9,92.8,0.0,0.0,0.0,364.2,0.34,293.0,99520.0
1990-07-20 03:00:00+00:00,16.1,92.8,0.0,0.0,0.0,363.45,0.55,284.0,99540.0
1990-07-20 04:00:00+00:00,15.52,89.6,0.0,0.0,0.0,355.3,1.1,264.0,99540.0
1990-07-20 05:00:00+00:00,15.46,86.5,53.0,35.65,48.0,360.15,1.86,258.0,99600.0
1990-07-20 06:00:00+00:00,15.76,80.65,217.0,505.19,78.0,359.55,2.48,263.0,99640.0
1990-07-20 07:00:00+00:00,16.29,89.65,296.0,325.86,162.0,389.95,0.62,337.0,99760.0
1990-07-20 08:00:00+00:00,16.63,83.65,288.0,83.45,243.0,391.1,0.28,294.0,99850.0
1990-07-20 09:00:00+00:00,16.83,83.65,432.0,201.4,301.0,393.65,0.34,250.0,99920.0
1990-07-20 10:00:00+00:00,16.97,80.85,541.0,286.19,330.0,392.85,0.48,278.0,99950.0
1990-07-20 11:00:00+00:00,17.3,80.85,507.0,157.47,382.0,389.4,0.69,300.0,99980.0
1990-07-20 12:00:00+00:00,17.95,78.15,704.0,510.9,287.0,388.2,1.24,299.0,100030.0
1990-07-20 13:00:00+00:00,18.53,72.95,469.0,105.86,384.0,388.8,2.07,296.0,100040.0
1990-07-20 14:00:00+00:00,19.04,68.1,403.0,70.21,350.0,386.45,2.76,296.0,100030.0
1990-07-20 15:00:00+00:00,19.53,63.6,485.0,270.98,302.0,386.65,2.97,295.0,100030.0
1990-07-20 16:00:00+00:00,19.8,61.4,511.0,645.94,143.0,372.35,3.03,293.0,100050.0
1990-07-20 17:00:00+00:00,19.82,61.4,386.0,615.43,112.0,350.5,3.03,294.0,100080.0
1990-07-20 18:00:00+00:00,19.47,59.25,240.0,464.01,96.0,330.95,2.76,295.0,100140.0
1990-07-20 19:00:00+00:00,19.23,65.75,113.0,304.16,60.0,346.2,0.48,318.0,100220.0
1990-07-20 20:00:00+00:00,17.97,70.35,10.0,0.0,10.0,318.95,0.62,272.0,100260.0
1990-07-20 21:00:00+00:00,16.47,75.3,0.0,0.0,0.0,321.05,1.38,268.0,100320.0
1990-07-20 22:00:00+00:00,15.26,80.6,0.0,0.0,0.0,315.25,1.93,269.0,100370.0
1990-07-20 23:00:00+00:00,14.22,86.4,0.0,0.0,0.0,306.95,2.21,265.0,100410.0
1990-07-21 00:00:00+00:00,13.58,86.35,0.0,0.0,0.0,310.8,2.48,263.0,100450.0
1990-07-21 01:00:00+00:00,12.99,86.3,0.0,0.0,0.0,305.1,2.62,264.0,100490.0
1990-07-21 02:00:00+00:00,12.58,86.25,0.0,0.0,0.0,312.95,2.69,268.0,100490.0
1990-07-21 03:00:00+00:00,12.28,86.2,0.0,0.0,0.0,314.3,2.55,272.0,100510.0
1990-07-21 04:00:00+00:00,12.03,86.2,0.0,0.0,0.0,315.05,2.14,273.0,100530.0
1990-07-21 05:00:00+00:00,11.98,86.2,8.0,0.0,8.0,309.45,1.79,272.0,100570.0
1990-07-21 06:00:00+00:00,12.82,83.25,84.0,3.67,83.0,324.95,1.52,279.0,100600.0
1990-07-21 07:00:00+00:00,13.67,80.4,182.0,36.7,167.0,372.35,1.03,304.0,100680.0
1990-07-21 08:00:00+00:00,14.24,80.45,288.0,81.96,244.0,372.95,0.83,338.0,100710.0
1990-07-21 09:00:00+00:00,14.67,77.75,309.0,40.11,283.0,375.05,0.9,9.0,100720.0
1990-07-21 10:00:00+00:00,15.04,77.8,418.0,92.49,350.0,374.85,1.17,41.0,100740.0
1990-07-21 11:00:00+00:00,15.31,77.8,524.0,178.07,383.0,374.3,1.72,67.0,100760.0
1990-07-21 12:00:00+00:00,15.25,77.8,500.0,126.49,397.0,376.0,2.28,80.0,100800.0
1990-07-21 13:00:00+00:00,15.23,77.8,338.0,16.23,325.0,376.4,2.48,87.0,100800.0
1990-07-21 14:00:00+00:00,15.67,75.15,464.0,132.81,364.0,362.85,2.76,91.0,100770.0
1990-07-21 15:00:00+00:00,15.67,72.55,310.0,32.67,288.0,373.1,2.83,94.0,100780.0
1990-07-21 16:00:00+00:00,15.81,70.0,281.0,52.85,251.0,374.1,2.9,98.0,100760.0
1990-07-21 17:00:00+00:00,15.61,67.55,217.0,58.69,191.0,375.25,2.83,103.0,100780.0
1990-07-21 18:00:00+00:00,15.42,69.9,57.0,0.0,57.0,375.45,2.69,108.0,100790.0
1990-07-21 19:00:00+00:00,14.86,72.4,29.0,0.0,29.0,356.5,3.03,101.0,100760.0
1990-07-21 20:00:00+00:00,14.6,72.4,5.0,0.0,5.0,367.3,2.41,108.0,100770.0
1990-07-21 21:00:00+00:00,14.22,74.95,0.0,0.0,0.0,366.15,2.07,100.0,100780.0
1990-07-21 22:00:00+00:00,13.95,74.95,0.0,0.0,0.0,370.6,2.41,100.0,100760.0
1990-07-21 23:00:00+00:00,13.68,80.4,0.0,0.0,0.0,363.65,2.28,103.0,100750.0
1990-07-22 00:00:00+00:00,13.47,80.4,0.0,0.0,0.0,364.0,2.34,99.0,100720.0
1990-07-22 01:00:00+00:00,13.17,83.25,0.0,0.0,0.0,358.9,2.55,99.0,100700.0
1990-07-22 02:00:00+00:00,12.95,83.25,0.0,0.0,0.0,354.75,2.83,101.0,100670.0
1990-07-22 03:00:00+00:00,12.76,86.25,0.0,0.0,0.0,356.3,2.76,103.0,100650.0
1990-07-22 04:00:00+00:00,12.64,86.25,0.0,0.0,0.0,361.7,2.83,100.0,100630.0
1990-07-22 05:00:00+00:00,12.52,89.4,15.0,0.0,15.0,363.05,2.9,96.0,100610.0
1990-07-22 06:00:00+00:00,12.46,89.4,120.0,51.92,106.0,361.7,3.03,97.0,100580.0
1990-07-22 07:00:00+00:00,12.56,86.25,116.0,0.0,116.0,365.0,3.31,101.0,100580.0
1990-07-22 08:00:00+00:00,12.57,89.4,143.0,0.0,143.0,363.05,3.52,106.0,100600.0
1990-07-22 09:00:00+00:00,12.65,86.25,101.0,0.0,101.0,364.6,3.38,117.0,100600.0
1990-07-22 10:00:00+00:00,12.89,86.25,137.0,0.0,137.0,365.4,3.03,118.0,100580.0
1990-07-22 11:00:00+00:00,13.26,83.25,278.0,3.8,275.0,368.65,3.24,103.0,100530.0
1990-07-22 12:00:00+00:00,13.38,83.25,239.0,0.0,239.0,369.65,3.45,106.0,100510.0
1990-07-22 13:00:00+00:00,13.89,80.4,308.0,8.76,301.0,372.15,3.31,117.0,100500.0
1990-07-22 14:00:00+00:00,14.22,80.45,210.0,0.0,210.0,372.35,3.24,121.0,100480.0
1990-07-22 15:00:00+00:00,14.37,80.45,170.0,0.0,170.0,372.15,3.17,119.0,100460.0
1990-07-22 16:00:00+00:00,14.41,80.45,386.0,235.22,253.0,371.75,3.03,113.0,100400.0
1990-07-22 17:00:00+00:00,14.29,80.45,137.0,2.27,136.0,371.55,3.1,111.0,100370.0
1990-07-22 18:00:00+00:00,14.27,80.45,44.0,0.0,44.0,370.6,3.03,112.0,100320.0
1990-07-22 19:00:00+00:00,14.8,80.55,20.0,0.0,20.0,346.2,2.34,103.0,100270.0
1990-07-22 20:00:00+00:00,14.33,83.4,1.0,0.0,1.0,361.7,2.41,94.0,100240.0
1990-07-22 21:00:00+00:00,13.96,83.4,0.0,0.0,0.0,368.85,2.69,101.0,100250.0
1990-07-22 22:00:00+00:00,13.71,86.35,0.0,0.0,0.0,367.5,2.55,109.0,100240.0
1990-07-22 23:00:00+00:00,13.51,86.35,0.0,0.0,0.0,361.7,2.28,117.0,100220.0
1990-07-23 00:00:00+00:00,13.54,86.35,0.0,0.0,0.0,371.0,2.07,120.0,100140.0
1990-07-23 01:00:00+00:00,13.27,89.4,0.0,0.0,0.0,351.55,1.79,124.0,100120.0
1990-07-23 02:00:00+00:00,12.88,92.6,0.0,0.0,0.0,342.75,1.66,132.0,100080.0
1990-07-23 03:00:00+00:00,12.71,92.6,0.0,0.0,0.0,346.8,1.52,139.0,100050.0
1990-07-23 04:00:00+00:00,12.89,95.95,0.0,0.0,0.0,365.55,1.31,138.0,100010.0
1990-07-23 05:00:00+00:00,12.64,95.95,7.0,0.0,7.0,344.5,1.24,138.0,99980.0
1990-07-23 06:00:00+00:00,13.23,92.65,70.0,0.0,70.0,340.0,1.1,142.0,99950.0
1990-07-23 07:00:00+00:00,14.92,83.45,118.0,2.48,117.0,344.85,2.55,174.0,99910.0
1990-07-23 08:00:00+00:00,16.07,75.25,270.0,67.67,234.0,348.15,2.76,186.0,99870.0
1990-07-23 09:00:00+00:00,16.74,72.7,423.0,194.21,298.0,364.2,2.62,184.0,99820.0
1990-07-23 10:00:00+00:00,17.82,67.85,295.0,13.68,285.0,369.45,3.03,187.0,99810.0
1990-07-23 11:00:00+00:00,18.13,65.55,259.0,1.27,258.0,375.85,3.03,182.0,99780.0
1990-07-23 12:00:00+00:00,18.0,65.55,268.0,1.23,267.0,380.45,3.24,175.0,99730.0
1990-07-23 13:00:00+00:00,18.29,67.95,237.0,0.0,237.0,379.1,4.28,178.0,99710.0
1990-07-23 14:00:00+00:00,18.05,67.95,296.0,12.02,287.0,386.85,4.76,182.0,99650.0
1990-07-23 15:00:00+00:00,17.58,70.3,269.0,14.95,259.0,386.3,3.93,182.0,99600.0
1990-07-23 16:00:00+00:00,17.19,75.4,197.0,5.33,194.0,386.45,3.66,165.0,99530.0
1990-07-23 17:00:00+00:00,17.25,75.4,196.0,38.79,179.0,383.4,4.0,162.0,99450.0
1990-07-23 18:00:00+00:00,17.26,78.1,39.0,0.0,39.0,386.3,4.34,166.0,99370.0
1990-07-23 19:00:00+00:00,17.1,80.85,16.0,0.0,16.0,377.2,4.62,179.0,99240.0
1990-07-23 20:00:00+00:00,17.03,80.85,1.0,0.0,1.0,374.3,4.34,179.0,99180.0
1990-07-23 21:00:00+00:00,16.72,86.6,0.0,0.0,0.0,369.65,4.34,173.0,99120.0
1990-07-23 22:00:00+00:00,16.68,89.65,0.0,0.0,0.0,387.45,4.9,170.0,99070.0
1990-07-23 23:00:00+00:00,16.8,89.65,0.0,0.0,0.0,388.2,5.52,171.0,98940.0
1990-07-24 00:00:00+00:00,16.82,89.65,0.0,0.0,0.0,385.3,5.93,178.0,98830.0
1990-07-24 01:00:00+00:00,16.82,89.65,0.0,0.0,0.0,389.85,6.28,193.0,98760.0
1990-07-24 02:00:00+00:00,16.84,92.8,0.0,0.0,0.0,393.85,6.41,209.0,98730.0
1990-07-24 03:00:00+00:00,16.79,89.65,0.0,0.0,0.0,393.45,6.21,217.0,98740.0
1990-07-24 04:00:00+00:00,16.25,89.65,0.0,0.0,0.0,378.35,5.86,224.0,98740.0
1990-07-24 05:00:00+00:00,15.82,89.6,16.0,0.0,16.0,375.65,5.72,231.0,98770.0
1990-07-24 06:00:00+00:00,15.75,86.5,87.0,11.37,84.0,374.85,5.38,234.0,98800.0
1990-07-24 07:00:00+00:00,16.55,83.65,205.0,82.35,172.0,356.65,5.31,228.0,98850.0
1990-07-24 08:00:00+00:00,16.77,86.6,317.0,143.55,241.0,375.45,5.24,224.0,98850.0
1990-07-24 09:00:00+00:00,17.78,86.65,435.0,223.0,292.0,375.85,5.52,225.0,98860.0
1990-07-24 10:00:00+00:00,18.4,83.75,186.0,0.0,186.0,371.75,5.45,223.0,98850.0
1990-07-24 11:00:00+00:00,19.21,78.3,199.0,0.0,199.0,368.45,5.31,218.0,98850.0
1990-07-24 12:00:00+00:00,19.83,75.7,301.0,6.19,296.0,356.65,5.38,210.0,98840.0
1990-07-24 13:00:00+00:00,20.25,73.2,466.0,109.45,379.0,368.65,5.38,205.0,98780.0
1990-07-24 14:00:00+00:00,19.41,75.65,407.0,80.35,347.0,377.2,6.0,203.0,98710.0
1990-07-24 15:00:00+00:00,19.88,75.7,473.0,260.93,299.0,354.95,5.93,208.0,98650.0
1990-07-24 16:00:00+00:00,19.72,73.15,134.0,0.0,134.0,356.1,5.66,208.0,98560.0
1990-07-24 17:00:00+00:00,18.64,78.25,282.0,211.16,190.0,356.85,4.83,205.0,98540.0
1990-07-24 18:00:00+00:00,17.6,83.7,77.0,0.0,77.0,370.4,4.97,212.0,98500.0
1990-07-24 19:00:00+00:00,17.25,86.65,46.0,6.12,45.0,374.65,5.45,217.0,98380.0
1990-07-24 20:00:00+00:00,16.61,86.6,3.0,0.0,3.0,355.1,5.17,224.0,98390.0
1990-07-24 21:00:00+00:00,16.13,86.55,0.0,0.0,0.0,375.65,5.1,225.0,98430.0
1990-07-24 22:00:00+00:00,15.79,89.6,0.0,0.0,0.0,375.45,4.83,227.0,98450.0
1990-07-24 23:00:00+00:00,15.62,89.6,0.0,0.0,0.0,383.4,4.55,231.0,98460.0
1990-07-25 00:00:00+00:00,15.51,89.6,0.0,0.0,0.0,384.15,4.14,239.0,98470.0
1990-07-25 01:00:00+00:00,15.07,89.55,0.0,0.0,0.0,358.9,3.79,240.0,98470.0
1990-07-25 02:00:00+00:00,14.9,92.7,0.0,0.0,0.0,370.6,3.45,239.0,98450.0
1990-07-25 03:00:00+00:00,14.79,92.7,0.0,0.0,0.0,372.95,3.38,239.0,98430.0
1990-07-25 04:00:00+00:00,14.73,92.7,0.0,0.0,0.0,378.15,3.59,244.0,98450.0
1990-07-25 05:00:00+00:00,14.62,89.5,64.0,143.71,46.0,376.6,3.66,252.0,98440.0
1990-07-25 06:00:00+00:00,14.54,89.5,136.0,107.29,108.0,345.25,3.31,254.0,98480.0
1990-07-25 07:00:00+00:00,14.9,89.5,80.0,0.0,80.0,372.35,4.69,267.0,98530.0
1990-07-25 08:00:00+00:00,15.51,80.65,128.0,0.0,128.0,365.75,4.55,276.0,98580.0
1990-07-25 09:00:00+00:00,16.23,80.75,115.0,0.0,115.0,368.1,4.34,280.0,98640.0
1990-07-25 10:00:00+00:00,17.06,78.1,172.0,0.0,172.0,370.8,4.07,282.0,98730.0
1990-07-25 11:00:00+00:00,17.39,78.1,0.0,0.0,0.0,373.9,4.28,306.0,98820.0
1990-07-25 12:00:00+00:00,15.86,77.85,160.0,0.0,160.0,366.15,5.31,344.0,98950.0
1990-07-25 13:00:00+00:00,15.35,80.6,267.0,2.52,265.0,342.15,5.45,2.0,99110.0
1990-07-25 14:00:00+00:00,14.81,80.55,162.0,0.0,162.0,362.65,3.24,6.0,99250.0
1990-07-25 15:00:00+00:00,15.3,72.45,238.0,6.02,234.0,358.4,2.83,4.0,99340.0
1990-07-25 16:00:00+00:00,15.85,67.55,165.0,0.0,165.0,355.9,2.69,357.0,99430.0
1990-07-25 17:00:00+00:00,16.09,62.95,157.0,9.24,153.0,357.65,2.28,349.0,99530.0
1990-07-25 18:00:00+00:00,16.0,62.95,55.0,0.0,55.0,359.75,1.93,350.0,99600.0
1990-07-25 19:00:00+00:00,14.88,72.4,17.0,0.0,17.0,331.1,2.07,12.0,99730.0
1990-07-25 20:00:00+00:00,14.3,74.95,1.0,0.0,1.0,360.95,2.07,25.0,99790.0
1990-07-25 21:00:00+00:00,13.71,74.85,0.0,0.0,0.0,355.9,1.86,30.0,99880.0
1990-07-25 22:00:00+00:00,13.25,74.75,0.0,0.0,0.0,346.6,1.31,26.0,99960.0
1990-07-25 23:00:00+00:00,12.76,77.45,0.0,0.0,0.0,341.2,1.03,1.0,100010.0
1990-07-26 00:00:00+00:00,12.45,72.05,0.0,0.0,0.0,344.85,1.31,335.0,100070.0
1990-07-26 01:00:00+00:00,12.32,71.95,0.0,0.0,0.0,342.85,1.72,326.0,100090.0
1990-07-26 02:00:00+00:00,12.13,69.35,0.0,0.0,0.0,341.75,1.93,322.0,100120.0
1990-07-26 03:00:00+00:00,11.92,66.85,0.0,0.0,0.0,341.75,2.07,314.0,100120.0
1990-07-26 04:00:00+00:00,11.63,66.75,0.0,0.0,0.0,335.0,2.34,307.0,100140.0
1990-07-26 05:00:00+00:00,11.38,71.75,34.0,8.19,33.0,328.6,2.48,301.0,100180.0
1990-07-26 06:00:00+00:00,11.36,74.45,156.0,189.93,107.0,321.65,2.76,298.0,100210.0
1990-07-26 07:00:00+00:00,11.97,74.6,334.0,551.7,116.0,306.95,2.69,303.0,100290.0
1990-07-26 08:00:00+00:00,12.98,67.05,416.0,404.43,204.0,290.65,2.62,308.0,100330.0
1990-07-26 09:00:00+00:00,13.96,58.1,568.0,583.02,197.0,284.85,2.62,316.0,100360.0
1990-07-26 10:00:00+00:00,14.7,54.1,568.0,352.23,313.0,311.2,2.41,311.0,100370.0
1990-07-26 11:00:00+00:00,15.1,52.25,569.0,257.35,368.0,352.6,2.34,302.0,100370.0
1990-07-26 12:00:00+00:00,15.56,50.5,489.0,118.2,394.0,356.85,2.34,294.0,100400.0
1990-07-26 13:00:00+00:00,15.9,52.4,406.0,51.87,365.0,356.65,2.55,286.0,100390.0
1990-07-26 14:00:00+00:00,16.17,50.6,271.0,5.39,267.0,358.2,2.76,281.0,100390.0
1990-07-26 15:00:00+00:00,16.23,52.5,314.0,37.76,289.0,357.05,2.97,277.0,100400.0
1990-07-26 16:00:00+00:00,16.27,54.45,144.0,0.0,144.0,356.5,3.17,276.0,100400.0
1990-07-26 17:00:00+00:00,16.05,56.5,163.0,13.94,157.0,360.35,3.24,276.0,100410.0
1990-07-26 18:00:00+00:00,15.7,60.65,95.0,6.79,93.0,339.85,3.03,275.0,100380.0
1990-07-26 19:00:00+00:00,15.42,62.75,32.0,0.0,32.0,337.9,3.03,282.0,100410.0
1990-07-26 20:00:00+00:00,14.74,64.95,1.0,0.0,1.0,331.7,2.9,279.0,100430.0
1990-07-26 21:00:00+00:00,13.93,69.75,0.0,0.0,0.0,327.65,2.83,271.0,100480.0
1990-07-26 22:00:00+00:00,13.01,74.75,0.0,0.0,0.0,307.3,2.9,268.0,100510.0
1990-07-26 23:00:00+00:00,12.25,77.35,0.0,0.0,0.0,300.75,2.9,272.0,100520.0
1990-07-27 00:00:00+00:00,11.51,80.15,0.0,0.0,0.0,290.65,2.55,274.0,100500.0
1990-07-27 01:00:00+00:00,10.78,86.05,0.0,0.0,0.0,284.8,2.21,270.0,100490.0
1990-07-27 02:00:00+00:00,10.07,86.0,0.0,0.0,0.0,283.7,2.0,260.0,100460.0
1990-07-27 03:00:00+00:00,9.43,89.15,0.0,0.0,0.0,285.25,2.0,255.0,100450.0
1990-07-27 04:00:00+00:00,8.65,92.4,0.0,0.0,0.0,275.6,2.0,255.0,100440.0
1990-07-27 05:00:00+00:00,8.26,95.8,67.0,201.98,43.0,272.85,1.86,256.0,100450.0
1990-07-27 06:00:00+00:00,9.83,92.45,183.0,360.89,91.0,276.55,1.59,261.0,100430.0
1990-07-27 07:00:00+00:00,11.67,83.1,324.0,507.3,125.0,283.1,1.17,272.0,100470.0
1990-07-27 08:00:00+00:00,13.06,74.75,473.0,650.05,134.0,279.85,0.83,300.0,100480.0
1990-07-27 09:00:00+00:00,14.27,69.75,574.0,616.91,183.0,285.25,0.41,310.0,100450.0
1990-07-27 10:00:00+00:00,15.32,60.5,584.0,396.38,298.0,299.95,0.28,243.0,100450.0
1990-07-27 11:00:00+00:00,15.97,54.45,587.0,295.36,357.0,327.25,0.28,192.0,100410.0
1990-07-27 12:00:00+00:00,16.45,50.75,644.0,374.33,344.0,347.75,0.41,134.0,100400.0
1990-07-27 13:00:00+00:00,17.13,50.85,677.0,479.61,299.0,342.75,0.83,108.0,100380.0
1990-07-27 14:00:00+00:00,17.51,50.85,613.0,429.86,295.0,347.4,1.1,107.0,100360.0
1990-07-27 15:00:00+00:00,17.16,50.85,460.0,228.93,309.0,361.7,1.86,84.0,100320.0
1990-07-27 16:00:00+00:00,16.66,58.7,417.0,327.25,236.0,363.05,2.69,82.0,100300.0
1990-07-27 17:00:00+00:00,16.16,65.25,220.0,72.51,189.0,346.2,3.1,87.0,100280.0
1990-07-27 18:00:00+00:00,15.55,70.0,80.0,0.0,80.0,355.7,3.1,89.0,100280.0
1990-07-27 19:00:00+00:00,15.09,77.8,52.0,19.47,49.0,320.85,2.83,82.0,100260.0
1990-07-27 20:00:00+00:00,14.48,80.55,1.0,0.0,1.0,338.1,2.55,82.0,100270.0
1990-07-27 21:00:00+00:00,13.74,86.35,0.0,0.0,0.0,332.85,2.55,83.0,100270.0
1990-07-27 22:00:00+00:00,13.29,89.4,0.0,0.0,0.0,330.35,2.48,89.0,100280.0
1990-07-27 23:00:00+00:00,13.0,86.3,0.0,0.0,0.0,329.95,2.21,92.0,100280.0
1990-07-28 00:00:00+00:00,12.67,89.4,0.0,0.0,0.0,326.3,1.93,90.0,100260.0
1990-07-28 01:00:00+00:00,12.35,92.6,0.0,0.0,0.0,328.5,1.72,85.0,100210.0
1990-07-28 02:00:00+00:00,11.72,95.9,0.0,0.0,0.0,315.25,1.59,84.0,100200.0
1990-07-28 03:00:00+00:00,10.95,95.9,0.0,0.0,0.0,305.75,1.38,83.0,100180.0
1990-07-28 04:00:00+00:00,10.41,99.4,0.0,0.0,0.0,308.65,1.31,81.0,100160.0
1990-07-28 05:00:00+00:00,10.36,100.0,37.0,17.31,35.0,315.25,1.38,80.0,100160.0
1990-07-28 06:00:00+00:00,12.0,99.4,94.0,23.83,88.0,321.05,1.59,80.0,100150.0
1990-07-28 07:00:00+00:00,13.34,92.65,146.0,15.41,140.0,368.85,2.14,74.0,100210.0
1990-07-28 08:00:00+00:00,14.26,86.4,188.0,7.71,184.0,354.55,2.07,81.0,100220.0
1990-07-28 09:00:00+00:00,15.47,77.85,208.0,3.17,206.0,359.75,2.07,85.0,100180.0
1990-07-28 10:00:00+00:00,16.28,75.25,119.0,0.0,119.0,363.85,2.14,86.0,100170.0
1990-07-28 11:00:00+00:00,16.68,75.3,174.0,0.0,174.0,361.1,2.21,95.0,100170.0
1990-07-28 12:00:00+00:00,16.63,75.3,253.0,1.25,252.0,364.8,2.21,108.0,100160.0
1990-07-28 13:00:00+00:00,16.49,78.0,128.0,0.0,128.0,371.2,2.34,123.0,100150.0
1990-07-28 14:00:00+00:00,17.21,78.1,266.0,5.43,262.0,358.6,2.34,146.0,100140.0
1990-07-28 15:00:00+00:00,17.64,78.1,368.0,92.84,307.0,363.25,2.48,163.0,100140.0
1990-07-28 16:00:00+00:00,17.23,75.4,177.0,1.82,176.0,361.9,2.83,179.0,100130.0
1990-07-28 17:00:00+00:00,15.87,77.85,109.0,0.0,109.0,359.2,2.62,194.0,100180.0
1990-07-28 18:00:00+00:00,15.55,80.65,56.0,0.0,56.0,361.9,2.07,196.0,100180.0
1990-07-28 19:00:00+00:00,15.35,80.6,10.0,0.0,10.0,351.65,1.86,179.0,100200.0
1990-07-28 20:00:00+00:00,14.54,86.45,0.0,0.0,0.0,354.55,1.52,176.0,100220.0
1990-07-28 21:00:00+00:00,14.07,89.5,0.0,0.0,0.0,358.2,1.17,165.0,100250.0
1990-07-28 22:00:00+00:00,13.75,89.45,0.0,0.0,0.0,359.0,1.17,150.0,100270.0
1990-07-28 23:00:00+00:00,13.52,89.45,0.0,0.0,0.0,358.4,1.24,124.0,100260.0
1990-07-29 00:00:00+00:00,13.39,92.65,0.0,0.0,0.0,357.85,1.45,114.0,100240.0
1990-07-29 01:00:00+00:00,13.35,92.65,0.0,0.0,0.0,359.7,1.45,117.0,100210.0
1990-07-29 02:00:00+00:00,13.36,92.65,0.0,0.0,0.0,359.95,1.66,120.0,100190.0
1990-07-29 03:00:00+00:00,13.29,92.65,0.0,0.0,0.0,357.65,1.72,130.0,100180.0
1990-07-29 04:00:00+00:00,13.32,92.65,0.0,0.0,0.0,364.2,1.79,144.0,100160.0
1990-07-29 05:00:00+00:00,13.25,92.65,19.0,0.0,19.0,364.2,1.72,151.0,100130.0
1990-07-29 06:00:00+00:00,13.44,89.45,104.0,40.22,94.0,339.05,1.59,163.0,100140.0
1990-07-29 07:00:00+00:00,14.28,89.5,305.0,452.93,130.0,317.95,0.97,144.0,100220.0
1990-07-29 08:00:00+00:00,15.35,83.5,475.0,701.61,113.0,325.7,1.52,155.0,100200.0
1990-07-29 09:00:00+00:00,16.63,72.7,574.0,655.47,162.0,331.3,2.14,169.0,100190.0
1990-07-29 10:00:00+00:00,17.73,70.3,468.0,175.85,342.0,326.3,2.62,172.0,100170.0
1990-07-29 11:00:00+00:00,18.73,63.4,657.0,478.14,287.0,340.0,2.9,182.0,100150.0
1990-07-29 12:00:00+00:00,19.23,61.3,725.0,606.33,242.0,338.65,3.17,193.0,100150.0
1990-07-29 13:00:00+00:00,19.38,61.3,623.0,372.8,331.0,353.55,3.31,200.0,100120.0
1990-07-29 14:00:00+00:00,19.36,61.3,372.0,53.08,333.0,371.0,3.24,200.0,100110.0
1990-07-29 15:00:00+00:00,19.36,63.5,546.0,470.7,238.0,363.65,3.31,202.0,100110.0
1990-07-29 16:00:00+00:00,19.5,61.4,398.0,295.88,236.0,349.9,3.45,204.0,100050.0
1990-07-29 17:00:00+00:00,19.26,63.5,306.0,322.59,170.0,355.3,3.17,202.0,100020.0
1990-07-29 18:00:00+00:00,19.14,63.5,174.0,192.91,119.0,353.55,3.24,202.0,99990.0
1990-07-29 19:00:00+00:00,18.6,61.2,31.0,0.0,31.0,346.0,2.97,200.0,99960.0
1990-07-29 20:00:00+00:00,17.75,65.45,0.0,0.0,0.0,352.6,3.03,193.0,99920.0
1990-07-29 21:00:00+00:00,16.92,65.35,0.0,0.0,0.0,347.0,3.38,199.0,99960.0
1990-07-29 22:00:00+00:00,16.23,65.25,0.0,0.0,0.0,345.85,3.52,194.0,99920.0
1990-07-29 23:00:00+00:00,15.63,67.55,0.0,0.0,0.0,350.65,3.45,190.0,99840.0
1990-07-30 00:00:00+00:00,15.14,75.1,0.0,0.0,0.0,359.4,3.72,187.0,99830.0
1990-07-30 01:00:00+00:00,14.84,80.55,0.0,0.0,0.0,367.8,4.07,186.0,99740.0
1990-07-30 02:00:00+00:00,14.81,83.45,0.0,0.0,0.0,371.2,4.28,191.0,99650.0
1990-07-30 03:00:00+00:00,14.8,83.45,0.0,0.0,0.0,373.1,4.55,196.0,99580.0
1990-07-30 04:00:00+00:00,14.84,86.45,0.0,0.0,0.0,377.4,4.76,203.0,99540.0
1990-07-30 05:00:00+00:00,14.95,86.5,16.0,0.0,16.0,380.45,4.55,210.0,99540.0
1990-07-30 06:00:00+00:00,15.24,89.55,147.0,195.57,99.0,382.8,4.21,216.0,99540.0
1990-07-30 07:00:00+00:00,15.81,92.75,92.0,0.0,92.0,384.55,4.76,223.0,99500.0
1990-07-30 08:00:00+00:00,16.22,92.8,265.0,72.11,228.0,388.0,4.9,234.0,99520.0
1990-07-30 09:00:00+00:00,16.65,89.65,315.0,57.52,279.0,387.05,5.38,243.0,99510.0
1990-07-30 10:00:00+00:00,17.07,83.7,453.0,158.28,340.0,386.3,5.52,249.0,99560.0
1990-07-30 11:00:00+00:00,17.53,83.7,628.0,413.58,309.0,384.35,5.31,250.0,99590.0
1990-07-30 12:00:00+00:00,18.03,80.9,738.0,662.39,212.0,387.85,5.17,251.0,99600.0
1990-07-30 13:00:00+00:00,18.33,78.15,503.0,162.67,376.0,381.25,5.1,252.0,99620.0
1990-07-30 14:00:00+00:00,19.14,73.05,511.0,230.84,342.0,375.45,5.38,255.0,99610.0
1990-07-30 15:00:00+00:00,19.28,70.55,518.0,399.03,258.0,370.8,5.03,257.0,99630.0
1990-07-30 16:00:00+00:00,19.36,70.55,375.0,244.21,242.0,363.85,4.97,258.0,99630.0
1990-07-30 17:00:00+00:00,19.05,68.1,198.0,52.57,176.0,340.6,4.62,258.0,99650.0
1990-07-30 18:00:00+00:00,18.25,72.9,95.0,10.65,92.0,343.3,4.34,261.0,99670.0
1990-07-30 19:00:00+00:00,17.73,72.8,13.0,0.0,13.0,325.7,3.24,266.0,99660.0
1990-07-30 20:00:00+00:00,16.65,72.7,0.0,0.0,0.0,325.5,2.97,267.0,99720.0
1990-07-30 21:00:00+00:00,15.61,77.85,0.0,0.0,0.0,327.45,2.76,263.0,99750.0
1990-07-30 22:00:00+00:00,14.78,83.45,0.0,0.0,0.0,326.1,2.55,263.0,99770.0
1990-07-30 23:00:00+00:00,13.94,86.4,0.0,0.0,0.0,313.9,2.48,263.0,99760.0
1990-07-31 00:00:00+00:00,13.06,89.4,0.0,0.0,0.0,298.2,2.34,263.0,99760.0
1990-07-31 01:00:00+00:00,12.42,89.4,0.0,0.0,0.0,301.05,2.07,264.0,99740.0
1990-07-31 02:00:00+00:00,12.12,92.6,0.0,0.0,0.0,318.35,1.86,273.0,99740.0
1990-07-31 03:00:00+00:00,11.73,95.9,0.0,0.0,0.0,322.6,1.52,285.0,99740.0
1990-07-31 04:00:00+00:00,11.16,95.9,0.0,0.0,0.0,322.05,1.17,301.0,99730.0
1990-07-31 05:00:00+00:00,11.39,92.55,12.0,0.0,12.0,328.2,0.97,345.0,99760.0
1990-07-31 06:00:00+00:00,12.44,92.6,66.0,0.0,66.0,344.3,1.24,22.0,99770.0
1990-07-31 07:00:00+00:00,13.22,89.4,84.0,0.0,84.0,372.35,3.45,57.0,99870.0
1990-07-31 08:00:00+00:00,13.4,83.25,117.0,0.0,117.0,362.5,3.66,60.0,99900.0
1990-07-31 09:00:00+00:00,13.8,80.4,165.0,0.0,165.0,370.2,3.59,62.0,99940.0
1990-07-31 10:00:00+00:00,13.79,77.6,109.0,0.0,109.0,367.7,3.38,63.0,99990.0
1990-07-31 11:00:00+00:00,13.78,77.6,144.0,0.0,144.0,368.65,3.31,64.0,100030.0
1990-07-31 12:00:00+00:00,13.58,77.6,210.0,0.0,210.0,369.05,3.17,64.0,100060.0
1990-07-31 13:00:00+00:00,13.81,77.6,193.0,0.0,193.0,369.65,3.17,69.0,100100.0
1990-07-31 14:00:00+00:00,14.13,72.3,285.0,9.6,278.0,367.3,2.9,74.0,100110.0
1990-07-31 15:00:00+00:00,14.17,72.3,528.0,417.74,257.0,367.7,2.9,80.0,100140.0
1990-07-31 16:00:00+00:00,14.49,69.38,445.0,456.06,198.0,358.32,1.91,88.0,100140.0
1990-07-31 17:00:00+00:00,14.28,71.22,339.0,481.6,139.0,356.01,2.07,98.0,100170.0
1990-07-31 18:00:00+00:00,14.07,73.05,179.0,229.88,115.0,353.69,2.23,114.0,100190.0
1990-07-31 19:00:00+00:00,13.85,74.89,88.0,270.84,50.0,351.37,2.4,101.0,100160.0
1990-07-31 20:00:00+00:00,13.64,76.73,0.0,0.0,0.0,349.05,2.56,107.0,100150.0
1990-07-31 21:00:00+00:00,13.43,78.56,0.0,0.0,0.0,346.73,2.72,121.0,100170.0
1990-07-31 22:00:00+00:00,13.21,80.4,0.0,0.0,0.0,344.41,2.88,132.0,100190.0
1990-07-31 23:00:00+00:00,13.0,82.24,0.0,0.0,0.0,342.1,3.05,141.0,100160.0
1990-08-01 00:00:00+00:00,12.78,84.07,0.0,0.0,0.0,339.78,3.21,252.0,99150.0
1990-08-01 01:00:00+00:00,12.57,85.91,0.0,0.0,0.0,337.46,3.37,252.0,99160.0
1990-08-01 02:00:00+00:00,12.36,87.75,0.0,0.0,0.0,335.14,3.54,253.0,99190.0
1990-08-01 03:00:00+00:00,12.14,89.58,0.0,0.0,0.0,332.82,3.7,255.0,99210.0
1990-08-01 04:00:00+00:00,11.93,91.42,0.0,0.0,0.0,330.51,3.86,256.0,99250.0
1990-08-01 05:00:00+00:00,11.72,93.26,46.0,98.24,36.0,328.19,4.03,256.0,99270.0
1990-08-01 06:00:00+00:00,11.5,95.09,163.0,318.17,87.0,325.87,4.19,260.0,99310.0
1990-08-01 07:00:00+00:00,11.29,96.93,231.0,174.99,165.0,323.55,4.35,264.0,99290.0
1990-08-01 08:00:00+00:00,13.67,83.35,331.0,197.13,231.0,350.85,4.41,269.0,99350.0
1990-08-01 09:00:00+00:00,14.57,77.75,405.0,185.39,290.0,361.9,3.93,273.0,99370.0
1990-08-01 10:00:00+00:00,15.02,75.1,502.0,245.56,328.0,366.55,3.24,275.0,99420.0
1990-08-01 11:00:00+00:00,15.69,72.55,427.0,82.24,364.0,364.4,2.97,277.0,99460.0
1990-08-01 12:00:00+00:00,16.45,70.2,590.0,291.56,360.0,359.0,2.83,275.0,99490.0
1990-08-01 13:00:00+00:00,17.25,67.85,275.0,3.87,272.0,359.0,2.9,274.0,99500.0
1990-08-01 14:00:00+00:00,17.68,67.85,64.0,0.0,64.0,344.85,3.17,276.0,99500.0
1990-08-01 15:00:00+00:00,17.83,67.85,106.0,0.0,106.0,336.75,3.17,280.0,99530.0
1990-08-01 16:00:00+00:00,17.96,67.95,302.0,100.28,248.0,332.5,2.83,290.0,99540.0
1990-08-01 17:00:00+00:00,17.48,70.3,219.0,89.81,182.0,338.65,1.93,300.0,99550.0
1990-08-01 18:00:00+00:00,16.02,75.25,79.0,3.64,78.0,356.3,1.66,328.0,99630.0
1990-08-01 19:00:00+00:00,14.22,83.4,12.0,0.0,12.0,348.15,1.86,21.0,99750.0
1990-08-01 20:00:00+00:00,13.56,86.35,0.0,0.0,0.0,355.9,1.72,25.0,99830.0
1990-08-01 21:00:00+00:00,12.99,89.4,0.0,0.0,0.0,347.0,1.66,29.0,99870.0
1990-08-01 22:00:00+00:00,12.69,92.6,0.0,0.0,0.0,346.4,1.93,36.0,99910.0
1990-08-01 23:00:00+00:00,12.46,92.6,0.0,0.0,0.0,343.9,1.86,42.0,99970.0
1990-08-02 00:00:00+00:00,12.24,95.95,0.0,0.0,0.0,343.9,1.93,44.0,99990.0
1990-08-02 01:00:00+00:00,11.73,95.9,0.0,0.0,0.0,321.75,1.45,46.0,100020.0
1990-08-02 02:00:00+00:00,11.12,99.35,0.0,0.0,0.0,321.05,1.1,51.0,100030.0
1990-08-02 03:00:00+00:00,10.78,99.4,0.0,0.0,0.0,314.5,0.97,53.0,100050.0
1990-08-02 04:00:00+00:00,11.29,95.9,0.0,0.0,0.0,316.2,0.76,54.0,100080.0
1990-08-02 05:00:00+00:00,11.25,95.9,19.0,0.0,19.0,315.85,0.76,86.0,100110.0
1990-08-02 06:00:00+00:00,11.35,95.9,74.0,8.49,72.0,314.65,0.69,94.0,100130.0
1990-08-02 07:00:00+00:00,12.19,89.35,170.0,45.45,153.0,338.65,1.24,72.0,100190.0
1990-08-02 08:00:00+00:00,12.76,83.25,256.0,65.44,223.0,337.9,1.1,65.0,100190.0
1990-08-02 09:00:00+00:00,13.46,77.6,280.0,32.39,260.0,336.15,0.62,64.0,100190.0
1990-08-02 10:00:00+00:00,14.16,74.95,231.0,1.42,230.0,347.75,0.48,61.0,100160.0
1990-08-02 11:00:00+00:00,14.74,72.4,315.0,14.41,304.0,350.85,0.55,74.0,100150.0
1990-08-02 12:00:00+00:00,15.35,69.9,517.0,171.72,382.0,362.1,0.41,91.0,100140.0
1990-08-02 13:00:00+00:00,15.32,69.9,312.0,11.65,303.0,365.4,0.69,116.0,100130.0
1990-08-02 14:00:00+00:00,15.92,67.55,389.0,70.47,338.0,357.45,0.62,170.0,100110.0
1990-08-02 15:00:00+00:00,15.92,67.55,357.0,88.68,300.0,359.55,0.83,185.0,100070.0
1990-08-02 16:00:00+00:00,15.86,70.0,205.0,11.21,199.0,367.3,0.97,211.0,100040.0
1990-08-02 17:00:00+00:00,15.75,70.0,74.0,0.0,74.0,362.1,1.31,238.0,100030.0
1990-08-02 18:00:00+00:00,15.55,70.0,43.0,0.0,43.0,366.35,1.59,241.0,100010.0
1990-08-02 19:00:00+00:00,14.9,75.0,45.0,22.59,42.0,358.8,1.31,244.0,99990.0
1990-08-02 20:00:00+00:00,14.17,77.65,0.0,0.0,0.0,343.7,1.59,238.0,99980.0
1990-08-02 21:00:00+00:00,13.17,80.35,0.0,0.0,0.0,323.0,2.28,243.0,99980.0
1990-08-02 22:00:00+00:00,12.3,83.15,0.0,0.0,0.0,311.0,2.9,245.0,99990.0
1990-08-02 23:00:00+00:00,11.48,83.1,0.0,0.0,0.0,296.85,2.97,242.0,99960.0
1990-08-03 00:00:00+00:00,11.03,86.1,0.0,0.0,0.0,302.5,2.97,236.0,99910.0
1990-08-03 01:00:00+00:00,10.85,86.05,0.0,0.0,0.0,310.7,2.97,231.0,99860.0
1990-08-03 02:00:00+00:00,10.91,83.05,0.0,0.0,0.0,317.4,2.9,226.0,99800.0
1990-08-03 03:00:00+00:00,11.13,83.05,0.0,0.0,0.0,327.25,2.9,223.0,99760.0
1990-08-03 04:00:00+00:00,11.5,83.1,0.0,0.0,0.0,344.5,2.83,215.0,99680.0
1990-08-03 05:00:00+00:00,11.82,86.15,21.0,0.0,21.0,346.0,2.97,211.0,99630.0
1990-08-03 06:00:00+00:00,12.37,86.2,100.0,47.39,89.0,357.65,3.31,210.0,99600.0
1990-08-03 07:00:00+00:00,13.04,89.4,191.0,80.91,161.0,363.65,3.31,216.0,99610.0
1990-08-03 08:00:00+00:00,13.71,86.35,387.0,371.08,201.0,369.25,4.48,226.0,99560.0
1990-08-03 09:00:00+00:00,14.24,83.4,233.0,9.76,227.0,367.1,4.69,236.0,99560.0
1990-08-03 10:00:00+00:00,15.3,77.8,464.0,179.23,338.0,372.55,4.9,249.0,99520.0
1990-08-03 11:00:00+00:00,16.37,72.65,493.0,160.4,371.0,360.95,5.03,252.0,99470.0
1990-08-03 12:00:00+00:00,16.93,70.2,430.0,74.04,372.0,335.2,5.52,253.0,99470.0
1990-08-03 13:00:00+00:00,16.92,67.75,544.0,228.63,368.0,351.25,5.93,259.0,99470.0
1990-08-03 14:00:00+00:00,16.09,62.95,372.0,56.88,331.0,360.55,6.0,263.0,99480.0
1990-08-03 15:00:00+00:00,15.31,65.05,301.0,37.52,277.0,358.4,5.66,264.0,99460.0
1990-08-03 16:00:00+00:00,14.99,60.5,110.0,0.0,110.0,352.0,5.66,263.0,99430.0
1990-08-03 17:00:00+00:00,14.43,62.65,150.0,12.34,145.0,351.85,5.31,263.0,99400.0
1990-08-03 18:00:00+00:00,13.97,64.85,88.0,7.47,86.0,360.15,4.62,263.0,99380.0
1990-08-03 19:00:00+00:00,13.64,72.2,55.0,69.8,46.0,333.25,4.28,259.0,99340.0
1990-08-03 20:00:00+00:00,13.03,74.75,0.0,0.0,0.0,325.1,4.21,259.0,99330.0
1990-08-03 21:00:00+00:00,12.35,83.15,0.0,0.0,0.0,314.3,4.07,259.0,99290.0
1990-08-03 22:00:00+00:00,11.93,83.15,0.0,0.0,0.0,316.2,3.72,258.0,99250.0
1990-08-03 23:00:00+00:00,11.66,89.3,0.0,0.0,0.0,322.2,3.45,259.0,99210.0
1990-08-04 00:00:00+00:00,11.44,89.3,0.0,0.0,0.0,321.65,3.38,258.0,99170.0
1990-08-04 01:00:00+00:00,11.38,92.55,0.0,0.0,0.0,327.55,3.24,255.0,99130.0
1990-08-04 02:00:00+00:00,11.38,95.9,0.0,0.0,0.0,338.65,3.17,255.0,99080.0
1990-08-04 03:00:00+00:00,11.39,95.9,0.0,0.0,0.0,346.6,2.9,255.0,99000.0
1990-08-04 04:00:00+00:00,11.26,95.9,0.0,0.0,0.0,338.85,2.83,259.0,98980.0
1990-08-04 05:00:00+00:00,11.29,95.9,5.0,0.0,5.0,345.25,3.03,263.0,98960.0
1990-08-04 06:00:00+00:00,11.5,92.55,35.0,0.0,35.0,343.3,3.38,272.0,98970.0
1990-08-04 07:00:00+00:00,12.02,86.2,88.0,0.0,88.0,342.55,3.86,282.0,98930.0
1990-08-04 08:00:00+00:00,12.64,83.25,112.0,0.0,112.0,353.2,3.86,291.0,98920.0
1990-08-04 09:00:00+00:00,13.36,77.5,184.0,0.0,184.0,352.4,3.59,296.0,98930.0
1990-08-04 10:00:00+00:00,14.12,72.3,342.0,42.85,312.0,355.7,3.45,301.0,98900.0
1990-08-04 11:00:00+00:00,14.87,67.35,441.0,98.97,366.0,335.55,3.31,302.0,98900.0
1990-08-04 12:00:00+00:00,15.7,60.65,392.0,47.4,355.0,338.5,3.38,300.0,98890.0
1990-08-04 13:00:00+00:00,16.13,58.6,526.0,202.12,371.0,352.0,3.45,296.0,98920.0
1990-08-04 14:00:00+00:00,16.23,58.6,633.0,540.58,245.0,357.65,3.72,291.0,98930.0
1990-08-04 15:00:00+00:00,16.37,58.6,553.0,529.47,216.0,359.75,4.0,287.0,98920.0
1990-08-04 16:00:00+00:00,16.37,58.6,370.0,249.7,238.0,346.0,4.28,282.0,98940.0
1990-08-04 17:00:00+00:00,15.94,60.75,210.0,82.19,177.0,317.75,4.69,277.0,98950.0
1990-08-04 18:00:00+00:00,15.38,67.45,187.0,333.52,99.0,337.7,4.55,274.0,98970.0
1990-08-04 19:00:00+00:00,14.64,69.85,35.0,8.0,34.0,322.2,4.62,269.0,99030.0
1990-08-04 20:00:00+00:00,13.8,74.85,0.0,0.0,0.0,329.0,4.48,270.0,99050.0
1990-08-04 21:00:00+00:00,13.02,77.5,0.0,0.0,0.0,323.0,4.55,270.0,99060.0
1990-08-04 22:00:00+00:00,12.21,83.15,0.0,0.0,0.0,304.05,4.55,269.0,99090.0
1990-08-04 23:00:00+00:00,11.6,86.15,0.0,0.0,0.0,302.5,4.28,268.0,99090.0
1990-08-05 00:00:00+00:00,11.37,89.3,0.0,0.0,0.0,320.5,4.21,269.0,99120.0
1990-08-05 01:00:00+00:00,11.04,86.1,0.0,0.0,0.0,315.15,3.93,269.0,99140.0
1990-08-05 02:00:00+00:00,10.79,89.25,0.0,0.0,0.0,317.4,3.66,270.0,99150.0
1990-08-05 03:00:00+00:00,10.4,89.25,0.0,0.0,0.0,303.25,3.45,269.0,99150.0
1990-08-05 04:00:00+00:00,10.07,92.5,0.0,0.0,0.0,296.85,3.45,267.0,99160.0
1990-08-05 05:00:00+00:00,9.83,95.85,45.0,171.9,30.0,290.85,3.45,265.0,99180.0
1990-08-05 06:00:00+00:00,10.57,89.25,138.0,208.75,91.0,322.4,4.28,271.0,99210.0
1990-08-05 07:00:00+00:00,11.41,86.15,119.0,5.49,117.0,296.5,4.21,276.0,99220.0
1990-08-05 08:00:00+00:00,12.28,80.2,264.0,80.81,224.0,320.3,4.21,281.0,99230.0
1990-08-05 09:00:00+00:00,13.44,72.2,454.0,307.27,267.0,327.45,3.93,284.0,99250.0
1990-08-05 10:00:00+00:00,14.47,67.35,516.0,283.98,318.0,311.55,3.79,289.0,99230.0
1990-08-05 11:00:00+00:00,15.19,65.05,297.0,9.27,290.0,317.55,3.59,291.0,99250.0
1990-08-05 12:00:00+00:00,15.65,65.15,244.0,0.0,244.0,309.65,3.45,286.0,99250.0
1990-08-05 13:00:00+00:00,16.18,67.65,95.0,0.0,95.0,323.95,3.52,278.0,99290.0
1990-08-05 14:00:00+00:00,16.42,70.1,347.0,40.58,318.0,330.35,3.72,273.0,99290.0
1990-08-05 15:00:00+00:00,16.53,67.75,292.0,33.16,271.0,333.25,3.86,269.0,99290.0
1990-08-05 16:00:00+00:00,16.56,67.75,266.0,60.93,234.0,319.3,4.07,270.0,99290.0
1990-08-05 17:00:00+00:00,16.26,65.25,202.0,70.38,174.0,309.85,4.21,270.0,99290.0
1990-08-05 18:00:00+00:00,15.73,65.15,204.0,476.98,80.0,316.8,4.0,267.0,99340.0
1990-08-05 19:00:00+00:00,14.83,69.85,69.0,206.8,44.0,323.4,4.28,260.0,99370.0
1990-08-05 20:00:00+00:00,13.86,74.85,0.0,0.0,0.0,312.75,4.0,256.0,99390.0
1990-08-05 21:00:00+00:00,13.2,77.5,0.0,0.0,0.0,323.2,3.59,253.0,99430.0
1990-08-05 22:00:00+00:00,12.25,86.2,0.0,0.0,0.0,293.95,3.17,246.0,99420.0
1990-08-05 23:00:00+00:00,11.59,89.3,0.0,0.0,0.0,293.4,3.03,238.0,99430.0
1990-08-06 00:00:00+00:00,11.14,92.55,0.0,0.0,0.0,295.3,3.1,233.0,99430.0
1990-08-06 01:00:00+00:00,10.75,92.5,0.0,0.0,0.0,294.05,2.9,228.0,99390.0
1990-08-06 02:00:00+00:00,10.56,92.5,0.0,0.0,0.0,297.25,2.69,222.0,99410.0
1990-08-06 03:00:00+00:00,10.51,92.5,0.0,0.0,0.0,308.65,2.28,215.0,99370.0
1990-08-06 04:00:00+00:00,10.52,92.5,0.0,0.0,0.0,317.4,1.93,202.0,99340.0
1990-08-06 05:00:00+00:00,10.51,92.5,7.0,0.0,7.0,318.75,1.72,180.0,99330.0
1990-08-06 06:00:00+00:00,11.19,92.55,91.0,40.61,82.0,317.4,1.93,161.0,99300.0
1990-08-06 07:00:00+00:00,12.57,89.4,57.0,0.0,57.0,339.45,2.97,154.0,99250.0
1990-08-06 08:00:00+00:00,13.62,83.35,116.0,0.0,116.0,355.3,4.41,159.0,99220.0
1990-08-06 09:00:00+00:00,13.97,83.4,240.0,13.21,232.0,362.65,4.21,156.0,99180.0
1990-08-06 10:00:00+00:00,14.53,80.55,335.0,41.77,306.0,365.55,4.0,150.0,99130.0
1990-08-06 11:00:00+00:00,14.81,80.55,516.0,210.13,358.0,370.8,4.41,152.0,99110.0
1990-08-06 12:00:00+00:00,14.93,77.8,432.0,82.62,368.0,369.25,4.28,154.0,99070.0
1990-08-06 13:00:00+00:00,15.28,77.8,420.0,78.86,360.0,373.5,4.83,160.0,99070.0
1990-08-06 14:00:00+00:00,15.4,80.6,509.0,253.01,329.0,376.8,4.34,162.0,99030.0
1990-08-06 15:00:00+00:00,15.68,77.85,258.0,15.88,248.0,376.0,3.93,171.0,99010.0
1990-08-06 16:00:00+00:00,15.85,80.65,86.0,0.0,86.0,378.55,3.17,182.0,98980.0
1990-08-06 17:00:00+00:00,15.7,77.85,55.0,0.0,55.0,369.65,3.45,206.0,99000.0
1990-08-06 18:00:00+00:00,15.19,80.6,48.0,0.0,48.0,369.85,3.31,221.0,99030.0
1990-08-06 19:00:00+00:00,15.19,80.6,31.0,8.57,30.0,370.4,2.69,223.0,99020.0
1990-08-06 20:00:00+00:00,14.71,83.45,0.0,0.0,0.0,367.5,2.28,220.0,99060.0
1990-08-06 21:00:00+00:00,14.33,86.4,0.0,0.0,0.0,367.7,2.0,212.0,99100.0
1990-08-06 22:00:00+00:00,13.95,86.4,0.0,0.0,0.0,363.85,2.0,206.0,99090.0
1990-08-06 23:00:00+00:00,13.63,89.45,0.0,0.0,0.0,360.15,1.86,202.0,99130.0
1990-08-07 00:00:00+00:00,13.31,92.65,0.0,0.0,0.0,357.85,1.86,205.0,99130.0
1990-08-07 01:00:00+00:00,13.32,92.65,0.0,0.0,0.0,361.25,2.0,215.0,99160.0
1990-08-07 02:00:00+00:00,13.22,92.65,0.0,0.0,0.0,361.9,1.93,221.0,99180.0
1990-08-07 03:00:00+00:00,13.1,92.65,0.0,0.0,0.0,358.8,1.72,223.0,99200.0
1990-08-07 04:00:00+00:00,12.8,95.95,0.0,0.0,0.0,348.35,1.72,224.0,99220.0
1990-08-07 05:00:00+00:00,12.66,95.95,30.0,50.18,26.0,350.1,1.72,232.0,99270.0
1990-08-07 06:00:00+00:00,13.06,92.65,61.0,4.59,60.0,353.4,2.07,248.0,99330.0
1990-08-07 07:00:00+00:00,13.56,92.65,285.0,481.13,113.0,353.75,2.0,268.0,99390.0
1990-08-07 08:00:00+00:00,14.57,86.45,261.0,85.96,219.0,352.0,2.41,285.0,99440.0
1990-08-07 09:00:00+00:00,15.4,83.5,179.0,0.0,179.0,353.55,2.48,311.0,99500.0
1990-08-07 10:00:00+00:00,16.24,75.25,88.0,0.0,88.0,334.2,2.28,346.0,99570.0
1990-08-07 11:00:00+00:00,17.01,72.8,303.0,13.35,293.0,347.2,2.21,10.0,99620.0
1990-08-07 12:00:00+00:00,17.25,75.4,277.0,3.89,274.0,351.65,1.79,27.0,99690.0
1990-08-07 13:00:00+00:00,17.65,75.4,194.0,0.0,194.0,352.6,1.31,43.0,99770.0
1990-08-07 14:00:00+00:00,18.29,75.45,243.0,2.82,241.0,350.65,0.69,44.0,99800.0
1990-08-07 15:00:00+00:00,18.57,70.45,525.0,483.71,222.0,352.0,0.55,5.0,99840.0
1990-08-07 16:00:00+00:00,18.46,68.05,407.0,403.5,198.0,357.85,0.76,1.0,99900.0
1990-08-07 17:00:00+00:00,18.03,70.35,324.0,533.01,116.0,338.3,0.62,27.0,99930.0
1990-08-07 18:00:00+00:00,17.82,72.8,190.0,432.66,81.0,341.75,0.83,87.0,99980.0
1990-08-07 19:00:00+00:00,15.99,75.25,45.0,53.35,39.0,352.4,1.86,97.0,100120.0
1990-08-07 20:00:00+00:00,15.25,80.6,0.0,0.0,0.0,350.3,2.21,105.0,100180.0
1990-08-07 21:00:00+00:00,14.58,83.45,0.0,0.0,0.0,350.1,2.34,114.0,100230.0
1990-08-07 22:00:00+00:00,14.04,83.4,0.0,0.0,0.0,345.45,2.21,122.0,100240.0
1990-08-07 23:00:00+00:00,13.49,86.35,0.0,0.0,0.0,332.3,2.14,127.0,100270.0
1990-08-08 00:00:00+00:00,13.11,89.4,0.0,0.0,0.0,334.2,2.14,129.0,100280.0
1990-08-08 01:00:00+00:00,12.92,89.4,0.0,0.0,0.0,341.1,2.14,128.0,100290.0
1990-08-08 02:00:00+00:00,12.83,92.6,0.0,0.0,0.0,346.4,2.14,128.0,100340.0
1990-08-08 03:00:00+00:00,12.78,92.6,0.0,0.0,0.0,354.75,2.07,130.0,100320.0
1990-08-08 04:00:00+00:00,12.78,92.6,0.0,0.0,0.0,359.75,2.07,134.0,100350.0
1990-08-08 05:00:00+00:00,12.84,92.6,22.0,13.18,21.0,367.9,2.07,135.0,100320.0
1990-08-08 06:00:00+00:00,13.03,89.4,126.0,181.9,87.0,365.4,2.21,138.0,100330.0
1990-08-08 07:00:00+00:00,13.61,86.35,278.0,440.6,122.0,372.35,2.62,143.0,100350.0
1990-08-08 08:00:00+00:00,14.04,83.4,368.0,352.33,197.0,376.6,2.34,147.0,100360.0
1990-08-08 09:00:00+00:00,15.26,77.8,400.0,196.9,282.0,361.1,2.21,172.0,100350.0
1990-08-08 10:00:00+00:00,16.11,72.65,443.0,161.3,332.0,357.25,1.45,176.0,100310.0
1990-08-08 11:00:00+00:00,16.95,65.45,475.0,150.16,363.0,358.8,1.1,188.0,100290.0
1990-08-08 12:00:00+00:00,17.64,65.45,567.0,271.96,358.0,358.4,0.76,205.0,100260.0
1990-08-08 13:00:00+00:00,17.89,63.2,563.0,284.96,348.0,363.45,0.48,210.0,100240.0
1990-08-08 14:00:00+00:00,17.81,63.2,342.0,41.14,313.0,369.65,0.28,215.0,100220.0
1990-08-08 15:00:00+00:00,17.83,65.45,435.0,232.79,290.0,364.6,0.14,251.0,100190.0
1990-08-08 16:00:00+00:00,17.66,65.45,347.0,215.86,236.0,359.55,0.14,192.0,100160.0
1990-08-08 17:00:00+00:00,17.32,65.45,181.0,49.19,162.0,350.85,0.28,201.0,100100.0
1990-08-08 18:00:00+00:00,16.88,67.75,173.0,322.88,93.0,354.55,0.21,193.0,100050.0
1990-08-08 19:00:00+00:00,16.21,72.65,10.0,0.0,10.0,339.45,0.48,199.0,100030.0
1990-08-08 20:00:00+00:00,15.09,77.8,0.0,0.0,0.0,325.5,1.17,214.0,100030.0
1990-08-08 21:00:00+00:00,13.8,80.4,0.0,0.0,0.0,317.95,1.72,223.0,100000.0
1990-08-08 22:00:00+00:00,13.0,83.25,0.0,0.0,0.0,316.2,2.0,221.0,99980.0
1990-08-08 23:00:00+00:00,12.35,86.2,0.0,0.0,0.0,307.7,2.34,216.0,99940.0
1990-08-09 00:00:00+00:00,12.3,86.2,0.0,0.0,0.0,330.95,2.62,211.0,99870.0
1990-08-09 01:00:00+00:00,12.17,86.2,0.0,0.0,0.0,337.05,2.9,207.0,99800.0
1990-08-09 02:00:00+00:00,12.17,86.2,0.0,0.0,0.0,345.05,3.03,207.0,99720.0
1990-08-09 03:00:00+00:00,11.9,86.2,0.0,0.0,0.0,319.7,3.03,209.0,99650.0
1990-08-09 04:00:00+00:00,11.87,89.3,0.0,0.0,0.0,325.1,2.97,204.0,99580.0
1990-08-09 05:00:00+00:00,11.89,89.3,3.0,0.0,3.0,324.95,2.76,198.0,99540.0
1990-08-09 06:00:00+00:00,12.13,86.2,66.0,9.49,64.0,333.45,2.76,192.0,99480.0
1990-08-09 07:00:00+00:00,12.48,89.4,43.0,0.0,43.0,348.95,3.31,180.0,99450.0
1990-08-09 08:00:00+00:00,12.96,89.4,92.0,0.0,92.0,353.0,3.59,180.0,99370.0
1990-08-09 09:00:00+00:00,14.4,83.4,211.0,5.03,208.0,359.2,4.69,186.0,99330.0
1990-08-09 10:00:00+00:00,15.35,80.6,375.0,80.29,320.0,371.0,4.9,192.0,99270.0
1990-08-09 11:00:00+00:00,15.69,77.85,202.0,0.0,202.0,367.3,4.62,196.0,99240.0
1990-08-09 12:00:00+00:00,16.91,75.3,563.0,274.4,353.0,367.5,4.34,200.0,99180.0
1990-08-09 13:00:00+00:00,17.25,70.3,430.0,93.18,360.0,371.4,3.86,205.0,99140.0
1990-08-09 14:00:00+00:00,17.1,70.3,141.0,0.0,141.0,343.7,4.21,223.0,99130.0
1990-08-09 15:00:00+00:00,16.54,70.2,212.0,3.23,210.0,362.1,3.86,246.0,99110.0
1990-08-09 16:00:00+00:00,16.04,72.65,171.0,3.92,169.0,357.45,4.0,261.0,99110.0
1990-08-09 17:00:00+00:00,15.44,72.55,174.0,44.47,157.0,338.65,4.07,263.0,99120.0
1990-08-09 18:00:00+00:00,14.63,72.4,159.0,258.7,96.0,332.85,3.79,258.0,99120.0
1990-08-09 19:00:00+00:00,14.64,69.85,64.0,279.72,35.0,322.4,3.38,249.0,99080.0
1990-08-09 20:00:00+00:00,13.6,72.2,0.0,0.0,0.0,307.5,3.24,244.0,99090.0
1990-08-09 21:00:00+00:00,12.82,77.45,0.0,0.0,0.0,313.3,3.03,240.0,99110.0
1990-08-09 22:00:00+00:00,12.25,83.15,0.0,0.0,0.0,313.3,2.97,236.0,99100.0
1990-08-09 23:00:00+00:00,11.76,86.15,0.0,0.0,0.0,308.85,2.62,231.0,99110.0
1990-08-10 00:00:00+00:00,11.18,89.3,0.0,0.0,0.0,296.1,2.34,228.0,99080.0
1990-08-10 01:00:00+00:00,10.85,92.5,0.0,0.0,0.0,299.3,2.14,224.0,99040.0
1990-08-10 02:00:00+00:00,10.48,92.5,0.0,0.0,0.0,298.4,2.07,217.0,99030.0
1990-08-10 03:00:00+00:00,10.22,92.5,0.0,0.0,0.0,301.9,1.93,206.0,99000.0
1990-08-10 04:00:00+00:00,9.9,92.5,0.0,0.0,0.0,300.15,1.93,195.0,98970.0
1990-08-10 05:00:00+00:00,9.93,92.5,13.0,0.0,13.0,315.25,1.86,190.0,98940.0
1990-08-10 06:00:00+00:00,10.56,89.25,115.0,149.73,84.0,319.3,1.59,190.0,98940.0
1990-08-10 07:00:00+00:00,11.57,86.15,129.0,14.41,124.0,306.55,2.41,180.0,98850.0
1990-08-10 08:00:00+00:00,12.61,80.3,211.0,31.34,196.0,319.9,3.03,191.0,98840.0
1990-08-10 09:00:00+00:00,13.12,83.25,220.0,8.43,215.0,337.1,2.83,190.0,98830.0
1990-08-10 10:00:00+00:00,13.45,83.35,318.0,33.73,295.0,352.2,2.48,183.0,98810.0
1990-08-10 11:00:00+00:00,14.21,80.45,500.0,193.36,357.0,319.1,2.07,181.0,98790.0
1990-08-10 12:00:00+00:00,14.61,77.75,463.0,120.73,371.0,335.4,1.24,190.0,98780.0
1990-08-10 13:00:00+00:00,14.32,80.45,311.0,14.71,300.0,352.0,0.69,213.0,98790.0
1990-08-10 14:00:00+00:00,14.54,77.75,145.0,0.0,145.0,348.55,0.83,251.0,98780.0
1990-08-10 15:00:00+00:00,14.83,77.75,580.0,706.66,145.0,335.55,1.17,280.0,98800.0
1990-08-10 16:00:00+00:00,15.0,77.8,405.0,418.56,193.0,356.5,2.0,285.0,98800.0
1990-08-10 17:00:00+00:00,14.73,77.75,318.0,542.15,113.0,357.65,2.76,288.0,98810.0
1990-08-10 18:00:00+00:00,14.03,77.65,161.0,288.48,92.0,318.35,3.38,277.0,98870.0
1990-08-10 19:00:00+00:00,12.57,83.25,23.0,0.0,23.0,323.2,2.69,262.0,98920.0
1990-08-10 20:00:00+00:00,12.1,86.2,0.0,0.0,0.0,328.8,3.03,262.0,98980.0
1990-08-10 21:00:00+00:00,11.5,89.3,0.0,0.0,0.0,306.95,3.38,263.0,99010.0
1990-08-10 22:00:00+00:00,10.96,89.3,0.0,0.0,0.0,288.35,3.59,265.0,99070.0
1990-08-10 23:00:00+00:00,10.63,89.25,0.0,0.0,0.0,290.3,3.66,265.0,99090.0
1990-08-11 00:00:00+00:00,10.25,92.5,0.0,0.0,0.0,282.95,3.66,264.0,99100.0
1990-08-11 01:00:00+00:00,10.01,92.5,0.0,0.0,0.0,288.25,3.66,261.0,99120.0
1990-08-11 02:00:00+00:00,9.68,92.45,0.0,0.0,0.0,277.9,3.72,259.0,99140.0
1990-08-11 03:00:00+00:00,9.61,92.45,0.0,0.0,0.0,289.3,3.72,260.0,99160.0
1990-08-11 04:00:00+00:00,9.45,92.45,0.0,0.0,0.0,286.2,3.52,257.0,99160.0
1990-08-11 05:00:00+00:00,9.38,92.45,10.0,0.0,10.0,286.05,3.38,252.0,99170.0
1990-08-11 06:00:00+00:00,10.0,92.5,147.0,398.44,66.0,289.9,3.31,252.0,99210.0
1990-08-11 07:00:00+00:00,11.33,89.3,306.0,666.63,77.0,294.35,4.48,265.0,99190.0
1990-08-11 08:00:00+00:00,12.03,83.15,450.0,751.16,93.0,315.65,4.41,269.0,99200.0
1990-08-11 09:00:00+00:00,13.22,77.5,448.0,334.16,251.0,342.55,5.03,268.0,99190.0
1990-08-11 10:00:00+00:00,14.32,72.3,212.0,1.47,211.0,347.95,5.45,266.0,99170.0
1990-08-11 11:00:00+00:00,14.99,75.1,140.0,0.0,140.0,346.2,5.17,270.0,99160.0
1990-08-11 12:00:00+00:00,14.82,80.55,565.0,284.68,349.0,358.0,5.03,276.0,99150.0
1990-08-11 13:00:00+00:00,14.55,83.45,244.0,1.34,243.0,359.55,5.17,278.0,99170.0
1990-08-11 14:00:00+00:00,13.72,86.35,360.0,59.05,319.0,356.85,5.38,283.0,99190.0
1990-08-11 15:00:00+00:00,13.96,83.4,245.0,13.08,237.0,355.3,5.24,284.0,99210.0
1990-08-11 16:00:00+00:00,14.73,80.55,250.0,57.71,221.0,356.85,4.97,286.0,99240.0
1990-08-11 17:00:00+00:00,14.87,80.55,244.0,216.63,163.0,356.1,4.48,289.0,99290.0
1990-08-11 18:00:00+00:00,14.81,80.55,179.0,447.28,74.0,359.75,4.62,289.0,99300.0
1990-08-11 19:00:00+00:00,13.83,83.35,18.0,0.0,18.0,335.0,4.07,306.0,99350.0
1990-08-11 20:00:00+00:00,13.04,83.25,0.0,0.0,0.0,332.1,3.45,307.0,99450.0
1990-08-11 21:00:00+00:00,12.65,86.25,0.0,0.0,0.0,330.95,2.97,312.0,99490.0
1990-08-11 22:00:00+00:00,12.28,89.35,0.0,0.0,0.0,327.45,2.69,314.0,99540.0
1990-08-11 23:00:00+00:00,11.63,89.3,0.0,0.0,0.0,305.2,2.41,307.0,99580.0
1990-08-12 00:00:00+00:00,11.14,92.55,0.0,0.0,0.0,302.5,2.21,299.0,99600.0
1990-08-12 01:00:00+00:00,10.8,92.5,0.0,0.0,0.0,307.25,2.14,293.0,99630.0
1990-08-12 02:00:00+00:00,10.93,92.55,0.0,0.0,0.0,329.95,2.0,289.0,99650.0
1990-08-12 03:00:00+00:00,10.72,92.5,0.0,0.0,0.0,316.4,2.07,292.0,99670.0
1990-08-12 04:00:00+00:00,10.7,92.5,0.0,0.0,0.0,321.85,2.14,298.0,99700.0
1990-08-12 05:00:00+00:00,10.85,95.9,20.0,33.25,18.0,332.65,2.28,300.0,99720.0
1990-08-12 06:00:00+00:00,11.29,95.9,52.0,0.0,52.0,335.2,2.48,305.0,99780.0
1990-08-12 07:00:00+00:00,12.08,92.6,245.0,326.54,134.0,347.0,2.69,310.0,99830.0
1990-08-12 08:00:00+00:00,12.72,92.6,274.0,120.81,217.0,346.4,3.17,316.0,99880.0
1990-08-12 09:00:00+00:00,13.61,86.35,466.0,394.06,235.0,353.4,3.45,324.0,99920.0
1990-08-12 10:00:00+00:00,14.42,80.55,283.0,16.29,272.0,343.9,3.31,328.0,99940.0
1990-08-12 11:00:00+00:00,15.37,80.6,675.0,624.85,217.0,331.5,3.38,331.0,99950.0
1990-08-12 12:00:00+00:00,16.05,75.25,498.0,172.1,368.0,339.85,3.24,330.0,99980.0
1990-08-12 13:00:00+00:00,16.06,72.65,121.0,0.0,121.0,340.4,3.52,342.0,99960.0
1990-08-12 14:00:00+00:00,15.36,77.8,86.0,0.0,86.0,345.85,3.59,356.0,100000.0
1990-08-12 15:00:00+00:00,14.81,80.55,70.0,0.0,70.0,332.5,3.59,357.0,100050.0
1990-08-12 16:00:00+00:00,15.31,77.8,277.0,96.3,229.0,322.0,3.38,360.0,100100.0
1990-08-12 17:00:00+00:00,14.4,80.45,49.0,0.0,49.0,336.95,4.07,9.0,100080.0
1990-08-12 18:00:00+00:00,14.17,80.45,91.0,30.4,84.0,326.1,3.72,10.0,100160.0
1990-08-12 19:00:00+00:00,14.14,77.65,31.0,33.4,28.0,327.45,3.38,354.0,100190.0
1990-08-12 20:00:00+00:00,13.36,83.25,0.0,0.0,0.0,323.4,3.31,353.0,100260.0
1990-08-12 21:00:00+00:00,12.83,86.25,0.0,0.0,0.0,323.55,3.45,350.0,100310.0
1990-08-12 22:00:00+00:00,12.35,89.35,0.0,0.0,0.0,315.45,3.52,347.0,100330.0
1990-08-12 23:00:00+00:00,12.09,89.35,0.0,0.0,0.0,317.95,3.59,344.0,100350.0
1990-08-13 00:00:00+00:00,11.99,89.35,0.0,0.0,0.0,329.75,3.45,342.0,100360.0
1990-08-13 01:00:00+00:00,11.75,89.3,0.0,0.0,0.0,321.75,3.59,343.0,100350.0
1990-08-13 02:00:00+00:00,11.7,89.3,0.0,0.0,0.0,334.05,3.66,346.0,100370.0
1990-08-13 03:00:00+00:00,11.4,89.3,0.0,0.0,0.0,320.5,3.72,347.0,100350.0
1990-08-13 04:00:00+00:00,11.27,92.55,0.0,0.0,0.0,320.65,3.79,349.0,100380.0
1990-08-13 05:00:00+00:00,11.34,92.55,4.0,0.0,4.0,334.0,3.79,350.0,100380.0
1990-08-13 06:00:00+00:00,11.62,89.3,25.0,0.0,25.0,327.25,3.79,349.0,100430.0
1990-08-13 07:00:00+00:00,12.29,89.35,140.0,29.74,130.0,324.95,4.21,347.0,100460.0
1990-08-13 08:00:00+00:00,13.13,83.25,279.0,136.65,215.0,335.4,5.03,356.0,100450.0
1990-08-13 09:00:00+00:00,14.11,77.65,283.0,46.33,256.0,327.05,5.38,9.0,100470.0
1990-08-13 10:00:00+00:00,14.76,75.0,559.0,450.94,256.0,337.3,5.17,16.0,100450.0
1990-08-13 11:00:00+00:00,15.24,72.45,542.0,286.45,333.0,347.2,5.24,22.0,100480.0
1990-08-13 12:00:00+00:00,15.74,67.55,643.0,480.1,282.0,334.6,4.76,25.0,100480.0
1990-08-13 13:00:00+00:00,16.01,65.25,460.0,138.33,358.0,355.3,3.86,27.0,100480.0
1990-08-13 14:00:00+00:00,16.54,63.05,111.0,0.0,111.0,334.6,4.0,26.0,100490.0
1990-08-13 15:00:00+00:00,16.24,65.25,162.0,0.0,162.0,340.8,3.24,36.0,100480.0
1990-08-13 16:00:00+00:00,16.2,65.25,153.0,2.02,152.0,344.85,2.76,44.0,100450.0
1990-08-13 17:00:00+00:00,16.12,65.25,87.0,0.0,87.0,342.95,2.48,48.0,100440.0
1990-08-13 18:00:00+00:00,15.46,67.55,27.0,0.0,27.0,342.35,2.41,69.0,100460.0
1990-08-13 19:00:00+00:00,14.22,77.65,4.0,0.0,4.0,359.95,3.31,69.0,100490.0
1990-08-13 20:00:00+00:00,13.26,83.25,0.0,0.0,0.0,351.05,3.38,71.0,100520.0
1990-08-13 21:00:00+00:00,12.64,83.25,0.0,0.0,0.0,343.1,2.9,58.0,100570.0
1990-08-13 22:00:00+00:00,12.33,86.2,0.0,0.0,0.0,346.8,2.28,36.0,100580.0
1990-08-13 23:00:00+00:00,12.12,83.15,0.0,0.0,0.0,347.55,2.07,12.0,100560.0
1990-08-14 00:00:00+00:00,11.92,80.2,0.0,0.0,0.0,341.55,2.07,360.0,100530.0
1990-08-14 01:00:00+00:00,11.63,83.1,0.0,0.0,0.0,333.55,2.0,360.0,100520.0
1990-08-14 02:00:00+00:00,11.16,83.05,0.0,0.0,0.0,317.2,1.93,6.0,100520.0
1990-08-14 03:00:00+00:00,11.17,83.05,0.0,0.0,0.0,340.4,1.93,13.0,100530.0
1990-08-14 04:00:00+00:00,11.08,83.05,0.0,0.0,0.0,340.0,2.0,15.0,100540.0
1990-08-14 05:00:00+00:00,11.2,83.05,9.0,0.0,9.0,354.55,2.21,19.0,100540.0
1990-08-14 06:00:00+00:00,11.28,86.1,49.0,0.0,49.0,349.7,2.55,22.0,100560.0
1990-08-14 07:00:00+00:00,11.89,86.15,111.0,6.01,109.0,360.55,3.03,27.0,100650.0
1990-08-14 08:00:00+00:00,12.1,83.15,182.0,15.06,175.0,355.3,2.9,24.0,100640.0
1990-08-14 09:00:00+00:00,12.69,83.25,216.0,8.63,211.0,360.55,3.03,35.0,100660.0
1990-08-14 10:00:00+00:00,13.54,77.6,209.0,1.5,208.0,357.45,3.31,49.0,100660.0
1990-08-14 11:00:00+00:00,14.36,74.95,286.0,9.64,279.0,350.85,3.38,58.0,100690.0
1990-08-14 12:00:00+00:00,14.29,74.95,503.0,184.39,365.0,361.1,3.03,63.0,100680.0
1990-08-14 13:00:00+00:00,14.61,75.0,730.0,804.13,140.0,365.95,2.9,67.0,100710.0
1990-08-14 14:00:00+00:00,14.99,72.45,574.0,452.36,265.0,358.8,2.9,72.0,100710.0
1990-08-14 15:00:00+00:00,14.93,75.1,380.0,155.01,287.0,364.8,3.1,76.0,100730.0
1990-08-14 16:00:00+00:00,14.76,77.75,285.0,116.32,228.0,365.4,2.76,78.0,100710.0
1990-08-14 17:00:00+00:00,14.6,80.55,210.0,135.83,161.0,358.6,2.62,77.0,100690.0
1990-08-14 18:00:00+00:00,14.27,83.4,86.0,27.16,80.0,357.85,2.62,82.0,100730.0
1990-08-14 19:00:00+00:00,13.65,83.35,31.0,62.37,26.0,347.2,2.21,77.0,100770.0
1990-08-14 20:00:00+00:00,12.96,89.4,0.0,0.0,0.0,329.0,1.45,79.0,100820.0
1990-08-14 21:00:00+00:00,12.18,95.95,0.0,0.0,0.0,324.15,0.9,78.0,100850.0
1990-08-14 22:00:00+00:00,11.69,95.9,0.0,0.0,0.0,295.5,0.76,80.0,100880.0
1990-08-14 23:00:00+00:00,11.74,99.4,0.0,0.0,0.0,285.25,0.69,94.0,100900.0
1990-08-15 00:00:00+00:00,11.48,95.9,0.0,0.0,0.0,289.1,0.76,112.0,100880.0
1990-08-15 01:00:00+00:00,11.17,99.35,0.0,0.0,0.0,285.15,0.83,131.0,100910.0
1990-08-15 02:00:00+00:00,10.91,99.35,0.0,0.0,0.0,292.05,0.62,145.0,100920.0
1990-08-15 03:00:00+00:00,10.55,99.4,0.0,0.0,0.0,299.95,0.14,173.0,100900.0
1990-08-15 04:00:00+00:00,10.16,100.0,0.0,0.0,0.0,311.95,0.21,215.0,100920.0
1990-08-15 05:00:00+00:00,10.0,99.4,10.0,0.0,10.0,303.45,0.55,213.0,100940.0
1990-08-15 06:00:00+00:00,9.47,99.4,70.0,26.6,65.0,327.25,0.69,224.0,100970.0
1990-08-15 07:00:00+00:00,10.66,99.4,144.0,36.48,132.0,353.0,0.28,288.0,101020.0
1990-08-15 08:00:00+00:00,11.29,95.9,223.0,49.87,200.0,357.45,0.34,283.0,101040.0
1990-08-15 09:00:00+00:00,12.18,92.6,408.0,248.31,265.0,352.0,0.48,292.0,101030.0
1990-08-15 10:00:00+00:00,13.52,83.35,581.0,521.75,234.0,347.55,0.55,303.0,101000.0
1990-08-15 11:00:00+00:00,14.98,77.8,731.0,839.91,124.0,318.95,0.69,328.0,100970.0
1990-08-15 12:00:00+00:00,16.02,72.65,766.0,872.66,116.0,310.6,1.03,354.0,100940.0
1990-08-15 13:00:00+00:00,16.92,67.75,767.0,921.91,94.0,310.05,1.24,3.0,100930.0
1990-08-15 14:00:00+00:00,17.39,63.2,705.0,901.09,93.0,318.35,1.17,15.0,100890.0
1990-08-15 15:00:00+00:00,17.6,63.2,603.0,852.57,95.0,332.85,0.97,29.0,100860.0
1990-08-15 16:00:00+00:00,17.59,60.95,475.0,798.89,87.0,318.55,0.83,42.0,100820.0
1990-08-15 17:00:00+00:00,17.31,60.95,318.0,648.56,87.0,334.4,0.9,57.0,100780.0
1990-08-15 18:00:00+00:00,16.79,63.05,173.0,518.11,61.0,343.5,1.24,80.0,100770.0
1990-08-15 19:00:00+00:00,15.72,75.15,34.0,106.37,26.0,331.7,2.0,96.0,100730.0
1990-08-15 20:00:00+00:00,14.53,80.55,0.0,0.0,0.0,337.5,2.0,101.0,100720.0
1990-08-15 21:00:00+00:00,13.83,86.35,0.0,0.0,0.0,354.35,1.52,97.0,100690.0
1990-08-15 22:00:00+00:00,12.81,89.4,0.0,0.0,0.0,324.35,1.52,92.0,100680.0
1990-08-15 23:00:00+00:00,11.8,95.9,0.0,0.0,0.0,313.7,1.59,95.0,100640.0
1990-08-16 00:00:00+00:00,11.26,95.9,0.0,0.0,0.0,322.05,1.52,99.0,100610.0
1990-08-16 01:00:00+00:00,10.89,95.9,0.0,0.0,0.0,328.35,1.24,104.0,100570.0
1990-08-16 02:00:00+00:00,10.35,99.4,0.0,0.0,0.0,321.25,1.1,111.0,100490.0
1990-08-16 03:00:00+00:00,10.12,95.9,0.0,0.0,0.0,315.05,0.97,119.0,100460.0
1990-08-16 04:00:00+00:00,10.84,95.9,0.0,0.0,0.0,316.05,0.62,145.0,100430.0
1990-08-16 05:00:00+00:00,10.7,95.9,3.0,0.0,3.0,312.35,0.48,174.0,100380.0
1990-08-16 06:00:00+00:00,10.72,95.9,57.0,10.87,55.0,302.5,0.28,167.0,100360.0
1990-08-16 07:00:00+00:00,11.02,95.9,192.0,153.76,142.0,359.2,0.76,272.0,100350.0
1990-08-16 08:00:00+00:00,11.78,95.9,256.0,104.89,208.0,364.6,0.9,282.0,100310.0
1990-08-16 09:00:00+00:00,12.79,92.6,290.0,57.66,257.0,362.65,0.83,289.0,100260.0
1990-08-16 10:00:00+00:00,13.55,86.35,217.0,1.51,216.0,361.3,0.69,293.0,100220.0
1990-08-16 11:00:00+00:00,14.86,77.75,243.0,2.78,241.0,365.95,0.83,287.0,100180.0
1990-08-16 12:00:00+00:00,15.28,75.1,320.0,18.89,306.0,368.65,1.24,275.0,100140.0
1990-08-16 13:00:00+00:00,15.82,72.55,250.0,2.75,248.0,370.6,1.72,274.0,100100.0
1990-08-16 14:00:00+00:00,16.22,70.1,197.0,0.0,197.0,371.4,1.79,278.0,100030.0
1990-08-16 15:00:00+00:00,16.27,70.1,212.0,5.07,209.0,371.95,1.52,276.0,99990.0
1990-08-16 16:00:00+00:00,16.29,70.1,298.0,155.84,223.0,374.65,1.59,273.0,99930.0
1990-08-16 17:00:00+00:00,16.06,72.65,231.0,221.89,153.0,375.65,1.66,270.0,99890.0
1990-08-16 18:00:00+00:00,15.62,75.15,98.0,66.25,84.0,373.5,1.17,258.0,99850.0
1990-08-16 19:00:00+00:00,15.09,77.8,7.0,0.0,7.0,363.45,0.21,187.0,99760.0
1990-08-16 20:00:00+00:00,14.54,80.55,0.0,0.0,0.0,364.6,0.48,160.0,99700.0
1990-08-16 21:00:00+00:00,13.87,86.35,0.0,0.0,0.0,361.9,0.83,172.0,99660.0
1990-08-16 22:00:00+00:00,13.61,86.35,0.0,0.0,0.0,367.1,1.03,188.0,99590.0
1990-08-16 23:00:00+00:00,13.4,92.65,0.0,0.0,0.0,366.95,1.24,206.0,99540.0
1990-08-17 00:00:00+00:00,13.25,92.65,0.0,0.0,0.0,368.3,1.24,212.0,99480.0
1990-08-17 01:00:00+00:00,13.2,92.65,0.0,0.0,0.0,368.4,1.24,215.0,99390.0
1990-08-17 02:00:00+00:00,13.17,92.65,0.0,0.0,0.0,369.45,1.31,222.0,99340.0
1990-08-17 03:00:00+00:00,13.17,92.65,0.0,0.0,0.0,371.4,1.45,230.0,99270.0
1990-08-17 04:00:00+00:00,13.16,92.65,0.0,0.0,0.0,371.95,1.52,237.0,99230.0
1990-08-17 05:00:00+00:00,13.11,92.65,10.0,0.0,10.0,372.75,1.59,245.0,99190.0
1990-08-17 06:00:00+00:00,13.14,92.65,97.0,149.93,70.0,372.75,1.86,249.0,99160.0
1990-08-17 07:00:00+00:00,13.42,89.45,183.0,140.01,138.0,373.9,2.76,257.0,99140.0
1990-08-17 08:00:00+00:00,14.07,89.5,230.0,70.49,198.0,369.25,2.97,269.0,99120.0
1990-08-17 09:00:00+00:00,15.27,83.5,408.0,277.78,250.0,372.15,3.52,282.0,99100.0
1990-08-17 10:00:00+00:00,15.66,80.65,521.0,384.49,268.0,373.7,3.59,287.0,99100.0
1990-08-17 11:00:00+00:00,16.2,75.25,507.0,244.57,332.0,364.2,3.86,288.0,99090.0
1990-08-17 12:00:00+00:00,16.84,72.7,596.0,401.35,300.0,371.0,4.0,285.0,99060.0
1990-08-17 13:00:00+00:00,17.23,70.3,678.0,690.79,179.0,372.75,4.0,280.0,99060.0
1990-08-17 14:00:00+00:00,17.49,70.3,600.0,594.5,201.0,327.05,4.48,278.0,99040.0
1990-08-17 15:00:00+00:00,17.19,70.3,562.0,761.0,115.0,333.05,4.76,280.0,99050.0
1990-08-17 16:00:00+00:00,16.74,70.2,424.0,635.55,121.0,337.9,4.55,280.0,99020.0
1990-08-17 17:00:00+00:00,16.19,72.65,194.0,121.11,152.0,348.55,4.48,276.0,99010.0
1990-08-17 18:00:00+00:00,15.52,75.15,86.0,43.61,77.0,355.3,4.55,275.0,99020.0
1990-08-17 19:00:00+00:00,15.06,75.1,17.0,0.0,17.0,367.5,3.52,273.0,99020.0
1990-08-17 20:00:00+00:00,14.43,75.0,0.0,0.0,0.0,375.65,3.59,272.0,99030.0
1990-08-17 21:00:00+00:00,13.86,77.6,0.0,0.0,0.0,374.45,3.66,273.0,99010.0
1990-08-17 22:00:00+00:00,13.25,80.35,0.0,0.0,0.0,372.15,3.93,272.0,98990.0
1990-08-17 23:00:00+00:00,12.65,80.3,0.0,0.0,0.0,370.6,3.93,272.0,99000.0
1990-08-18 00:00:00+00:00,12.16,83.15,0.0,0.0,0.0,369.45,3.86,271.0,98960.0
1990-08-18 01:00:00+00:00,11.63,86.15,0.0,0.0,0.0,359.9,3.79,269.0,98950.0
1990-08-18 02:00:00+00:00,11.27,89.3,0.0,0.0,0.0,357.65,3.72,266.0,98910.0
1990-08-18 03:00:00+00:00,10.8,92.5,0.0,0.0,0.0,326.85,3.59,263.0,98880.0
1990-08-18 04:00:00+00:00,10.52,89.25,0.0,0.0,0.0,325.9,3.59,261.0,98850.0
1990-08-18 05:00:00+00:00,10.18,92.5,9.0,0.0,9.0,308.5,3.52,258.0,98830.0
1990-08-18 06:00:00+00:00,10.2,92.5,107.0,221.47,68.0,296.1,3.52,256.0,98800.0
1990-08-18 07:00:00+00:00,10.89,89.3,181.0,132.25,139.0,303.85,3.52,251.0,98800.0
1990-08-18 08:00:00+00:00,12.04,83.15,239.0,82.17,202.0,312.55,3.79,256.0,98760.0
1990-08-18 09:00:00+00:00,13.27,74.75,380.0,205.25,264.0,308.5,3.93,260.0,98740.0
1990-08-18 10:00:00+00:00,14.1,67.25,96.0,0.0,96.0,332.5,3.79,262.0,98720.0
1990-08-18 11:00:00+00:00,14.7,64.95,347.0,40.74,318.0,321.85,3.86,262.0,98720.0
1990-08-18 12:00:00+00:00,15.11,65.05,198.0,0.0,198.0,342.55,3.93,258.0,98680.0
1990-08-18 13:00:00+00:00,15.31,67.45,413.0,94.65,345.0,335.95,3.86,253.0,98650.0
1990-08-18 14:00:00+00:00,14.97,69.9,315.0,35.98,291.0,339.45,4.07,252.0,98620.0
1990-08-18 15:00:00+00:00,15.19,75.1,221.0,8.58,216.0,324.55,4.14,253.0,98630.0
1990-08-18 16:00:00+00:00,15.11,75.1,239.0,61.42,210.0,335.2,4.21,251.0,98600.0
1990-08-18 17:00:00+00:00,14.94,72.45,212.0,178.37,151.0,319.7,4.0,253.0,98590.0
1990-08-18 18:00:00+00:00,14.62,69.85,145.0,377.43,69.0,314.65,3.45,253.0,98580.0
1990-08-18 19:00:00+00:00,14.24,72.3,20.0,0.0,20.0,311.95,2.69,249.0,98590.0
1990-08-18 20:00:00+00:00,13.41,72.2,0.0,0.0,0.0,314.5,2.62,237.0,98610.0
1990-08-18 21:00:00+00:00,12.46,77.45,0.0,0.0,0.0,295.3,2.62,232.0,98660.0
1990-08-18 22:00:00+00:00,11.7,86.15,0.0,0.0,0.0,292.6,2.28,223.0,98680.0
1990-08-18 23:00:00+00:00,11.12,89.3,0.0,0.0,0.0,293.55,2.34,216.0,98690.0
1990-08-19 00:00:00+00:00,10.67,92.5,0.0,0.0,0.0,289.7,2.41,215.0,98690.0
1990-08-19 01:00:00+00:00,10.58,92.5,0.0,0.0,0.0,300.25,2.34,216.0,98710.0
1990-08-19 02:00:00+00:00,10.46,92.5,0.0,0.0,0.0,303.05,2.21,217.0,98700.0
1990-08-19 03:00:00+00:00,10.47,92.5,0.0,0.0,0.0,313.1,2.21,219.0,98690.0
1990-08-19 04:00:00+00:00,10.3,95.9,0.0,0.0,0.0,303.45,2.28,218.0,98720.0
1990-08-19 05:00:00+00:00,10.32,95.9,8.0,0.0,8.0,311.95,2.28,218.0,98750.0
1990-08-19 06:00:00+00:00,10.75,95.9,127.0,441.66,51.0,315.65,2.48,220.0,98800.0
1990-08-19 07:00:00+00:00,11.47,89.3,261.0,551.42,88.0,291.85,2.9,218.0,98860.0
1990-08-19 08:00:00+00:00,12.86,80.3,392.0,600.14,124.0,296.3,4.55,227.0,98890.0
1990-08-19 09:00:00+00:00,14.01,69.75,489.0,548.52,181.0,311.2,4.62,230.0,98940.0
1990-08-19 10:00:00+00:00,14.92,62.75,251.0,9.22,245.0,317.4,4.41,233.0,98980.0
1990-08-19 11:00:00+00:00,15.87,60.65,600.0,464.57,271.0,318.15,4.34,235.0,99020.0
1990-08-19 12:00:00+00:00,16.4,56.5,454.0,134.27,356.0,310.6,4.21,234.0,99040.0
1990-08-19 13:00:00+00:00,16.95,50.85,428.0,114.78,346.0,337.1,4.14,232.0,99070.0
1990-08-19 14:00:00+00:00,17.08,52.75,250.0,7.54,245.0,336.75,4.14,232.0,99070.0
1990-08-19 15:00:00+00:00,16.91,56.6,474.0,433.8,223.0,330.75,3.86,229.0,99120.0
1990-08-19 16:00:00+00:00,16.89,56.6,255.0,89.84,213.0,336.15,3.93,222.0,99100.0
1990-08-19 17:00:00+00:00,16.43,60.75,209.0,180.96,148.0,341.95,3.45,212.0,99120.0
1990-08-19 18:00:00+00:00,15.92,65.15,96.0,86.62,79.0,340.8,2.76,200.0,99110.0
1990-08-19 19:00:00+00:00,15.05,69.9,14.0,0.0,14.0,331.7,2.34,191.0,99140.0
1990-08-19 20:00:00+00:00,14.27,77.65,0.0,0.0,0.0,332.3,2.21,170.0,99160.0
1990-08-19 21:00:00+00:00,13.46,80.4,0.0,0.0,0.0,317.75,2.41,154.0,99170.0
1990-08-19 22:00:00+00:00,13.24,83.25,0.0,0.0,0.0,335.75,2.48,140.0,99130.0
1990-08-19 23:00:00+00:00,13.34,83.25,0.0,0.0,0.0,356.3,2.48,125.0,99090.0
1990-08-20 00:00:00+00:00,12.93,86.3,0.0,0.0,0.0,361.1,2.76,108.0,99020.0
1990-08-20 01:00:00+00:00,12.75,92.6,0.0,0.0,0.0,364.35,3.24,105.0,98930.0
1990-08-20 02:00:00+00:00,12.79,92.6,0.0,0.0,0.0,367.3,3.45,107.0,98840.0
1990-08-20 03:00:00+00:00,12.9,92.6,0.0,0.0,0.0,368.85,3.52,117.0,98760.0
1990-08-20 04:00:00+00:00,13.14,92.65,0.0,0.0,0.0,371.75,3.17,131.0,98700.0
1990-08-20 05:00:00+00:00,13.69,92.65,6.0,0.0,6.0,375.25,2.76,154.0,98680.0
1990-08-20 06:00:00+00:00,14.57,92.7,77.0,77.37,64.0,379.1,2.76,180.0,98650.0
1990-08-20 07:00:00+00:00,15.86,92.75,207.0,267.87,124.0,379.7,3.45,187.0,98720.0
1990-08-20 08:00:00+00:00,17.01,89.7,323.0,325.21,179.0,382.2,3.86,190.0,98680.0
1990-08-20 09:00:00+00:00,17.65,92.85,281.0,60.95,247.0,385.5,3.86,181.0,98720.0
1990-08-20 10:00:00+00:00,17.69,96.05,258.0,13.91,249.0,393.05,4.55,179.0,98700.0
1990-08-20 11:00:00+00:00,18.4,92.85,542.0,340.72,302.0,384.15,6.55,186.0,98700.0
1990-08-20 12:00:00+00:00,18.32,89.75,392.0,73.0,339.0,390.95,6.69,194.0,98730.0
1990-08-20 13:00:00+00:00,18.01,89.75,285.0,12.67,276.0,389.75,5.93,198.0,98760.0
1990-08-20 14:00:00+00:00,18.19,92.85,175.0,0.0,175.0,386.85,5.72,205.0,98790.0
1990-08-20 15:00:00+00:00,18.16,92.85,522.0,656.67,145.0,397.7,5.1,210.0,98800.0
1990-08-20 16:00:00+00:00,18.68,86.75,405.0,611.54,122.0,382.6,5.66,225.0,98810.0
1990-08-20 17:00:00+00:00,18.49,81.0,114.0,9.03,111.0,371.55,5.59,239.0,98850.0
1990-08-20 18:00:00+00:00,17.85,78.1,106.0,156.99,76.0,353.2,5.59,247.0,98930.0
1990-08-20 19:00:00+00:00,16.64,70.2,14.0,0.0,14.0,327.45,5.31,241.0,98970.0
1990-08-20 20:00:00+00:00,15.69,70.0,0.0,0.0,0.0,310.05,5.31,235.0,99070.0
1990-08-20 21:00:00+00:00,15.18,69.9,0.0,0.0,0.0,316.6,5.38,232.0,99120.0
1990-08-20 22:00:00+00:00,14.62,69.85,0.0,0.0,0.0,299.0,5.52,231.0,99160.0
1990-08-20 23:00:00+00:00,14.24,72.3,0.0,0.0,0.0,302.65,5.66,230.0,99190.0
1990-08-21 00:00:00+00:00,13.84,74.85,0.0,0.0,0.0,293.0,5.93,228.0,99220.0
1990-08-21 01:00:00+00:00,13.6,74.85,0.0,0.0,0.0,293.1,6.14,225.0,99230.0
1990-08-21 02:00:00+00:00,13.33,77.5,0.0,0.0,0.0,295.3,6.21,224.0,99200.0
1990-08-21 03:00:00+00:00,13.1,77.5,0.0,0.0,0.0,293.4,6.34,224.0,99210.0
1990-08-21 04:00:00+00:00,12.92,77.5,0.0,0.0,0.0,294.95,6.41,225.0,99230.0
1990-08-21 05:00:00+00:00,12.86,80.3,0.0,0.0,0.0,305.95,6.41,226.0,99260.0
1990-08-21 06:00:00+00:00,13.08,80.35,114.0,378.16,52.0,323.4,6.41,227.0,99290.0
1990-08-21 07:00:00+00:00,13.78,83.35,255.0,565.48,82.0,341.95,5.66,224.0,99330.0
1990-08-21 08:00:00+00:00,14.78,77.75,301.0,243.74,194.0,340.6,7.79,233.0,99330.0
1990-08-21 09:00:00+00:00,15.47,70.0,352.0,164.25,261.0,342.15,7.59,236.0,99360.0
1990-08-21 10:00:00+00:00,16.17,67.65,230.0,4.66,227.0,353.95,7.31,236.0,99370.0
1990-08-21 11:00:00+00:00,16.58,65.35,262.0,7.14,257.0,359.95,7.66,239.0,99400.0
1990-08-21 12:00:00+00:00,17.08,63.2,202.0,0.0,202.0,353.95,7.52,242.0,99460.0
1990-08-21 13:00:00+00:00,17.13,63.2,299.0,16.99,287.0,339.25,6.9,244.0,99470.0
1990-08-21 14:00:00+00:00,17.2,63.2,235.0,4.59,232.0,333.85,6.62,244.0,99490.0
1990-08-21 15:00:00+00:00,17.2,63.2,309.0,79.01,264.0,340.6,6.14,246.0,99470.0
1990-08-21 16:00:00+00:00,17.04,60.95,275.0,137.57,212.0,342.95,5.93,246.0,99470.0
1990-08-21 17:00:00+00:00,16.62,65.35,84.0,0.0,84.0,350.3,4.83,243.0,99430.0
1990-08-21 18:00:00+00:00,16.06,67.65,54.0,5.38,53.0,340.4,4.48,241.0,99450.0
1990-08-21 19:00:00+00:00,15.07,72.45,11.0,0.0,11.0,337.9,4.14,231.0,99410.0
1990-08-21 20:00:00+00:00,14.37,77.65,0.0,0.0,0.0,328.0,4.0,229.0,99440.0
1990-08-21 21:00:00+00:00,14.05,77.65,0.0,0.0,0.0,339.05,4.0,231.0,99430.0
1990-08-21 22:00:00+00:00,13.63,80.4,0.0,0.0,0.0,328.2,4.21,236.0,99450.0
1990-08-21 23:00:00+00:00,13.2,83.25,0.0,0.0,0.0,325.7,4.41,239.0,99450.0
1990-08-22 00:00:00+00:00,12.75,86.25,0.0,0.0,0.0,319.1,4.48,240.0,99420.0
1990-08-22 01:00:00+00:00,12.47,86.25,0.0,0.0,0.0,325.45,4.21,239.0,99420.0
1990-08-22 02:00:00+00:00,12.4,86.25,0.0,0.0,0.0,340.2,4.34,240.0,99420.0
1990-08-22 03:00:00+00:00,12.25,89.35,0.0,0.0,0.0,341.4,4.41,244.0,99420.0
1990-08-22 04:00:00+00:00,12.11,86.2,0.0,0.0,0.0,341.95,4.28,243.0,99400.0
1990-08-22 05:00:00+00:00,11.78,89.3,0.0,0.0,0.0,321.45,4.14,237.0,99380.0
1990-08-22 06:00:00+00:00,11.71,89.3,71.0,68.82,60.0,311.95,4.41,234.0,99380.0
1990-08-22 07:00:00+00:00,12.37,86.2,173.0,139.08,131.0,311.0,5.45,238.0,99400.0
1990-08-22 08:00:00+00:00,13.27,80.35,246.0,112.61,197.0,321.05,6.48,245.0,99400.0
1990-08-22 09:00:00+00:00,14.14,72.3,518.0,726.94,118.0,332.85,6.41,245.0,99410.0
1990-08-22 10:00:00+00:00,14.77,69.85,595.0,672.45,165.0,346.2,6.34,246.0,99390.0
1990-08-22 11:00:00+00:00,15.06,69.9,685.0,793.77,132.0,342.75,5.93,247.0,99380.0
1990-08-22 12:00:00+00:00,15.82,67.55,626.0,516.7,255.0,344.65,6.14,250.0,99380.0
1990-08-22 13:00:00+00:00,16.24,65.25,665.0,696.56,176.0,327.65,5.79,250.0,99360.0
1990-08-22 14:00:00+00:00,16.49,63.05,515.0,373.97,272.0,329.55,5.38,250.0,99310.0
1990-08-22 15:00:00+00:00,16.39,65.25,365.0,175.26,266.0,328.6,4.9,249.0,99260.0
1990-08-22 16:00:00+00:00,16.33,65.25,236.0,75.05,202.0,337.3,4.83,248.0,99250.0
1990-08-22 17:00:00+00:00,15.87,67.55,183.0,130.45,141.0,329.2,3.72,250.0,99210.0
1990-08-22 18:00:00+00:00,15.61,67.55,76.0,49.86,67.0,349.3,2.83,250.0,99200.0
1990-08-22 19:00:00+00:00,14.83,72.4,11.0,0.0,11.0,317.0,2.21,248.0,99150.0
1990-08-22 20:00:00+00:00,13.94,74.95,0.0,0.0,0.0,323.75,1.79,232.0,99140.0
1990-08-22 21:00:00+00:00,13.02,80.35,0.0,0.0,0.0,321.85,1.66,213.0,99090.0
1990-08-22 22:00:00+00:00,12.15,86.2,0.0,0.0,0.0,315.45,1.79,199.0,99070.0
1990-08-22 23:00:00+00:00,12.03,86.2,0.0,0.0,0.0,338.85,1.72,193.0,99010.0
1990-08-23 00:00:00+00:00,11.84,92.55,0.0,0.0,0.0,344.85,1.38,186.0,98930.0
1990-08-23 01:00:00+00:00,11.01,92.55,0.0,0.0,0.0,319.25,1.24,166.0,98840.0
1990-08-23 02:00:00+00:00,10.41,95.9,0.0,0.0,0.0,319.5,1.31,147.0,98730.0
1990-08-23 03:00:00+00:00,9.57,95.85,0.0,0.0,0.0,300.95,1.38,140.0,98630.0
1990-08-23 04:00:00+00:00,9.28,99.4,0.0,0.0,0.0,306.75,1.38,142.0,98540.0
1990-08-23 05:00:00+00:00,9.13,99.4,0.0,0.0,0.0,315.25,1.38,131.0,98480.0
1990-08-23 06:00:00+00:00,9.75,99.4,44.0,6.42,43.0,327.85,1.38,114.0,98370.0
1990-08-23 07:00:00+00:00,10.98,95.9,22.0,0.0,22.0,341.55,1.1,101.0,98320.0
1990-08-23 08:00:00+00:00,11.82,95.9,35.0,0.0,35.0,349.5,1.17,84.0,98250.0
1990-08-23 09:00:00+00:00,12.63,89.4,186.0,3.66,184.0,345.25,1.52,87.0,98210.0
1990-08-23 10:00:00+00:00,13.13,86.3,169.0,0.0,169.0,345.05,1.52,83.0,98140.0
1990-08-23 11:00:00+00:00,14.29,80.45,287.0,15.88,276.0,336.15,1.52,97.0,98110.0
1990-08-23 12:00:00+00:00,14.53,80.55,116.0,0.0,116.0,348.35,1.52,84.0,98060.0
1990-08-23 13:00:00+00:00,15.1,77.8,178.0,0.0,178.0,338.5,1.72,77.0,98000.0
1990-08-23 14:00:00+00:00,14.56,80.55,122.0,0.0,122.0,359.0,2.07,71.0,97930.0
1990-08-23 15:00:00+00:00,13.75,86.35,87.0,0.0,87.0,359.75,1.93,80.0,97870.0
1990-08-23 16:00:00+00:00,13.65,86.35,60.0,0.0,60.0,351.85,1.86,89.0,97860.0
1990-08-23 17:00:00+00:00,13.22,89.4,50.0,0.0,50.0,354.95,1.31,110.0,97840.0
1990-08-23 18:00:00+00:00,12.83,92.6,76.0,57.1,66.0,353.95,0.76,187.0,97840.0
1990-08-23 19:00:00+00:00,11.68,95.9,1.0,0.0,1.0,343.1,2.21,246.0,97850.0
1990-08-23 20:00:00+00:00,11.32,95.9,0.0,0.0,0.0,347.55,3.1,259.0,97890.0
1990-08-23 21:00:00+00:00,11.02,92.55,0.0,0.0,0.0,341.4,3.59,253.0,97900.0
1990-08-23 22:00:00+00:00,10.86,95.9,0.0,0.0,0.0,347.55,4.14,249.0,97920.0
1990-08-23 23:00:00+00:00,10.68,95.9,0.0,0.0,0.0,343.5,4.69,249.0,97920.0
1990-08-24 00:00:00+00:00,10.53,92.5,0.0,0.0,0.0,327.65,4.9,249.0,97940.0
1990-08-24 01:00:00+00:00,10.46,92.5,0.0,0.0,0.0,327.35,5.24,249.0,97940.0
1990-08-24 02:00:00+00:00,10.47,89.25,0.0,0.0,0.0,333.05,5.59,251.0,97950.0
1990-08-24 03:00:00+00:00,10.44,89.25,0.0,0.0,0.0,330.95,5.93,252.0,97970.0
1990-08-24 04:00:00+00:00,10.33,92.5,0.0,0.0,0.0,329.4,6.0,250.0,97950.0
1990-08-24 05:00:00+00:00,10.23,89.2,0.0,0.0,0.0,337.5,6.0,249.0,97970.0
1990-08-24 06:00:00+00:00,10.12,89.2,30.0,0.0,30.0,329.95,5.79,250.0,97980.0
1990-08-24 07:00:00+00:00,10.28,89.2,91.0,3.4,90.0,305.75,6.83,255.0,98020.0
1990-08-24 08:00:00+00:00,11.03,80.1,183.0,28.08,171.0,300.15,7.03,260.0,98030.0
1990-08-24 09:00:00+00:00,11.78,77.3,254.0,38.71,233.0,320.3,6.41,264.0,98110.0
1990-08-24 10:00:00+00:00,12.0,77.35,152.0,0.0,152.0,320.65,5.86,272.0,98180.0
1990-08-24 11:00:00+00:00,11.64,83.1,250.0,4.36,247.0,342.35,5.03,286.0,98300.0
1990-08-24 12:00:00+00:00,11.34,89.3,356.0,47.9,322.0,346.2,4.07,310.0,98410.0
1990-08-24 13:00:00+00:00,11.31,89.3,347.0,47.59,314.0,347.95,3.03,320.0,98520.0
1990-08-24 14:00:00+00:00,11.83,83.1,323.0,51.5,290.0,349.1,2.48,308.0,98640.0
1990-08-24 15:00:00+00:00,12.96,72.1,267.0,43.22,243.0,349.9,2.76,284.0,98700.0
1990-08-24 16:00:00+00:00,14.06,64.85,231.0,74.49,198.0,322.6,3.38,271.0,98740.0
1990-08-24 17:00:00+00:00,13.9,69.65,74.0,0.0,74.0,351.25,3.93,272.0,98790.0
1990-08-24 18:00:00+00:00,13.48,72.2,11.0,0.0,11.0,352.8,4.41,277.0,98880.0
1990-08-24 19:00:00+00:00,12.31,83.15,1.0,0.0,1.0,342.15,4.14,271.0,98970.0
1990-08-24 20:00:00+00:00,11.71,83.1,0.0,0.0,0.0,330.15,4.21,270.0,99070.0
1990-08-24 21:00:00+00:00,11.06,80.1,0.0,0.0,0.0,316.05,4.34,267.0,99150.0
1990-08-24 22:00:00+00:00,10.37,82.95,0.0,0.0,0.0,296.5,4.41,264.0,99200.0
1990-08-24 23:00:00+00:00,10.01,79.95,0.0,0.0,0.0,302.1,4.28,264.0,99250.0
1990-08-25 00:00:00+00:00,9.54,82.9,0.0,0.0,0.0,281.95,4.07,263.0,99300.0
1990-08-25 01:00:00+00:00,9.13,85.95,0.0,0.0,0.0,270.25,3.93,260.0,99320.0
1990-08-25 02:00:00+00:00,8.94,85.95,0.0,0.0,0.0,273.05,3.93,257.0,99330.0
1990-08-25 03:00:00+00:00,8.81,92.4,0.0,0.0,0.0,274.4,3.79,256.0,99340.0
1990-08-25 04:00:00+00:00,8.66,92.4,0.0,0.0,0.0,272.85,3.66,256.0,99360.0
1990-08-25 05:00:00+00:00,8.51,92.4,0.0,0.0,0.0,272.65,3.38,255.0,99380.0
1990-08-25 06:00:00+00:00,8.76,95.85,94.0,285.03,52.0,279.85,3.31,254.0,99450.0
1990-08-25 07:00:00+00:00,10.03,92.5,232.0,489.75,90.0,282.35,2.9,258.0,99500.0
1990-08-25 08:00:00+00:00,11.33,86.1,375.0,618.82,113.0,296.85,3.38,273.0,99500.0
1990-08-25 09:00:00+00:00,12.45,77.45,488.0,625.7,151.0,302.5,2.9,277.0,99540.0
1990-08-25 10:00:00+00:00,13.52,69.65,503.0,383.94,262.0,302.5,2.9,264.0,99570.0
1990-08-25 11:00:00+00:00,14.34,64.85,341.0,45.28,310.0,329.55,3.31,263.0,99600.0
1990-08-25 12:00:00+00:00,15.11,58.35,509.0,246.61,335.0,315.05,3.52,267.0,99580.0
1990-08-25 13:00:00+00:00,15.45,54.35,566.0,407.84,285.0,345.25,3.38,278.0,99580.0
1990-08-25 14:00:00+00:00,15.73,54.35,390.0,128.91,308.0,342.35,3.03,290.0,99560.0
1990-08-25 15:00:00+00:00,15.75,52.4,421.0,334.27,237.0,342.95,2.34,299.0,99550.0
1990-08-25 16:00:00+00:00,15.66,52.4,278.0,173.55,202.0,343.9,1.59,309.0,99540.0
1990-08-25 17:00:00+00:00,15.44,52.4,208.0,261.31,128.0,325.3,0.62,332.0,99530.0
1990-08-25 18:00:00+00:00,14.97,58.35,112.0,329.01,58.0,320.65,0.48,89.0,99520.0
1990-08-25 19:00:00+00:00,13.4,77.5,4.0,0.0,4.0,313.3,2.07,105.0,99520.0
1990-08-25 20:00:00+00:00,12.47,80.3,0.0,0.0,0.0,311.4,2.14,117.0,99530.0
1990-08-25 21:00:00+00:00,11.73,86.15,0.0,0.0,0.0,305.75,1.93,128.0,99540.0
1990-08-25 22:00:00+00:00,10.97,89.3,0.0,0.0,0.0,309.85,1.59,124.0,99540.0
1990-08-25 23:00:00+00:00,10.04,95.9,0.0,0.0,0.0,307.7,1.38,109.0,99540.0
1990-08-26 00:00:00+00:00,9.48,95.85,0.0,0.0,0.0,306.15,1.31,97.0,99520.0
1990-08-26 01:00:00+00:00,9.13,99.4,0.0,0.0,0.0,305.9,1.31,86.0,99490.0
1990-08-26 02:00:00+00:00,9.05,99.4,0.0,0.0,0.0,304.05,1.17,80.0,99490.0
1990-08-26 03:00:00+00:00,8.77,99.4,0.0,0.0,0.0,304.2,1.24,73.0,99470.0
1990-08-26 04:00:00+00:00,8.39,99.4,0.0,0.0,0.0,315.45,1.66,71.0,99450.0
1990-08-26 05:00:00+00:00,8.4,99.4,0.0,0.0,0.0,309.65,1.86,74.0,99450.0
1990-08-26 06:00:00+00:00,9.26,99.4,102.0,405.21,44.0,326.5,1.79,79.0,99500.0
1990-08-26 07:00:00+00:00,10.83,92.5,229.0,493.24,88.0,347.4,2.69,81.0,99500.0
1990-08-26 08:00:00+00:00,11.7,86.15,370.0,612.79,113.0,296.65,2.48,80.0,99490.0
1990-08-26 09:00:00+00:00,12.35,80.2,347.0,179.57,251.0,307.9,2.62,79.0,99500.0
1990-08-26 10:00:00+00:00,12.64,77.45,84.0,0.0,84.0,341.0,2.55,85.0,99550.0
1990-08-26 11:00:00+00:00,13.24,74.75,138.0,0.0,138.0,313.5,2.62,88.0,99550.0
1990-08-26 12:00:00+00:00,13.61,74.85,435.0,132.61,342.0,324.55,2.69,85.0,99560.0
1990-08-26 13:00:00+00:00,13.76,74.85,479.0,222.05,327.0,336.55,2.76,83.0,99530.0
1990-08-26 14:00:00+00:00,14.02,74.95,244.0,9.5,238.0,339.05,2.9,83.0,99530.0
1990-08-26 15:00:00+00:00,13.65,74.85,205.0,9.17,200.0,334.8,3.03,83.0,99510.0
1990-08-26 16:00:00+00:00,13.42,77.6,379.0,589.28,124.0,333.25,2.9,90.0,99480.0
1990-08-26 17:00:00+00:00,13.21,77.5,227.0,382.39,112.0,338.85,2.76,94.0,99450.0
1990-08-26 18:00:00+00:00,12.74,80.3,84.0,132.47,63.0,334.4,2.69,102.0,99450.0
1990-08-26 19:00:00+00:00,12.19,83.15,0.0,0.0,0.0,305.4,2.41,96.0,99400.0
1990-08-26 20:00:00+00:00,11.48,83.1,0.0,0.0,0.0,311.0,2.28,102.0,99440.0
1990-08-26 21:00:00+00:00,11.03,86.1,0.0,0.0,0.0,315.85,2.07,112.0,99460.0
1990-08-26 22:00:00+00:00,10.51,89.25,0.0,0.0,0.0,310.8,1.72,121.0,99470.0
1990-08-26 23:00:00+00:00,9.99,92.5,0.0,0.0,0.0,323.55,1.17,129.0,99470.0
1990-08-27 00:00:00+00:00,10.18,92.5,0.0,0.0,0.0,315.65,0.69,148.0,99440.0
1990-08-27 01:00:00+00:00,10.29,92.5,0.0,0.0,0.0,299.3,0.34,196.0,99400.0
1990-08-27 02:00:00+00:00,10.09,92.5,0.0,0.0,0.0,309.85,0.34,244.0,99380.0
1990-08-27 03:00:00+00:00,9.82,95.85,0.0,0.0,0.0,305.55,0.48,243.0,99390.0
1990-08-27 04:00:00+00:00,9.05,95.85,0.0,0.0,0.0,285.25,0.76,228.0,99390.0
1990-08-27 05:00:00+00:00,7.5,99.4,0.0,0.0,0.0,286.6,1.17,220.0,99410.0
1990-08-27 06:00:00+00:00,7.21,100.0,39.0,7.2,38.0,310.05,1.24,226.0,99450.0
1990-08-27 07:00:00+00:00,9.06,99.4,98.0,10.65,95.0,335.95,1.66,237.0,99490.0
1990-08-27 08:00:00+00:00,10.45,92.5,224.0,89.08,187.0,344.65,2.21,251.0,99530.0
1990-08-27 09:00:00+00:00,11.98,86.2,363.0,220.5,246.0,326.5,2.76,274.0,99530.0
1990-08-27 10:00:00+00:00,13.06,74.75,558.0,587.44,194.0,291.45,3.03,292.0,99550.0
1990-08-27 11:00:00+00:00,13.7,67.15,228.0,1.48,227.0,298.8,3.03,293.0,99570.0
1990-08-27 12:00:00+00:00,14.47,58.25,334.0,35.87,309.0,315.85,3.45,290.0,99580.0
1990-08-27 13:00:00+00:00,14.97,54.25,623.0,607.36,210.0,308.1,3.79,288.0,99590.0
1990-08-27 14:00:00+00:00,15.27,52.25,563.0,579.3,200.0,326.65,3.93,286.0,99610.0
1990-08-27 15:00:00+00:00,15.17,52.25,452.0,466.24,200.0,329.95,4.21,283.0,99650.0
1990-08-27 16:00:00+00:00,14.77,54.1,378.0,601.21,121.0,322.2,4.48,280.0,99660.0
1990-08-27 17:00:00+00:00,14.15,58.1,261.0,640.12,72.0,316.05,4.62,280.0,99690.0
1990-08-27 18:00:00+00:00,13.46,60.2,82.0,137.38,61.0,316.05,4.62,280.0,99730.0
1990-08-27 19:00:00+00:00,12.9,66.95,0.0,0.0,0.0,306.15,3.86,280.0,99760.0
1990-08-27 20:00:00+00:00,12.21,71.95,0.0,0.0,0.0,307.7,3.52,276.0,99800.0
1990-08-27 21:00:00+00:00,11.47,74.55,0.0,0.0,0.0,297.65,3.52,274.0,99830.0
1990-08-27 22:00:00+00:00,10.96,80.1,0.0,0.0,0.0,305.2,3.52,270.0,99840.0
1990-08-27 23:00:00+00:00,10.35,86.0,0.0,0.0,0.0,290.65,3.66,264.0,99880.0
1990-08-28 00:00:00+00:00,9.84,89.15,0.0,0.0,0.0,282.55,3.79,262.0,99880.0
1990-08-28 01:00:00+00:00,9.43,89.15,0.0,0.0,0.0,275.7,3.79,256.0,99870.0
1990-08-28 02:00:00+00:00,9.36,92.45,0.0,0.0,0.0,284.65,3.93,253.0,99860.0
1990-08-28 03:00:00+00:00,9.35,95.85,0.0,0.0,0.0,283.1,4.21,253.0,99840.0
1990-08-28 04:00:00+00:00,9.53,92.45,0.0,0.0,0.0,296.1,4.34,255.0,99820.0
1990-08-28 05:00:00+00:00,9.88,89.2,0.0,0.0,0.0,322.05,4.48,258.0,99810.0
1990-08-28 06:00:00+00:00,10.17,92.5,63.0,96.56,50.0,328.4,4.62,261.0,99820.0
1990-08-28 07:00:00+00:00,10.75,86.05,199.0,334.99,106.0,316.6,5.66,267.0,99820.0
1990-08-28 08:00:00+00:00,11.59,80.15,310.0,354.97,164.0,334.0,5.72,272.0,99820.0
1990-08-28 09:00:00+00:00,12.46,72.05,315.0,129.14,247.0,337.5,5.59,274.0,99830.0
1990-08-28 10:00:00+00:00,12.84,72.05,417.0,201.45,293.0,344.5,5.45,276.0,99820.0
1990-08-28 11:00:00+00:00,13.68,67.15,425.0,145.8,327.0,324.35,5.66,279.0,99820.0
1990-08-28 12:00:00+00:00,14.18,62.55,384.0,77.97,330.0,332.5,5.86,284.0,99840.0
1990-08-28 13:00:00+00:00,14.35,62.55,493.0,262.07,316.0,326.85,6.0,289.0,99850.0
1990-08-28 14:00:00+00:00,14.45,58.25,444.0,247.68,290.0,324.75,6.07,293.0,99850.0
1990-08-28 15:00:00+00:00,14.67,58.25,388.0,276.43,240.0,315.65,5.93,295.0,99860.0
1990-08-28 16:00:00+00:00,14.74,58.25,232.0,94.75,192.0,307.9,5.59,294.0,99840.0
1990-08-28 17:00:00+00:00,14.25,62.55,128.0,41.42,116.0,304.05,5.17,286.0,99840.0
1990-08-28 18:00:00+00:00,13.36,72.1,55.0,27.19,51.0,323.95,4.55,272.0,99860.0
1990-08-28 19:00:00+00:00,12.18,83.15,0.0,0.0,0.0,345.65,4.76,270.0,99840.0
1990-08-28 20:00:00+00:00,11.56,86.15,0.0,0.0,0.0,330.95,4.41,268.0,99850.0
1990-08-28 21:00:00+00:00,11.34,92.55,0.0,0.0,0.0,342.55,4.62,264.0,99810.0
1990-08-28 22:00:00+00:00,11.01,92.55,0.0,0.0,0.0,341.95,4.76,261.0,99770.0
1990-08-28 23:00:00+00:00,11.02,92.55,0.0,0.0,0.0,345.65,4.83,258.0,99720.0
1990-08-29 00:00:00+00:00,11.14,92.55,0.0,0.0,0.0,352.8,5.1,257.0,99650.0
1990-08-29 01:00:00+00:00,11.18,95.9,0.0,0.0,0.0,349.05,5.24,257.0,99600.0
1990-08-29 02:00:00+00:00,11.15,92.55,0.0,0.0,0.0,338.5,5.52,258.0,99510.0
1990-08-29 03:00:00+00:00,11.21,92.55,0.0,0.0,0.0,342.55,5.59,259.0,99430.0
1990-08-29 04:00:00+00:00,11.22,92.55,0.0,0.0,0.0,343.9,5.72,262.0,99370.0
1990-08-29 05:00:00+00:00,10.98,89.3,0.0,0.0,0.0,323.4,5.86,274.0,99340.0
1990-08-29 06:00:00+00:00,10.39,86.05,25.0,0.0,25.0,310.6,6.0,294.0,99360.0
1990-08-29 07:00:00+00:00,9.72,77.0,228.0,555.85,76.0,284.1,6.69,312.0,99460.0
1990-08-29 08:00:00+00:00,9.24,66.25,374.0,685.16,95.0,266.65,6.69,306.0,99510.0
1990-08-29 09:00:00+00:00,9.72,61.55,283.0,78.48,242.0,255.45,7.45,300.0,99550.0
1990-08-29 10:00:00+00:00,10.92,55.3,92.0,0.0,92.0,269.0,9.66,323.0,99620.0
1990-08-29 11:00:00+00:00,11.38,59.6,85.0,0.0,85.0,305.75,9.03,338.0,99750.0
1990-08-29 12:00:00+00:00,11.61,59.7,92.0,0.0,92.0,332.1,7.38,344.0,99860.0
1990-08-29 13:00:00+00:00,12.17,57.65,286.0,17.89,274.0,335.4,6.48,347.0,99940.0
1990-08-29 14:00:00+00:00,12.62,57.75,94.0,0.0,94.0,314.1,6.14,347.0,100050.0
1990-08-29 15:00:00+00:00,13.38,55.75,504.0,718.53,123.0,298.05,6.76,349.0,100120.0
1990-08-29 16:00:00+00:00,13.17,55.75,397.0,743.86,87.0,315.85,6.14,345.0,100190.0
1990-08-29 17:00:00+00:00,12.97,57.9,192.0,256.95,119.0,320.65,5.03,338.0,100270.0
1990-08-29 18:00:00+00:00,12.62,59.95,103.0,417.39,44.0,315.05,4.34,332.0,100330.0
1990-08-29 19:00:00+00:00,11.42,57.55,0.0,0.0,0.0,275.6,4.28,337.0,100430.0
1990-08-29 20:00:00+00:00,10.76,59.5,0.0,0.0,0.0,281.2,3.93,336.0,100520.0
1990-08-29 21:00:00+00:00,10.01,59.35,0.0,0.0,0.0,263.2,3.66,331.0,100560.0
1990-08-29 22:00:00+00:00,9.37,61.55,0.0,0.0,0.0,258.15,3.45,325.0,100590.0
1990-08-29 23:00:00+00:00,8.86,66.15,0.0,0.0,0.0,256.8,3.45,321.0,100630.0
1990-08-30 00:00:00+00:00,8.52,68.7,0.0,0.0,0.0,262.2,3.45,317.0,100660.0
1990-08-30 01:00:00+00:00,8.06,71.25,0.0,0.0,0.0,254.2,3.59,314.0,100700.0
1990-08-30 02:00:00+00:00,7.67,76.7,0.0,0.0,0.0,253.15,3.52,307.0,100730.0
1990-08-30 03:00:00+00:00,7.3,79.55,0.0,0.0,0.0,252.95,3.38,300.0,100770.0
1990-08-30 04:00:00+00:00,6.96,79.55,0.0,0.0,0.0,254.5,3.1,297.0,100800.0
1990-08-30 05:00:00+00:00,6.7,79.55,0.0,0.0,0.0,257.95,2.83,296.0,100830.0
1990-08-30 06:00:00+00:00,6.61,82.6,84.0,341.22,41.0,256.2,2.55,296.0,100890.0
1990-08-30 07:00:00+00:00,7.6,82.65,232.0,605.36,69.0,259.5,2.28,302.0,101000.0
1990-08-30 08:00:00+00:00,9.1,74.15,372.0,687.23,95.0,264.15,2.55,320.0,101020.0
1990-08-30 09:00:00+00:00,10.11,69.0,516.0,814.17,94.0,267.05,2.48,339.0,101050.0
1990-08-30 10:00:00+00:00,11.14,66.65,619.0,851.51,102.0,273.85,2.07,355.0,101060.0
1990-08-30 11:00:00+00:00,11.98,62.1,658.0,782.18,139.0,277.9,1.31,9.0,101060.0
1990-08-30 12:00:00+00:00,12.66,59.95,674.0,760.68,154.0,291.45,0.83,12.0,101040.0
1990-08-30 13:00:00+00:00,13.26,57.9,662.0,783.8,140.0,302.5,0.62,337.0,101050.0
1990-08-30 14:00:00+00:00,13.55,55.9,581.0,684.75,162.0,303.85,0.76,305.0,101040.0
1990-08-30 15:00:00+00:00,13.84,55.9,475.0,599.97,160.0,295.7,0.76,280.0,100990.0
1990-08-30 16:00:00+00:00,13.97,52.0,387.0,717.26,92.0,314.1,0.97,264.0,100980.0
1990-08-30 17:00:00+00:00,13.92,52.0,237.0,574.65,77.0,307.7,1.24,258.0,100980.0
1990-08-30 18:00:00+00:00,13.59,55.9,101.0,442.78,41.0,308.3,1.17,248.0,100960.0
1990-08-30 19:00:00+00:00,12.7,69.45,0.0,0.0,0.0,283.7,0.83,222.0,100950.0
1990-08-30 20:00:00+00:00,10.53,77.15,0.0,0.0,0.0,282.15,1.52,212.0,100960.0
1990-08-30 21:00:00+00:00,9.08,82.85,0.0,0.0,0.0,282.75,2.07,217.0,100960.0
1990-08-30 22:00:00+00:00,8.27,85.85,0.0,0.0,0.0,280.6,2.28,220.0,100930.0
1990-08-30 23:00:00+00:00,7.69,89.0,0.0,0.0,0.0,278.85,2.28,222.0,100940.0
1990-08-31 00:00:00+00:00,7.43,89.0,0.0,0.0,0.0,281.4,2.21,223.0,100920.0
1990-08-31 01:00:00+00:00,7.04,89.0,0.0,0.0,0.0,274.9,2.28,221.0,100910.0
1990-08-31 02:00:00+00:00,6.76,89.0,0.0,0.0,0.0,273.25,2.28,220.0,100880.0
1990-08-31 03:00:00+00:00,6.52,89.0,0.0,0.0,0.0,272.85,2.28,220.0,100860.0
1990-08-31 04:00:00+00:00,6.33,88.95,0.0,0.0,0.0,273.85,2.21,223.0,100850.0
1990-08-31 05:00:00+00:00,6.17,88.95,0.0,0.0,0.0,273.25,2.21,224.0,100850.0
1990-08-31 06:00:00+00:00,6.39,89.0,70.0,213.68,44.0,275.0,2.21,226.0,100840.0
1990-08-31 07:00:00+00:00,8.01,89.05,211.0,490.5,81.0,274.8,2.21,236.0,100870.0
1990-08-31 08:00:00+00:00,10.27,82.95,358.0,654.3,97.0,277.7,2.28,245.0,100870.0
1990-08-31 09:00:00+00:00,11.67,74.55,486.0,729.38,111.0,283.5,2.55,255.0,100880.0
1990-08-31 10:00:00+00:00,12.72,69.45,458.0,318.46,266.0,290.5,2.34,260.0,100860.0
1990-08-31 11:00:00+00:00,13.63,62.45,562.0,477.9,247.0,301.1,2.14,258.0,100850.0
1990-08-31 12:00:00+00:00,14.44,58.25,603.0,547.85,231.0,305.2,2.21,257.0,100830.0
1990-08-31 13:00:00+00:00,15.14,58.35,674.0,859.05,106.0,301.1,2.21,257.0,100800.0
1990-08-31 14:00:00+00:00,15.67,56.35,584.0,741.52,134.0,300.15,2.28,260.0,100760.0
1990-08-31 15:00:00+00:00,15.98,54.45,492.0,725.36,115.0,301.1,2.21,263.0,100710.0
1990-08-31 16:00:00+00:00,14.08,64.11,354.0,584.08,117.0,290.53,0.85,267.0,100700.0
1990-08-31 17:00:00+00:00,13.85,65.96,193.0,315.37,107.0,292.56,1.13,272.0,100670.0
1990-08-31 18:00:00+00:00,13.62,67.82,83.0,285.48,46.0,294.58,1.42,280.0,100680.0
1990-08-31 19:00:00+00:00,13.38,69.68,0.0,0.0,0.0,296.61,1.71,244.0,100660.0
1990-08-31 20:00:00+00:00,13.15,71.54,0.0,0.0,0.0,298.63,2.0,220.0,100690.0
1990-08-31 21:00:00+00:00,12.92,73.4,0.0,0.0,0.0,300.66,2.28,219.0,100670.0
1990-08-31 22:00:00+00:00,12.69,75.25,0.0,0.0,0.0,302.68,2.57,217.0,100660.0
1990-08-31 23:00:00+00:00,12.46,77.11,0.0,0.0,0.0,304.71,2.86,217.0,100650.0
1990-09-01 00:00:00+00:00,12.23,78.97,0.0,0.0,0.0,306.73,3.15,249.0,100120.0
1990-09-01 01:00:00+00:00,12.0,80.83,0.0,0.0,0.0,308.76,3.44,248.0,100100.0
1990-09-01 02:00:00+00:00,11.77,82.69,0.0,0.0,0.0,310.78,3.72,249.0,100110.0
1990-09-01 03:00:00+00:00,11.54,84.54,0.0,0.0,0.0,312.81,4.01,250.0,100090.0
1990-09-01 04:00:00+00:00,11.31,86.4,0.0,0.0,0.0,314.83,4.3,249.0,100110.0
1990-09-01 05:00:00+00:00,11.07,88.26,0.0,0.0,0.0,316.86,4.59,247.0,100090.0
1990-09-01 06:00:00+00:00,10.84,90.12,58.0,150.53,41.0,318.88,4.87,243.0,100120.0
1990-09-01 07:00:00+00:00,10.61,91.97,159.0,210.52,105.0,320.91,5.16,236.0,100180.0
1990-09-01 08:00:00+00:00,13.25,74.85,195.0,66.59,169.0,315.65,5.66,243.0,100180.0
1990-09-01 09:00:00+00:00,13.9,72.2,260.0,65.26,227.0,314.1,5.79,242.0,100170.0
1990-09-01 10:00:00+00:00,14.68,69.75,379.0,163.23,282.0,342.15,5.93,239.0,100140.0
1990-09-01 11:00:00+00:00,15.14,64.95,237.0,6.15,233.0,353.2,5.93,239.0,100120.0
1990-09-01 12:00:00+00:00,15.59,62.75,142.0,0.0,142.0,345.25,5.59,236.0,100080.0
1990-09-01 13:00:00+00:00,15.43,62.75,255.0,10.75,248.0,349.1,5.03,228.0,100050.0
1990-09-01 14:00:00+00:00,15.56,62.75,311.0,65.37,272.0,339.25,5.31,225.0,100010.0
1990-09-01 15:00:00+00:00,15.39,62.75,282.0,94.31,234.0,345.05,5.72,222.0,99940.0
1990-09-01 16:00:00+00:00,14.76,67.35,228.0,126.73,178.0,346.6,5.24,221.0,99890.0
1990-09-01 17:00:00+00:00,14.3,69.75,147.0,137.9,111.0,349.1,5.03,216.0,99830.0
1990-09-01 18:00:00+00:00,14.02,74.85,45.0,34.0,41.0,360.95,5.66,212.0,99770.0
1990-09-01 19:00:00+00:00,14.3,77.65,0.0,0.0,0.0,364.6,5.59,211.0,99690.0
1990-09-01 20:00:00+00:00,14.25,80.45,0.0,0.0,0.0,373.7,5.45,210.0,99670.0
1990-09-01 21:00:00+00:00,14.27,83.4,0.0,0.0,0.0,375.45,5.38,211.0,99610.0
1990-09-01 22:00:00+00:00,14.36,86.4,0.0,0.0,0.0,376.8,5.03,212.0,99580.0
1990-09-01 23:00:00+00:00,14.47,89.5,0.0,0.0,0.0,375.05,4.55,215.0,99570.0
1990-09-02 00:00:00+00:00,14.5,92.7,0.0,0.0,0.0,376.0,4.41,220.0,99530.0
1990-09-02 01:00:00+00:00,14.53,92.7,0.0,0.0,0.0,374.8,4.69,235.0,99500.0
1990-09-02 02:00:00+00:00,14.37,92.7,0.0,0.0,0.0,378.95,4.62,249.0,99490.0
1990-09-02 03:00:00+00:00,13.88,89.45,0.0,0.0,0.0,357.25,4.28,254.0,99470.0
1990-09-02 04:00:00+00:00,13.32,83.35,0.0,0.0,0.0,345.05,4.14,250.0,99470.0
1990-09-02 05:00:00+00:00,12.9,83.25,0.0,0.0,0.0,335.2,4.14,242.0,99460.0
1990-09-02 06:00:00+00:00,12.7,86.25,69.0,313.29,35.0,332.5,4.14,237.0,99490.0
1990-09-02 07:00:00+00:00,13.43,86.35,196.0,467.88,78.0,366.55,4.07,244.0,99470.0
1990-09-02 08:00:00+00:00,13.75,86.35,125.0,5.18,123.0,348.95,4.41,243.0,99480.0
1990-09-02 09:00:00+00:00,14.2,83.35,320.0,175.53,232.0,324.75,4.83,246.0,99490.0
1990-09-02 10:00:00+00:00,14.77,75.0,426.0,269.56,267.0,324.55,5.31,248.0,99490.0
1990-09-02 11:00:00+00:00,15.16,75.0,481.0,294.27,291.0,347.75,5.38,248.0,99480.0
1990-09-02 12:00:00+00:00,15.42,69.9,592.0,563.94,217.0,352.2,5.59,249.0,99470.0
1990-09-02 13:00:00+00:00,15.59,69.9,538.0,443.96,251.0,330.55,5.79,251.0,99500.0
1990-09-02 14:00:00+00:00,15.27,69.9,163.0,0.0,163.0,342.35,5.86,254.0,99480.0
1990-09-02 15:00:00+00:00,15.19,72.4,236.0,39.72,216.0,335.4,5.86,255.0,99470.0
1990-09-02 16:00:00+00:00,14.87,72.4,235.0,154.31,175.0,323.2,5.52,256.0,99470.0
1990-09-02 17:00:00+00:00,14.54,72.3,106.0,31.35,98.0,328.6,5.17,255.0,99480.0
1990-09-02 18:00:00+00:00,14.13,74.85,62.0,179.24,42.0,319.1,4.69,252.0,99530.0
1990-09-02 19:00:00+00:00,13.89,74.85,0.0,0.0,0.0,311.95,4.0,246.0,99530.0
1990-09-02 20:00:00+00:00,13.27,74.85,0.0,0.0,0.0,304.2,3.72,240.0,99560.0
1990-09-02 21:00:00+00:00,12.88,77.5,0.0,0.0,0.0,305.95,3.72,237.0,99560.0
1990-09-02 22:00:00+00:00,12.55,80.3,0.0,0.0,0.0,311.95,3.79,238.0,99580.0
1990-09-02 23:00:00+00:00,12.38,80.3,0.0,0.0,0.0,323.95,3.79,237.0,99560.0
1990-09-03 00:00:00+00:00,12.41,80.3,0.0,0.0,0.0,342.55,3.45,234.0,99540.0
1990-09-03 01:00:00+00:00,12.15,83.15,0.0,0.0,0.0,320.4,3.17,232.0,99510.0
1990-09-03 02:00:00+00:00,11.98,83.15,0.0,0.0,0.0,313.9,3.03,229.0,99510.0
1990-09-03 03:00:00+00:00,11.93,83.15,0.0,0.0,0.0,320.65,2.97,223.0,99480.0
1990-09-03 04:00:00+00:00,11.77,83.15,0.0,0.0,0.0,313.3,3.03,216.0,99470.0
1990-09-03 05:00:00+00:00,11.82,83.15,0.0,0.0,0.0,327.45,3.17,211.0,99450.0
1990-09-03 06:00:00+00:00,11.91,86.2,48.0,96.06,38.0,329.4,3.45,211.0,99470.0
1990-09-03 07:00:00+00:00,12.68,86.25,126.0,96.83,102.0,327.05,3.24,208.0,99420.0
1990-09-03 08:00:00+00:00,13.8,80.4,197.0,78.56,167.0,316.2,4.21,216.0,99400.0
1990-09-03 09:00:00+00:00,14.6,77.65,157.0,2.01,156.0,336.15,4.07,223.0,99380.0
1990-09-03 10:00:00+00:00,15.04,75.0,194.0,1.71,193.0,348.35,3.66,220.0,99370.0
1990-09-03 11:00:00+00:00,15.29,72.45,192.0,0.0,192.0,350.65,3.52,215.0,99340.0
1990-09-03 12:00:00+00:00,15.65,75.1,160.0,0.0,160.0,353.55,3.45,207.0,99280.0
1990-09-03 13:00:00+00:00,15.97,75.15,434.0,202.68,304.0,351.05,3.52,204.0,99220.0
1990-09-03 14:00:00+00:00,16.03,75.15,155.0,0.0,155.0,350.85,3.31,198.0,99170.0
1990-09-03 15:00:00+00:00,15.9,75.15,395.0,407.64,192.0,346.8,2.97,194.0,99090.0
1990-09-03 16:00:00+00:00,15.66,75.1,104.0,0.0,104.0,355.1,2.48,182.0,99070.0
1990-09-03 17:00:00+00:00,15.23,80.55,124.0,80.26,104.0,357.45,1.72,158.0,99020.0
1990-09-03 18:00:00+00:00,14.84,80.55,14.0,0.0,14.0,359.0,1.79,122.0,98980.0
1990-09-03 19:00:00+00:00,13.61,86.35,0.0,0.0,0.0,325.1,2.21,88.0,98900.0
1990-09-03 20:00:00+00:00,12.67,92.6,0.0,0.0,0.0,312.35,2.28,93.0,98880.0
1990-09-03 21:00:00+00:00,12.17,95.95,0.0,0.0,0.0,316.6,2.07,98.0,98860.0
1990-09-03 22:00:00+00:00,12.0,95.95,0.0,0.0,0.0,327.65,1.93,92.0,98850.0
1990-09-03 23:00:00+00:00,12.08,95.95,0.0,0.0,0.0,344.85,1.93,68.0,98820.0
1990-09-04 00:00:00+00:00,12.08,95.95,0.0,0.0,0.0,349.5,2.21,48.0,98810.0
1990-09-04 01:00:00+00:00,11.85,95.95,0.0,0.0,0.0,334.15,2.41,38.0,98780.0
1990-09-04 02:00:00+00:00,12.02,95.95,0.0,0.0,0.0,362.65,2.9,33.0,98830.0
1990-09-04 03:00:00+00:00,11.81,95.95,0.0,0.0,0.0,350.3,2.83,28.0,98830.0
1990-09-04 04:00:00+00:00,11.77,95.95,0.0,0.0,0.0,360.35,2.28,20.0,98880.0
1990-09-04 05:00:00+00:00,11.74,95.95,0.0,0.0,0.0,359.55,2.07,4.0,98960.0
1990-09-04 06:00:00+00:00,11.72,92.6,37.0,40.14,33.0,359.75,2.21,356.0,99030.0
1990-09-04 07:00:00+00:00,11.91,95.95,150.0,209.44,99.0,354.35,2.14,337.0,99140.0
1990-09-04 08:00:00+00:00,12.35,89.4,189.0,68.87,163.0,354.95,2.41,340.0,99210.0
1990-09-04 09:00:00+00:00,12.98,86.3,434.0,594.77,141.0,360.35,2.34,348.0,99280.0
1990-09-04 10:00:00+00:00,13.93,80.4,560.0,767.74,114.0,358.0,1.86,342.0,99360.0
1990-09-04 11:00:00+00:00,14.57,74.95,641.0,850.08,100.0,359.55,1.59,328.0,99410.0
1990-09-04 12:00:00+00:00,15.44,69.9,670.0,878.97,94.0,358.6,1.38,328.0,99460.0
1990-09-04 13:00:00+00:00,15.96,65.15,618.0,774.76,125.0,350.85,0.9,330.0,99480.0
1990-09-04 14:00:00+00:00,16.49,62.95,534.0,656.03,153.0,351.65,0.55,329.0,99520.0
1990-09-04 15:00:00+00:00,16.75,62.95,467.0,741.27,102.0,342.15,0.28,346.0,99530.0
1990-09-04 16:00:00+00:00,16.87,60.85,252.0,230.61,165.0,353.55,0.34,88.0,99590.0
1990-09-04 17:00:00+00:00,16.66,65.25,186.0,439.98,79.0,330.95,1.17,112.0,99620.0
1990-09-04 18:00:00+00:00,15.89,70.0,60.0,261.75,34.0,336.15,1.24,121.0,99660.0
1990-09-04 19:00:00+00:00,15.07,80.55,0.0,0.0,0.0,336.75,1.45,133.0,99670.0
1990-09-04 20:00:00+00:00,13.92,86.35,0.0,0.0,0.0,324.75,2.0,122.0,99690.0
1990-09-04 21:00:00+00:00,13.05,86.3,0.0,0.0,0.0,322.4,2.07,126.0,99690.0
1990-09-04 22:00:00+00:00,12.56,89.4,0.0,0.0,0.0,322.6,2.0,141.0,99720.0
1990-09-04 23:00:00+00:00,12.32,89.4,0.0,0.0,0.0,325.1,2.0,145.0,99730.0
1990-09-05 00:00:00+00:00,12.19,89.35,0.0,0.0,0.0,322.2,2.07,144.0,99730.0
1990-09-05 01:00:00+00:00,12.13,92.6,0.0,0.0,0.0,327.55,2.14,142.0,99710.0
1990-09-05 02:00:00+00:00,11.89,89.35,0.0,0.0,0.0,317.0,2.14,144.0,99720.0
1990-09-05 03:00:00+00:00,12.15,92.6,0.0,0.0,0.0,343.5,2.28,146.0,99720.0
1990-09-05 04:00:00+00:00,12.45,92.6,0.0,0.0,0.0,356.1,2.48,150.0,99700.0
1990-09-05 05:00:00+00:00,12.72,92.6,0.0,0.0,0.0,358.4,2.48,152.0,99700.0
1990-09-05 06:00:00+00:00,12.68,89.4,53.0,220.62,32.0,337.5,2.76,148.0,99700.0
1990-09-05 07:00:00+00:00,13.7,86.35,80.0,8.36,78.0,368.3,3.59,154.0,99670.0
1990-09-05 08:00:00+00:00,14.21,86.35,161.0,32.16,149.0,369.05,3.66,158.0,99670.0
1990-09-05 09:00:00+00:00,14.44,83.4,257.0,77.84,219.0,374.3,3.93,165.0,99660.0
1990-09-05 10:00:00+00:00,14.81,80.55,336.0,112.77,271.0,377.2,3.66,170.0,99660.0
1990-09-05 11:00:00+00:00,15.38,80.6,258.0,14.25,249.0,377.75,3.86,180.0,99670.0
1990-09-05 12:00:00+00:00,16.66,80.75,433.0,190.65,309.0,371.95,5.31,199.0,99700.0
1990-09-05 13:00:00+00:00,17.48,80.85,344.0,77.63,295.0,380.85,5.45,206.0,99740.0
1990-09-05 14:00:00+00:00,18.08,80.9,235.0,15.64,226.0,383.55,5.31,211.0,99730.0
1990-09-05 15:00:00+00:00,18.52,81.0,303.0,160.24,225.0,385.5,5.1,217.0,99730.0
1990-09-05 16:00:00+00:00,18.89,78.3,229.0,172.32,165.0,390.95,4.34,220.0,99770.0
1990-09-05 17:00:00+00:00,19.04,81.05,110.0,63.25,95.0,379.9,3.66,220.0,99780.0
1990-09-05 18:00:00+00:00,18.89,81.05,55.0,246.95,32.0,374.1,3.59,221.0,99820.0
1990-09-05 19:00:00+00:00,17.88,83.75,0.0,0.0,0.0,355.3,3.31,217.0,99860.0
1990-09-05 20:00:00+00:00,17.08,89.65,0.0,0.0,0.0,343.1,3.31,216.0,99900.0
1990-09-05 21:00:00+00:00,16.55,92.8,0.0,0.0,0.0,339.65,3.31,212.0,99900.0
1990-09-05 22:00:00+00:00,16.26,96.0,0.0,0.0,0.0,344.3,3.52,210.0,99910.0
1990-09-05 23:00:00+00:00,16.22,96.0,0.0,0.0,0.0,349.5,3.93,210.0,99920.0
1990-09-06 00:00:00+00:00,16.32,92.8,0.0,0.0,0.0,357.25,4.07,208.0,99930.0
1990-09-06 01:00:00+00:00,16.67,92.8,0.0,0.0,0.0,366.45,4.21,204.0,99910.0
1990-09-06 02:00:00+00:00,17.33,89.7,0.0,0.0,0.0,386.85,4.76,201.0,99880.0
1990-09-06 03:00:00+00:00,17.81,89.75,0.0,0.0,0.0,389.4,5.38,206.0,99840.0
1990-09-06 04:00:00+00:00,18.12,92.85,0.0,0.0,0.0,391.9,5.66,213.0,99840.0
1990-09-06 05:00:00+00:00,18.23,96.05,0.0,0.0,0.0,393.45,5.52,217.0,99860.0
1990-09-06 06:00:00+00:00,18.21,96.05,43.0,132.31,31.0,393.85,5.38,217.0,99880.0
1990-09-06 07:00:00+00:00,18.88,89.8,121.0,110.78,95.0,396.95,5.66,219.0,99940.0
1990-09-06 08:00:00+00:00,19.07,89.8,238.0,219.65,157.0,396.95,5.24,219.0,99980.0
1990-09-06 09:00:00+00:00,19.13,89.8,230.0,49.61,206.0,396.75,5.31,222.0,100030.0
1990-09-06 10:00:00+00:00,19.21,89.8,359.0,166.14,264.0,397.1,5.24,227.0,100060.0
1990-09-06 11:00:00+00:00,19.19,89.8,447.0,264.77,281.0,396.75,5.24,233.0,100120.0
1990-09-06 12:00:00+00:00,19.09,86.8,384.0,123.95,304.0,398.3,5.1,238.0,100160.0
1990-09-06 13:00:00+00:00,19.0,86.8,311.0,52.72,278.0,391.9,4.69,238.0,100160.0
1990-09-06 14:00:00+00:00,19.13,83.85,219.0,12.28,212.0,391.1,5.03,240.0,100170.0
1990-09-06 15:00:00+00:00,19.05,83.85,216.0,35.34,199.0,391.9,4.28,244.0,100170.0
1990-09-06 16:00:00+00:00,18.84,83.85,258.0,303.71,147.0,393.25,3.72,247.0,100210.0
1990-09-06 17:00:00+00:00,18.41,83.8,104.0,56.27,91.0,390.75,2.76,252.0,100210.0
1990-09-06 18:00:00+00:00,18.02,86.7,17.0,0.0,17.0,389.0,1.93,249.0,100250.0
1990-09-06 19:00:00+00:00,18.51,89.75,0.0,0.0,0.0,397.7,1.86,220.0,100240.0
1990-09-06 20:00:00+00:00,18.14,92.85,0.0,0.0,0.0,399.85,1.93,200.0,100270.0
1990-09-06 21:00:00+00:00,17.73,96.05,0.0,0.0,0.0,394.4,2.41,193.0,100240.0
1990-09-06 22:00:00+00:00,17.4,92.85,0.0,0.0,0.0,386.85,2.83,195.0,100220.0
1990-09-06 23:00:00+00:00,17.14,96.05,0.0,0.0,0.0,384.35,3.17,201.0,100190.0
1990-09-07 00:00:00+00:00,16.89,92.8,0.0,0.0,0.0,381.65,3.45,203.0,100170.0
1990-09-07 01:00:00+00:00,16.61,92.8,0.0,0.0,0.0,374.4,3.59,203.0,100130.0
1990-09-07 02:00:00+00:00,16.4,92.8,0.0,0.0,0.0,375.05,3.66,202.0,100100.0
1990-09-07 03:00:00+00:00,16.23,92.75,0.0,0.0,0.0,372.15,3.72,201.0,100070.0
1990-09-07 04:00:00+00:00,16.13,92.75,0.0,0.0,0.0,375.85,3.59,201.0,100030.0
1990-09-07 05:00:00+00:00,16.03,92.75,0.0,0.0,0.0,374.65,3.52,200.0,99980.0
1990-09-07 06:00:00+00:00,16.05,92.75,17.0,0.0,17.0,376.8,3.79,203.0,99980.0
1990-09-07 07:00:00+00:00,16.59,92.8,0.0,0.0,0.0,373.1,4.0,205.0,100020.0
1990-09-07 08:00:00+00:00,17.38,86.65,173.0,54.9,153.0,376.6,4.41,211.0,99990.0
1990-09-07 09:00:00+00:00,18.27,80.9,334.0,260.82,209.0,381.85,4.55,219.0,99980.0
1990-09-07 10:00:00+00:00,19.0,73.05,497.0,573.0,172.0,350.65,4.62,223.0,99980.0
1990-09-07 11:00:00+00:00,19.69,70.65,451.0,276.45,279.0,367.3,4.21,226.0,99930.0
1990-09-07 12:00:00+00:00,20.34,63.8,645.0,857.24,96.0,371.0,3.79,227.0,99920.0
1990-09-07 13:00:00+00:00,20.69,63.8,197.0,1.61,196.0,382.0,3.38,222.0,99900.0
1990-09-07 14:00:00+00:00,21.07,59.6,187.0,3.54,185.0,386.1,3.38,217.0,99860.0
1990-09-07 15:00:00+00:00,21.15,59.6,337.0,275.6,206.0,376.2,3.03,209.0,99770.0
1990-09-07 16:00:00+00:00,20.98,61.7,264.0,347.69,139.0,361.1,2.97,198.0,99740.0
1990-09-07 17:00:00+00:00,20.47,63.8,71.0,8.89,69.0,351.45,2.48,195.0,99680.0
1990-09-07 18:00:00+00:00,19.56,70.65,27.0,24.8,25.0,350.5,2.07,185.0,99680.0
1990-09-07 19:00:00+00:00,18.57,78.25,0.0,0.0,0.0,350.5,1.86,157.0,99630.0
1990-09-07 20:00:00+00:00,17.67,80.85,0.0,0.0,0.0,353.2,2.41,133.0,99590.0
1990-09-07 21:00:00+00:00,17.37,80.85,0.0,0.0,0.0,363.65,2.62,127.0,99470.0
1990-09-07 22:00:00+00:00,17.11,83.65,0.0,0.0,0.0,362.1,2.34,144.0,99450.0
1990-09-07 23:00:00+00:00,16.7,86.55,0.0,0.0,0.0,349.7,2.62,134.0,99340.0
1990-09-08 00:00:00+00:00,16.59,89.65,0.0,0.0,0.0,351.25,2.9,137.0,99250.0
1990-09-08 01:00:00+00:00,16.64,89.65,0.0,0.0,0.0,353.7,3.17,140.0,99150.0
1990-09-08 02:00:00+00:00,16.69,92.8,0.0,0.0,0.0,353.55,0.0,0.0,99030.0
1990-09-08 03:00:00+00:00,16.59,92.8,0.0,0.0,0.0,339.05,0.0,0.0,98920.0
1990-09-08 04:00:00+00:00,16.56,92.8,0.0,0.0,0.0,341.95,3.24,150.0,98820.0
1990-09-08 05:00:00+00:00,16.45,92.8,0.0,0.0,0.0,337.7,3.24,156.0,98760.0
1990-09-08 06:00:00+00:00,16.44,92.8,23.0,12.24,22.0,343.3,3.31,165.0,98700.0
1990-09-08 07:00:00+00:00,17.3,89.7,64.0,4.43,63.0,379.7,3.59,162.0,98640.0
1990-09-08 08:00:00+00:00,17.67,89.7,50.0,0.0,50.0,385.5,4.07,175.0,98590.0
1990-09-08 09:00:00+00:00,17.1,89.65,49.0,0.0,49.0,385.1,5.17,203.0,98590.0
1990-09-08 10:00:00+00:00,15.75,86.5,48.0,0.0,48.0,381.85,5.38,216.0,98590.0
1990-09-08 11:00:00+00:00,14.91,89.5,53.0,0.0,53.0,377.0,5.1,213.0,98590.0
1990-09-08 12:00:00+00:00,14.7,89.5,97.0,0.0,97.0,371.4,5.59,213.0,98580.0
1990-09-08 13:00:00+00:00,15.37,83.5,353.0,102.37,290.0,357.45,5.52,220.0,98560.0
1990-09-08 14:00:00+00:00,16.48,77.95,420.0,325.66,238.0,332.85,6.48,228.0,98600.0
1990-09-08 15:00:00+00:00,16.29,72.65,417.0,626.17,123.0,335.2,7.1,236.0,98630.0
1990-09-08 16:00:00+00:00,14.95,75.0,185.0,87.69,154.0,339.65,6.69,243.0,98750.0
1990-09-08 17:00:00+00:00,14.17,77.6,129.0,182.89,89.0,357.65,5.93,244.0,98840.0
1990-09-08 18:00:00+00:00,13.8,77.6,6.0,0.0,6.0,341.4,5.24,240.0,98920.0
1990-09-08 19:00:00+00:00,13.81,77.6,0.0,0.0,0.0,321.25,4.55,230.0,98920.0
1990-09-08 20:00:00+00:00,13.61,77.6,0.0,0.0,0.0,324.35,4.0,222.0,99000.0
1990-09-08 21:00:00+00:00,13.3,77.6,0.0,0.0,0.0,311.4,3.38,212.0,99010.0
1990-09-08 22:00:00+00:00,13.34,80.4,0.0,0.0,0.0,336.95,2.9,198.0,98990.0
1990-09-08 23:00:00+00:00,13.29,80.4,0.0,0.0,0.0,340.8,2.55,180.0,98990.0
1990-09-09 00:00:00+00:00,13.12,86.3,0.0,0.0,0.0,350.65,2.48,163.0,98930.0
1990-09-09 01:00:00+00:00,12.95,89.4,0.0,0.0,0.0,359.3,2.69,153.0,98920.0
1990-09-09 02:00:00+00:00,13.01,89.4,0.0,0.0,0.0,367.5,2.83,166.0,98880.0
1990-09-09 03:00:00+00:00,13.29,89.45,0.0,0.0,0.0,366.75,3.24,181.0,98870.0
1990-09-09 04:00:00+00:00,13.34,89.45,0.0,0.0,0.0,337.5,3.86,193.0,98860.0
1990-09-09 05:00:00+00:00,13.4,89.45,0.0,0.0,0.0,337.1,4.28,196.0,98850.0
1990-09-09 06:00:00+00:00,13.54,89.45,5.0,0.0,5.0,346.8,4.55,196.0,98850.0
1990-09-09 07:00:00+00:00,14.05,92.65,107.0,81.33,89.0,345.25,4.9,189.0,98830.0
1990-09-09 08:00:00+00:00,14.45,89.5,227.0,208.24,153.0,357.85,5.38,193.0,98820.0
1990-09-09 09:00:00+00:00,15.12,83.45,130.0,0.0,130.0,341.4,5.38,198.0,98810.0
1990-09-09 10:00:00+00:00,15.65,75.1,259.0,35.85,239.0,331.7,6.0,206.0,98800.0
1990-09-09 11:00:00+00:00,15.98,65.15,475.0,355.96,257.0,329.4,6.97,209.0,98760.0
1990-09-09 12:00:00+00:00,16.42,62.95,343.0,77.75,294.0,350.85,7.66,208.0,98750.0
1990-09-09 13:00:00+00:00,16.52,62.95,222.0,6.56,218.0,357.45,6.9,202.0,98690.0
1990-09-09 14:00:00+00:00,16.33,70.1,167.0,0.0,167.0,367.1,5.45,181.0,98580.0
1990-09-09 15:00:00+00:00,16.48,75.25,78.0,0.0,78.0,373.9,6.07,174.0,98450.0
1990-09-09 16:00:00+00:00,16.35,77.95,50.0,0.0,50.0,358.0,7.52,184.0,98340.0
1990-09-09 17:00:00+00:00,15.96,83.55,29.0,0.0,29.0,363.85,8.48,190.0,98260.0
1990-09-09 18:00:00+00:00,15.68,86.5,29.0,88.25,23.0,365.0,9.03,193.0,98230.0
1990-09-09 19:00:00+00:00,15.74,89.55,0.0,0.0,0.0,371.75,9.24,191.0,98180.0
1990-09-09 20:00:00+00:00,15.74,92.75,0.0,0.0,0.0,376.6,8.55,197.0,98220.0
1990-09-09 21:00:00+00:00,15.56,92.75,0.0,0.0,0.0,379.3,7.79,212.0,98280.0
1990-09-09 22:00:00+00:00,14.7,89.5,0.0,0.0,0.0,379.1,7.31,245.0,98470.0
1990-09-09 23:00:00+00:00,12.97,80.35,0.0,0.0,0.0,365.2,6.97,253.0,98610.0
1990-09-10 00:00:00+00:00,11.96,80.2,0.0,0.0,0.0,314.65,5.93,245.0,98740.0
1990-09-10 01:00:00+00:00,11.54,83.1,0.0,0.0,0.0,289.45,5.59,241.0,98840.0
1990-09-10 02:00:00+00:00,11.35,80.15,0.0,0.0,0.0,294.55,5.17,238.0,98920.0
1990-09-10 03:00:00+00:00,11.13,83.05,0.0,0.0,0.0,290.5,4.76,232.0,98990.0
1990-09-10 04:00:00+00:00,10.97,83.05,0.0,0.0,0.0,292.05,4.48,226.0,99070.0
1990-09-10 05:00:00+00:00,10.81,83.05,0.0,0.0,0.0,291.65,4.34,224.0,99150.0
1990-09-10 06:00:00+00:00,10.68,86.05,33.0,124.03,24.0,292.2,4.14,226.0,99220.0
1990-09-10 07:00:00+00:00,11.18,86.1,42.0,0.0,42.0,315.25,3.93,228.0,99260.0
1990-09-10 08:00:00+00:00,11.85,80.2,62.0,0.0,62.0,313.9,3.72,228.0,99310.0
1990-09-10 09:00:00+00:00,12.75,74.75,242.0,66.59,211.0,310.05,4.34,238.0,99340.0
1990-09-10 10:00:00+00:00,13.81,69.65,414.0,296.52,250.0,318.15,4.07,239.0,99370.0
1990-09-10 11:00:00+00:00,14.73,64.85,326.0,67.49,285.0,310.6,4.0,238.0,99360.0
1990-09-10 12:00:00+00:00,15.44,56.25,338.0,68.79,295.0,318.35,4.0,231.0,99370.0
1990-09-10 13:00:00+00:00,15.66,54.25,541.0,555.68,205.0,342.35,3.52,231.0,99340.0
1990-09-10 14:00:00+00:00,15.75,52.4,380.0,219.14,260.0,347.55,3.17,234.0,99290.0
1990-09-10 15:00:00+00:00,15.92,50.5,310.0,211.89,213.0,333.25,3.17,236.0,99280.0
1990-09-10 16:00:00+00:00,15.84,50.5,228.0,222.64,152.0,338.65,2.9,240.0,99250.0
1990-09-10 17:00:00+00:00,15.39,54.25,80.0,24.24,75.0,335.55,2.28,247.0,99200.0
1990-09-10 18:00:00+00:00,14.57,58.1,12.0,0.0,12.0,324.35,2.14,247.0,99200.0
1990-09-10 19:00:00+00:00,13.57,62.45,0.0,0.0,0.0,319.1,2.55,240.0,99240.0
1990-09-10 20:00:00+00:00,12.88,67.05,0.0,0.0,0.0,317.2,2.69,227.0,99270.0
1990-09-10 21:00:00+00:00,12.2,74.6,0.0,0.0,0.0,305.4,3.1,218.0,99250.0
1990-09-10 22:00:00+00:00,11.61,80.15,0.0,0.0,0.0,288.55,3.59,214.0,99250.0
1990-09-10 23:00:00+00:00,11.48,83.1,0.0,0.0,0.0,297.05,4.14,217.0,99250.0
1990-09-11 00:00:00+00:00,11.39,83.1,0.0,0.0,0.0,297.05,4.34,223.0,99230.0
1990-09-11 01:00:00+00:00,11.16,83.05,0.0,0.0,0.0,285.75,4.55,229.0,99230.0
1990-09-11 02:00:00+00:00,11.09,83.05,0.0,0.0,0.0,292.4,4.69,232.0,99250.0
1990-09-11 03:00:00+00:00,10.94,80.1,0.0,0.0,0.0,292.05,4.62,231.0,99260.0
1990-09-11 04:00:00+00:00,10.67,83.0,0.0,0.0,0.0,283.3,4.41,226.0,99320.0
1990-09-11 05:00:00+00:00,10.53,86.05,0.0,0.0,0.0,290.65,4.28,221.0,99360.0
1990-09-11 06:00:00+00:00,10.53,86.05,29.0,88.25,23.0,298.4,4.28,217.0,99440.0
1990-09-11 07:00:00+00:00,11.07,89.3,123.0,169.6,87.0,296.1,4.07,205.0,99470.0
1990-09-11 08:00:00+00:00,12.1,83.15,273.0,436.07,122.0,291.25,4.48,205.0,99500.0
1990-09-11 09:00:00+00:00,13.42,72.2,422.0,670.45,113.0,309.65,5.38,210.0,99530.0
1990-09-11 10:00:00+00:00,14.56,64.85,365.0,195.15,258.0,310.8,5.59,206.0,99490.0
1990-09-11 11:00:00+00:00,15.65,60.5,418.0,220.74,285.0,323.4,5.52,202.0,99470.0
1990-09-11 12:00:00+00:00,15.88,56.35,289.0,32.26,269.0,350.1,5.72,194.0,99400.0
1990-09-11 13:00:00+00:00,16.22,56.35,482.0,390.51,248.0,341.55,6.41,192.0,99380.0
1990-09-11 14:00:00+00:00,16.2,58.45,276.0,57.21,245.0,357.65,6.14,193.0,99340.0
1990-09-11 15:00:00+00:00,16.08,62.85,265.0,121.72,210.0,359.95,5.86,187.0,99290.0
1990-09-11 16:00:00+00:00,15.95,62.85,280.0,528.01,103.0,356.85,6.14,185.0,99230.0
1990-09-11 17:00:00+00:00,15.57,67.45,53.0,0.0,53.0,350.3,6.07,184.0,99200.0
1990-09-11 18:00:00+00:00,14.99,69.85,23.0,90.54,18.0,316.4,5.86,183.0,99150.0
1990-09-11 19:00:00+00:00,14.65,69.75,0.0,0.0,0.0,321.85,6.28,181.0,99090.0
1990-09-11 20:00:00+00:00,14.38,69.75,0.0,0.0,0.0,311.0,6.07,181.0,99090.0
1990-09-11 21:00:00+00:00,14.26,69.75,0.0,0.0,0.0,312.35,5.72,181.0,99080.0
1990-09-11 22:00:00+00:00,14.17,72.2,0.0,0.0,0.0,316.6,5.66,177.0,99020.0
1990-09-11 23:00:00+00:00,14.1,74.85,0.0,0.0,0.0,321.05,5.93,172.0,98930.0
1990-09-12 00:00:00+00:00,13.92,74.85,0.0,0.0,0.0,312.75,6.21,172.0,98870.0
1990-09-12 01:00:00+00:00,13.63,74.85,0.0,0.0,0.0,319.05,6.41,176.0,98830.0
1990-09-12 02:00:00+00:00,13.66,74.85,0.0,0.0,0.0,331.7,6.34,179.0,98810.0
1990-09-12 03:00:00+00:00,13.6,74.85,0.0,0.0,0.0,322.8,6.14,179.0,98760.0
1990-09-12 04:00:00+00:00,13.89,74.85,0.0,0.0,0.0,343.7,6.0,180.0,98710.0
1990-09-12 05:00:00+00:00,14.17,77.6,0.0,0.0,0.0,349.7,5.93,182.0,98700.0
1990-09-12 06:00:00+00:00,14.45,77.65,5.0,0.0,5.0,357.85,6.0,184.0,98680.0
1990-09-12 07:00:00+00:00,15.18,80.55,25.0,0.0,25.0,363.25,6.14,182.0,98710.0
1990-09-12 08:00:00+00:00,15.75,80.6,120.0,8.78,117.0,362.3,5.86,180.0,98720.0
1990-09-12 09:00:00+00:00,16.62,77.95,81.0,0.0,81.0,357.25,6.62,181.0,98730.0
1990-09-12 10:00:00+00:00,17.55,75.4,100.0,0.0,100.0,359.95,7.1,186.0,98800.0
1990-09-12 11:00:00+00:00,18.4,75.55,126.0,0.0,126.0,371.0,7.72,190.0,98770.0
1990-09-12 12:00:00+00:00,19.0,75.65,225.0,6.51,221.0,374.85,8.07,192.0,98810.0
1990-09-12 13:00:00+00:00,19.43,73.15,238.0,15.16,229.0,383.95,8.55,194.0,98850.0
1990-09-12 14:00:00+00:00,19.75,73.15,66.0,0.0,66.0,384.35,8.07,194.0,98880.0
1990-09-12 15:00:00+00:00,19.85,73.2,191.0,26.91,179.0,389.2,6.9,191.0,98910.0
1990-09-12 16:00:00+00:00,19.69,75.7,45.0,0.0,45.0,380.3,6.21,185.0,98930.0
1990-09-12 17:00:00+00:00,19.34,78.35,35.0,0.0,35.0,368.3,6.07,182.0,98940.0
1990-09-12 18:00:00+00:00,18.72,81.0,2.0,0.0,2.0,344.3,5.66,185.0,98990.0
1990-09-12 19:00:00+00:00,18.27,86.7,0.0,0.0,0.0,345.85,5.24,186.0,99040.0
1990-09-12 20:00:00+00:00,18.38,83.8,0.0,0.0,0.0,378.95,5.03,186.0,99090.0
1990-09-12 21:00:00+00:00,18.28,86.7,0.0,0.0,0.0,386.45,4.28,188.0,99150.0
1990-09-12 22:00:00+00:00,17.99,89.75,0.0,0.0,0.0,390.75,3.31,181.0,99180.0
1990-09-12 23:00:00+00:00,17.74,92.85,0.0,0.0,0.0,390.75,2.9,167.0,99200.0
1990-09-13 00:00:00+00:00,17.59,89.7,0.0,0.0,0.0,389.55,3.17,154.0,99210.0
1990-09-13 01:00:00+00:00,17.68,89.7,0.0,0.0,0.0,386.8,3.79,155.0,99200.0
1990-09-13 02:00:00+00:00,17.68,89.7,0.0,0.0,0.0,384.95,4.28,160.0,99170.0
1990-09-13 03:00:00+00:00,17.55,89.7,0.0,0.0,0.0,377.55,4.48,166.0,99180.0
1990-09-13 04:00:00+00:00,17.25,89.65,0.0,0.0,0.0,359.2,4.41,170.0,99180.0
1990-09-13 05:00:00+00:00,16.99,89.65,0.0,0.0,0.0,347.0,4.28,172.0,99190.0
1990-09-13 06:00:00+00:00,16.78,89.65,9.0,0.0,9.0,336.75,4.0,174.0,99230.0
1990-09-13 07:00:00+00:00,17.73,89.7,96.0,83.69,79.0,381.85,3.31,191.0,99300.0
1990-09-13 08:00:00+00:00,17.99,86.7,120.0,11.87,116.0,383.4,2.76,196.0,99380.0
1990-09-13 09:00:00+00:00,18.18,89.75,197.0,33.22,182.0,391.5,2.34,201.0,99450.0
1990-09-13 10:00:00+00:00,18.38,86.75,110.0,0.0,110.0,391.7,2.48,209.0,99510.0
1990-09-13 11:00:00+00:00,18.79,83.85,102.0,0.0,102.0,387.85,2.07,226.0,99540.0
1990-09-13 12:00:00+00:00,19.27,83.85,363.0,126.37,286.0,388.2,1.52,240.0,99560.0
1990-09-13 13:00:00+00:00,20.45,75.85,368.0,156.42,276.0,381.05,0.97,230.0,99570.0
1990-09-13 14:00:00+00:00,20.18,78.45,116.0,0.0,116.0,395.0,0.41,2.0,99630.0
1990-09-13 15:00:00+00:00,19.93,78.45,206.0,47.74,185.0,382.8,1.45,53.0,99610.0
1990-09-13 16:00:00+00:00,19.2,86.8,183.0,136.29,139.0,389.75,2.21,54.0,99630.0
1990-09-13 17:00:00+00:00,18.39,86.75,18.0,0.0,18.0,390.15,2.62,56.0,99640.0
1990-09-13 18:00:00+00:00,17.34,92.85,7.0,0.0,7.0,388.2,3.17,53.0,99690.0
1990-09-13 19:00:00+00:00,16.29,92.8,0.0,0.0,0.0,387.45,3.59,58.0,99800.0
1990-09-13 20:00:00+00:00,15.08,96.0,0.0,0.0,0.0,386.3,3.45,60.0,99900.0
1990-09-13 21:00:00+00:00,14.07,99.4,0.0,0.0,0.0,384.35,3.31,56.0,99930.0
1990-09-13 22:00:00+00:00,13.39,92.65,0.0,0.0,0.0,381.25,3.31,49.0,99960.0
1990-09-13 23:00:00+00:00,12.96,92.65,0.0,0.0,0.0,378.55,3.45,45.0,99970.0
1990-09-14 00:00:00+00:00,12.77,89.4,0.0,0.0,0.0,372.75,3.52,45.0,99920.0
1990-09-14 01:00:00+00:00,12.62,92.6,0.0,0.0,0.0,370.7,3.45,45.0,99940.0
1990-09-14 02:00:00+00:00,12.51,89.4,0.0,0.0,0.0,366.75,3.52,46.0,99950.0
1990-09-14 03:00:00+00:00,12.4,89.4,0.0,0.0,0.0,371.95,3.79,47.0,99960.0
1990-09-14 04:00:00+00:00,12.23,89.4,0.0,0.0,0.0,368.65,3.79,47.0,99960.0
1990-09-14 05:00:00+00:00,12.15,89.35,0.0,0.0,0.0,370.4,3.79,46.0,99970.0
1990-09-14 06:00:00+00:00,12.09,89.35,12.0,0.0,12.0,366.75,3.59,45.0,99990.0
1990-09-14 07:00:00+00:00,12.13,92.6,20.0,0.0,20.0,369.85,3.72,50.0,100030.0
1990-09-14 08:00:00+00:00,12.48,89.4,46.0,0.0,46.0,366.15,4.62,52.0,100040.0
1990-09-14 09:00:00+00:00,12.75,86.3,97.0,0.0,97.0,365.0,4.34,54.0,100040.0
1990-09-14 10:00:00+00:00,13.12,89.4,117.0,0.0,117.0,369.45,4.55,57.0,100060.0
1990-09-14 11:00:00+00:00,13.61,89.45,150.0,0.0,150.0,371.55,4.83,58.0,100040.0
1990-09-14 12:00:00+00:00,14.08,92.65,146.0,0.0,146.0,372.35,4.83,57.0,100030.0
1990-09-14 13:00:00+00:00,14.3,89.5,175.0,0.0,175.0,379.3,4.97,58.0,100010.0
1990-09-14 14:00:00+00:00,14.45,89.5,142.0,0.0,142.0,377.75,4.76,59.0,99970.0
1990-09-14 15:00:00+00:00,14.36,89.5,184.0,27.66,172.0,376.8,4.28,61.0,99920.0
1990-09-14 16:00:00+00:00,14.35,89.5,136.0,37.9,124.0,380.1,4.41,61.0,99900.0
1990-09-14 17:00:00+00:00,14.14,92.65,69.0,27.64,64.0,378.95,4.14,62.0,99850.0
1990-09-14 18:00:00+00:00,13.8,95.95,2.0,0.0,2.0,378.35,3.45,64.0,99830.0
1990-09-14 19:00:00+00:00,13.34,92.65,0.0,0.0,0.0,374.45,3.03,68.0,99880.0
1990-09-14 20:00:00+00:00,13.2,95.95,0.0,0.0,0.0,370.4,2.76,68.0,99890.0
1990-09-14 21:00:00+00:00,13.11,95.95,0.0,0.0,0.0,373.1,2.48,65.0,99860.0
1990-09-14 22:00:00+00:00,13.18,95.95,0.0,0.0,0.0,375.45,2.34,65.0,99820.0
1990-09-14 23:00:00+00:00,13.1,95.95,0.0,0.0,0.0,370.0,1.86,68.0,99770.0
1990-09-15 00:00:00+00:00,13.14,99.4,0.0,0.0,0.0,372.75,1.66,75.0,99740.0
1990-09-15 01:00:00+00:00,13.18,99.4,0.0,0.0,0.0,372.25,1.1,69.0,99710.0
1990-09-15 02:00:00+00:00,13.24,95.95,0.0,0.0,0.0,374.5,1.45,73.0,99660.0
1990-09-15 03:00:00+00:00,13.23,95.95,0.0,0.0,0.0,374.3,1.17,74.0,99620.0
1990-09-15 04:00:00+00:00,13.27,95.95,0.0,0.0,0.0,374.65,1.03,87.0,99590.0
1990-09-15 05:00:00+00:00,13.33,95.95,0.0,0.0,0.0,376.0,0.9,107.0,99550.0
1990-09-15 06:00:00+00:00,13.4,95.95,7.0,0.0,7.0,377.55,0.83,133.0,99550.0
1990-09-15 07:00:00+00:00,13.24,95.95,44.0,0.0,44.0,374.85,0.76,156.0,99590.0
1990-09-15 08:00:00+00:00,14.0,95.95,150.0,48.82,134.0,374.85,0.76,185.0,99560.0
1990-09-15 09:00:00+00:00,15.18,96.0,216.0,58.83,190.0,368.45,0.9,211.0,99580.0
1990-09-15 10:00:00+00:00,16.46,89.65,301.0,107.81,244.0,380.85,0.83,229.0,99550.0
1990-09-15 11:00:00+00:00,17.58,89.7,445.0,345.27,244.0,391.1,0.76,243.0,99530.0
1990-09-15 12:00:00+00:00,18.76,86.75,546.0,648.17,158.0,395.4,0.55,234.0,99500.0
1990-09-15 13:00:00+00:00,19.95,78.45,457.0,395.18,229.0,393.85,0.55,187.0,99440.0
1990-09-15 14:00:00+00:00,20.44,75.85,288.0,96.4,238.0,401.95,0.9,148.0,99430.0
1990-09-15 15:00:00+00:00,20.83,73.35,386.0,670.98,99.0,394.2,1.45,137.0,99360.0
1990-09-15 16:00:00+00:00,20.49,75.85,260.0,567.13,84.0,372.95,1.79,129.0,99350.0
1990-09-15 17:00:00+00:00,19.82,81.15,88.0,108.9,69.0,356.3,1.52,144.0,99330.0
1990-09-15 18:00:00+00:00,18.72,86.75,8.0,0.0,8.0,356.85,1.45,169.0,99320.0
1990-09-15 19:00:00+00:00,18.2,89.75,0.0,0.0,0.0,378.75,1.59,175.0,99310.0
1990-09-15 20:00:00+00:00,17.22,96.05,0.0,0.0,0.0,360.95,1.52,199.0,99330.0
1990-09-15 21:00:00+00:00,16.44,96.05,0.0,0.0,0.0,351.05,2.0,238.0,99330.0
1990-09-15 22:00:00+00:00,16.26,96.0,0.0,0.0,0.0,364.2,2.55,257.0,99340.0
1990-09-15 23:00:00+00:00,15.9,92.75,0.0,0.0,0.0,370.6,2.9,266.0,99340.0
1990-09-16 00:00:00+00:00,15.46,92.75,0.0,0.0,0.0,380.3,3.1,270.0,99330.0
1990-09-16 01:00:00+00:00,14.85,92.7,0.0,0.0,0.0,380.8,3.38,268.0,99350.0
1990-09-16 02:00:00+00:00,13.91,92.65,0.0,0.0,0.0,360.95,3.72,264.0,99380.0
1990-09-16 03:00:00+00:00,13.25,86.35,0.0,0.0,0.0,352.2,4.0,263.0,99360.0
1990-09-16 04:00:00+00:00,12.74,86.3,0.0,0.0,0.0,358.2,4.48,266.0,99360.0
1990-09-16 05:00:00+00:00,12.34,89.4,0.0,0.0,0.0,349.1,4.41,267.0,99400.0
1990-09-16 06:00:00+00:00,12.08,89.35,19.0,111.47,14.0,347.2,4.34,269.0,99440.0
1990-09-16 07:00:00+00:00,11.97,89.35,43.0,0.0,43.0,333.85,4.76,271.0,99460.0
1990-09-16 08:00:00+00:00,12.32,86.25,189.0,145.5,142.0,337.9,4.76,275.0,99510.0
1990-09-16 09:00:00+00:00,12.72,86.25,418.0,759.51,86.0,316.4,4.69,280.0,99560.0
1990-09-16 10:00:00+00:00,13.58,74.85,501.0,748.47,109.0,329.75,5.17,286.0,99620.0
1990-09-16 11:00:00+00:00,14.38,72.3,557.0,757.42,120.0,318.35,5.1,290.0,99640.0
1990-09-16 12:00:00+00:00,14.92,67.35,549.0,650.73,163.0,334.2,4.9,296.0,99680.0
1990-09-16 13:00:00+00:00,15.57,62.75,457.0,390.35,234.0,341.95,4.62,303.0,99730.0
1990-09-16 14:00:00+00:00,15.76,58.45,355.0,232.08,236.0,348.75,4.28,307.0,99760.0
1990-09-16 15:00:00+00:00,15.76,58.45,339.0,431.68,157.0,355.7,3.72,306.0,99780.0
1990-09-16 16:00:00+00:00,15.79,58.45,249.0,506.52,95.0,352.6,3.59,301.0,99810.0
1990-09-16 17:00:00+00:00,15.53,62.75,88.0,119.01,68.0,341.0,3.17,292.0,99870.0
1990-09-16 18:00:00+00:00,14.86,64.95,6.0,0.0,6.0,333.25,3.59,285.0,99950.0
1990-09-16 19:00:00+00:00,14.23,69.65,0.0,0.0,0.0,323.55,3.66,284.0,100040.0
1990-09-16 20:00:00+00:00,13.31,72.2,0.0,0.0,0.0,300.15,3.86,284.0,100110.0
1990-09-16 21:00:00+00:00,12.52,77.45,0.0,0.0,0.0,289.9,3.86,287.0,100160.0
1990-09-16 22:00:00+00:00,11.95,80.2,0.0,0.0,0.0,293.2,3.79,290.0,100220.0
1990-09-16 23:00:00+00:00,11.36,83.1,0.0,0.0,0.0,285.85,3.45,290.0,100280.0
1990-09-17 00:00:00+00:00,10.87,86.1,0.0,0.0,0.0,285.25,3.03,287.0,100300.0
1990-09-17 01:00:00+00:00,10.45,89.25,0.0,0.0,0.0,294.65,2.76,283.0,100380.0
1990-09-17 02:00:00+00:00,9.95,92.5,0.0,0.0,0.0,284.3,2.41,275.0,100400.0
1990-09-17 03:00:00+00:00,9.57,92.45,0.0,0.0,0.0,285.65,2.41,270.0,100430.0
1990-09-17 04:00:00+00:00,9.31,92.45,0.0,0.0,0.0,282.95,2.41,270.0,100460.0
1990-09-17 05:00:00+00:00,8.99,95.85,0.0,0.0,0.0,276.95,2.34,262.0,100450.0
1990-09-17 06:00:00+00:00,8.71,92.45,11.0,24.89,10.0,275.75,2.34,259.0,100490.0
1990-09-17 07:00:00+00:00,9.2,92.45,110.0,200.47,73.0,281.2,2.28,266.0,100580.0
1990-09-17 08:00:00+00:00,10.43,89.25,270.0,571.79,88.0,278.65,2.14,264.0,100580.0
1990-09-17 09:00:00+00:00,11.74,83.15,401.0,698.64,99.0,288.75,1.79,269.0,100630.0
1990-09-17 10:00:00+00:00,12.75,77.5,430.0,451.12,196.0,290.65,1.38,267.0,100640.0
1990-09-17 11:00:00+00:00,13.86,74.85,400.0,230.88,268.0,301.3,1.38,262.0,100650.0
1990-09-17 12:00:00+00:00,14.72,72.3,566.0,741.86,130.0,307.7,1.66,258.0,100600.0
1990-09-17 13:00:00+00:00,15.47,67.45,505.0,574.64,180.0,311.0,2.07,259.0,100590.0
1990-09-17 14:00:00+00:00,15.92,65.15,504.0,818.83,89.0,307.7,2.07,258.0,100560.0
1990-09-17 15:00:00+00:00,16.15,65.15,365.0,589.71,120.0,306.15,1.79,250.0,100510.0
1990-09-17 16:00:00+00:00,16.2,65.15,251.0,560.94,84.0,305.0,1.66,240.0,100490.0
1990-09-17 17:00:00+00:00,15.86,65.15,120.0,433.16,50.0,307.3,1.38,238.0,100460.0
1990-09-17 18:00:00+00:00,15.02,72.4,0.0,0.0,0.0,307.1,1.31,234.0,100470.0
1990-09-17 19:00:00+00:00,13.41,77.6,0.0,0.0,0.0,301.3,1.79,238.0,100540.0
1990-09-17 20:00:00+00:00,12.14,86.2,0.0,0.0,0.0,298.05,1.93,234.0,100550.0
1990-09-17 21:00:00+00:00,11.14,89.3,0.0,0.0,0.0,296.5,2.0,237.0,100540.0
1990-09-17 22:00:00+00:00,10.47,92.5,0.0,0.0,0.0,294.75,2.0,235.0,100500.0
1990-09-17 23:00:00+00:00,9.88,95.9,0.0,0.0,0.0,293.55,1.93,227.0,100490.0
1990-09-18 00:00:00+00:00,9.24,95.85,0.0,0.0,0.0,290.85,1.86,217.0,100450.0
1990-09-18 01:00:00+00:00,8.94,95.85,0.0,0.0,0.0,297.35,1.86,207.0,100430.0
1990-09-18 02:00:00+00:00,8.55,99.4,0.0,0.0,0.0,289.3,2.0,198.0,100410.0
1990-09-18 03:00:00+00:00,8.32,95.85,0.0,0.0,0.0,287.55,2.14,197.0,100370.0
1990-09-18 04:00:00+00:00,8.32,95.85,0.0,0.0,0.0,291.45,2.21,202.0,100330.0
1990-09-18 05:00:00+00:00,8.56,99.4,0.0,0.0,0.0,295.7,2.28,202.0,100310.0
1990-09-18 06:00:00+00:00,9.25,95.85,5.0,0.0,5.0,314.85,2.34,198.0,100270.0
1990-09-18 07:00:00+00:00,9.99,95.9,94.0,122.31,72.0,305.55,2.41,200.0,100260.0
1990-09-18 08:00:00+00:00,11.27,89.3,171.0,111.63,136.0,308.85,3.03,204.0,100240.0
1990-09-18 09:00:00+00:00,12.53,83.25,129.0,2.34,128.0,327.45,3.66,210.0,100230.0
1990-09-18 10:00:00+00:00,13.43,77.6,261.0,60.35,230.0,342.15,4.14,215.0,100220.0
1990-09-18 11:00:00+00:00,14.43,74.95,310.0,82.97,263.0,351.85,4.28,214.0,100190.0
1990-09-18 12:00:00+00:00,15.32,69.9,383.0,183.78,276.0,342.35,4.83,215.0,100150.0
1990-09-18 13:00:00+00:00,16.16,67.55,434.0,355.46,235.0,326.85,4.55,220.0,100130.0
1990-09-18 14:00:00+00:00,16.75,65.25,159.0,2.0,158.0,314.65,4.83,223.0,100100.0
1990-09-18 15:00:00+00:00,16.73,65.25,153.0,12.22,148.0,340.8,4.76,230.0,100090.0
1990-09-18 16:00:00+00:00,16.27,67.65,100.0,10.3,97.0,356.1,4.55,235.0,100090.0
1990-09-18 17:00:00+00:00,15.59,75.1,88.0,174.03,61.0,371.95,4.0,235.0,100100.0
1990-09-18 18:00:00+00:00,14.99,80.55,0.0,0.0,0.0,375.85,3.38,235.0,100090.0
1990-09-18 19:00:00+00:00,14.35,83.4,0.0,0.0,0.0,370.2,3.1,243.0,100210.0
1990-09-18 20:00:00+00:00,14.14,86.35,0.0,0.0,0.0,376.6,2.9,251.0,100240.0
1990-09-18 21:00:00+00:00,13.89,86.35,0.0,0.0,0.0,374.65,3.1,263.0,100280.0
1990-09-18 22:00:00+00:00,13.5,86.35,0.0,0.0,0.0,364.4,3.24,270.0,100300.0
1990-09-18 23:00:00+00:00,13.12,86.3,0.0,0.0,0.0,363.65,3.24,271.0,100330.0
1990-09-19 00:00:00+00:00,12.23,89.4,0.0,0.0,0.0,318.55,3.31,270.0,100360.0
1990-09-19 01:00:00+00:00,11.85,89.35,0.0,0.0,0.0,324.25,3.45,272.0,100420.0
1990-09-19 02:00:00+00:00,11.59,89.3,0.0,0.0,0.0,338.65,3.72,276.0,100450.0
1990-09-19 03:00:00+00:00,11.16,92.55,0.0,0.0,0.0,318.35,3.59,277.0,100490.0
1990-09-19 04:00:00+00:00,10.93,89.3,0.0,0.0,0.0,318.55,3.38,277.0,100510.0
1990-09-19 05:00:00+00:00,10.67,92.5,0.0,0.0,0.0,312.95,3.24,276.0,100550.0
1990-09-19 06:00:00+00:00,10.43,92.5,8.0,0.0,8.0,313.7,3.31,280.0,100570.0
1990-09-19 07:00:00+00:00,10.62,92.5,0.0,0.0,0.0,285.25,2.69,281.0,100600.0
1990-09-19 08:00:00+00:00,11.37,86.15,229.0,349.79,121.0,286.2,2.83,286.0,100650.0
1990-09-19 09:00:00+00:00,12.19,80.2,250.0,127.82,196.0,298.8,2.97,299.0,100700.0
1990-09-19 10:00:00+00:00,12.87,74.75,355.0,232.03,237.0,314.3,2.62,304.0,100750.0
1990-09-19 11:00:00+00:00,13.67,69.65,196.0,3.56,194.0,311.4,1.93,304.0,100740.0
1990-09-19 12:00:00+00:00,14.23,69.65,162.0,0.0,162.0,338.3,1.45,298.0,100710.0
1990-09-19 13:00:00+00:00,14.74,64.85,164.0,0.0,164.0,351.65,1.38,291.0,100700.0
1990-09-19 14:00:00+00:00,15.09,62.65,94.0,0.0,94.0,336.55,1.31,292.0,100680.0
1990-09-19 15:00:00+00:00,15.21,60.4,225.0,96.76,186.0,311.4,1.24,297.0,100630.0
1990-09-19 16:00:00+00:00,15.29,56.25,174.0,168.42,126.0,321.45,1.03,303.0,100620.0
1990-09-19 17:00:00+00:00,14.87,58.25,63.0,47.08,56.0,316.6,0.48,333.0,100600.0
1990-09-19 18:00:00+00:00,13.98,69.65,0.0,0.0,0.0,306.75,0.48,117.0,100610.0
1990-09-19 19:00:00+00:00,12.28,80.3,0.0,0.0,0.0,307.1,1.24,131.0,100630.0
1990-09-19 20:00:00+00:00,11.08,89.3,0.0,0.0,0.0,304.2,1.52,148.0,100650.0
1990-09-19 21:00:00+00:00,10.16,92.5,0.0,0.0,0.0,297.85,1.59,167.0,100630.0
1990-09-19 22:00:00+00:00,9.64,92.45,0.0,0.0,0.0,302.85,1.52,183.0,100590.0
1990-09-19 23:00:00+00:00,9.14,95.85,0.0,0.0,0.0,300.35,1.45,200.0,100580.0
1990-09-20 00:00:00+00:00,8.7,92.45,0.0,0.0,0.0,294.55,1.45,210.0,100560.0
1990-09-20 01:00:00+00:00,9.03,95.85,0.0,0.0,0.0,315.75,1.31,217.0,100540.0
1990-09-20 02:00:00+00:00,9.36,92.45,0.0,0.0,0.0,331.5,1.17,216.0,100530.0
1990-09-20 03:00:00+00:00,8.95,95.85,0.0,0.0,0.0,311.2,1.24,214.0,100480.0
1990-09-20 04:00:00+00:00,8.75,95.85,0.0,0.0,0.0,312.15,1.17,211.0,100430.0
1990-09-20 05:00:00+00:00,8.15,99.4,0.0,0.0,0.0,299.55,1.31,211.0,100430.0
1990-09-20 06:00:00+00:00,7.93,95.8,2.0,0.0,2.0,301.7,1.31,215.0,100390.0
1990-09-20 07:00:00+00:00,8.0,95.8,38.0,0.0,38.0,274.8,1.17,225.0,100450.0
1990-09-20 08:00:00+00:00,10.36,89.25,151.0,69.09,130.0,288.15,0.83,216.0,100460.0
1990-09-20 09:00:00+00:00,12.48,74.7,152.0,7.19,149.0,283.7,0.83,198.0,100440.0
1990-09-20 10:00:00+00:00,13.51,67.15,193.0,9.93,188.0,299.4,1.24,182.0,100420.0
1990-09-20 11:00:00+00:00,14.47,64.85,235.0,17.99,225.0,284.65,1.79,187.0,100400.0
1990-09-20 12:00:00+00:00,15.25,58.35,319.0,82.3,272.0,288.15,2.21,192.0,100360.0
1990-09-20 13:00:00+00:00,15.81,54.35,475.0,503.43,199.0,297.25,2.21,194.0,100330.0
1990-09-20 14:00:00+00:00,16.18,54.35,374.0,329.37,213.0,297.85,2.34,193.0,100290.0
1990-09-20 15:00:00+00:00,16.3,52.5,372.0,705.57,92.0,295.7,2.28,197.0,100230.0
1990-09-20 16:00:00+00:00,16.15,54.35,213.0,391.21,104.0,286.6,2.14,199.0,100190.0
1990-09-20 17:00:00+00:00,15.47,58.35,104.0,407.91,46.0,286.4,1.52,210.0,100180.0
1990-09-20 18:00:00+00:00,14.09,67.15,0.0,0.0,0.0,291.05,1.45,223.0,100190.0
1990-09-20 19:00:00+00:00,12.24,77.45,0.0,0.0,0.0,292.2,1.52,198.0,100230.0
1990-09-20 20:00:00+00:00,10.72,83.05,0.0,0.0,0.0,294.75,1.66,193.0,100240.0
1990-09-20 21:00:00+00:00,9.81,86.0,0.0,0.0,0.0,299.0,1.72,178.0,100210.0
1990-09-20 22:00:00+00:00,9.14,92.45,0.0,0.0,0.0,298.05,1.79,174.0,100180.0
1990-09-20 23:00:00+00:00,8.65,92.4,0.0,0.0,0.0,293.75,1.79,176.0,100150.0
1990-09-21 00:00:00+00:00,8.41,92.4,0.0,0.0,0.0,297.25,1.79,168.0,100100.0
1990-09-21 01:00:00+00:00,8.64,92.4,0.0,0.0,0.0,314.2,1.72,168.0,100040.0
1990-09-21 02:00:00+00:00,8.6,92.4,0.0,0.0,0.0,302.85,1.59,181.0,100050.0
1990-09-21 03:00:00+00:00,8.61,92.4,0.0,0.0,0.0,301.1,1.45,166.0,99990.0
1990-09-21 04:00:00+00:00,8.62,92.4,0.0,0.0,0.0,314.5,1.52,154.0,99950.0
1990-09-21 05:00:00+00:00,8.14,95.8,0.0,0.0,0.0,298.8,1.72,150.0,99900.0
1990-09-21 06:00:00+00:00,7.72,92.4,0.0,0.0,0.0,288.15,2.07,145.0,99870.0
1990-09-21 07:00:00+00:00,8.84,92.45,94.0,175.04,65.0,302.3,2.14,143.0,99880.0
1990-09-21 08:00:00+00:00,11.93,83.15,184.0,180.54,130.0,301.1,2.41,149.0,99850.0
1990-09-21 09:00:00+00:00,13.43,77.6,190.0,38.78,174.0,319.1,3.93,166.0,99820.0
1990-09-21 10:00:00+00:00,14.52,72.3,306.0,142.5,235.0,318.15,5.1,184.0,99790.0
1990-09-21 11:00:00+00:00,15.41,65.05,283.0,58.14,251.0,325.7,5.66,191.0,99740.0
1990-09-21 12:00:00+00:00,15.86,65.15,145.0,0.0,145.0,354.95,5.24,189.0,99720.0
1990-09-21 13:00:00+00:00,16.3,62.95,367.0,202.8,257.0,363.45,4.97,182.0,99700.0
1990-09-21 14:00:00+00:00,16.58,65.25,168.0,4.14,166.0,349.7,4.9,179.0,99660.0
1990-09-21 15:00:00+00:00,16.48,67.65,149.0,12.8,144.0,348.95,4.41,180.0,99610.0
1990-09-21 16:00:00+00:00,15.75,72.55,58.0,0.0,58.0,347.0,4.41,182.0,99600.0
1990-09-21 17:00:00+00:00,15.13,77.75,20.0,0.0,20.0,351.05,4.34,185.0,99620.0
1990-09-21 18:00:00+00:00,14.55,80.45,0.0,0.0,0.0,348.35,4.07,184.0,99630.0
1990-09-21 19:00:00+00:00,13.96,86.35,0.0,0.0,0.0,352.8,3.79,177.0,99650.0
1990-09-21 20:00:00+00:00,13.55,86.35,0.0,0.0,0.0,340.6,3.66,175.0,99690.0
1990-09-21 21:00:00+00:00,13.3,83.35,0.0,0.0,0.0,342.95,3.45,176.0,99680.0
1990-09-21 22:00:00+00:00,13.14,86.3,0.0,0.0,0.0,342.95,3.1,176.0,99690.0
1990-09-21 23:00:00+00:00,13.01,86.3,0.0,0.0,0.0,349.9,2.83,178.0,99670.0
1990-09-22 00:00:00+00:00,12.8,86.3,0.0,0.0,0.0,345.65,2.62,178.0,99670.0
1990-09-22 01:00:00+00:00,12.51,89.4,0.0,0.0,0.0,346.7,2.41,174.0,99640.0
1990-09-22 02:00:00+00:00,12.42,89.4,0.0,0.0,0.0,353.55,2.41,177.0,99620.0
1990-09-22 03:00:00+00:00,12.33,89.4,0.0,0.0,0.0,355.1,2.48,190.0,99600.0
1990-09-22 04:00:00+00:00,12.19,92.6,0.0,0.0,0.0,359.55,2.62,210.0,99600.0
1990-09-22 05:00:00+00:00,11.85,89.35,0.0,0.0,0.0,359.4,2.76,232.0,99620.0
1990-09-22 06:00:00+00:00,11.42,92.55,0.0,0.0,0.0,361.3,2.97,246.0,99630.0
1990-09-22 07:00:00+00:00,11.31,86.15,0.0,0.0,0.0,361.9,3.38,250.0,99670.0
1990-09-22 08:00:00+00:00,11.01,89.3,240.0,503.0,92.0,339.25,3.72,254.0,99730.0
1990-09-22 09:00:00+00:00,11.66,77.3,234.0,115.33,187.0,322.05,4.28,258.0,99780.0
1990-09-22 10:00:00+00:00,12.38,66.95,352.0,259.6,224.0,277.9,4.48,260.0,99810.0
1990-09-22 11:00:00+00:00,13.06,60.05,484.0,559.62,179.0,268.6,4.41,255.0,99830.0
1990-09-22 12:00:00+00:00,13.7,58.0,517.0,635.9,161.0,270.55,4.34,248.0,99830.0
1990-09-22 13:00:00+00:00,14.11,55.9,527.0,782.82,107.0,276.35,4.21,244.0,99840.0
1990-09-22 14:00:00+00:00,14.34,53.95,404.0,493.02,169.0,285.25,4.28,241.0,99810.0
1990-09-22 15:00:00+00:00,14.24,52.0,307.0,424.12,144.0,294.35,4.07,238.0,99790.0
1990-09-22 16:00:00+00:00,13.97,53.85,208.0,436.4,92.0,284.1,3.79,231.0,99790.0
1990-09-22 17:00:00+00:00,13.45,53.85,55.0,54.18,48.0,283.3,3.24,222.0,99780.0
1990-09-22 18:00:00+00:00,12.6,57.75,0.0,0.0,0.0,298.4,3.31,210.0,99770.0
1990-09-22 19:00:00+00:00,12.25,62.2,0.0,0.0,0.0,310.05,4.28,203.0,99810.0
1990-09-22 20:00:00+00:00,11.87,66.85,0.0,0.0,0.0,313.1,4.28,197.0,99810.0
1990-09-22 21:00:00+00:00,11.42,71.85,0.0,0.0,0.0,299.4,4.48,198.0,99780.0
1990-09-22 22:00:00+00:00,11.07,74.45,0.0,0.0,0.0,291.85,4.62,205.0,99770.0
1990-09-22 23:00:00+00:00,10.79,77.2,0.0,0.0,0.0,304.05,4.62,217.0,99770.0
1990-09-23 00:00:00+00:00,10.42,86.05,0.0,0.0,0.0,311.95,4.83,231.0,99790.0
1990-09-23 01:00:00+00:00,10.22,86.05,0.0,0.0,0.0,311.7,4.69,239.0,99830.0
1990-09-23 02:00:00+00:00,9.92,89.2,0.0,0.0,0.0,291.45,4.48,242.0,99920.0
1990-09-23 03:00:00+00:00,9.7,89.2,0.0,0.0,0.0,287.4,4.41,242.0,99950.0
1990-09-23 04:00:00+00:00,9.41,92.45,0.0,0.0,0.0,277.7,4.14,239.0,100000.0
1990-09-23 05:00:00+00:00,9.17,95.85,0.0,0.0,0.0,280.6,3.79,232.0,100030.0
1990-09-23 06:00:00+00:00,8.91,92.45,0.0,0.0,0.0,276.15,3.66,225.0,100090.0
1990-09-23 07:00:00+00:00,9.14,92.45,98.0,256.22,58.0,279.25,3.45,219.0,100180.0
1990-09-23 08:00:00+00:00,9.98,89.2,200.0,279.94,119.0,280.2,3.31,214.0,100220.0
1990-09-23 09:00:00+00:00,11.14,83.05,335.0,491.93,137.0,277.1,3.86,213.0,100200.0
1990-09-23 10:00:00+00:00,12.14,74.6,247.0,57.4,219.0,286.05,4.34,213.0,100200.0
1990-09-23 11:00:00+00:00,12.88,64.65,306.0,94.52,255.0,311.2,4.97,215.0,100180.0
1990-09-23 12:00:00+00:00,13.59,60.2,177.0,1.8,176.0,330.95,5.79,214.0,100160.0
1990-09-23 13:00:00+00:00,14.27,53.95,160.0,0.0,160.0,335.75,6.07,212.0,100070.0
1990-09-23 14:00:00+00:00,14.63,56.0,88.0,0.0,88.0,335.55,6.48,212.0,100080.0
1990-09-23 15:00:00+00:00,13.71,64.75,193.0,68.78,167.0,331.1,5.66,206.0,99990.0
1990-09-23 16:00:00+00:00,13.2,72.1,120.0,53.97,106.0,320.3,4.76,192.0,99920.0
1990-09-23 17:00:00+00:00,13.17,77.5,44.0,24.45,41.0,330.55,5.03,182.0,99850.0
1990-09-23 18:00:00+00:00,13.29,74.85,0.0,0.0,0.0,344.85,5.52,189.0,99800.0
1990-09-23 19:00:00+00:00,13.58,74.85,0.0,0.0,0.0,329.4,6.83,200.0,99700.0
1990-09-23 20:00:00+00:00,13.51,74.85,0.0,0.0,0.0,327.45,7.24,203.0,99700.0
1990-09-23 21:00:00+00:00,13.51,74.85,0.0,0.0,0.0,337.9,7.38,203.0,99630.0
1990-09-23 22:00:00+00:00,13.29,74.85,0.0,0.0,0.0,317.0,7.17,203.0,99580.0
1990-09-23 23:00:00+00:00,13.37,74.85,0.0,0.0,0.0,336.75,7.03,202.0,99530.0
1990-09-24 00:00:00+00:00,13.38,74.85,0.0,0.0,0.0,327.25,7.1,200.0,99420.0
1990-09-24 01:00:00+00:00,13.44,74.85,0.0,0.0,0.0,333.75,7.17,198.0,99370.0
1990-09-24 02:00:00+00:00,13.57,74.85,0.0,0.0,0.0,345.85,7.24,196.0,99290.0
1990-09-24 03:00:00+00:00,13.64,74.85,0.0,0.0,0.0,350.3,7.45,194.0,99190.0
1990-09-24 04:00:00+00:00,13.78,77.6,0.0,0.0,0.0,354.15,7.66,193.0,99110.0
1990-09-24 05:00:00+00:00,13.94,77.6,0.0,0.0,0.0,353.75,7.93,194.0,99050.0
1990-09-24 06:00:00+00:00,14.03,80.4,0.0,0.0,0.0,348.95,7.86,193.0,99020.0
1990-09-24 07:00:00+00:00,14.77,77.75,70.0,79.31,58.0,371.2,8.07,190.0,99000.0
1990-09-24 08:00:00+00:00,15.12,80.55,179.0,210.94,119.0,366.95,8.62,192.0,98980.0
1990-09-24 09:00:00+00:00,15.47,77.8,249.0,178.65,178.0,370.6,8.34,192.0,98950.0
1990-09-24 10:00:00+00:00,15.82,77.85,190.0,14.51,183.0,371.4,7.72,193.0,98940.0
1990-09-24 11:00:00+00:00,16.86,72.7,106.0,0.0,106.0,342.15,7.72,194.0,98920.0
1990-09-24 12:00:00+00:00,17.18,72.7,199.0,7.29,195.0,353.95,7.1,190.0,98880.0
1990-09-24 13:00:00+00:00,17.21,72.7,138.0,0.0,138.0,364.4,6.9,189.0,98870.0
1990-09-24 14:00:00+00:00,17.03,72.7,76.0,0.0,76.0,366.15,6.48,187.0,98830.0
1990-09-24 15:00:00+00:00,16.67,75.25,130.0,8.07,127.0,362.3,6.69,185.0,98790.0
1990-09-24 16:00:00+00:00,16.16,80.65,103.0,31.62,95.0,366.15,6.76,186.0,98770.0
1990-09-24 17:00:00+00:00,15.67,83.5,24.0,0.0,24.0,373.5,6.41,186.0,98730.0
1990-09-24 18:00:00+00:00,15.53,83.5,0.0,0.0,0.0,373.3,6.28,185.0,98700.0
1990-09-24 19:00:00+00:00,15.68,80.6,0.0,0.0,0.0,366.55,5.79,183.0,98720.0
1990-09-24 20:00:00+00:00,15.18,86.45,0.0,0.0,0.0,355.9,5.45,174.0,98680.0
1990-09-24 21:00:00+00:00,14.98,86.45,0.0,0.0,0.0,370.8,5.66,170.0,98630.0
1990-09-24 22:00:00+00:00,14.86,86.45,0.0,0.0,0.0,373.5,6.07,180.0,98580.0
1990-09-24 23:00:00+00:00,14.62,89.5,0.0,0.0,0.0,371.55,6.0,194.0,98590.0
1990-09-25 00:00:00+00:00,13.93,86.35,0.0,0.0,0.0,329.2,5.72,199.0,98600.0
1990-09-25 01:00:00+00:00,13.7,83.35,0.0,0.0,0.0,337.4,5.24,197.0,98600.0
1990-09-25 02:00:00+00:00,13.6,83.35,0.0,0.0,0.0,334.6,4.9,191.0,98580.0
1990-09-25 03:00:00+00:00,13.61,86.35,0.0,0.0,0.0,336.75,4.62,189.0,98550.0
1990-09-25 04:00:00+00:00,13.57,86.35,0.0,0.0,0.0,337.9,0.0,0.0,98540.0
1990-09-25 05:00:00+00:00,13.37,83.35,0.0,0.0,0.0,341.95,0.0,0.0,98550.0
1990-09-25 06:00:00+00:00,12.98,86.3,0.0,0.0,0.0,337.3,4.28,201.0,98570.0
1990-09-25 07:00:00+00:00,12.23,83.25,27.0,0.0,27.0,342.75,4.48,223.0,98630.0
1990-09-25 08:00:00+00:00,11.93,83.15,84.0,3.58,83.0,333.05,4.34,225.0,98680.0
1990-09-25 09:00:00+00:00,12.12,83.15,171.0,30.59,159.0,303.05,4.76,224.0,98720.0
1990-09-25 10:00:00+00:00,12.77,74.75,286.0,127.8,225.0,294.15,5.31,224.0,98770.0
1990-09-25 11:00:00+00:00,13.41,64.75,470.0,565.65,171.0,294.95,5.79,226.0,98820.0
1990-09-25 12:00:00+00:00,13.69,64.75,393.0,263.48,250.0,308.65,6.07,228.0,98870.0
1990-09-25 13:00:00+00:00,14.05,62.45,327.0,150.36,249.0,304.2,6.21,229.0,98940.0
1990-09-25 14:00:00+00:00,13.96,60.2,231.0,56.74,205.0,294.35,6.34,229.0,98950.0
1990-09-25 15:00:00+00:00,13.42,62.45,251.0,243.56,162.0,288.75,6.41,224.0,99050.0
1990-09-25 16:00:00+00:00,12.76,69.55,205.0,543.54,71.0,299.75,5.66,222.0,99080.0
1990-09-25 17:00:00+00:00,12.24,69.45,56.0,127.61,42.0,298.2,5.52,218.0,99140.0
1990-09-25 18:00:00+00:00,11.42,71.85,0.0,0.0,0.0,310.2,4.76,220.0,99230.0
1990-09-25 19:00:00+00:00,10.55,77.15,0.0,0.0,0.0,292.8,5.24,230.0,99350.0
1990-09-25 20:00:00+00:00,10.19,79.95,0.0,0.0,0.0,293.75,4.83,228.0,99420.0
1990-09-25 21:00:00+00:00,9.92,79.95,0.0,0.0,0.0,288.55,4.62,227.0,99500.0
1990-09-25 22:00:00+00:00,9.84,77.1,0.0,0.0,0.0,296.5,4.55,228.0,99550.0
1990-09-25 23:00:00+00:00,9.77,77.1,0.0,0.0,0.0,293.4,4.34,228.0,99630.0
1990-09-26 00:00:00+00:00,9.48,79.9,0.0,0.0,0.0,279.65,4.14,227.0,99670.0
1990-09-26 01:00:00+00:00,9.24,82.9,0.0,0.0,0.0,277.05,3.86,223.0,99720.0
1990-09-26 02:00:00+00:00,9.0,85.95,0.0,0.0,0.0,274.4,3.66,216.0,99790.0
1990-09-26 03:00:00+00:00,8.83,85.95,0.0,0.0,0.0,277.1,3.52,210.0,99850.0
1990-09-26 04:00:00+00:00,8.67,89.1,0.0,0.0,0.0,280.6,3.31,207.0,99870.0
1990-09-26 05:00:00+00:00,8.46,89.1,0.0,0.0,0.0,276.75,3.1,205.0,99890.0
1990-09-26 06:00:00+00:00,8.3,89.1,0.0,0.0,0.0,279.65,2.9,203.0,99890.0
1990-09-26 07:00:00+00:00,8.66,92.4,75.0,134.14,56.0,292.8,2.62,188.0,99920.0
1990-09-26 08:00:00+00:00,9.68,85.95,58.0,0.0,58.0,293.0,2.55,190.0,99940.0
1990-09-26 09:00:00+00:00,10.94,80.1,110.0,0.0,110.0,304.6,3.03,191.0,99960.0
1990-09-26 10:00:00+00:00,11.95,74.6,292.0,146.19,223.0,314.85,3.31,191.0,99950.0
1990-09-26 11:00:00+00:00,12.75,69.55,450.0,502.8,187.0,325.9,3.86,199.0,99990.0
1990-09-26 12:00:00+00:00,12.9,69.55,223.0,16.76,214.0,333.25,3.1,204.0,99990.0
1990-09-26 13:00:00+00:00,12.78,74.75,179.0,3.9,177.0,335.75,2.14,190.0,99990.0
1990-09-26 14:00:00+00:00,12.59,80.3,75.0,0.0,75.0,342.95,2.0,170.0,99950.0
1990-09-26 15:00:00+00:00,12.16,83.15,115.0,2.78,114.0,342.75,1.86,155.0,99960.0
1990-09-26 16:00:00+00:00,11.91,86.2,122.0,83.3,102.0,348.95,1.66,152.0,99970.0
1990-09-26 17:00:00+00:00,11.67,89.3,46.0,77.51,38.0,352.4,1.59,149.0,99960.0
1990-09-26 18:00:00+00:00,11.28,86.15,0.0,0.0,0.0,336.95,1.45,152.0,99960.0
1990-09-26 19:00:00+00:00,10.31,92.5,0.0,0.0,0.0,306.95,1.59,165.0,100000.0
1990-09-26 20:00:00+00:00,9.74,92.5,0.0,0.0,0.0,317.0,1.52,168.0,100000.0
1990-09-26 21:00:00+00:00,9.2,95.85,0.0,0.0,0.0,308.85,1.72,194.0,100030.0
1990-09-26 22:00:00+00:00,9.28,95.85,0.0,0.0,0.0,317.55,1.93,202.0,100030.0
1990-09-26 23:00:00+00:00,9.56,95.85,0.0,0.0,0.0,317.0,2.34,200.0,99990.0
1990-09-27 00:00:00+00:00,9.66,95.85,0.0,0.0,0.0,313.5,2.69,202.0,99970.0
1990-09-27 01:00:00+00:00,9.69,92.5,0.0,0.0,0.0,321.35,2.9,187.0,99840.0
1990-09-27 02:00:00+00:00,9.95,92.5,0.0,0.0,0.0,320.3,2.76,192.0,99880.0
1990-09-27 03:00:00+00:00,10.4,92.5,0.0,0.0,0.0,342.55,2.76,170.0,99770.0
1990-09-27 04:00:00+00:00,11.03,92.55,0.0,0.0,0.0,354.55,3.45,163.0,99650.0
1990-09-27 05:00:00+00:00,11.8,89.35,0.0,0.0,0.0,361.9,4.48,167.0,99570.0
1990-09-27 06:00:00+00:00,12.34,86.25,0.0,0.0,0.0,359.4,5.45,174.0,99460.0
1990-09-27 07:00:00+00:00,12.77,83.25,55.0,43.86,49.0,362.5,6.34,183.0,99320.0
1990-09-27 08:00:00+00:00,13.26,86.35,199.0,367.25,100.0,368.1,7.38,192.0,99220.0
1990-09-27 09:00:00+00:00,14.26,89.5,145.0,13.09,140.0,373.5,7.86,206.0,99190.0
1990-09-27 10:00:00+00:00,15.03,89.5,144.0,2.14,143.0,378.75,7.38,228.0,99250.0
1990-09-27 11:00:00+00:00,14.74,80.45,349.0,202.89,244.0,378.55,7.79,247.0,99370.0
1990-09-27 12:00:00+00:00,13.93,72.2,490.0,649.47,145.0,340.0,8.69,252.0,99490.0
1990-09-27 13:00:00+00:00,13.86,67.15,323.0,163.78,240.0,346.8,8.97,252.0,99540.0
1990-09-27 14:00:00+00:00,14.01,67.15,235.0,74.0,202.0,332.5,9.45,251.0,99600.0
1990-09-27 15:00:00+00:00,13.92,69.65,243.0,255.13,153.0,324.95,9.66,250.0,99660.0
1990-09-27 16:00:00+00:00,13.82,69.65,181.0,445.08,77.0,316.2,9.03,249.0,99720.0
1990-09-27 17:00:00+00:00,13.5,67.15,39.0,51.69,34.0,326.65,8.34,244.0,99690.0
1990-09-27 18:00:00+00:00,13.55,67.15,0.0,0.0,0.0,345.65,8.48,242.0,99690.0
1990-09-27 19:00:00+00:00,14.02,67.15,0.0,0.0,0.0,329.2,8.62,241.0,99630.0
1990-09-27 20:00:00+00:00,14.25,62.55,0.0,0.0,0.0,341.2,8.76,243.0,99600.0
1990-09-27 21:00:00+00:00,14.2,67.15,0.0,0.0,0.0,338.1,9.1,243.0,99560.0
1990-09-27 22:00:00+00:00,14.09,67.15,0.0,0.0,0.0,339.05,0.0,0.0,99500.0
1990-09-27 23:00:00+00:00,13.76,69.65,0.0,0.0,0.0,322.05,0.0,0.0,99520.0
1990-09-28 00:00:00+00:00,13.27,72.2,0.0,0.0,0.0,303.65,10.14,249.0,99480.0
1990-09-28 01:00:00+00:00,13.12,77.5,0.0,0.0,0.0,327.35,10.21,252.0,99500.0
1990-09-28 02:00:00+00:00,12.94,77.5,0.0,0.0,0.0,333.65,9.93,255.0,99540.0
1990-09-28 03:00:00+00:00,12.72,80.3,0.0,0.0,0.0,326.65,9.38,257.0,99580.0
1990-09-28 04:00:00+00:00,12.53,80.3,0.0,0.0,0.0,331.3,8.62,257.0,99600.0
1990-09-28 05:00:00+00:00,12.38,80.3,0.0,0.0,0.0,336.95,7.93,257.0,99660.0
1990-09-28 06:00:00+00:00,12.16,83.15,0.0,0.0,0.0,329.2,6.76,255.0,99710.0
1990-09-28 07:00:00+00:00,12.71,83.25,88.0,341.14,43.0,336.55,6.21,253.0,99770.0
1990-09-28 08:00:00+00:00,13.14,80.35,126.0,64.25,109.0,341.95,5.52,249.0,99820.0
1990-09-28 09:00:00+00:00,13.85,77.6,133.0,7.96,130.0,345.05,6.07,249.0,99830.0
1990-09-28 10:00:00+00:00,14.24,77.65,45.0,0.0,45.0,363.05,5.52,236.0,99780.0
1990-09-28 11:00:00+00:00,14.44,80.45,172.0,3.91,170.0,368.45,5.52,219.0,99730.0
1990-09-28 12:00:00+00:00,14.33,83.4,259.0,49.49,233.0,374.85,5.45,204.0,99600.0
1990-09-28 13:00:00+00:00,14.7,89.5,54.0,0.0,54.0,376.8,4.69,203.0,99490.0
1990-09-28 14:00:00+00:00,16.15,92.75,80.0,0.0,80.0,383.4,5.72,220.0,99350.0
1990-09-28 15:00:00+00:00,17.39,89.7,89.0,0.0,89.0,388.2,7.66,228.0,99260.0
1990-09-28 16:00:00+00:00,17.68,86.65,51.0,0.0,51.0,389.0,7.66,228.0,99150.0
1990-09-28 17:00:00+00:00,17.34,80.85,55.0,265.88,31.0,372.15,8.62,229.0,99040.0
1990-09-28 18:00:00+00:00,16.63,83.6,0.0,0.0,0.0,361.1,8.34,227.0,98940.0
1990-09-28 19:00:00+00:00,16.75,89.65,0.0,0.0,0.0,374.85,8.41,224.0,98850.0
1990-09-28 20:00:00+00:00,16.56,89.65,0.0,0.0,0.0,383.55,8.48,224.0,98780.0
1990-09-28 21:00:00+00:00,16.23,89.6,0.0,0.0,0.0,379.9,8.69,229.0,98710.0
1990-09-28 22:00:00+00:00,15.92,86.5,0.0,0.0,0.0,380.3,8.83,236.0,98640.0
1990-09-28 23:00:00+00:00,14.97,86.45,0.0,0.0,0.0,348.95,8.76,245.0,98640.0
1990-09-29 00:00:00+00:00,14.04,86.35,0.0,0.0,0.0,336.35,9.17,247.0,98630.0
1990-09-29 01:00:00+00:00,12.99,77.5,0.0,0.0,0.0,311.7,9.31,243.0,98610.0
1990-09-29 02:00:00+00:00,12.18,77.35,0.0,0.0,0.0,308.65,9.66,240.0,98580.0
1990-09-29 03:00:00+00:00,11.43,77.3,0.0,0.0,0.0,310.2,9.24,241.0,98550.0
1990-09-29 04:00:00+00:00,10.9,80.1,0.0,0.0,0.0,288.55,8.69,239.0,98490.0
1990-09-29 05:00:00+00:00,10.67,80.05,0.0,0.0,0.0,290.85,8.62,239.0,98510.0
1990-09-29 06:00:00+00:00,10.34,80.05,0.0,0.0,0.0,298.2,8.62,239.0,98460.0
1990-09-29 07:00:00+00:00,10.4,80.05,8.0,0.0,8.0,301.7,8.48,239.0,98390.0
1990-09-29 08:00:00+00:00,10.55,83.0,164.0,200.34,112.0,304.2,8.62,240.0,98380.0
1990-09-29 09:00:00+00:00,10.83,80.1,175.0,45.73,158.0,299.0,9.52,242.0,98400.0
1990-09-29 10:00:00+00:00,11.23,80.15,421.0,660.23,120.0,293.4,9.03,241.0,98420.0
1990-09-29 11:00:00+00:00,11.28,80.15,468.0,643.85,142.0,325.5,9.45,243.0,98420.0
1990-09-29 12:00:00+00:00,11.67,83.1,454.0,525.42,181.0,312.35,9.86,245.0,98410.0
1990-09-29 13:00:00+00:00,11.98,77.35,206.0,16.17,198.0,297.05,9.93,245.0,98410.0
1990-09-29 14:00:00+00:00,11.78,69.35,366.0,489.0,154.0,311.4,10.14,249.0,98400.0
1990-09-29 15:00:00+00:00,11.52,71.85,277.0,461.63,120.0,311.95,9.38,254.0,98440.0
1990-09-29 16:00:00+00:00,11.16,74.45,181.0,529.86,64.0,307.9,8.21,259.0,98570.0
1990-09-29 17:00:00+00:00,10.61,77.15,37.0,83.52,30.0,307.7,6.28,263.0,98650.0
1990-09-29 18:00:00+00:00,9.78,79.95,0.0,0.0,0.0,276.35,5.59,260.0,98760.0
1990-09-29 19:00:00+00:00,9.58,82.9,0.0,0.0,0.0,300.15,5.79,247.0,98780.0
1990-09-29 20:00:00+00:00,9.33,82.9,0.0,0.0,0.0,292.4,5.66,247.0,98820.0
1990-09-29 21:00:00+00:00,9.27,82.9,0.0,0.0,0.0,299.95,5.59,246.0,98810.0
1990-09-29 22:00:00+00:00,9.25,82.9,0.0,0.0,0.0,304.2,5.66,245.0,98840.0
1990-09-29 23:00:00+00:00,9.15,85.95,0.0,0.0,0.0,292.8,6.0,246.0,98830.0
1990-09-30 00:00:00+00:00,9.18,85.95,0.0,0.0,0.0,299.4,6.14,247.0,98800.0
1990-09-30 01:00:00+00:00,9.08,85.95,0.0,0.0,0.0,289.45,6.0,248.0,98770.0
1990-09-30 02:00:00+00:00,8.92,85.95,0.0,0.0,0.0,285.65,5.79,246.0,98750.0
1990-09-30 03:00:00+00:00,8.79,85.95,0.0,0.0,0.0,293.0,5.72,243.0,98730.0
1990-09-30 04:00:00+00:00,8.69,85.95,0.0,0.0,0.0,289.3,5.38,241.0,98740.0
1990-09-30 05:00:00+00:00,8.51,89.1,0.0,0.0,0.0,286.05,5.1,240.0,98730.0
1990-09-30 06:00:00+00:00,8.62,89.1,0.0,0.0,0.0,309.65,4.97,240.0,98740.0
1990-09-30 07:00:00+00:00,9.01,89.1,84.0,376.68,38.0,314.1,5.17,237.0,98750.0
1990-09-30 08:00:00+00:00,9.44,85.95,222.0,616.84,65.0,294.35,4.9,239.0,98770.0
1990-09-30 09:00:00+00:00,10.12,79.95,329.0,630.24,98.0,287.95,5.93,246.0,98790.0
1990-09-30 10:00:00+00:00,10.88,71.75,344.0,335.19,193.0,300.35,5.38,248.0,98800.0
1990-09-30 11:00:00+00:00,11.27,66.75,393.0,357.49,214.0,315.45,5.03,248.0,98820.0
1990-09-30 12:00:00+00:00,11.78,64.45,439.0,484.68,190.0,314.65,5.17,249.0,98830.0
1990-09-30 13:00:00+00:00,11.89,64.45,463.0,697.75,122.0,322.8,5.03,250.0,98860.0
1990-09-30 14:00:00+00:00,11.72,64.45,397.0,676.3,108.0,302.85,5.24,251.0,98840.0
1990-09-30 15:00:00+00:00,11.46,66.75,298.0,632.18,87.0,313.5,4.69,250.0,98830.0
1990-09-30 16:00:00+00:00,10.53,76.43,182.0,573.7,59.0,297.35,3.67,250.0,98870.0
1990-09-30 17:00:00+00:00,10.14,77.7,38.0,129.25,28.0,296.61,3.49,249.0,98880.0
1990-09-30 18:00:00+00:00,9.75,78.97,0.0,0.0,0.0,295.87,3.3,243.0,98950.0
1990-09-30 19:00:00+00:00,9.36,80.24,0.0,0.0,0.0,295.13,3.12,238.0,98980.0
1990-09-30 20:00:00+00:00,8.97,81.51,0.0,0.0,0.0,294.39,2.94,237.0,99000.0
1990-09-30 21:00:00+00:00,8.58,82.78,0.0,0.0,0.0,293.65,2.76,231.0,99010.0
1990-09-30 22:00:00+00:00,8.19,84.05,0.0,0.0,0.0,292.91,2.57,231.0,99000.0
1990-09-30 23:00:00+00:00,7.8,85.32,0.0,0.0,0.0,292.17,2.39,233.0,99010.0
1990-10-01 00:00:00+00:00,7.41,86.58,0.0,0.0,0.0,291.43,2.21,193.0,100730.0
1990-10-01 01:00:00+00:00,7.02,87.85,0.0,0.0,0.0,290.69,2.03,194.0,100740.0
1990-10-01 02:00:00+00:00,6.63,89.12,0.0,0.0,0.0,289.95,1.85,197.0,100740.0
1990-10-01 03:00:00+00:00,6.24,90.39,0.0,0.0,0.0,289.21,1.66,202.0,100740.0
1990-10-01 04:00:00+00:00,5.85,91.66,0.0,0.0,0.0,288.47,1.48,205.0,100770.0
1990-10-01 05:00:00+00:00,5.46,92.93,0.0,0.0,0.0,287.73,1.3,202.0,100820.0
1990-10-01 06:00:00+00:00,5.07,94.2,0.0,0.0,0.0,286.99,1.12,199.0,100830.0
1990-10-01 07:00:00+00:00,4.68,95.47,83.0,360.3,39.0,286.25,0.94,205.0,100890.0
1990-10-01 08:00:00+00:00,8.15,92.4,222.0,624.7,63.0,287.75,0.69,210.0,100910.0
1990-10-01 09:00:00+00:00,10.9,80.1,344.0,728.46,77.0,279.25,0.55,173.0,100920.0
1990-10-01 10:00:00+00:00,12.49,69.45,444.0,803.56,82.0,277.7,1.24,142.0,100890.0
1990-10-01 11:00:00+00:00,13.64,64.75,505.0,844.8,82.0,281.6,1.79,137.0,100870.0
1990-10-01 12:00:00+00:00,14.49,60.4,517.0,835.04,88.0,284.1,1.86,130.0,100870.0
1990-10-01 13:00:00+00:00,15.09,58.35,492.0,838.93,82.0,286.2,1.93,126.0,100870.0
1990-10-01 14:00:00+00:00,15.32,60.5,420.0,797.98,79.0,287.6,2.07,123.0,100810.0
1990-10-01 15:00:00+00:00,15.25,60.5,312.0,722.07,71.0,288.35,2.28,125.0,100770.0
1990-10-01 16:00:00+00:00,14.84,64.95,156.0,359.14,79.0,288.35,2.21,130.0,100740.0
1990-10-01 17:00:00+00:00,13.8,72.2,36.0,103.4,28.0,286.8,2.07,137.0,100730.0
1990-10-01 18:00:00+00:00,12.44,74.7,0.0,0.0,0.0,288.75,2.0,148.0,100770.0
1990-10-01 19:00:00+00:00,11.46,80.15,0.0,0.0,0.0,284.5,2.07,166.0,100820.0
1990-10-01 20:00:00+00:00,10.06,89.2,0.0,0.0,0.0,284.65,2.14,176.0,100840.0
1990-10-01 21:00:00+00:00,9.02,89.1,0.0,0.0,0.0,282.35,2.21,180.0,100840.0
1990-10-01 22:00:00+00:00,8.33,95.8,0.0,0.0,0.0,285.05,2.21,181.0,100830.0
1990-10-01 23:00:00+00:00,7.79,95.8,0.0,0.0,0.0,281.6,2.28,181.0,100790.0
1990-10-02 00:00:00+00:00,7.37,92.35,0.0,0.0,0.0,280.05,2.21,181.0,100770.0
1990-10-02 01:00:00+00:00,6.87,92.35,0.0,0.0,0.0,274.9,2.21,181.0,100750.0
1990-10-02 02:00:00+00:00,6.36,92.3,0.0,0.0,0.0,271.9,2.14,181.0,100700.0
1990-10-02 03:00:00+00:00,5.78,92.3,0.0,0.0,0.0,269.6,2.07,183.0,100660.0
1990-10-02 04:00:00+00:00,5.22,92.25,0.0,0.0,0.0,267.45,2.07,185.0,100650.0
1990-10-02 05:00:00+00:00,4.8,95.75,0.0,0.0,0.0,267.45,2.14,188.0,100640.0
1990-10-02 06:00:00+00:00,4.51,92.25,0.0,0.0,0.0,265.9,2.14,193.0,100650.0
1990-10-02 07:00:00+00:00,4.5,92.25,79.0,358.34,37.0,266.65,2.07,186.0,100700.0
1990-10-02 08:00:00+00:00,6.74,92.3,217.0,617.31,63.0,269.4,1.59,188.0,100700.0
1990-10-02 09:00:00+00:00,9.59,79.9,337.0,711.33,80.0,275.4,1.59,187.0,100690.0
1990-10-02 10:00:00+00:00,11.05,74.45,435.0,786.41,85.0,275.0,1.86,187.0,100700.0
1990-10-02 11:00:00+00:00,12.29,71.95,497.0,830.19,86.0,278.65,1.93,186.0,100660.0
1990-10-02 12:00:00+00:00,13.26,67.05,505.0,805.29,96.0,276.95,2.0,181.0,100610.0
1990-10-02 13:00:00+00:00,13.93,62.55,465.0,750.0,103.0,278.1,2.21,178.0,100540.0
1990-10-02 14:00:00+00:00,14.29,62.55,392.0,686.27,103.0,280.05,2.28,184.0,100490.0
1990-10-02 15:00:00+00:00,14.42,60.4,261.0,430.62,120.0,282.55,2.28,192.0,100460.0
1990-10-02 16:00:00+00:00,14.21,60.3,119.0,144.23,89.0,286.8,1.93,197.0,100470.0
1990-10-02 17:00:00+00:00,13.33,67.05,30.0,70.47,25.0,293.6,1.45,187.0,100470.0
1990-10-02 18:00:00+00:00,12.02,71.95,0.0,0.0,0.0,303.45,1.66,181.0,100450.0
1990-10-02 19:00:00+00:00,10.7,80.05,0.0,0.0,0.0,300.75,1.93,184.0,100470.0
1990-10-02 20:00:00+00:00,9.47,85.95,0.0,0.0,0.0,295.1,1.93,184.0,100470.0
1990-10-02 21:00:00+00:00,8.37,89.1,0.0,0.0,0.0,297.05,1.72,179.0,100430.0
1990-10-02 22:00:00+00:00,7.66,92.35,0.0,0.0,0.0,299.95,1.66,169.0,100380.0
1990-10-02 23:00:00+00:00,7.33,95.8,0.0,0.0,0.0,301.1,1.86,162.0,100380.0
1990-10-03 00:00:00+00:00,7.3,95.8,0.0,0.0,0.0,302.85,2.0,161.0,100320.0
1990-10-03 01:00:00+00:00,7.53,92.35,0.0,0.0,0.0,302.6,2.21,164.0,100300.0
1990-10-03 02:00:00+00:00,8.22,92.4,0.0,0.0,0.0,321.25,2.21,169.0,100260.0
1990-10-03 03:00:00+00:00,9.1,92.45,0.0,0.0,0.0,342.75,2.28,170.0,100220.0
1990-10-03 04:00:00+00:00,9.45,89.15,0.0,0.0,0.0,338.85,2.34,166.0,100170.0
1990-10-03 05:00:00+00:00,9.46,92.45,0.0,0.0,0.0,326.5,2.41,163.0,100110.0
1990-10-03 06:00:00+00:00,9.53,92.45,0.0,0.0,0.0,327.65,2.41,162.0,100070.0
1990-10-03 07:00:00+00:00,9.92,92.5,36.0,17.81,34.0,337.7,2.34,158.0,100080.0
1990-10-03 08:00:00+00:00,10.45,89.25,111.0,53.19,98.0,344.1,2.48,153.0,100030.0
1990-10-03 09:00:00+00:00,11.15,89.3,128.0,8.43,125.0,342.55,2.69,149.0,99970.0
1990-10-03 10:00:00+00:00,12.66,80.3,272.0,152.41,205.0,320.5,3.86,161.0,99940.0
1990-10-03 11:00:00+00:00,13.62,74.85,173.0,6.13,170.0,326.1,4.34,167.0,99890.0
1990-10-03 12:00:00+00:00,14.14,72.3,321.0,165.33,238.0,339.05,4.0,166.0,99850.0
1990-10-03 13:00:00+00:00,14.89,69.85,249.0,67.14,217.0,337.1,4.28,163.0,99770.0
1990-10-03 14:00:00+00:00,14.88,69.85,153.0,9.64,149.0,350.85,3.93,156.0,99700.0
1990-10-03 15:00:00+00:00,14.47,72.4,83.0,0.0,83.0,361.1,3.79,152.0,99620.0
1990-10-03 16:00:00+00:00,13.81,80.4,15.0,0.0,15.0,358.8,3.59,154.0,99610.0
1990-10-03 17:00:00+00:00,12.89,83.25,7.0,0.0,7.0,356.85,3.72,153.0,99560.0
1990-10-03 18:00:00+00:00,12.49,86.25,0.0,0.0,0.0,358.8,4.07,150.0,99520.0
1990-10-03 19:00:00+00:00,11.99,89.35,0.0,0.0,0.0,348.95,3.59,148.0,99510.0
1990-10-03 20:00:00+00:00,11.74,92.55,0.0,0.0,0.0,349.3,3.59,150.0,99490.0
1990-10-03 21:00:00+00:00,11.47,89.3,0.0,0.0,0.0,357.65,3.38,162.0,99460.0
1990-10-03 22:00:00+00:00,11.22,95.9,0.0,0.0,0.0,363.05,2.97,195.0,99470.0
1990-10-03 23:00:00+00:00,11.16,95.9,0.0,0.0,0.0,361.1,3.38,232.0,99480.0
1990-10-04 00:00:00+00:00,10.98,95.9,0.0,0.0,0.0,357.25,3.93,245.0,99520.0
1990-10-04 01:00:00+00:00,10.65,95.9,0.0,0.0,0.0,350.4,4.41,246.0,99570.0
1990-10-04 02:00:00+00:00,10.45,92.5,0.0,0.0,0.0,354.55,4.76,250.0,99600.0
1990-10-04 03:00:00+00:00,10.2,95.9,0.0,0.0,0.0,346.0,5.03,254.0,99640.0
1990-10-04 04:00:00+00:00,10.03,92.5,0.0,0.0,0.0,344.65,5.1,256.0,99680.0
1990-10-04 05:00:00+00:00,9.92,92.5,0.0,0.0,0.0,334.6,4.83,255.0,99710.0
1990-10-04 06:00:00+00:00,9.93,92.5,0.0,0.0,0.0,332.3,4.69,252.0,99770.0
1990-10-04 07:00:00+00:00,10.71,95.9,61.0,204.96,39.0,349.1,3.86,259.0,99780.0
1990-10-04 08:00:00+00:00,11.15,95.9,180.0,401.15,84.0,352.4,4.21,264.0,99870.0
1990-10-04 09:00:00+00:00,11.59,89.3,272.0,390.56,135.0,348.95,5.1,270.0,99930.0
1990-10-04 10:00:00+00:00,12.06,86.2,347.0,410.0,169.0,328.6,5.79,275.0,100020.0
1990-10-04 11:00:00+00:00,12.5,83.25,393.0,417.59,191.0,330.55,5.72,274.0,100110.0
1990-10-04 12:00:00+00:00,12.7,80.3,420.0,481.72,181.0,353.0,5.45,271.0,100160.0
1990-10-04 13:00:00+00:00,12.84,80.3,266.0,95.63,221.0,352.0,5.38,271.0,100250.0
1990-10-04 14:00:00+00:00,12.97,74.75,192.0,41.6,175.0,349.7,5.31,272.0,100270.0
1990-10-04 15:00:00+00:00,13.1,72.1,245.0,409.8,116.0,324.15,5.03,274.0,100340.0
1990-10-04 16:00:00+00:00,12.83,69.45,134.0,302.2,75.0,310.05,4.41,277.0,100390.0
1990-10-04 17:00:00+00:00,12.09,71.95,16.0,17.19,15.0,290.5,3.59,274.0,100440.0
1990-10-04 18:00:00+00:00,10.99,74.45,0.0,0.0,0.0,280.8,3.24,269.0,100540.0
1990-10-04 19:00:00+00:00,10.52,74.4,0.0,0.0,0.0,282.35,3.1,265.0,100580.0
1990-10-04 20:00:00+00:00,9.89,77.1,0.0,0.0,0.0,282.55,2.97,261.0,100660.0
1990-10-04 21:00:00+00:00,9.35,79.9,0.0,0.0,0.0,282.15,2.69,260.0,100700.0
1990-10-04 22:00:00+00:00,8.87,82.85,0.0,0.0,0.0,286.8,2.21,253.0,100740.0
1990-10-04 23:00:00+00:00,8.14,85.85,0.0,0.0,0.0,283.3,2.0,241.0,100770.0
1990-10-05 00:00:00+00:00,7.35,89.0,0.0,0.0,0.0,281.75,2.0,233.0,100780.0
1990-10-05 01:00:00+00:00,6.79,92.3,0.0,0.0,0.0,285.0,1.86,226.0,100800.0
1990-10-05 02:00:00+00:00,6.32,92.3,0.0,0.0,0.0,286.05,1.79,220.0,100800.0
1990-10-05 03:00:00+00:00,5.86,88.95,0.0,0.0,0.0,284.3,1.79,219.0,100800.0
1990-10-05 04:00:00+00:00,5.56,92.3,0.0,0.0,0.0,287.2,1.72,217.0,100830.0
1990-10-05 05:00:00+00:00,5.09,92.25,0.0,0.0,0.0,276.35,1.59,210.0,100810.0
1990-10-05 06:00:00+00:00,4.79,92.25,0.0,0.0,0.0,277.1,1.59,201.0,100840.0
1990-10-05 07:00:00+00:00,4.49,92.25,66.0,332.07,32.0,276.55,1.72,201.0,100910.0
1990-10-05 08:00:00+00:00,6.53,92.3,192.0,546.51,64.0,276.95,1.38,196.0,100910.0
1990-10-05 09:00:00+00:00,9.74,82.9,298.0,587.56,95.0,276.15,1.17,186.0,100920.0
1990-10-05 10:00:00+00:00,11.54,74.55,394.0,683.53,101.0,279.65,1.31,169.0,100890.0
1990-10-05 11:00:00+00:00,12.88,66.95,457.0,746.81,100.0,285.25,1.93,162.0,100900.0
1990-10-05 12:00:00+00:00,13.83,62.45,469.0,744.51,104.0,287.6,2.41,160.0,100870.0
1990-10-05 13:00:00+00:00,14.5,58.25,442.0,738.45,99.0,289.9,2.55,165.0,100840.0
1990-10-05 14:00:00+00:00,14.87,58.25,377.0,718.03,88.0,292.6,2.55,173.0,100780.0
1990-10-05 15:00:00+00:00,14.88,58.25,276.0,654.81,74.0,293.4,2.48,182.0,100760.0
1990-10-05 16:00:00+00:00,14.43,60.4,146.0,471.19,57.0,294.95,2.14,192.0,100720.0
1990-10-05 17:00:00+00:00,13.36,67.05,15.0,19.29,14.0,291.25,2.07,206.0,100750.0
1990-10-05 18:00:00+00:00,11.83,71.85,0.0,0.0,0.0,288.35,2.21,207.0,100770.0
1990-10-05 19:00:00+00:00,11.22,74.45,0.0,0.0,0.0,296.85,2.28,197.0,100790.0
1990-10-05 20:00:00+00:00,10.46,77.15,0.0,0.0,0.0,299.4,2.28,194.0,100780.0
1990-10-05 21:00:00+00:00,9.95,77.1,0.0,0.0,0.0,300.35,2.34,192.0,100770.0
1990-10-05 22:00:00+00:00,9.64,77.0,0.0,0.0,0.0,300.15,2.48,194.0,100760.0
1990-10-05 23:00:00+00:00,9.43,74.2,0.0,0.0,0.0,299.0,2.48,201.0,100750.0
1990-10-06 00:00:00+00:00,9.21,76.95,0.0,0.0,0.0,298.4,2.48,209.0,100760.0
1990-10-06 01:00:00+00:00,8.9,76.95,0.0,0.0,0.0,292.15,2.41,213.0,100750.0
1990-10-06 02:00:00+00:00,8.55,79.75,0.0,0.0,0.0,287.6,2.41,214.0,100730.0
1990-10-06 03:00:00+00:00,8.29,85.85,0.0,0.0,0.0,289.1,2.41,210.0,100700.0
1990-10-06 04:00:00+00:00,8.07,85.85,0.0,0.0,0.0,285.65,2.41,206.0,100660.0
1990-10-06 05:00:00+00:00,8.03,89.05,0.0,0.0,0.0,285.85,2.48,204.0,100650.0
1990-10-06 06:00:00+00:00,8.0,89.05,0.0,0.0,0.0,283.5,2.48,205.0,100690.0
1990-10-06 07:00:00+00:00,8.21,95.8,47.0,123.17,35.0,292.2,2.55,205.0,100700.0
1990-10-06 08:00:00+00:00,9.33,92.45,175.0,445.23,73.0,305.4,2.34,209.0,100740.0
1990-10-06 09:00:00+00:00,10.85,89.25,286.0,537.92,103.0,305.55,2.55,217.0,100750.0
1990-10-06 10:00:00+00:00,12.4,80.3,364.0,550.62,131.0,303.85,2.97,227.0,100740.0
1990-10-06 11:00:00+00:00,13.6,77.6,451.0,747.36,98.0,307.7,2.9,234.0,100760.0
1990-10-06 12:00:00+00:00,14.57,72.4,422.0,549.18,156.0,308.65,2.97,241.0,100760.0
1990-10-06 13:00:00+00:00,15.29,69.9,362.0,392.65,182.0,314.1,3.1,248.0,100700.0
1990-10-06 14:00:00+00:00,15.66,67.55,275.0,252.34,175.0,331.5,2.83,256.0,100680.0
1990-10-06 15:00:00+00:00,15.59,70.0,206.0,258.11,128.0,359.0,2.55,265.0,100650.0
1990-10-06 16:00:00+00:00,15.22,72.45,85.0,71.21,72.0,363.25,2.21,274.0,100690.0
1990-10-06 17:00:00+00:00,14.5,77.75,5.0,0.0,5.0,368.85,1.86,272.0,100680.0
1990-10-06 18:00:00+00:00,13.85,83.35,0.0,0.0,0.0,367.9,1.79,261.0,100730.0
1990-10-06 19:00:00+00:00,13.36,86.3,0.0,0.0,0.0,346.2,2.07,259.0,100720.0
1990-10-06 20:00:00+00:00,12.3,92.6,0.0,0.0,0.0,317.95,2.21,257.0,100760.0
1990-10-06 21:00:00+00:00,11.82,95.9,0.0,0.0,0.0,328.8,2.28,256.0,100760.0
1990-10-06 22:00:00+00:00,11.73,95.9,0.0,0.0,0.0,342.15,2.28,256.0,100760.0
1990-10-06 23:00:00+00:00,11.49,95.9,0.0,0.0,0.0,332.5,2.28,254.0,100770.0
1990-10-07 00:00:00+00:00,11.38,95.9,0.0,0.0,0.0,337.3,2.21,255.0,100750.0
1990-10-07 01:00:00+00:00,11.25,99.35,0.0,0.0,0.0,335.7,2.14,258.0,100740.0
1990-10-07 02:00:00+00:00,11.25,99.35,0.0,0.0,0.0,347.0,1.86,264.0,100720.0
1990-10-07 03:00:00+00:00,11.19,99.35,0.0,0.0,0.0,350.5,1.66,274.0,100680.0
1990-10-07 04:00:00+00:00,11.07,99.35,0.0,0.0,0.0,350.1,1.38,286.0,100680.0
1990-10-07 05:00:00+00:00,10.88,99.35,0.0,0.0,0.0,353.4,1.03,304.0,100670.0
1990-10-07 06:00:00+00:00,10.63,99.4,0.0,0.0,0.0,354.55,0.9,332.0,100700.0
1990-10-07 07:00:00+00:00,10.5,99.4,36.0,54.08,31.0,351.45,1.1,13.0,100710.0
1990-10-07 08:00:00+00:00,10.69,99.4,104.0,58.04,91.0,350.65,1.52,34.0,100740.0
1990-10-07 09:00:00+00:00,10.87,92.55,100.0,0.0,100.0,351.45,2.0,49.0,100750.0
1990-10-07 10:00:00+00:00,11.14,89.3,226.0,83.8,191.0,355.9,2.34,60.0,100770.0
1990-10-07 11:00:00+00:00,11.35,86.1,229.0,49.29,206.0,353.95,2.41,70.0,100770.0
1990-10-07 12:00:00+00:00,11.39,80.15,321.0,198.56,226.0,353.75,2.28,79.0,100790.0
1990-10-07 13:00:00+00:00,11.49,80.15,391.0,526.14,153.0,359.55,2.07,84.0,100750.0
1990-10-07 14:00:00+00:00,11.56,77.3,298.0,353.76,160.0,351.05,2.0,82.0,100760.0
1990-10-07 15:00:00+00:00,11.6,74.55,165.0,111.52,132.0,346.6,2.14,79.0,100740.0
1990-10-07 16:00:00+00:00,11.22,77.2,74.0,39.72,67.0,352.6,2.55,78.0,100760.0
1990-10-07 17:00:00+00:00,10.74,77.15,10.0,0.0,10.0,350.85,2.62,86.0,100770.0
1990-10-07 18:00:00+00:00,10.35,77.1,0.0,0.0,0.0,349.5,2.34,94.0,100810.0
1990-10-07 19:00:00+00:00,10.08,77.1,0.0,0.0,0.0,342.35,2.28,101.0,100800.0
1990-10-07 20:00:00+00:00,9.84,79.9,0.0,0.0,0.0,333.65,2.0,103.0,100830.0
1990-10-07 21:00:00+00:00,9.6,79.9,0.0,0.0,0.0,331.9,1.86,105.0,100840.0
1990-10-07 22:00:00+00:00,9.26,82.85,0.0,0.0,0.0,321.65,1.79,107.0,100880.0
1990-10-07 23:00:00+00:00,8.75,85.9,0.0,0.0,0.0,309.25,1.72,104.0,100880.0
1990-10-08 00:00:00+00:00,8.46,85.9,0.0,0.0,0.0,314.3,1.72,100.0,100900.0
1990-10-08 01:00:00+00:00,8.38,85.9,0.0,0.0,0.0,319.6,1.93,100.0,100900.0
1990-10-08 02:00:00+00:00,8.29,89.05,0.0,0.0,0.0,317.75,2.07,100.0,100890.0
1990-10-08 03:00:00+00:00,8.21,89.05,0.0,0.0,0.0,318.35,2.21,99.0,100870.0
1990-10-08 04:00:00+00:00,8.21,89.05,0.0,0.0,0.0,322.4,2.34,96.0,100860.0
1990-10-08 05:00:00+00:00,8.13,89.05,0.0,0.0,0.0,316.6,2.55,96.0,100890.0
1990-10-08 06:00:00+00:00,8.23,89.05,0.0,0.0,0.0,328.8,2.76,98.0,100920.0
1990-10-08 07:00:00+00:00,8.13,89.05,22.0,0.0,22.0,325.1,2.62,106.0,100950.0
1990-10-08 08:00:00+00:00,8.42,85.9,55.0,0.0,55.0,323.55,2.69,113.0,100980.0
1990-10-08 09:00:00+00:00,8.93,79.85,144.0,33.38,133.0,316.6,3.24,122.0,101000.0
1990-10-08 10:00:00+00:00,9.65,77.0,238.0,111.62,192.0,329.0,3.03,126.0,101020.0
1990-10-08 11:00:00+00:00,10.25,77.1,250.0,78.11,214.0,331.7,2.76,132.0,101010.0
1990-10-08 12:00:00+00:00,10.74,74.4,127.0,0.0,127.0,328.8,2.41,139.0,101020.0
1990-10-08 13:00:00+00:00,11.07,71.75,138.0,0.0,138.0,340.8,2.28,145.0,101000.0
1990-10-08 14:00:00+00:00,11.37,74.45,123.0,2.6,122.0,333.85,2.28,149.0,100960.0
1990-10-08 15:00:00+00:00,11.51,71.85,155.0,93.21,128.0,342.75,2.34,153.0,100920.0
1990-10-08 16:00:00+00:00,11.34,77.2,75.0,52.95,66.0,350.85,2.21,152.0,100890.0
1990-10-08 17:00:00+00:00,11.02,77.2,9.0,0.0,9.0,352.0,2.14,143.0,100860.0
1990-10-08 18:00:00+00:00,10.79,83.0,0.0,0.0,0.0,356.1,2.41,145.0,100870.0
1990-10-08 19:00:00+00:00,10.52,83.0,0.0,0.0,0.0,340.0,2.55,152.0,100820.0
1990-10-08 20:00:00+00:00,10.12,86.0,0.0,0.0,0.0,325.9,2.62,158.0,100800.0
1990-10-08 21:00:00+00:00,9.59,89.15,0.0,0.0,0.0,307.5,2.55,163.0,100760.0
1990-10-08 22:00:00+00:00,9.26,92.45,0.0,0.0,0.0,305.55,2.55,160.0,100730.0
1990-10-08 23:00:00+00:00,9.15,92.45,0.0,0.0,0.0,311.2,2.62,156.0,100650.0
1990-10-09 00:00:00+00:00,9.39,89.15,0.0,0.0,0.0,329.2,2.69,154.0,100600.0
1990-10-09 01:00:00+00:00,9.43,89.15,0.0,0.0,0.0,320.4,2.83,155.0,100530.0
1990-10-09 02:00:00+00:00,9.42,89.15,0.0,0.0,0.0,332.85,2.97,151.0,100440.0
1990-10-09 03:00:00+00:00,9.37,89.15,0.0,0.0,0.0,347.75,3.03,149.0,100340.0
1990-10-09 04:00:00+00:00,9.51,89.15,0.0,0.0,0.0,353.55,3.03,150.0,100250.0
1990-10-09 05:00:00+00:00,9.56,92.45,0.0,0.0,0.0,352.6,2.83,154.0,100180.0
1990-10-09 06:00:00+00:00,9.53,92.45,0.0,0.0,0.0,346.6,2.28,152.0,100150.0
1990-10-09 07:00:00+00:00,9.58,92.45,26.0,24.24,24.0,354.75,1.66,151.0,100180.0
1990-10-09 08:00:00+00:00,9.67,95.85,15.0,0.0,15.0,356.65,1.03,148.0,100180.0
1990-10-09 09:00:00+00:00,10.0,95.9,25.0,0.0,25.0,357.65,0.48,198.0,100190.0
1990-10-09 10:00:00+00:00,10.5,92.5,33.0,0.0,33.0,358.4,1.24,294.0,100240.0
1990-10-09 11:00:00+00:00,10.59,92.5,57.0,0.0,57.0,359.75,2.14,312.0,100260.0
1990-10-09 12:00:00+00:00,10.43,95.9,61.0,0.0,61.0,360.55,2.21,320.0,100320.0
1990-10-09 13:00:00+00:00,10.41,92.5,80.0,0.0,80.0,359.55,2.41,325.0,100340.0
1990-10-09 14:00:00+00:00,10.43,92.5,135.0,7.94,132.0,360.95,2.48,326.0,100350.0
1990-10-09 15:00:00+00:00,10.48,92.5,73.0,0.0,73.0,359.95,2.62,333.0,100400.0
1990-10-09 16:00:00+00:00,10.46,92.5,49.0,6.11,48.0,360.55,2.21,345.0,100460.0
1990-10-09 17:00:00+00:00,10.34,95.9,2.0,0.0,2.0,357.45,2.14,352.0,100480.0
1990-10-09 18:00:00+00:00,10.23,95.9,0.0,0.0,0.0,354.95,1.86,356.0,100550.0
1990-10-09 19:00:00+00:00,10.59,95.9,0.0,0.0,0.0,356.1,2.21,32.0,100650.0
1990-10-09 20:00:00+00:00,10.53,95.9,0.0,0.0,0.0,355.7,2.14,42.0,100710.0
1990-10-09 21:00:00+00:00,10.37,95.9,0.0,0.0,0.0,348.75,1.66,33.0,100780.0
1990-10-09 22:00:00+00:00,10.19,99.4,0.0,0.0,0.0,345.05,1.31,13.0,100840.0
1990-10-09 23:00:00+00:00,10.1,99.4,0.0,0.0,0.0,350.3,1.1,4.0,100920.0
1990-10-10 00:00:00+00:00,9.91,99.4,0.0,0.0,0.0,349.9,0.9,30.0,100930.0
1990-10-10 01:00:00+00:00,9.81,100.0,0.0,0.0,0.0,349.05,0.69,38.0,100940.0
1990-10-10 02:00:00+00:00,9.8,100.0,0.0,0.0,0.0,349.5,0.48,5.0,100980.0
1990-10-10 03:00:00+00:00,9.24,100.0,0.0,0.0,0.0,347.4,0.83,329.0,100980.0
1990-10-10 04:00:00+00:00,9.19,100.0,0.0,0.0,0.0,349.7,0.69,328.0,101040.0
1990-10-10 05:00:00+00:00,9.44,99.4,0.0,0.0,0.0,345.05,0.34,312.0,101060.0
1990-10-10 06:00:00+00:00,8.7,100.0,0.0,0.0,0.0,335.55,0.48,251.0,101090.0
1990-10-10 07:00:00+00:00,8.59,99.4,41.0,193.52,26.0,350.5,1.31,240.0,101160.0
1990-10-10 08:00:00+00:00,8.84,99.4,151.0,374.06,73.0,343.3,1.31,224.0,101180.0
1990-10-10 09:00:00+00:00,9.61,92.45,290.0,680.52,73.0,346.2,1.66,225.0,101200.0
1990-10-10 10:00:00+00:00,10.17,86.0,387.0,768.0,79.0,335.4,2.07,228.0,101200.0
1990-10-10 11:00:00+00:00,11.05,83.05,443.0,805.48,81.0,323.75,2.07,222.0,101210.0
1990-10-10 12:00:00+00:00,11.91,77.35,257.0,91.16,215.0,310.6,2.34,220.0,101180.0
1990-10-10 13:00:00+00:00,12.7,74.7,285.0,191.17,202.0,311.2,2.55,229.0,101150.0
1990-10-10 14:00:00+00:00,13.3,72.1,282.0,352.54,151.0,296.65,2.69,237.0,101110.0
1990-10-10 15:00:00+00:00,13.47,69.65,200.0,324.65,110.0,294.95,2.69,243.0,101080.0
1990-10-10 16:00:00+00:00,13.27,72.1,60.0,25.4,56.0,321.25,2.55,249.0,101080.0
1990-10-10 17:00:00+00:00,12.63,74.7,0.0,0.0,0.0,334.0,2.0,244.0,101080.0
1990-10-10 18:00:00+00:00,11.6,80.15,0.0,0.0,0.0,317.4,1.79,223.0,101060.0
1990-10-10 19:00:00+00:00,11.23,86.1,0.0,0.0,0.0,309.85,2.62,218.0,101040.0
1990-10-10 20:00:00+00:00,10.91,86.1,0.0,0.0,0.0,317.0,3.03,219.0,101030.0
1990-10-10 21:00:00+00:00,10.47,89.25,0.0,0.0,0.0,301.1,3.93,220.0,100970.0
1990-10-10 22:00:00+00:00,10.37,89.25,0.0,0.0,0.0,306.95,4.34,219.0,100930.0
1990-10-10 23:00:00+00:00,10.4,89.25,0.0,0.0,0.0,312.15,4.76,220.0,100860.0
1990-10-11 00:00:00+00:00,10.44,89.25,0.0,0.0,0.0,307.9,5.17,224.0,100800.0
1990-10-11 01:00:00+00:00,10.57,89.25,0.0,0.0,0.0,311.1,5.52,227.0,100770.0
1990-10-11 02:00:00+00:00,10.92,86.1,0.0,0.0,0.0,326.3,5.79,228.0,100700.0
1990-10-11 03:00:00+00:00,11.27,89.3,0.0,0.0,0.0,332.1,6.21,229.0,100640.0
1990-10-11 04:00:00+00:00,11.79,89.3,0.0,0.0,0.0,350.65,6.48,229.0,100560.0
1990-10-11 05:00:00+00:00,12.19,89.35,0.0,0.0,0.0,355.1,6.62,234.0,100500.0
1990-10-11 06:00:00+00:00,12.41,89.4,0.0,0.0,0.0,346.8,6.69,238.0,100490.0
1990-10-11 07:00:00+00:00,13.3,92.65,23.0,27.58,21.0,363.25,6.83,237.0,100450.0
1990-10-11 08:00:00+00:00,13.55,92.65,76.0,19.67,72.0,363.45,6.41,239.0,100510.0
1990-10-11 09:00:00+00:00,13.81,92.65,183.0,137.15,140.0,372.95,5.66,243.0,100550.0
1990-10-11 10:00:00+00:00,14.26,92.7,232.0,126.43,182.0,368.3,6.62,247.0,100580.0
1990-10-11 11:00:00+00:00,14.73,89.5,298.0,211.86,204.0,351.85,6.62,253.0,100590.0
1990-10-11 12:00:00+00:00,15.12,86.5,324.0,266.04,203.0,362.1,6.76,258.0,100590.0
1990-10-11 13:00:00+00:00,15.74,80.65,300.0,252.26,192.0,343.7,6.83,261.0,100580.0
1990-10-11 14:00:00+00:00,16.05,77.95,275.0,350.25,147.0,328.0,6.55,262.0,100520.0
1990-10-11 15:00:00+00:00,15.84,80.65,194.0,324.68,106.0,328.6,5.79,263.0,100520.0
1990-10-11 16:00:00+00:00,15.29,83.5,66.0,59.47,57.0,341.95,5.38,262.0,100520.0
1990-10-11 17:00:00+00:00,14.59,86.45,0.0,0.0,0.0,337.5,5.03,259.0,100530.0
1990-10-11 18:00:00+00:00,14.17,92.7,0.0,0.0,0.0,354.55,4.9,258.0,100540.0
1990-10-11 19:00:00+00:00,13.89,95.95,0.0,0.0,0.0,352.0,4.97,256.0,100590.0
1990-10-11 20:00:00+00:00,13.85,99.4,0.0,0.0,0.0,355.3,4.76,258.0,100590.0
1990-10-11 21:00:00+00:00,14.0,96.0,0.0,0.0,0.0,363.45,4.41,257.0,100620.0
1990-10-11 22:00:00+00:00,14.16,99.35,0.0,0.0,0.0,372.35,4.14,257.0,100620.0
1990-10-11 23:00:00+00:00,14.27,99.35,0.0,0.0,0.0,380.3,4.07,254.0,100620.0
1990-10-12 00:00:00+00:00,14.3,99.35,0.0,0.0,0.0,381.45,4.14,254.0,100620.0
1990-10-12 01:00:00+00:00,14.21,96.0,0.0,0.0,0.0,380.2,4.21,256.0,100640.0
1990-10-12 02:00:00+00:00,14.0,96.0,0.0,0.0,0.0,381.65,4.07,258.0,100660.0
1990-10-12 03:00:00+00:00,13.68,95.95,0.0,0.0,0.0,380.1,4.0,261.0,100640.0
1990-10-12 04:00:00+00:00,13.34,99.4,0.0,0.0,0.0,378.35,3.86,259.0,100630.0
1990-10-12 05:00:00+00:00,12.92,95.95,0.0,0.0,0.0,369.25,4.0,257.0,100660.0
1990-10-12 06:00:00+00:00,12.47,92.6,0.0,0.0,0.0,359.0,4.0,255.0,100680.0
1990-10-12 07:00:00+00:00,12.53,95.95,25.0,59.24,21.0,364.8,3.52,256.0,100740.0
1990-10-12 08:00:00+00:00,12.54,92.6,110.0,141.28,82.0,359.95,3.38,253.0,100780.0
1990-10-12 09:00:00+00:00,12.87,92.6,105.0,6.49,103.0,356.85,3.66,252.0,100830.0
1990-10-12 10:00:00+00:00,13.18,89.4,204.0,76.94,174.0,359.55,3.66,252.0,100830.0
1990-10-12 11:00:00+00:00,13.89,80.45,259.0,127.87,203.0,347.95,3.66,252.0,100840.0
1990-10-12 12:00:00+00:00,14.38,80.45,353.0,387.6,179.0,335.75,3.38,252.0,100850.0
1990-10-12 13:00:00+00:00,14.71,77.75,302.0,277.18,185.0,330.95,3.38,254.0,100870.0
1990-10-12 14:00:00+00:00,14.93,75.1,246.0,247.68,157.0,331.5,3.31,253.0,100860.0
1990-10-12 15:00:00+00:00,14.78,75.0,163.0,181.21,115.0,315.25,3.17,253.0,100860.0
1990-10-12 16:00:00+00:00,14.39,77.65,76.0,130.87,57.0,319.1,2.69,253.0,100840.0
1990-10-12 17:00:00+00:00,13.67,80.4,0.0,0.0,0.0,312.95,2.41,252.0,100830.0
1990-10-12 18:00:00+00:00,12.64,86.25,0.0,0.0,0.0,307.1,2.34,250.0,100830.0
1990-10-12 19:00:00+00:00,12.76,86.25,0.0,0.0,0.0,328.2,2.28,254.0,100870.0
1990-10-12 20:00:00+00:00,12.34,89.35,0.0,0.0,0.0,329.2,2.07,251.0,100890.0
1990-10-12 21:00:00+00:00,11.8,92.55,0.0,0.0,0.0,324.35,1.79,239.0,100880.0
1990-10-12 22:00:00+00:00,11.48,92.55,0.0,0.0,0.0,334.2,1.59,220.0,100870.0
1990-10-12 23:00:00+00:00,11.2,95.9,0.0,0.0,0.0,330.35,1.72,205.0,100850.0
1990-10-13 00:00:00+00:00,11.48,95.9,0.0,0.0,0.0,347.75,1.79,203.0,100810.0
1990-10-13 01:00:00+00:00,11.89,92.6,0.0,0.0,0.0,355.4,2.07,208.0,100790.0
1990-10-13 02:00:00+00:00,11.99,92.6,0.0,0.0,0.0,348.15,2.21,213.0,100760.0
1990-10-13 03:00:00+00:00,12.13,95.95,0.0,0.0,0.0,356.5,2.14,215.0,100720.0
1990-10-13 04:00:00+00:00,12.31,95.95,0.0,0.0,0.0,365.55,1.93,204.0,100650.0
1990-10-13 05:00:00+00:00,12.5,92.6,0.0,0.0,0.0,367.1,2.14,192.0,100630.0
1990-10-13 06:00:00+00:00,12.84,95.95,0.0,0.0,0.0,374.45,2.62,192.0,100590.0
1990-10-13 07:00:00+00:00,12.91,92.65,21.0,31.99,19.0,371.75,3.17,193.0,100630.0
1990-10-13 08:00:00+00:00,13.23,92.65,75.0,25.91,70.0,373.9,3.45,197.0,100630.0
1990-10-13 09:00:00+00:00,13.61,89.45,49.0,0.0,49.0,372.35,3.86,203.0,100610.0
1990-10-13 10:00:00+00:00,13.86,86.35,123.0,2.6,122.0,374.1,3.72,207.0,100580.0
1990-10-13 11:00:00+00:00,14.24,80.45,46.0,0.0,46.0,370.4,4.14,210.0,100550.0
1990-10-13 12:00:00+00:00,14.34,80.45,78.0,0.0,78.0,366.35,4.21,214.0,100530.0
1990-10-13 13:00:00+00:00,14.69,75.0,110.0,0.0,110.0,367.3,4.83,218.0,100500.0
1990-10-13 14:00:00+00:00,14.81,72.4,170.0,50.96,152.0,353.4,4.55,220.0,100430.0
1990-10-13 15:00:00+00:00,15.01,69.9,213.0,529.44,76.0,335.0,4.83,221.0,100400.0
1990-10-13 16:00:00+00:00,14.66,72.4,91.0,294.78,50.0,355.9,3.86,215.0,100370.0
1990-10-13 17:00:00+00:00,14.28,77.65,0.0,0.0,0.0,370.4,3.52,211.0,100340.0
1990-10-13 18:00:00+00:00,13.89,83.35,0.0,0.0,0.0,369.05,3.45,210.0,100340.0
1990-10-13 19:00:00+00:00,13.46,83.35,0.0,0.0,0.0,369.05,3.66,205.0,100310.0
1990-10-13 20:00:00+00:00,13.17,83.25,0.0,0.0,0.0,358.0,3.79,205.0,100270.0
1990-10-13 21:00:00+00:00,12.77,86.25,0.0,0.0,0.0,339.45,4.0,206.0,100230.0
1990-10-13 22:00:00+00:00,12.29,86.2,0.0,0.0,0.0,322.2,4.07,210.0,100220.0
1990-10-13 23:00:00+00:00,11.76,86.15,0.0,0.0,0.0,305.4,4.14,210.0,100210.0
1990-10-14 00:00:00+00:00,11.3,89.3,0.0,0.0,0.0,296.5,4.14,211.0,100180.0
1990-10-14 01:00:00+00:00,11.26,89.3,0.0,0.0,0.0,311.1,4.14,213.0,100180.0
1990-10-14 02:00:00+00:00,10.95,89.3,0.0,0.0,0.0,298.6,4.0,213.0,100160.0
1990-10-14 03:00:00+00:00,10.9,89.3,0.0,0.0,0.0,314.5,3.93,212.0,100120.0
1990-10-14 04:00:00+00:00,10.78,92.5,0.0,0.0,0.0,315.45,3.93,210.0,100070.0
1990-10-14 05:00:00+00:00,10.61,92.5,0.0,0.0,0.0,308.65,3.93,207.0,100070.0
1990-10-14 06:00:00+00:00,10.56,92.5,0.0,0.0,0.0,315.05,4.0,207.0,100080.0
1990-10-14 07:00:00+00:00,10.84,92.5,4.0,0.0,4.0,313.7,4.34,206.0,100030.0
1990-10-14 08:00:00+00:00,11.26,89.3,102.0,133.1,77.0,322.6,4.41,208.0,100050.0
1990-10-14 09:00:00+00:00,12.04,83.15,217.0,332.86,118.0,328.8,5.1,212.0,100020.0
1990-10-14 10:00:00+00:00,12.88,77.45,327.0,557.0,116.0,313.5,5.31,217.0,100000.0
1990-10-14 11:00:00+00:00,13.54,69.65,153.0,7.03,150.0,312.35,5.31,222.0,99980.0
1990-10-14 12:00:00+00:00,14.09,64.85,111.0,0.0,111.0,314.5,5.45,226.0,99980.0
1990-10-14 13:00:00+00:00,14.42,62.65,134.0,2.44,133.0,335.75,5.31,229.0,99930.0
1990-10-14 14:00:00+00:00,14.47,62.65,163.0,46.09,147.0,342.75,4.83,228.0,99890.0
1990-10-14 15:00:00+00:00,14.45,62.65,89.0,11.87,86.0,331.7,4.48,225.0,99850.0
1990-10-14 16:00:00+00:00,13.9,64.85,38.0,7.52,37.0,306.75,3.79,217.0,99810.0
1990-10-14 17:00:00+00:00,12.99,69.55,0.0,0.0,0.0,307.1,3.59,212.0,99790.0
1990-10-14 18:00:00+00:00,12.07,77.35,0.0,0.0,0.0,299.75,3.59,212.0,99780.0
1990-10-14 19:00:00+00:00,12.38,83.15,0.0,0.0,0.0,347.2,3.72,216.0,99790.0
1990-10-14 20:00:00+00:00,12.18,86.2,0.0,0.0,0.0,345.45,3.59,214.0,99780.0
1990-10-14 21:00:00+00:00,11.68,89.3,0.0,0.0,0.0,321.45,3.45,209.0,99740.0
1990-10-14 22:00:00+00:00,11.21,89.3,0.0,0.0,0.0,310.05,3.45,204.0,99720.0
1990-10-14 23:00:00+00:00,10.71,92.5,0.0,0.0,0.0,299.95,3.52,205.0,99650.0
1990-10-15 00:00:00+00:00,10.47,92.5,0.0,0.0,0.0,310.2,3.59,208.0,99610.0
1990-10-15 01:00:00+00:00,10.3,92.5,0.0,0.0,0.0,310.7,3.38,202.0,99550.0
1990-10-15 02:00:00+00:00,10.13,92.5,0.0,0.0,0.0,311.2,3.45,197.0,99430.0
1990-10-15 03:00:00+00:00,10.25,92.5,0.0,0.0,0.0,327.25,3.72,200.0,99350.0
1990-10-15 04:00:00+00:00,10.29,92.5,0.0,0.0,0.0,325.7,3.72,201.0,99270.0
1990-10-15 05:00:00+00:00,10.32,92.5,0.0,0.0,0.0,325.9,3.72,199.0,99200.0
1990-10-15 06:00:00+00:00,10.39,89.25,0.0,0.0,0.0,329.4,3.93,199.0,99130.0
1990-10-15 07:00:00+00:00,10.53,89.25,16.0,0.0,16.0,311.4,4.07,193.0,99050.0
1990-10-15 08:00:00+00:00,11.03,89.3,137.0,432.53,58.0,317.0,4.62,192.0,98980.0
1990-10-15 09:00:00+00:00,11.84,89.3,108.0,13.7,104.0,337.3,4.83,191.0,98890.0
1990-10-15 10:00:00+00:00,12.82,83.25,114.0,2.68,113.0,344.65,6.62,197.0,98790.0
1990-10-15 11:00:00+00:00,13.73,74.85,35.0,0.0,35.0,329.75,7.72,204.0,98720.0
1990-10-15 12:00:00+00:00,14.04,74.95,134.0,2.32,133.0,341.4,7.24,209.0,98650.0
1990-10-15 13:00:00+00:00,14.0,74.95,116.0,0.0,116.0,345.85,7.45,215.0,98590.0
1990-10-15 14:00:00+00:00,13.74,77.6,73.0,0.0,73.0,353.0,7.66,220.0,98560.0
1990-10-15 15:00:00+00:00,13.35,80.35,35.0,0.0,35.0,356.1,7.17,228.0,98560.0
1990-10-15 16:00:00+00:00,12.77,83.25,57.0,70.86,48.0,360.75,6.21,239.0,98580.0
1990-10-15 17:00:00+00:00,12.17,80.2,0.0,0.0,0.0,359.2,5.31,248.0,98590.0
1990-10-15 18:00:00+00:00,11.55,80.15,0.0,0.0,0.0,339.45,4.69,244.0,98650.0
1990-10-15 19:00:00+00:00,10.9,83.05,0.0,0.0,0.0,307.5,4.14,233.0,98670.0
1990-10-15 20:00:00+00:00,10.28,86.0,0.0,0.0,0.0,284.65,4.14,227.0,98690.0
1990-10-15 21:00:00+00:00,10.03,86.0,0.0,0.0,0.0,292.2,4.14,223.0,98720.0
1990-10-15 22:00:00+00:00,10.04,86.0,0.0,0.0,0.0,306.95,4.62,222.0,98720.0
1990-10-15 23:00:00+00:00,10.13,89.2,0.0,0.0,0.0,324.35,5.03,224.0,98730.0
1990-10-16 00:00:00+00:00,9.9,86.0,0.0,0.0,0.0,295.1,4.9,225.0,98710.0
1990-10-16 01:00:00+00:00,9.87,86.0,0.0,0.0,0.0,297.35,5.03,227.0,98740.0
1990-10-16 02:00:00+00:00,9.65,85.95,0.0,0.0,0.0,288.15,4.9,225.0,98690.0
1990-10-16 03:00:00+00:00,9.52,85.95,0.0,0.0,0.0,285.25,5.1,226.0,98660.0
1990-10-16 04:00:00+00:00,9.42,85.95,0.0,0.0,0.0,285.45,5.24,228.0,98660.0
1990-10-16 05:00:00+00:00,9.48,85.95,0.0,0.0,0.0,301.3,5.52,230.0,98660.0
1990-10-16 06:00:00+00:00,9.22,89.1,0.0,0.0,0.0,278.85,5.59,232.0,98690.0
1990-10-16 07:00:00+00:00,9.27,85.95,15.0,0.0,15.0,282.95,5.86,235.0,98720.0
1990-10-16 08:00:00+00:00,9.37,82.9,83.0,61.99,72.0,280.6,6.07,237.0,98780.0
1990-10-16 09:00:00+00:00,9.93,79.95,261.0,673.24,68.0,282.35,5.86,239.0,98870.0
1990-10-16 10:00:00+00:00,10.65,77.15,275.0,318.2,158.0,287.0,6.62,246.0,98950.0
1990-10-16 11:00:00+00:00,11.2,69.15,293.0,245.77,191.0,276.55,6.55,250.0,98980.0
1990-10-16 12:00:00+00:00,11.67,64.35,336.0,369.06,179.0,284.85,6.48,252.0,99050.0
1990-10-16 13:00:00+00:00,11.78,64.35,361.0,617.84,115.0,295.5,6.14,252.0,99070.0
1990-10-16 14:00:00+00:00,11.74,64.35,278.0,474.44,119.0,293.0,5.66,252.0,99070.0
1990-10-16 15:00:00+00:00,11.64,66.75,201.0,536.12,72.0,295.1,5.52,251.0,99090.0
1990-10-16 16:00:00+00:00,11.18,69.15,10.0,0.0,10.0,286.2,5.03,250.0,99140.0
1990-10-16 17:00:00+00:00,10.36,74.3,0.0,0.0,0.0,288.15,4.76,250.0,99190.0
1990-10-16 18:00:00+00:00,9.57,79.9,0.0,0.0,0.0,285.45,4.69,251.0,99270.0
1990-10-16 19:00:00+00:00,9.53,79.9,0.0,0.0,0.0,289.7,4.21,248.0,99360.0
1990-10-16 20:00:00+00:00,9.0,79.85,0.0,0.0,0.0,273.65,4.14,249.0,99400.0
1990-10-16 21:00:00+00:00,8.43,82.75,0.0,0.0,0.0,259.5,4.14,249.0,99420.0
1990-10-16 22:00:00+00:00,8.08,82.7,0.0,0.0,0.0,264.55,4.21,250.0,99460.0
1990-10-16 23:00:00+00:00,7.76,85.8,0.0,0.0,0.0,260.5,4.34,250.0,99490.0
1990-10-17 00:00:00+00:00,7.49,85.8,0.0,0.0,0.0,258.35,4.48,252.0,99520.0
1990-10-17 01:00:00+00:00,7.47,89.0,0.0,0.0,0.0,274.35,4.62,256.0,99550.0
1990-10-17 02:00:00+00:00,7.25,92.35,0.0,0.0,0.0,264.95,4.69,260.0,99590.0
1990-10-17 03:00:00+00:00,7.16,89.0,0.0,0.0,0.0,275.0,4.69,263.0,99640.0
1990-10-17 04:00:00+00:00,6.97,89.0,0.0,0.0,0.0,272.85,4.62,266.0,99670.0
1990-10-17 05:00:00+00:00,6.62,88.95,0.0,0.0,0.0,258.75,4.48,268.0,99720.0
1990-10-17 06:00:00+00:00,6.42,85.7,0.0,0.0,0.0,263.2,4.48,269.0,99800.0
1990-10-17 07:00:00+00:00,6.13,85.7,13.0,0.0,13.0,255.25,4.48,267.0,99840.0
1990-10-17 08:00:00+00:00,6.47,85.7,136.0,499.2,50.0,252.55,4.55,272.0,99950.0
1990-10-17 09:00:00+00:00,7.33,79.55,247.0,604.34,77.0,256.05,4.69,275.0,100030.0
1990-10-17 10:00:00+00:00,8.17,73.95,337.0,684.81,89.0,249.25,5.31,280.0,100120.0
1990-10-17 11:00:00+00:00,9.08,66.25,382.0,664.54,110.0,256.05,6.0,289.0,100180.0
1990-10-17 12:00:00+00:00,9.74,61.55,348.0,436.16,165.0,273.05,6.34,297.0,100250.0
1990-10-17 13:00:00+00:00,10.16,59.35,238.0,132.57,186.0,303.45,5.86,299.0,100300.0
1990-10-17 14:00:00+00:00,10.33,59.35,156.0,45.57,141.0,319.1,5.38,300.0,100360.0
1990-10-17 15:00:00+00:00,10.27,59.35,186.0,438.95,83.0,295.9,4.83,299.0,100420.0
1990-10-17 16:00:00+00:00,9.89,61.65,57.0,104.22,45.0,267.85,4.21,299.0,100510.0
1990-10-17 17:00:00+00:00,9.12,66.25,0.0,0.0,0.0,272.1,3.66,296.0,100620.0
1990-10-17 18:00:00+00:00,8.21,73.95,0.0,0.0,0.0,260.3,3.17,297.0,100720.0
1990-10-17 19:00:00+00:00,7.38,76.7,0.0,0.0,0.0,256.6,2.62,309.0,100830.0
1990-10-17 20:00:00+00:00,6.67,82.55,0.0,0.0,0.0,253.5,2.41,309.0,100930.0
1990-10-17 21:00:00+00:00,5.81,85.65,0.0,0.0,0.0,248.65,2.21,303.0,101000.0
1990-10-17 22:00:00+00:00,4.84,85.6,0.0,0.0,0.0,246.15,2.14,294.0,101090.0
1990-10-17 23:00:00+00:00,4.0,88.8,0.0,0.0,0.0,250.05,2.0,289.0,101170.0
1990-10-18 00:00:00+00:00,3.34,88.75,0.0,0.0,0.0,244.05,1.72,285.0,101220.0
1990-10-18 01:00:00+00:00,3.15,92.15,0.0,0.0,0.0,245.1,1.59,282.0,101230.0
1990-10-18 02:00:00+00:00,2.56,92.15,0.0,0.0,0.0,241.9,1.66,279.0,101300.0
1990-10-18 03:00:00+00:00,2.0,92.1,0.0,0.0,0.0,242.1,1.79,276.0,101330.0
1990-10-18 04:00:00+00:00,1.79,92.1,0.0,0.0,0.0,242.65,1.72,279.0,101350.0
1990-10-18 05:00:00+00:00,1.63,95.65,0.0,0.0,0.0,250.8,1.66,274.0,101450.0
1990-10-18 06:00:00+00:00,1.38,95.65,0.0,0.0,0.0,247.7,1.52,250.0,101490.0
1990-10-18 07:00:00+00:00,0.38,99.4,4.0,0.0,4.0,245.4,1.79,242.0,101530.0
1990-10-18 08:00:00+00:00,1.22,99.35,82.0,83.78,68.0,244.05,1.45,238.0,101620.0
1990-10-18 09:00:00+00:00,4.46,92.25,190.0,257.31,119.0,247.3,1.1,248.0,101650.0
1990-10-18 10:00:00+00:00,6.25,82.55,320.0,611.33,102.0,256.4,0.97,260.0,101700.0
1990-10-18 11:00:00+00:00,7.41,76.7,369.0,629.33,115.0,260.5,0.76,269.0,101720.0
1990-10-18 12:00:00+00:00,8.23,68.6,363.0,541.4,139.0,261.05,0.69,260.0,101690.0
1990-10-18 13:00:00+00:00,8.82,63.7,335.0,528.05,131.0,267.45,1.24,248.0,101670.0
1990-10-18 14:00:00+00:00,9.28,63.8,205.0,173.26,149.0,275.2,1.66,254.0,101670.0
1990-10-18 15:00:00+00:00,9.36,61.55,167.0,336.65,90.0,266.5,1.59,262.0,101650.0
1990-10-18 16:00:00+00:00,9.13,66.25,57.0,128.11,43.0,270.75,1.17,266.0,101690.0
1990-10-18 17:00:00+00:00,8.1,79.7,0.0,0.0,0.0,265.9,0.9,254.0,101710.0
1990-10-18 18:00:00+00:00,8.41,68.7,0.0,0.0,0.0,270.55,0.62,194.0,101740.0
1990-10-18 19:00:00+00:00,6.29,82.55,0.0,0.0,0.0,284.1,1.45,189.0,101740.0
1990-10-18 20:00:00+00:00,5.0,88.85,0.0,0.0,0.0,277.7,1.72,183.0,101750.0
1990-10-18 21:00:00+00:00,4.23,95.75,0.0,0.0,0.0,277.3,1.86,190.0,101760.0
1990-10-18 22:00:00+00:00,3.56,95.7,0.0,0.0,0.0,262.2,2.07,197.0,101800.0
1990-10-18 23:00:00+00:00,3.39,95.7,0.0,0.0,0.0,269.6,2.07,197.0,101800.0
1990-10-19 00:00:00+00:00,3.01,95.7,0.0,0.0,0.0,261.65,2.14,202.0,101780.0
1990-10-19 01:00:00+00:00,2.84,95.7,0.0,0.0,0.0,264.05,2.14,207.0,101750.0
1990-10-19 02:00:00+00:00,2.6,99.4,0.0,0.0,0.0,258.35,2.21,206.0,101750.0
1990-10-19 03:00:00+00:00,2.48,99.4,0.0,0.0,0.0,261.85,2.07,199.0,101730.0
1990-10-19 04:00:00+00:00,2.32,95.7,0.0,0.0,0.0,263.75,2.07,191.0,101700.0
1990-10-19 05:00:00+00:00,2.13,99.4,0.0,0.0,0.0,261.25,2.07,187.0,101700.0
1990-10-19 06:00:00+00:00,2.39,99.4,0.0,0.0,0.0,274.4,2.14,186.0,101700.0
1990-10-19 07:00:00+00:00,3.29,99.4,7.0,0.0,7.0,293.4,2.07,183.0,101700.0
1990-10-19 08:00:00+00:00,4.94,92.25,72.0,55.58,63.0,311.4,2.14,186.0,101750.0
1990-10-19 09:00:00+00:00,7.27,95.8,118.0,36.96,108.0,311.4,2.21,196.0,101750.0
1990-10-19 10:00:00+00:00,9.05,89.1,255.0,299.09,150.0,316.8,2.62,208.0,101760.0
1990-10-19 11:00:00+00:00,10.51,83.0,323.0,434.76,150.0,298.6,2.83,217.0,101740.0
1990-10-19 12:00:00+00:00,11.79,77.3,282.0,235.33,186.0,297.65,3.45,226.0,101750.0
1990-10-19 13:00:00+00:00,12.34,74.6,238.0,160.33,177.0,322.6,3.24,231.0,101730.0
1990-10-19 14:00:00+00:00,12.32,74.6,167.0,81.94,141.0,346.4,2.34,226.0,101710.0
1990-10-19 15:00:00+00:00,12.11,77.35,115.0,89.75,95.0,351.65,2.0,220.0,101680.0
1990-10-19 16:00:00+00:00,11.71,80.15,52.0,125.63,39.0,347.75,2.14,214.0,101670.0
1990-10-19 17:00:00+00:00,11.01,83.05,0.0,0.0,0.0,339.05,2.21,206.0,101670.0
1990-10-19 18:00:00+00:00,10.32,89.2,0.0,0.0,0.0,330.95,2.34,200.0,101690.0
1990-10-19 19:00:00+00:00,10.14,86.0,0.0,0.0,0.0,330.95,2.28,208.0,101740.0
1990-10-19 20:00:00+00:00,9.75,92.45,0.0,0.0,0.0,325.5,2.34,210.0,101740.0
1990-10-19 21:00:00+00:00,9.46,92.45,0.0,0.0,0.0,322.6,2.41,209.0,101760.0
1990-10-19 22:00:00+00:00,9.07,92.45,0.0,0.0,0.0,308.85,2.41,209.0,101790.0
1990-10-19 23:00:00+00:00,8.99,92.45,0.0,0.0,0.0,316.6,2.48,209.0,101760.0
1990-10-20 00:00:00+00:00,8.81,95.85,0.0,0.0,0.0,312.15,2.55,207.0,101760.0
1990-10-20 01:00:00+00:00,8.66,95.85,0.0,0.0,0.0,309.55,2.62,204.0,101750.0
1990-10-20 02:00:00+00:00,8.35,92.4,0.0,0.0,0.0,295.9,2.69,205.0,101720.0
1990-10-20 03:00:00+00:00,8.24,95.8,0.0,0.0,0.0,301.7,2.62,209.0,101710.0
1990-10-20 04:00:00+00:00,7.93,92.4,0.0,0.0,0.0,288.15,2.55,210.0,101690.0
1990-10-20 05:00:00+00:00,7.88,92.4,0.0,0.0,0.0,302.3,2.41,206.0,101710.0
1990-10-20 06:00:00+00:00,7.89,92.4,0.0,0.0,0.0,307.3,2.41,202.0,101730.0
1990-10-20 07:00:00+00:00,8.57,95.85,2.0,0.0,2.0,328.4,2.41,203.0,101780.0
1990-10-20 08:00:00+00:00,9.02,92.45,91.0,185.01,62.0,331.1,2.34,201.0,101800.0
1990-10-20 09:00:00+00:00,9.82,89.15,119.0,45.25,107.0,331.1,2.41,198.0,101800.0
1990-10-20 10:00:00+00:00,10.41,83.0,227.0,208.37,155.0,334.6,3.17,200.0,101780.0
1990-10-20 11:00:00+00:00,10.96,77.2,350.0,609.31,111.0,332.1,3.38,203.0,101750.0
1990-10-20 12:00:00+00:00,11.28,74.45,254.0,164.11,188.0,335.55,3.45,204.0,101730.0
1990-10-20 13:00:00+00:00,11.34,74.45,207.0,96.1,171.0,337.1,3.52,204.0,101690.0
1990-10-20 14:00:00+00:00,11.42,71.85,157.0,67.42,136.0,342.95,3.66,207.0,101630.0
1990-10-20 15:00:00+00:00,11.21,74.45,98.0,50.68,87.0,340.4,3.24,208.0,101610.0
1990-10-20 16:00:00+00:00,10.84,77.15,41.0,61.39,35.0,347.2,2.62,207.0,101610.0
1990-10-20 17:00:00+00:00,10.33,79.95,0.0,0.0,0.0,342.95,2.55,205.0,101580.0
1990-10-20 18:00:00+00:00,9.76,79.9,0.0,0.0,0.0,326.3,2.69,202.0,101590.0
1990-10-20 19:00:00+00:00,9.36,82.9,0.0,0.0,0.0,304.6,2.48,203.0,101590.0
1990-10-20 20:00:00+00:00,8.53,85.9,0.0,0.0,0.0,284.3,2.62,202.0,101610.0
1990-10-20 21:00:00+00:00,8.03,89.05,0.0,0.0,0.0,288.55,2.69,203.0,101570.0
1990-10-20 22:00:00+00:00,7.38,89.0,0.0,0.0,0.0,268.4,2.76,203.0,101560.0
1990-10-20 23:00:00+00:00,7.09,89.0,0.0,0.0,0.0,277.3,2.76,203.0,101510.0
1990-10-21 00:00:00+00:00,6.81,88.95,0.0,0.0,0.0,268.2,2.83,204.0,101470.0
1990-10-21 01:00:00+00:00,6.8,88.95,0.0,0.0,0.0,278.0,2.76,205.0,101420.0
1990-10-21 02:00:00+00:00,6.79,88.95,0.0,0.0,0.0,276.95,2.69,203.0,101350.0
1990-10-21 03:00:00+00:00,6.7,88.95,0.0,0.0,0.0,274.6,2.55,198.0,101310.0
1990-10-21 04:00:00+00:00,6.56,88.95,0.0,0.0,0.0,275.95,2.55,195.0,101260.0
1990-10-21 05:00:00+00:00,6.54,88.95,0.0,0.0,0.0,274.8,2.69,194.0,101250.0
1990-10-21 06:00:00+00:00,6.84,89.0,0.0,0.0,0.0,297.65,2.69,188.0,101230.0
1990-10-21 07:00:00+00:00,7.57,89.0,0.0,0.0,0.0,321.05,3.03,181.0,101230.0
1990-10-21 08:00:00+00:00,8.02,89.05,91.0,204.51,60.0,323.95,3.31,177.0,101210.0
1990-10-21 09:00:00+00:00,8.8,85.9,27.0,0.0,27.0,338.3,3.52,177.0,101160.0
1990-10-21 10:00:00+00:00,9.45,82.9,39.0,0.0,39.0,341.2,3.93,180.0,101120.0
1990-10-21 11:00:00+00:00,10.19,82.95,61.0,0.0,61.0,344.85,4.07,185.0,101080.0
1990-10-21 12:00:00+00:00,11.34,77.2,51.0,0.0,51.0,299.2,4.83,193.0,101010.0
1990-10-21 13:00:00+00:00,11.97,69.35,149.0,16.27,143.0,298.05,4.69,197.0,100930.0
1990-10-21 14:00:00+00:00,11.93,66.85,74.0,0.0,74.0,324.15,4.34,198.0,100860.0
1990-10-21 15:00:00+00:00,11.62,66.75,87.0,28.4,81.0,313.9,4.07,199.0,100820.0
1990-10-21 16:00:00+00:00,10.97,69.15,47.0,130.36,35.0,300.75,3.79,198.0,100770.0
1990-10-21 17:00:00+00:00,9.9,74.3,0.0,0.0,0.0,284.5,3.31,197.0,100740.0
1990-10-21 18:00:00+00:00,9.33,79.85,0.0,0.0,0.0,301.5,3.31,195.0,100720.0
1990-10-21 19:00:00+00:00,9.17,82.85,0.0,0.0,0.0,304.8,3.59,187.0,100650.0
1990-10-21 20:00:00+00:00,8.92,82.85,0.0,0.0,0.0,302.1,3.59,189.0,100630.0
1990-10-21 21:00:00+00:00,8.81,85.9,0.0,0.0,0.0,304.05,3.66,191.0,100580.0
1990-10-21 22:00:00+00:00,8.76,85.9,0.0,0.0,0.0,300.95,3.59,190.0,100520.0
1990-10-21 23:00:00+00:00,8.83,85.9,0.0,0.0,0.0,309.05,3.59,187.0,100470.0
1990-10-22 00:00:00+00:00,8.81,85.9,0.0,0.0,0.0,308.85,3.59,186.0,100430.0
1990-10-22 01:00:00+00:00,8.68,85.9,0.0,0.0,0.0,310.7,3.72,186.0,100390.0
1990-10-22 02:00:00+00:00,8.66,85.9,0.0,0.0,0.0,309.65,3.66,185.0,100340.0
1990-10-22 03:00:00+00:00,8.65,89.1,0.0,0.0,0.0,310.6,3.72,184.0,100290.0
1990-10-22 04:00:00+00:00,8.69,89.1,0.0,0.0,0.0,316.05,3.79,182.0,100240.0
1990-10-22 05:00:00+00:00,8.67,89.1,0.0,0.0,0.0,314.5,3.79,183.0,100210.0
1990-10-22 06:00:00+00:00,8.57,89.1,0.0,0.0,0.0,308.5,3.79,186.0,100210.0
1990-10-22 07:00:00+00:00,8.94,89.1,0.0,0.0,0.0,328.8,3.66,189.0,100230.0
1990-10-22 08:00:00+00:00,9.19,89.1,22.0,0.0,22.0,333.05,3.66,187.0,100280.0
1990-10-22 09:00:00+00:00,9.54,82.9,38.0,0.0,38.0,333.25,3.38,185.0,100260.0
1990-10-22 10:00:00+00:00,9.89,79.95,80.0,0.0,80.0,316.6,3.45,184.0,100250.0
1990-10-22 11:00:00+00:00,10.52,74.4,88.0,0.0,88.0,313.5,3.72,184.0,100270.0
1990-10-22 12:00:00+00:00,11.0,66.65,193.0,51.19,173.0,311.0,3.72,183.0,100250.0
1990-10-22 13:00:00+00:00,11.46,62.0,220.0,137.73,170.0,308.5,3.79,188.0,100240.0
1990-10-22 14:00:00+00:00,11.56,59.7,152.0,70.03,131.0,295.5,3.45,189.0,100220.0
1990-10-22 15:00:00+00:00,11.5,59.7,81.0,24.33,76.0,303.25,3.1,187.0,100250.0
1990-10-22 16:00:00+00:00,10.87,59.6,15.0,0.0,15.0,287.0,2.97,187.0,100290.0
1990-10-22 17:00:00+00:00,9.84,66.35,0.0,0.0,0.0,279.45,2.97,184.0,100320.0
1990-10-22 18:00:00+00:00,9.05,68.8,0.0,0.0,0.0,279.25,2.9,183.0,100380.0
1990-10-22 19:00:00+00:00,8.56,74.05,0.0,0.0,0.0,281.2,2.83,180.0,100440.0
1990-10-22 20:00:00+00:00,8.12,76.8,0.0,0.0,0.0,278.65,2.76,183.0,100480.0
1990-10-22 21:00:00+00:00,7.53,79.65,0.0,0.0,0.0,265.1,2.69,184.0,100480.0
1990-10-22 22:00:00+00:00,7.1,85.75,0.0,0.0,0.0,262.2,2.62,183.0,100530.0
1990-10-22 23:00:00+00:00,6.67,88.95,0.0,0.0,0.0,258.95,2.55,187.0,100540.0
1990-10-23 00:00:00+00:00,6.39,88.95,0.0,0.0,0.0,259.1,2.55,185.0,100540.0
1990-10-23 01:00:00+00:00,6.13,88.95,0.0,0.0,0.0,259.6,2.48,182.0,100530.0
1990-10-23 02:00:00+00:00,5.86,85.7,0.0,0.0,0.0,260.5,2.41,182.0,100580.0
1990-10-23 03:00:00+00:00,5.55,88.9,0.0,0.0,0.0,259.3,2.41,183.0,100580.0
1990-10-23 04:00:00+00:00,5.27,88.85,0.0,0.0,0.0,260.65,2.34,183.0,100570.0
1990-10-23 05:00:00+00:00,5.05,88.85,0.0,0.0,0.0,259.5,2.41,181.0,100610.0
1990-10-23 06:00:00+00:00,5.08,88.85,0.0,0.0,0.0,268.05,2.48,179.0,100670.0
1990-10-23 07:00:00+00:00,4.49,92.25,0.0,0.0,0.0,255.85,2.28,172.0,100760.0
1990-10-23 08:00:00+00:00,5.14,92.25,97.0,346.83,48.0,272.65,2.48,170.0,100830.0
1990-10-23 09:00:00+00:00,6.71,92.3,205.0,513.65,77.0,281.4,2.62,176.0,100860.0
1990-10-23 10:00:00+00:00,8.38,82.75,284.0,553.13,102.0,280.6,4.07,188.0,100890.0
1990-10-23 11:00:00+00:00,9.42,79.9,344.0,652.72,99.0,288.95,3.31,196.0,100910.0
1990-10-23 12:00:00+00:00,10.32,77.1,360.0,696.11,92.0,283.1,3.24,201.0,100980.0
1990-10-23 13:00:00+00:00,10.93,69.15,339.0,724.88,80.0,280.8,2.9,202.0,100970.0
1990-10-23 14:00:00+00:00,11.18,69.15,262.0,632.31,76.0,288.95,2.48,203.0,101000.0
1990-10-23 15:00:00+00:00,11.0,69.15,161.0,510.32,59.0,294.95,1.93,192.0,100980.0
1990-10-23 16:00:00+00:00,10.39,71.7,42.0,148.39,30.0,292.6,1.72,163.0,101000.0
1990-10-23 17:00:00+00:00,9.18,79.85,0.0,0.0,0.0,286.8,2.21,154.0,101030.0
1990-10-23 18:00:00+00:00,8.0,85.85,0.0,0.0,0.0,269.95,2.41,159.0,101060.0
1990-10-23 19:00:00+00:00,7.49,89.0,0.0,0.0,0.0,277.7,2.41,161.0,101140.0
1990-10-23 20:00:00+00:00,6.83,89.0,0.0,0.0,0.0,274.8,2.28,166.0,101160.0
1990-10-23 21:00:00+00:00,6.18,88.95,0.0,0.0,0.0,270.35,2.14,168.0,101190.0
1990-10-23 22:00:00+00:00,5.55,88.9,0.0,0.0,0.0,268.4,2.07,171.0,101230.0
1990-10-23 23:00:00+00:00,4.64,92.25,0.0,0.0,0.0,257.0,2.0,170.0,101240.0
1990-10-24 00:00:00+00:00,3.74,95.7,0.0,0.0,0.0,254.65,2.0,167.0,101270.0
1990-10-24 01:00:00+00:00,2.99,95.7,0.0,0.0,0.0,254.2,2.0,168.0,101280.0
1990-10-24 02:00:00+00:00,2.28,99.4,0.0,0.0,0.0,251.0,1.93,172.0,101280.0
1990-10-24 03:00:00+00:00,1.75,99.4,0.0,0.0,0.0,254.85,1.86,173.0,101250.0
1990-10-24 04:00:00+00:00,1.33,95.65,0.0,0.0,0.0,255.65,1.86,175.0,101230.0
1990-10-24 05:00:00+00:00,1.01,99.35,0.0,0.0,0.0,252.75,1.93,175.0,101240.0
1990-10-24 06:00:00+00:00,0.8,95.65,0.0,0.0,0.0,252.75,1.93,176.0,101270.0
1990-10-24 07:00:00+00:00,0.36,99.4,0.0,0.0,0.0,250.6,1.93,174.0,101360.0
1990-10-24 08:00:00+00:00,0.73,99.4,79.0,183.63,54.0,250.05,1.72,178.0,101400.0
1990-10-24 09:00:00+00:00,3.13,95.7,189.0,410.03,89.0,262.4,1.31,184.0,101420.0
1990-10-24 10:00:00+00:00,4.88,88.85,280.0,543.93,104.0,272.85,1.1,190.0,101430.0
1990-10-24 11:00:00+00:00,6.64,79.5,334.0,608.48,109.0,256.05,1.17,190.0,101440.0
1990-10-24 12:00:00+00:00,7.75,73.9,332.0,537.78,128.0,254.85,1.24,198.0,101420.0
1990-10-24 13:00:00+00:00,8.44,68.7,316.0,602.94,104.0,258.55,1.24,204.0,101390.0
1990-10-24 14:00:00+00:00,8.74,68.7,250.0,568.48,86.0,257.95,1.1,189.0,101330.0
1990-10-24 15:00:00+00:00,8.79,71.35,155.0,483.86,61.0,270.95,1.17,164.0,101320.0
1990-10-24 16:00:00+00:00,8.24,73.95,42.0,212.26,26.0,273.65,1.31,148.0,101290.0
1990-10-24 17:00:00+00:00,7.17,79.55,0.0,0.0,0.0,274.2,1.31,155.0,101290.0
1990-10-24 18:00:00+00:00,5.94,82.55,0.0,0.0,0.0,275.2,1.1,171.0,101340.0
1990-10-24 19:00:00+00:00,4.9,88.85,0.0,0.0,0.0,278.1,1.31,170.0,101340.0
1990-10-24 20:00:00+00:00,4.3,95.75,0.0,0.0,0.0,270.55,1.38,175.0,101360.0
1990-10-24 21:00:00+00:00,3.7,95.7,0.0,0.0,0.0,269.95,1.45,176.0,101340.0
1990-10-24 22:00:00+00:00,3.44,95.7,0.0,0.0,0.0,285.85,1.52,174.0,101340.0
1990-10-24 23:00:00+00:00,3.28,99.4,0.0,0.0,0.0,283.5,1.52,179.0,101300.0
1990-10-25 00:00:00+00:00,2.96,95.7,0.0,0.0,0.0,277.7,1.59,179.0,101280.0
1990-10-25 01:00:00+00:00,3.06,95.7,0.0,0.0,0.0,288.05,1.72,175.0,101240.0
1990-10-25 02:00:00+00:00,2.51,95.7,0.0,0.0,0.0,267.65,1.79,179.0,101180.0
1990-10-25 03:00:00+00:00,2.08,99.4,0.0,0.0,0.0,264.95,1.79,185.0,101140.0
1990-10-25 04:00:00+00:00,1.51,99.4,0.0,0.0,0.0,255.45,1.86,190.0,101090.0
1990-10-25 05:00:00+00:00,1.33,95.65,0.0,0.0,0.0,260.85,1.86,191.0,101090.0
1990-10-25 06:00:00+00:00,1.39,95.65,0.0,0.0,0.0,273.85,1.79,191.0,101070.0
1990-10-25 07:00:00+00:00,1.76,99.4,0.0,0.0,0.0,270.75,1.79,177.0,101100.0
1990-10-25 08:00:00+00:00,2.32,95.7,38.0,7.63,37.0,276.15,1.86,169.0,101090.0
1990-10-25 09:00:00+00:00,4.84,88.85,41.0,0.0,41.0,275.75,1.86,167.0,101030.0
1990-10-25 10:00:00+00:00,7.62,85.8,108.0,6.29,106.0,281.95,2.21,168.0,101000.0
1990-10-25 11:00:00+00:00,8.89,79.85,216.0,120.81,172.0,287.75,3.1,169.0,100930.0
1990-10-25 12:00:00+00:00,9.79,74.2,303.0,412.08,149.0,288.55,3.59,174.0,100870.0
1990-10-25 13:00:00+00:00,10.23,69.0,85.0,0.0,85.0,284.85,3.52,181.0,100800.0
1990-10-25 14:00:00+00:00,10.24,66.45,49.0,0.0,49.0,280.2,3.24,184.0,100720.0
1990-10-25 15:00:00+00:00,10.08,69.0,54.0,0.0,54.0,298.2,2.97,187.0,100690.0
1990-10-25 16:00:00+00:00,9.51,71.5,15.0,0.0,15.0,300.15,2.69,181.0,100670.0
1990-10-25 17:00:00+00:00,8.56,76.85,0.0,0.0,0.0,298.8,2.83,174.0,100630.0
1990-10-25 18:00:00+00:00,7.88,79.7,0.0,0.0,0.0,290.85,3.03,172.0,100620.0
1990-10-25 19:00:00+00:00,7.46,79.65,0.0,0.0,0.0,283.1,3.38,175.0,100600.0
1990-10-25 20:00:00+00:00,7.18,82.6,0.0,0.0,0.0,280.05,3.45,175.0,100550.0
1990-10-25 21:00:00+00:00,7.08,82.6,0.0,0.0,0.0,280.4,3.59,174.0,100500.0
1990-10-25 22:00:00+00:00,7.0,85.75,0.0,0.0,0.0,277.5,3.66,175.0,100420.0
1990-10-25 23:00:00+00:00,6.85,85.75,0.0,0.0,0.0,271.9,3.52,180.0,100380.0
1990-10-26 00:00:00+00:00,6.8,92.3,0.0,0.0,0.0,283.3,3.52,183.0,100330.0
1990-10-26 01:00:00+00:00,6.61,92.3,0.0,0.0,0.0,286.9,3.79,184.0,100270.0
1990-10-26 02:00:00+00:00,6.72,92.3,0.0,0.0,0.0,295.7,3.93,189.0,100230.0
1990-10-26 03:00:00+00:00,7.21,92.35,0.0,0.0,0.0,328.05,4.21,190.0,100190.0
1990-10-26 04:00:00+00:00,7.51,89.0,0.0,0.0,0.0,329.4,4.48,190.0,100090.0
1990-10-26 05:00:00+00:00,7.55,89.0,0.0,0.0,0.0,317.2,4.55,193.0,100040.0
1990-10-26 06:00:00+00:00,7.39,89.0,0.0,0.0,0.0,299.2,4.48,196.0,100000.0
1990-10-26 07:00:00+00:00,8.01,85.85,0.0,0.0,0.0,328.4,4.62,192.0,100000.0
1990-10-26 08:00:00+00:00,8.31,85.85,27.0,0.0,27.0,331.5,4.83,190.0,99970.0
1990-10-26 09:00:00+00:00,8.71,85.9,96.0,30.0,89.0,323.0,5.17,189.0,99920.0
1990-10-26 10:00:00+00:00,9.19,82.85,27.0,0.0,27.0,320.5,5.31,190.0,99880.0
1990-10-26 11:00:00+00:00,9.65,82.9,56.0,0.0,56.0,321.45,5.52,190.0,99850.0
1990-10-26 12:00:00+00:00,10.11,82.95,74.0,0.0,74.0,325.3,5.59,191.0,99820.0
1990-10-26 13:00:00+00:00,10.23,82.95,50.0,0.0,50.0,337.3,5.45,196.0,99780.0
1990-10-26 14:00:00+00:00,10.3,82.95,55.0,0.0,55.0,342.55,5.31,205.0,99800.0
1990-10-26 15:00:00+00:00,10.41,83.0,16.0,0.0,16.0,352.4,6.07,211.0,99820.0
1990-10-26 16:00:00+00:00,10.49,83.0,25.0,61.91,21.0,352.6,5.79,211.0,99840.0
1990-10-26 17:00:00+00:00,10.58,86.05,0.0,0.0,0.0,356.1,5.45,213.0,99860.0
1990-10-26 18:00:00+00:00,10.62,89.25,0.0,0.0,0.0,355.5,4.76,218.0,99890.0
1990-10-26 19:00:00+00:00,10.43,92.5,0.0,0.0,0.0,360.75,3.72,226.0,99950.0
1990-10-26 20:00:00+00:00,10.2,95.9,0.0,0.0,0.0,356.5,3.17,237.0,99980.0
1990-10-26 21:00:00+00:00,9.95,95.9,0.0,0.0,0.0,353.0,2.83,246.0,100020.0
1990-10-26 22:00:00+00:00,9.69,95.85,0.0,0.0,0.0,348.55,2.76,252.0,100040.0
1990-10-26 23:00:00+00:00,9.13,95.85,0.0,0.0,0.0,324.15,2.48,251.0,100080.0
1990-10-27 00:00:00+00:00,8.62,92.4,0.0,0.0,0.0,313.3,2.62,248.0,100120.0
1990-10-27 01:00:00+00:00,8.05,92.4,0.0,0.0,0.0,288.85,2.55,239.0,100120.0
1990-10-27 02:00:00+00:00,7.5,92.35,0.0,0.0,0.0,286.8,2.34,220.0,100080.0
1990-10-27 03:00:00+00:00,7.12,92.35,0.0,0.0,0.0,289.5,2.41,208.0,100050.0
1990-10-27 04:00:00+00:00,6.89,92.35,0.0,0.0,0.0,292.2,2.48,208.0,100040.0
1990-10-27 05:00:00+00:00,6.88,92.35,0.0,0.0,0.0,301.1,2.48,212.0,100060.0
1990-10-27 06:00:00+00:00,6.73,95.8,0.0,0.0,0.0,314.1,2.48,206.0,100060.0
1990-10-27 07:00:00+00:00,7.25,95.8,0.0,0.0,0.0,306.55,3.1,198.0,100040.0
1990-10-27 08:00:00+00:00,7.59,92.35,24.0,0.0,24.0,323.0,3.38,192.0,100030.0
1990-10-27 09:00:00+00:00,8.16,89.05,37.0,0.0,37.0,334.4,3.93,197.0,99990.0
1990-10-27 10:00:00+00:00,8.67,85.9,149.0,58.57,131.0,342.75,4.48,190.0,99940.0
1990-10-27 11:00:00+00:00,9.48,79.9,126.0,8.49,123.0,335.0,5.24,189.0,99810.0
1990-10-27 12:00:00+00:00,10.75,83.0,197.0,91.02,164.0,331.5,4.9,191.0,99700.0
1990-10-27 13:00:00+00:00,12.05,83.15,76.0,0.0,76.0,329.55,6.34,200.0,99560.0
1990-10-27 14:00:00+00:00,12.78,86.25,162.0,154.52,120.0,346.4,6.76,202.0,99470.0
1990-10-27 15:00:00+00:00,13.11,86.3,103.0,163.06,74.0,354.35,7.66,207.0,99370.0
1990-10-27 16:00:00+00:00,13.46,86.35,23.0,67.41,19.0,364.4,7.59,208.0,99290.0
1990-10-27 17:00:00+00:00,13.74,89.45,0.0,0.0,0.0,368.45,7.59,207.0,99220.0
1990-10-27 18:00:00+00:00,13.95,89.5,0.0,0.0,0.0,369.25,7.66,207.0,99180.0
1990-10-27 19:00:00+00:00,14.53,86.45,0.0,0.0,0.0,371.0,8.28,208.0,99100.0
1990-10-27 20:00:00+00:00,14.57,86.45,0.0,0.0,0.0,376.4,8.28,208.0,99050.0
1990-10-27 21:00:00+00:00,14.59,89.5,0.0,0.0,0.0,377.75,8.21,206.0,98970.0
1990-10-27 22:00:00+00:00,14.54,86.45,0.0,0.0,0.0,376.4,8.07,204.0,98850.0
1990-10-27 23:00:00+00:00,14.53,86.45,0.0,0.0,0.0,379.1,8.34,205.0,98750.0
1990-10-28 00:00:00+00:00,14.48,86.45,0.0,0.0,0.0,379.9,8.62,206.0,98600.0
1990-10-28 01:00:00+00:00,14.42,86.45,0.0,0.0,0.0,375.95,9.1,206.0,98490.0
1990-10-28 02:00:00+00:00,14.24,89.5,0.0,0.0,0.0,376.0,9.24,207.0,98390.0
1990-10-28 03:00:00+00:00,13.84,92.65,0.0,0.0,0.0,375.65,8.69,213.0,98330.0
1990-10-28 04:00:00+00:00,13.27,95.95,0.0,0.0,0.0,371.55,6.9,234.0,98340.0
1990-10-28 05:00:00+00:00,11.85,95.9,0.0,0.0,0.0,367.1,5.66,262.0,98450.0
1990-10-28 06:00:00+00:00,10.3,92.5,0.0,0.0,0.0,349.9,5.17,261.0,98540.0
1990-10-28 07:00:00+00:00,9.65,89.15,0.0,0.0,0.0,321.25,5.38,253.0,98560.0
1990-10-28 08:00:00+00:00,9.11,89.1,54.0,86.38,44.0,296.65,5.17,249.0,98620.0
1990-10-28 09:00:00+00:00,9.24,89.1,175.0,462.23,72.0,289.5,5.31,248.0,98690.0
1990-10-28 10:00:00+00:00,9.65,82.9,254.0,529.89,94.0,283.3,5.45,248.0,98750.0
1990-10-28 11:00:00+00:00,9.96,77.1,269.0,376.72,138.0,281.95,5.24,246.0,98770.0
1990-10-28 12:00:00+00:00,10.46,71.7,314.0,590.92,103.0,277.7,5.17,241.0,98750.0
1990-10-28 13:00:00+00:00,10.86,71.7,288.0,592.13,93.0,277.9,5.1,234.0,98700.0
1990-10-28 14:00:00+00:00,10.95,66.65,224.0,548.12,78.0,297.45,5.1,228.0,98650.0
1990-10-28 15:00:00+00:00,10.79,69.1,127.0,405.78,57.0,277.1,4.55,218.0,98600.0
1990-10-28 16:00:00+00:00,10.38,69.1,21.0,73.89,17.0,289.9,4.69,210.0,98540.0
1990-10-28 17:00:00+00:00,9.56,74.2,0.0,0.0,0.0,283.5,5.52,212.0,98520.0
1990-10-28 18:00:00+00:00,9.11,79.85,0.0,0.0,0.0,310.2,5.79,221.0,98540.0
1990-10-28 19:00:00+00:00,8.63,85.9,0.0,0.0,0.0,331.9,5.38,231.0,98490.0
1990-10-28 20:00:00+00:00,8.1,85.85,0.0,0.0,0.0,311.75,5.66,240.0,98540.0
1990-10-28 21:00:00+00:00,7.55,85.8,0.0,0.0,0.0,274.2,5.79,241.0,98560.0
1990-10-28 22:00:00+00:00,7.25,85.75,0.0,0.0,0.0,273.85,5.93,240.0,98560.0
1990-10-28 23:00:00+00:00,7.06,85.75,0.0,0.0,0.0,282.35,6.14,242.0,98590.0
1990-10-29 00:00:00+00:00,6.78,88.95,0.0,0.0,0.0,269.2,5.93,243.0,98610.0
1990-10-29 01:00:00+00:00,6.64,88.95,0.0,0.0,0.0,267.55,5.79,239.0,98640.0
1990-10-29 02:00:00+00:00,6.55,88.95,0.0,0.0,0.0,267.65,5.79,237.0,98670.0
1990-10-29 03:00:00+00:00,6.78,88.95,0.0,0.0,0.0,294.35,5.79,238.0,98690.0
1990-10-29 04:00:00+00:00,6.81,85.7,0.0,0.0,0.0,289.1,5.66,243.0,98740.0
1990-10-29 05:00:00+00:00,6.51,85.7,0.0,0.0,0.0,269.4,5.45,247.0,98790.0
1990-10-29 06:00:00+00:00,6.13,82.55,0.0,0.0,0.0,259.3,5.17,248.0,98840.0
1990-10-29 07:00:00+00:00,6.16,82.55,0.0,0.0,0.0,262.4,4.9,245.0,98970.0
1990-10-29 08:00:00+00:00,6.1,82.55,49.0,72.25,41.0,259.5,4.9,243.0,99020.0
1990-10-29 09:00:00+00:00,6.65,85.7,173.0,464.1,72.0,264.55,5.1,245.0,99090.0
1990-10-29 10:00:00+00:00,7.35,79.65,243.0,465.25,105.0,258.15,5.17,245.0,99120.0
1990-10-29 11:00:00+00:00,8.14,76.8,302.0,575.49,105.0,268.8,6.0,250.0,99160.0
1990-10-29 12:00:00+00:00,8.5,71.35,315.0,600.09,104.0,274.2,6.21,252.0,99180.0
1990-10-29 13:00:00+00:00,8.44,71.35,151.0,43.23,137.0,268.2,6.14,251.0,99190.0
1990-10-29 14:00:00+00:00,8.31,76.8,221.0,540.26,80.0,274.8,5.79,251.0,99200.0
1990-10-29 15:00:00+00:00,8.1,76.8,76.0,53.82,67.0,263.75,5.66,251.0,99220.0
1990-10-29 16:00:00+00:00,7.56,76.7,12.0,0.0,12.0,258.35,5.52,254.0,99250.0
1990-10-29 17:00:00+00:00,6.9,79.55,0.0,0.0,0.0,262.6,5.31,256.0,99290.0
1990-10-29 18:00:00+00:00,6.46,82.55,0.0,0.0,0.0,263.95,5.1,259.0,99370.0
1990-10-29 19:00:00+00:00,6.69,82.55,0.0,0.0,0.0,270.75,4.9,255.0,99370.0
1990-10-29 20:00:00+00:00,6.52,82.55,0.0,0.0,0.0,278.85,4.62,256.0,99410.0
1990-10-29 21:00:00+00:00,6.14,82.55,0.0,0.0,0.0,264.55,4.34,256.0,99450.0
1990-10-29 22:00:00+00:00,5.94,82.55,0.0,0.0,0.0,268.2,4.28,257.0,99490.0
1990-10-29 23:00:00+00:00,5.74,85.65,0.0,0.0,0.0,264.35,4.21,260.0,99540.0
1990-10-30 00:00:00+00:00,5.58,85.65,0.0,0.0,0.0,262.6,4.21,263.0,99620.0
1990-10-30 01:00:00+00:00,5.36,85.65,0.0,0.0,0.0,258.65,4.21,265.0,99670.0
1990-10-30 02:00:00+00:00,5.17,88.85,0.0,0.0,0.0,251.2,4.14,266.0,99720.0
1990-10-30 03:00:00+00:00,4.99,85.6,0.0,0.0,0.0,249.25,4.0,265.0,99760.0
1990-10-30 04:00:00+00:00,4.84,85.6,0.0,0.0,0.0,248.3,3.93,265.0,99820.0
1990-10-30 05:00:00+00:00,4.75,88.85,0.0,0.0,0.0,247.7,3.86,264.0,99890.0
1990-10-30 06:00:00+00:00,4.67,88.85,0.0,0.0,0.0,247.15,3.72,260.0,99980.0
1990-10-30 07:00:00+00:00,4.69,92.25,0.0,0.0,0.0,248.1,3.52,252.0,100080.0
1990-10-30 08:00:00+00:00,5.01,88.85,68.0,302.73,36.0,250.2,3.45,243.0,100140.0
1990-10-30 09:00:00+00:00,6.31,82.55,85.0,28.24,79.0,254.1,3.59,241.0,100200.0
1990-10-30 10:00:00+00:00,8.0,79.7,102.0,6.87,100.0,265.7,3.66,240.0,100250.0
1990-10-30 11:00:00+00:00,9.44,77.0,212.0,169.17,155.0,277.5,4.28,243.0,100290.0
1990-10-30 12:00:00+00:00,10.49,77.15,104.0,0.0,104.0,296.1,4.97,251.0,100300.0
1990-10-30 13:00:00+00:00,10.94,77.2,157.0,59.66,138.0,301.3,5.1,254.0,100310.0
1990-10-30 14:00:00+00:00,11.13,77.2,43.0,0.0,43.0,308.65,4.55,249.0,100310.0
1990-10-30 15:00:00+00:00,11.0,80.1,70.0,49.37,62.0,333.65,4.55,244.0,100330.0
1990-10-30 16:00:00+00:00,10.64,86.05,7.0,0.0,7.0,339.45,4.41,240.0,100330.0
1990-10-30 17:00:00+00:00,10.42,89.25,0.0,0.0,0.0,344.85,4.62,237.0,100360.0
1990-10-30 18:00:00+00:00,10.45,89.25,0.0,0.0,0.0,349.7,4.9,240.0,100360.0
1990-10-30 19:00:00+00:00,10.75,92.5,0.0,0.0,0.0,348.95,5.72,242.0,100310.0
1990-10-30 20:00:00+00:00,10.92,89.3,0.0,0.0,0.0,348.75,6.0,239.0,100270.0
1990-10-30 21:00:00+00:00,11.1,92.55,0.0,0.0,0.0,348.15,6.28,239.0,100260.0
1990-10-30 22:00:00+00:00,11.28,92.55,0.0,0.0,0.0,358.2,6.62,242.0,100240.0
1990-10-30 23:00:00+00:00,11.38,89.3,0.0,0.0,0.0,362.65,6.9,246.0,100230.0
1990-10-31 00:00:00+00:00,11.27,92.55,0.0,0.0,0.0,357.65,7.31,250.0,100230.0
1990-10-31 01:00:00+00:00,10.84,92.5,0.0,0.0,0.0,354.05,7.52,251.0,100230.0
1990-10-31 02:00:00+00:00,10.64,89.25,0.0,0.0,0.0,343.7,7.52,252.0,100250.0
1990-10-31 03:00:00+00:00,10.52,89.25,0.0,0.0,0.0,338.3,7.45,252.0,100240.0
1990-10-31 04:00:00+00:00,10.47,86.05,0.0,0.0,0.0,334.8,7.38,253.0,100230.0
1990-10-31 05:00:00+00:00,10.49,86.05,0.0,0.0,0.0,334.4,7.17,252.0,100200.0
1990-10-31 06:00:00+00:00,10.55,89.25,0.0,0.0,0.0,336.95,7.17,251.0,100210.0
1990-10-31 07:00:00+00:00,11.0,89.3,0.0,0.0,0.0,335.55,7.38,250.0,100270.0
1990-10-31 08:00:00+00:00,11.16,89.3,26.0,0.0,26.0,338.3,7.17,248.0,100320.0
1990-10-31 09:00:00+00:00,11.41,86.15,32.0,0.0,32.0,337.1,7.31,246.0,100320.0
1990-10-31 10:00:00+00:00,12.01,83.15,61.0,0.0,61.0,338.3,7.24,245.0,100350.0
1990-10-31 11:00:00+00:00,12.34,83.15,147.0,33.17,136.0,324.75,8.34,248.0,100380.0
1990-10-31 12:00:00+00:00,12.51,77.45,48.0,0.0,48.0,320.65,8.97,249.0,100390.0
1990-10-31 13:00:00+00:00,12.49,77.45,73.0,0.0,73.0,319.5,8.28,248.0,100370.0
1990-10-31 14:00:00+00:00,12.3,80.2,28.0,0.0,28.0,326.85,7.86,248.0,100380.0
1990-10-31 15:00:00+00:00,11.93,80.2,24.0,0.0,24.0,321.65,7.31,250.0,100400.0
1990-10-31 16:00:00+00:00,13.2,83.14,2.0,0.0,2.0,363.83,6.76,249.0,100440.0
1990-10-31 17:00:00+00:00,12.66,83.11,0.0,0.0,0.0,355.85,6.76,248.0,100500.0
1990-10-31 18:00:00+00:00,12.13,83.07,0.0,0.0,0.0,347.87,6.77,246.0,100520.0
1990-10-31 19:00:00+00:00,11.59,83.04,0.0,0.0,0.0,339.88,6.78,247.0,100510.0
1990-10-31 20:00:00+00:00,11.06,83.01,0.0,0.0,0.0,331.9,6.78,246.0,100530.0
1990-10-31 21:00:00+00:00,10.52,82.98,0.0,0.0,0.0,323.92,6.79,245.0,100540.0
1990-10-31 22:00:00+00:00,9.99,82.94,0.0,0.0,0.0,315.93,6.8,244.0,100540.0
1990-10-31 23:00:00+00:00,9.45,82.91,0.0,0.0,0.0,307.95,6.81,244.0,100540.0
1990-11-01 00:00:00+00:00,8.91,82.88,0.0,0.0,0.0,299.97,6.81,232.0,98630.0
1990-11-01 01:00:00+00:00,8.38,82.84,0.0,0.0,0.0,291.98,6.82,230.0,98590.0
1990-11-01 02:00:00+00:00,7.84,82.81,0.0,0.0,0.0,284.0,6.83,230.0,98600.0
1990-11-01 03:00:00+00:00,7.31,82.78,0.0,0.0,0.0,276.02,6.84,230.0,98580.0
1990-11-01 04:00:00+00:00,6.77,82.75,0.0,0.0,0.0,268.04,6.84,229.0,98550.0
1990-11-01 05:00:00+00:00,6.24,82.71,0.0,0.0,0.0,260.05,6.85,230.0,98520.0
1990-11-01 06:00:00+00:00,5.7,82.68,0.0,0.0,0.0,252.07,6.86,229.0,98510.0
1990-11-01 07:00:00+00:00,5.17,82.65,0.0,0.0,0.0,244.09,6.87,229.0,98480.0
1990-11-01 08:00:00+00:00,6.44,82.55,48.0,125.34,36.0,254.1,6.9,231.0,98520.0
1990-11-01 09:00:00+00:00,7.01,82.6,164.0,504.52,62.0,257.95,6.97,234.0,98510.0
1990-11-01 10:00:00+00:00,7.77,79.7,229.0,459.38,100.0,257.2,6.55,234.0,98490.0
1990-11-01 11:00:00+00:00,8.42,74.05,224.0,232.92,148.0,266.1,7.31,239.0,98500.0
1990-11-01 12:00:00+00:00,8.65,71.4,233.0,241.41,152.0,271.1,7.03,242.0,98500.0
1990-11-01 13:00:00+00:00,8.84,71.4,161.0,74.7,138.0,275.0,6.9,244.0,98480.0
1990-11-01 14:00:00+00:00,8.64,68.8,184.0,358.82,96.0,275.0,6.48,244.0,98470.0
1990-11-01 15:00:00+00:00,8.29,71.35,113.0,421.4,49.0,273.45,6.14,243.0,98460.0
1990-11-01 16:00:00+00:00,7.76,73.95,10.0,0.0,10.0,265.7,5.52,243.0,98450.0
1990-11-01 17:00:00+00:00,7.13,76.7,0.0,0.0,0.0,262.4,5.1,240.0,98450.0
1990-11-01 18:00:00+00:00,6.88,79.55,0.0,0.0,0.0,275.0,4.9,236.0,98470.0
1990-11-01 19:00:00+00:00,6.54,82.55,0.0,0.0,0.0,254.1,4.41,241.0,98450.0
1990-11-01 20:00:00+00:00,6.31,82.55,0.0,0.0,0.0,262.2,4.07,234.0,98450.0
1990-11-01 21:00:00+00:00,6.05,85.65,0.0,0.0,0.0,259.9,3.93,227.0,98440.0
1990-11-01 22:00:00+00:00,5.9,85.65,0.0,0.0,0.0,260.3,3.93,225.0,98440.0
1990-11-01 23:00:00+00:00,5.57,85.65,0.0,0.0,0.0,251.4,3.66,225.0,98420.0
1990-11-02 00:00:00+00:00,5.17,88.85,0.0,0.0,0.0,245.95,3.52,222.0,98390.0
1990-11-02 01:00:00+00:00,4.82,92.25,0.0,0.0,0.0,248.4,3.31,217.0,98350.0
1990-11-02 02:00:00+00:00,4.65,92.25,0.0,0.0,0.0,256.2,2.9,214.0,98300.0
1990-11-02 03:00:00+00:00,4.24,92.2,0.0,0.0,0.0,250.4,2.41,208.0,98270.0
1990-11-02 04:00:00+00:00,3.68,92.15,0.0,0.0,0.0,248.1,2.07,204.0,98210.0
1990-11-02 05:00:00+00:00,3.09,95.7,0.0,0.0,0.0,260.3,1.66,188.0,98140.0
1990-11-02 06:00:00+00:00,2.05,95.65,0.0,0.0,0.0,248.1,1.72,175.0,98080.0
1990-11-02 07:00:00+00:00,1.6,99.4,0.0,0.0,0.0,261.45,1.86,147.0,98030.0
1990-11-02 08:00:00+00:00,2.14,99.4,29.0,22.03,27.0,274.05,2.21,130.0,97950.0
1990-11-02 09:00:00+00:00,3.57,95.7,45.0,0.0,45.0,288.35,2.55,123.0,97870.0
1990-11-02 10:00:00+00:00,4.6,92.25,75.0,0.0,75.0,294.95,3.03,119.0,97740.0
1990-11-02 11:00:00+00:00,5.49,88.85,51.0,0.0,51.0,289.3,4.07,121.0,97600.0
1990-11-02 12:00:00+00:00,5.72,85.65,34.0,0.0,34.0,286.05,4.83,117.0,97390.0
1990-11-02 13:00:00+00:00,5.61,88.9,196.0,188.32,139.0,302.5,5.93,114.0,97090.0
1990-11-02 14:00:00+00:00,5.94,92.3,135.0,116.6,107.0,313.1,6.97,119.0,96840.0
1990-11-02 15:00:00+00:00,6.55,92.3,97.0,272.27,57.0,330.95,6.69,126.0,96570.0
1990-11-02 16:00:00+00:00,7.25,89.0,4.0,0.0,4.0,327.45,5.79,133.0,96360.0
1990-11-02 17:00:00+00:00,7.45,92.35,0.0,0.0,0.0,335.2,4.9,141.0,96200.0
1990-11-02 18:00:00+00:00,7.07,89.0,0.0,0.0,0.0,319.1,3.86,160.0,96070.0
1990-11-02 19:00:00+00:00,5.31,92.25,0.0,0.0,0.0,268.6,3.79,207.0,96060.0
1990-11-02 20:00:00+00:00,4.98,95.75,0.0,0.0,0.0,284.3,3.59,228.0,96050.0
1990-11-02 21:00:00+00:00,4.65,92.25,0.0,0.0,0.0,274.4,3.52,241.0,96050.0
1990-11-02 22:00:00+00:00,4.98,95.75,0.0,0.0,0.0,313.9,4.62,258.0,96090.0
1990-11-02 23:00:00+00:00,4.75,95.75,0.0,0.0,0.0,324.55,6.14,270.0,96140.0
1990-11-03 00:00:00+00:00,4.21,92.2,0.0,0.0,0.0,321.45,6.83,269.0,96260.0
1990-11-03 01:00:00+00:00,3.95,92.15,0.0,0.0,0.0,315.35,7.24,268.0,96320.0
1990-11-03 02:00:00+00:00,3.89,92.15,0.0,0.0,0.0,299.55,8.0,272.0,96420.0
1990-11-03 03:00:00+00:00,4.51,88.8,0.0,0.0,0.0,295.9,8.83,277.0,96500.0
1990-11-03 04:00:00+00:00,4.91,85.55,0.0,0.0,0.0,306.15,8.9,276.0,96590.0
1990-11-03 05:00:00+00:00,5.16,82.4,0.0,0.0,0.0,309.45,8.48,274.0,96720.0
1990-11-03 06:00:00+00:00,5.34,82.4,0.0,0.0,0.0,308.65,8.07,270.0,96830.0
1990-11-03 07:00:00+00:00,5.12,79.35,0.0,0.0,0.0,263.2,8.0,264.0,96900.0
1990-11-03 08:00:00+00:00,5.09,79.35,57.0,360.9,26.0,252.55,7.79,263.0,97020.0
1990-11-03 09:00:00+00:00,5.45,82.4,153.0,479.08,61.0,251.95,7.66,263.0,97100.0
1990-11-03 10:00:00+00:00,6.11,76.55,249.0,680.3,65.0,244.8,6.83,263.0,97160.0
1990-11-03 11:00:00+00:00,6.72,73.8,298.0,715.53,72.0,247.9,7.38,264.0,97240.0
1990-11-03 12:00:00+00:00,7.24,68.5,312.0,744.43,70.0,254.65,7.45,266.0,97290.0
1990-11-03 13:00:00+00:00,7.4,68.5,284.0,736.03,65.0,252.35,7.38,265.0,97320.0
1990-11-03 14:00:00+00:00,7.27,68.5,210.0,642.26,59.0,254.85,6.97,265.0,97340.0
1990-11-03 15:00:00+00:00,7.02,68.4,106.0,429.49,45.0,263.6,6.55,266.0,97360.0
1990-11-03 16:00:00+00:00,6.35,70.95,6.0,0.0,6.0,254.85,5.93,264.0,97380.0
1990-11-03 17:00:00+00:00,5.65,73.65,0.0,0.0,0.0,251.0,5.52,260.0,97390.0
1990-11-03 18:00:00+00:00,5.01,79.3,0.0,0.0,0.0,241.7,5.24,257.0,97390.0
1990-11-03 19:00:00+00:00,4.35,85.5,0.0,0.0,0.0,243.65,4.9,253.0,97410.0
1990-11-03 20:00:00+00:00,3.94,88.75,0.0,0.0,0.0,238.8,4.69,252.0,97390.0
1990-11-03 21:00:00+00:00,3.61,88.75,0.0,0.0,0.0,234.15,4.48,251.0,97380.0
1990-11-03 22:00:00+00:00,3.45,92.15,0.0,0.0,0.0,238.6,4.28,253.0,97340.0
1990-11-03 23:00:00+00:00,3.27,92.15,0.0,0.0,0.0,234.15,4.14,256.0,97300.0
1990-11-04 00:00:00+00:00,3.12,92.15,0.0,0.0,0.0,233.75,4.0,259.0,97290.0
1990-11-04 01:00:00+00:00,3.01,92.15,0.0,0.0,0.0,233.7,3.93,264.0,97250.0
1990-11-04 02:00:00+00:00,2.9,92.15,0.0,0.0,0.0,236.5,3.86,270.0,97240.0
1990-11-04 03:00:00+00:00,2.68,92.15,0.0,0.0,0.0,234.95,3.79,276.0,97230.0
1990-11-04 04:00:00+00:00,2.47,92.1,0.0,0.0,0.0,232.6,3.72,280.0,97240.0
1990-11-04 05:00:00+00:00,2.26,92.1,0.0,0.0,0.0,233.0,3.52,281.0,97280.0
1990-11-04 06:00:00+00:00,2.12,92.1,0.0,0.0,0.0,237.65,3.38,276.0,97310.0
1990-11-04 07:00:00+00:00,2.08,88.65,0.0,0.0,0.0,236.5,3.59,276.0,97310.0
1990-11-04 08:00:00+00:00,2.12,88.65,49.0,259.18,28.0,233.95,3.59,277.0,97380.0
1990-11-04 09:00:00+00:00,2.96,88.65,149.0,475.88,60.0,235.5,3.52,280.0,97450.0
1990-11-04 10:00:00+00:00,4.34,85.5,246.0,689.63,63.0,238.2,3.52,282.0,97500.0
1990-11-04 11:00:00+00:00,5.47,79.35,293.0,708.08,73.0,245.6,3.79,287.0,97550.0
1990-11-04 12:00:00+00:00,6.18,73.7,303.0,715.74,74.0,245.75,4.0,290.0,97590.0
1990-11-04 13:00:00+00:00,6.56,71.05,279.0,738.53,63.0,244.05,4.07,292.0,97580.0
1990-11-04 14:00:00+00:00,6.71,71.05,195.0,547.46,69.0,244.8,4.0,289.0,97600.0
1990-11-04 15:00:00+00:00,6.48,73.7,99.0,386.21,46.0,254.3,3.59,284.0,97630.0
1990-11-04 16:00:00+00:00,5.7,76.5,0.0,0.0,0.0,242.3,3.1,278.0,97650.0
1990-11-04 17:00:00+00:00,4.69,82.35,0.0,0.0,0.0,241.15,2.83,266.0,97680.0
1990-11-04 18:00:00+00:00,4.01,85.45,0.0,0.0,0.0,244.6,2.69,258.0,97700.0
1990-11-04 19:00:00+00:00,3.68,88.75,0.0,0.0,0.0,244.4,2.55,261.0,97740.0
1990-11-04 20:00:00+00:00,3.0,92.15,0.0,0.0,0.0,237.25,2.48,253.0,97730.0
1990-11-04 21:00:00+00:00,2.45,92.1,0.0,0.0,0.0,235.5,2.48,244.0,97710.0
1990-11-04 22:00:00+00:00,1.88,95.65,0.0,0.0,0.0,233.2,2.34,237.0,97670.0
1990-11-04 23:00:00+00:00,1.35,95.65,0.0,0.0,0.0,234.95,2.21,230.0,97650.0
1990-11-05 00:00:00+00:00,0.68,92.05,0.0,0.0,0.0,230.65,2.07,221.0,97620.0
1990-11-05 01:00:00+00:00,-0.19,92.0,0.0,0.0,0.0,228.05,1.93,216.0,97550.0
1990-11-05 02:00:00+00:00,-0.96,91.95,0.0,0.0,0.0,232.4,1.79,212.0,97500.0
1990-11-05 03:00:00+00:00,-0.88,91.95,0.0,0.0,0.0,239.2,1.59,209.0,97440.0
1990-11-05 04:00:00+00:00,-0.1,95.6,0.0,0.0,0.0,241.15,1.17,197.0,97360.0
1990-11-05 05:00:00+00:00,0.32,95.65,0.0,0.0,0.0,260.1,0.97,175.0,97290.0
1990-11-05 06:00:00+00:00,-0.33,92.0,0.0,0.0,0.0,261.45,1.17,162.0,97240.0
1990-11-05 07:00:00+00:00,0.26,95.65,0.0,0.0,0.0,264.95,0.48,177.0,97240.0
1990-11-05 08:00:00+00:00,0.21,95.65,33.0,78.75,27.0,254.65,0.34,161.0,97220.0
1990-11-05 09:00:00+00:00,0.41,99.4,140.0,422.96,63.0,265.3,0.14,181.0,97210.0
1990-11-05 10:00:00+00:00,1.78,95.65,223.0,549.36,80.0,277.1,0.48,280.0,97220.0
1990-11-05 11:00:00+00:00,2.75,95.7,181.0,127.62,142.0,285.85,0.55,262.0,97190.0
1990-11-05 12:00:00+00:00,3.68,88.75,187.0,127.04,147.0,283.5,0.76,226.0,97170.0
1990-11-05 13:00:00+00:00,4.53,88.8,156.0,90.44,130.0,269.2,1.45,214.0,97140.0
1990-11-05 14:00:00+00:00,4.86,85.55,33.0,0.0,33.0,304.4,2.14,213.0,97120.0
1990-11-05 15:00:00+00:00,4.78,85.55,97.0,399.95,44.0,302.85,2.62,216.0,97120.0
1990-11-05 16:00:00+00:00,4.57,85.55,0.0,0.0,0.0,294.35,3.52,224.0,97100.0
1990-11-05 17:00:00+00:00,4.36,88.8,0.0,0.0,0.0,286.4,4.41,238.0,97110.0
1990-11-05 18:00:00+00:00,4.22,92.2,0.0,0.0,0.0,266.3,5.38,248.0,97160.0
1990-11-05 19:00:00+00:00,4.27,88.8,0.0,0.0,0.0,262.4,5.59,253.0,97180.0
1990-11-05 20:00:00+00:00,4.23,85.5,0.0,0.0,0.0,263.6,5.38,250.0,97210.0
1990-11-05 21:00:00+00:00,3.94,85.45,0.0,0.0,0.0,249.25,5.79,247.0,97240.0
1990-11-05 22:00:00+00:00,3.79,85.45,0.0,0.0,0.0,262.6,6.07,245.0,97280.0
1990-11-05 23:00:00+00:00,3.7,85.45,0.0,0.0,0.0,261.45,6.0,243.0,97290.0
1990-11-06 00:00:00+00:00,3.54,85.45,0.0,0.0,0.0,251.75,5.93,243.0,97320.0
1990-11-06 01:00:00+00:00,3.4,92.15,0.0,0.0,0.0,245.7,5.79,244.0,97330.0
1990-11-06 02:00:00+00:00,3.4,92.15,0.0,0.0,0.0,250.6,5.66,245.0,97380.0
1990-11-06 03:00:00+00:00,3.58,88.75,0.0,0.0,0.0,256.4,5.59,244.0,97400.0
1990-11-06 04:00:00+00:00,3.8,88.75,0.0,0.0,0.0,260.85,5.66,243.0,97440.0
1990-11-06 05:00:00+00:00,3.83,88.75,0.0,0.0,0.0,249.45,5.66,243.0,97470.0
1990-11-06 06:00:00+00:00,3.92,92.15,0.0,0.0,0.0,250.4,5.38,244.0,97490.0
1990-11-06 07:00:00+00:00,3.91,92.15,0.0,0.0,0.0,255.25,4.97,239.0,97520.0
1990-11-06 08:00:00+00:00,4.02,92.15,0.0,0.0,0.0,262.05,4.76,238.0,97560.0
1990-11-06 09:00:00+00:00,4.55,88.85,0.0,0.0,0.0,256.2,4.69,237.0,97570.0
1990-11-06 10:00:00+00:00,5.38,85.6,78.0,3.92,77.0,263.4,4.48,236.0,97610.0
1990-11-06 11:00:00+00:00,6.34,82.55,78.0,0.0,78.0,264.35,4.76,234.0,97620.0
1990-11-06 12:00:00+00:00,7.03,76.65,95.0,0.0,95.0,259.7,5.52,236.0,97640.0
1990-11-06 13:00:00+00:00,7.2,73.9,85.0,0.0,85.0,257.6,5.24,236.0,97610.0
1990-11-06 14:00:00+00:00,7.18,73.9,70.0,4.54,69.0,273.45,5.17,236.0,97600.0
1990-11-06 15:00:00+00:00,6.76,79.55,59.0,70.37,50.0,269.0,4.83,236.0,97570.0
1990-11-06 16:00:00+00:00,6.04,85.65,0.0,0.0,0.0,261.05,4.28,232.0,97570.0
1990-11-06 17:00:00+00:00,5.4,88.85,0.0,0.0,0.0,262.05,4.21,230.0,97600.0
1990-11-06 18:00:00+00:00,5.09,88.85,0.0,0.0,0.0,268.2,4.14,230.0,97630.0
1990-11-06 19:00:00+00:00,5.41,85.6,0.0,0.0,0.0,292.6,4.07,231.0,97570.0
1990-11-06 20:00:00+00:00,5.36,85.6,0.0,0.0,0.0,289.1,4.28,237.0,97580.0
1990-11-06 21:00:00+00:00,5.11,85.6,0.0,0.0,0.0,277.9,4.62,241.0,97610.0
1990-11-06 22:00:00+00:00,5.04,85.6,0.0,0.0,0.0,291.45,4.9,242.0,97660.0
1990-11-06 23:00:00+00:00,4.44,88.8,0.0,0.0,0.0,252.15,5.1,242.0,97700.0
1990-11-07 00:00:00+00:00,4.28,88.8,0.0,0.0,0.0,260.65,5.52,243.0,97760.0
1990-11-07 01:00:00+00:00,4.14,88.8,0.0,0.0,0.0,259.05,5.79,244.0,97820.0
1990-11-07 02:00:00+00:00,4.14,85.5,0.0,0.0,0.0,263.6,5.86,244.0,97870.0
1990-11-07 03:00:00+00:00,4.08,85.5,0.0,0.0,0.0,257.4,6.0,243.0,97910.0
1990-11-07 04:00:00+00:00,3.9,88.75,0.0,0.0,0.0,249.05,6.14,243.0,97940.0
1990-11-07 05:00:00+00:00,3.74,88.75,0.0,0.0,0.0,244.6,6.0,244.0,97970.0
1990-11-07 06:00:00+00:00,3.8,88.75,0.0,0.0,0.0,257.95,5.79,238.0,98000.0
1990-11-07 07:00:00+00:00,3.62,88.75,0.0,0.0,0.0,240.95,5.59,232.0,98040.0
1990-11-07 08:00:00+00:00,3.59,88.75,23.0,0.0,23.0,234.35,5.72,228.0,98070.0
1990-11-07 09:00:00+00:00,4.22,85.5,128.0,389.0,61.0,238.2,5.93,221.0,98060.0
1990-11-07 10:00:00+00:00,5.17,82.4,213.0,539.29,78.0,240.95,6.07,214.0,98030.0
1990-11-07 11:00:00+00:00,6.14,79.5,237.0,419.51,113.0,248.5,6.28,216.0,98050.0
1990-11-07 12:00:00+00:00,6.69,79.55,278.0,649.35,80.0,290.65,7.59,224.0,98030.0
1990-11-07 13:00:00+00:00,7.21,76.7,251.0,648.2,71.0,269.75,7.45,224.0,97990.0
1990-11-07 14:00:00+00:00,7.37,76.7,108.0,74.15,92.0,268.4,7.17,218.0,97940.0
1990-11-07 15:00:00+00:00,7.06,76.7,96.0,494.51,35.0,263.95,7.45,216.0,97890.0
1990-11-07 16:00:00+00:00,6.97,79.55,0.0,0.0,0.0,293.6,7.38,220.0,97900.0
1990-11-07 17:00:00+00:00,6.77,79.55,0.0,0.0,0.0,288.95,6.9,223.0,97940.0
1990-11-07 18:00:00+00:00,6.56,79.55,0.0,0.0,0.0,282.75,6.69,225.0,98010.0
1990-11-07 19:00:00+00:00,6.59,82.6,0.0,0.0,0.0,282.95,7.31,228.0,97920.0
1990-11-07 20:00:00+00:00,6.6,82.6,0.0,0.0,0.0,292.8,7.31,230.0,97980.0
1990-11-07 21:00:00+00:00,6.7,85.75,0.0,0.0,0.0,310.4,7.45,232.0,98020.0
1990-11-07 22:00:00+00:00,6.62,85.75,0.0,0.0,0.0,291.45,6.83,231.0,98040.0
1990-11-07 23:00:00+00:00,6.33,85.7,0.0,0.0,0.0,275.95,6.76,229.0,98080.0
1990-11-08 00:00:00+00:00,6.19,85.7,0.0,0.0,0.0,273.45,6.48,232.0,98110.0
1990-11-08 01:00:00+00:00,6.12,85.7,0.0,0.0,0.0,267.95,6.34,234.0,98100.0
1990-11-08 02:00:00+00:00,5.98,88.9,0.0,0.0,0.0,264.75,6.28,236.0,98090.0
1990-11-08 03:00:00+00:00,5.86,88.9,0.0,0.0,0.0,268.05,6.21,237.0,98080.0
1990-11-08 04:00:00+00:00,5.65,88.9,0.0,0.0,0.0,262.4,6.0,238.0,98060.0
1990-11-08 05:00:00+00:00,5.68,88.9,0.0,0.0,0.0,280.4,5.72,236.0,98050.0
1990-11-08 06:00:00+00:00,5.8,88.9,0.0,0.0,0.0,294.75,5.72,235.0,98060.0
1990-11-08 07:00:00+00:00,5.12,88.85,0.0,0.0,0.0,266.85,4.48,227.0,98130.0
1990-11-08 08:00:00+00:00,4.94,92.25,21.0,0.0,21.0,277.1,4.28,221.0,98170.0
1990-11-08 09:00:00+00:00,5.13,88.85,136.0,531.67,47.0,276.95,4.34,218.0,98200.0
1990-11-08 10:00:00+00:00,5.59,88.9,207.0,537.85,75.0,275.0,4.34,219.0,98180.0
1990-11-08 11:00:00+00:00,6.07,85.7,198.0,233.95,130.0,297.85,4.41,219.0,98210.0
1990-11-08 12:00:00+00:00,6.52,85.7,116.0,13.33,112.0,291.65,4.97,222.0,98220.0
1990-11-08 13:00:00+00:00,6.7,82.6,144.0,84.27,121.0,278.1,4.55,226.0,98210.0
1990-11-08 14:00:00+00:00,6.4,82.55,127.0,165.77,92.0,276.15,4.21,229.0,98200.0
1990-11-08 15:00:00+00:00,5.88,85.65,63.0,134.56,47.0,280.4,3.79,229.0,98200.0
1990-11-08 16:00:00+00:00,5.21,85.6,0.0,0.0,0.0,269.4,3.66,229.0,98240.0
1990-11-08 17:00:00+00:00,4.31,92.2,0.0,0.0,0.0,255.45,3.52,228.0,98260.0
1990-11-08 18:00:00+00:00,3.69,92.15,0.0,0.0,0.0,247.1,3.52,233.0,98270.0
1990-11-08 19:00:00+00:00,3.55,92.15,0.0,0.0,0.0,248.3,3.38,237.0,98280.0
1990-11-08 20:00:00+00:00,3.48,92.15,0.0,0.0,0.0,267.05,3.38,238.0,98290.0
1990-11-08 21:00:00+00:00,3.22,92.15,0.0,0.0,0.0,260.85,3.38,240.0,98280.0
1990-11-08 22:00:00+00:00,2.81,92.15,0.0,0.0,0.0,247.7,3.24,238.0,98280.0
1990-11-08 23:00:00+00:00,2.69,92.15,0.0,0.0,0.0,254.65,3.31,238.0,98290.0
1990-11-09 00:00:00+00:00,2.64,92.15,0.0,0.0,0.0,258.55,3.38,239.0,98310.0
1990-11-09 01:00:00+00:00,2.48,92.1,0.0,0.0,0.0,259.05,3.45,238.0,98310.0
1990-11-09 02:00:00+00:00,2.19,92.1,0.0,0.0,0.0,253.7,3.45,235.0,98290.0
1990-11-09 03:00:00+00:00,1.98,95.65,0.0,0.0,0.0,251.75,3.59,233.0,98290.0
1990-11-09 04:00:00+00:00,1.95,95.65,0.0,0.0,0.0,259.9,3.79,235.0,98270.0
1990-11-09 05:00:00+00:00,1.94,95.65,0.0,0.0,0.0,268.2,3.79,234.0,98260.0
1990-11-09 06:00:00+00:00,1.77,95.65,0.0,0.0,0.0,262.4,3.79,232.0,98240.0
1990-11-09 07:00:00+00:00,2.32,92.1,0.0,0.0,0.0,282.55,4.14,235.0,98270.0
1990-11-09 08:00:00+00:00,2.6,92.15,19.0,0.0,19.0,292.4,4.34,234.0,98260.0
1990-11-09 09:00:00+00:00,3.03,88.7,136.0,571.92,43.0,293.95,4.62,236.0,98270.0
1990-11-09 10:00:00+00:00,3.6,85.45,170.0,286.82,101.0,272.65,5.03,240.0,98240.0
1990-11-09 11:00:00+00:00,4.35,79.2,108.0,10.5,105.0,298.8,5.45,245.0,98250.0
1990-11-09 12:00:00+00:00,4.72,76.3,237.0,420.0,113.0,282.75,4.97,247.0,98210.0
1990-11-09 13:00:00+00:00,4.98,73.45,101.0,11.18,98.0,304.4,4.9,251.0,98180.0
1990-11-09 14:00:00+00:00,5.0,73.45,155.0,372.71,78.0,287.2,4.34,255.0,98160.0
1990-11-09 15:00:00+00:00,4.68,73.45,87.0,471.39,33.0,287.2,3.79,262.0,98170.0
1990-11-09 16:00:00+00:00,4.09,76.25,0.0,0.0,0.0,267.65,3.38,269.0,98210.0
1990-11-09 17:00:00+00:00,3.5,82.2,0.0,0.0,0.0,267.85,3.1,268.0,98230.0
1990-11-09 18:00:00+00:00,2.89,85.35,0.0,0.0,0.0,251.0,2.9,263.0,98290.0
1990-11-09 19:00:00+00:00,2.47,92.1,0.0,0.0,0.0,256.8,3.52,269.0,98280.0
1990-11-09 20:00:00+00:00,2.26,92.1,0.0,0.0,0.0,256.4,3.38,270.0,98320.0
1990-11-09 21:00:00+00:00,1.94,95.65,0.0,0.0,0.0,244.05,3.38,273.0,98380.0
1990-11-09 22:00:00+00:00,1.61,92.05,0.0,0.0,0.0,233.4,3.45,277.0,98440.0
1990-11-09 23:00:00+00:00,1.34,92.05,0.0,0.0,0.0,229.7,3.45,278.0,98550.0
1990-11-10 00:00:00+00:00,1.11,92.05,0.0,0.0,0.0,229.15,3.45,280.0,98600.0
1990-11-10 01:00:00+00:00,0.92,88.55,0.0,0.0,0.0,227.7,3.45,279.0,98730.0
1990-11-10 02:00:00+00:00,0.83,88.55,0.0,0.0,0.0,230.1,3.31,278.0,98850.0
1990-11-10 03:00:00+00:00,0.78,88.55,0.0,0.0,0.0,228.35,3.38,276.0,98980.0
1990-11-10 04:00:00+00:00,0.75,88.55,0.0,0.0,0.0,226.05,3.31,272.0,99070.0
1990-11-10 05:00:00+00:00,0.76,88.55,0.0,0.0,0.0,226.05,3.31,268.0,99190.0
1990-11-10 06:00:00+00:00,0.77,88.55,0.0,0.0,0.0,225.25,3.31,266.0,99300.0
1990-11-10 07:00:00+00:00,1.25,88.55,0.0,0.0,0.0,227.2,3.52,280.0,99430.0
1990-11-10 08:00:00+00:00,1.37,88.55,17.0,0.0,17.0,231.25,3.38,284.0,99560.0
1990-11-10 09:00:00+00:00,2.0,88.6,118.0,405.39,54.0,233.4,3.03,288.0,99680.0
1990-11-10 10:00:00+00:00,3.24,85.4,210.0,636.19,60.0,233.4,2.48,293.0,99770.0
1990-11-10 11:00:00+00:00,4.47,82.3,240.0,526.65,92.0,240.75,2.41,300.0,99880.0
1990-11-10 12:00:00+00:00,5.15,76.4,270.0,685.0,71.0,249.05,2.0,302.0,99990.0
1990-11-10 13:00:00+00:00,5.51,76.4,243.0,682.83,63.0,251.2,1.45,297.0,100060.0
1990-11-10 14:00:00+00:00,5.61,73.65,161.0,455.13,69.0,258.15,0.62,270.0,100120.0
1990-11-10 15:00:00+00:00,5.36,76.4,77.0,362.65,37.0,252.55,0.83,187.0,100120.0
1990-11-10 16:00:00+00:00,4.5,82.3,0.0,0.0,0.0,247.7,1.45,187.0,100230.0
1990-11-10 17:00:00+00:00,3.27,85.4,0.0,0.0,0.0,258.95,2.07,167.0,100230.0
1990-11-10 18:00:00+00:00,2.43,88.65,0.0,0.0,0.0,244.4,2.48,164.0,100260.0
1990-11-10 19:00:00+00:00,2.34,88.65,0.0,0.0,0.0,244.05,2.83,169.0,100230.0
1990-11-10 20:00:00+00:00,2.18,85.3,0.0,0.0,0.0,239.6,3.31,165.0,100200.0
1990-11-10 21:00:00+00:00,2.18,82.05,0.0,0.0,0.0,247.3,3.66,166.0,100120.0
1990-11-10 22:00:00+00:00,2.69,76.0,0.0,0.0,0.0,275.2,3.86,170.0,100030.0
1990-11-10 23:00:00+00:00,3.21,73.2,0.0,0.0,0.0,283.5,4.28,170.0,99950.0
1990-11-11 00:00:00+00:00,3.99,76.15,0.0,0.0,0.0,306.95,4.9,176.0,99870.0
1990-11-11 01:00:00+00:00,4.51,76.25,0.0,0.0,0.0,321.95,5.45,178.0,99740.0
1990-11-11 02:00:00+00:00,4.76,79.3,0.0,0.0,0.0,330.15,5.93,177.0,99620.0
1990-11-11 03:00:00+00:00,4.77,82.35,0.0,0.0,0.0,332.65,6.14,179.0,99470.0
1990-11-11 04:00:00+00:00,5.19,85.6,0.0,0.0,0.0,335.55,6.21,184.0,99330.0
1990-11-11 05:00:00+00:00,5.82,88.9,0.0,0.0,0.0,337.9,6.21,192.0,99240.0
1990-11-11 06:00:00+00:00,6.36,92.3,0.0,0.0,0.0,340.2,6.14,201.0,99200.0
1990-11-11 07:00:00+00:00,6.58,92.35,0.0,0.0,0.0,341.2,6.28,202.0,99210.0
1990-11-11 08:00:00+00:00,7.24,92.35,15.0,0.0,15.0,345.45,6.14,206.0,99240.0
1990-11-11 09:00:00+00:00,7.93,92.4,90.0,189.31,61.0,348.35,5.93,210.0,99290.0
1990-11-11 10:00:00+00:00,8.81,92.45,191.0,545.34,65.0,347.75,5.86,213.0,99330.0
1990-11-11 11:00:00+00:00,9.59,92.5,180.0,213.54,121.0,350.85,5.38,220.0,99410.0
1990-11-11 12:00:00+00:00,10.3,92.5,107.0,13.99,103.0,354.95,5.24,238.0,99510.0
1990-11-11 13:00:00+00:00,10.32,89.25,157.0,165.97,114.0,351.45,5.31,253.0,99580.0
1990-11-11 14:00:00+00:00,9.62,82.95,139.0,333.71,73.0,343.1,5.66,256.0,99670.0
1990-11-11 15:00:00+00:00,8.79,82.85,71.0,358.02,33.0,324.55,5.38,254.0,99740.0
1990-11-11 16:00:00+00:00,7.98,85.85,0.0,0.0,0.0,304.2,4.76,248.0,99810.0
1990-11-11 17:00:00+00:00,7.67,82.7,0.0,0.0,0.0,316.6,4.69,241.0,99870.0
1990-11-11 18:00:00+00:00,7.47,82.65,0.0,0.0,0.0,303.65,4.69,235.0,99940.0
1990-11-11 19:00:00+00:00,7.29,82.65,0.0,0.0,0.0,273.45,4.69,228.0,99920.0
1990-11-11 20:00:00+00:00,7.16,85.8,0.0,0.0,0.0,274.2,4.83,227.0,99940.0
1990-11-11 21:00:00+00:00,7.23,85.8,0.0,0.0,0.0,283.9,4.97,229.0,99960.0
1990-11-11 22:00:00+00:00,7.2,89.0,0.0,0.0,0.0,281.95,4.9,231.0,99990.0
1990-11-11 23:00:00+00:00,7.22,89.0,0.0,0.0,0.0,295.1,4.9,231.0,100000.0
1990-11-12 00:00:00+00:00,7.14,89.0,0.0,0.0,0.0,295.7,4.76,232.0,100010.0
1990-11-12 01:00:00+00:00,7.09,89.0,0.0,0.0,0.0,289.25,4.83,234.0,100010.0
1990-11-12 02:00:00+00:00,6.84,92.35,0.0,0.0,0.0,281.6,4.9,239.0,100050.0
1990-11-12 03:00:00+00:00,6.72,92.35,0.0,0.0,0.0,294.55,5.03,242.0,100040.0
1990-11-12 04:00:00+00:00,6.54,92.3,0.0,0.0,0.0,291.05,5.1,242.0,100030.0
1990-11-12 05:00:00+00:00,6.14,88.95,0.0,0.0,0.0,264.15,5.17,243.0,100060.0
1990-11-12 06:00:00+00:00,5.9,92.3,0.0,0.0,0.0,261.05,5.24,242.0,100120.0
1990-11-12 07:00:00+00:00,5.97,88.9,0.0,0.0,0.0,260.65,5.45,245.0,100160.0
1990-11-12 08:00:00+00:00,5.91,85.65,13.0,0.0,13.0,253.7,5.79,248.0,100230.0
1990-11-12 09:00:00+00:00,6.17,82.55,105.0,343.29,54.0,251.75,6.14,251.0,100290.0
1990-11-12 10:00:00+00:00,6.76,79.55,190.0,543.34,67.0,268.8,6.34,253.0,100330.0
1990-11-12 11:00:00+00:00,7.37,76.7,238.0,589.0,78.0,274.8,6.14,252.0,100380.0
1990-11-12 12:00:00+00:00,7.45,73.9,234.0,487.05,97.0,265.5,6.83,258.0,100450.0
1990-11-12 13:00:00+00:00,7.54,73.9,165.0,204.22,113.0,264.35,7.24,264.0,100440.0
1990-11-12 14:00:00+00:00,7.41,71.15,156.0,501.27,59.0,268.8,7.03,265.0,100480.0
1990-11-12 15:00:00+00:00,7.28,71.15,52.0,127.36,39.0,270.15,6.62,262.0,100520.0
1990-11-12 16:00:00+00:00,6.81,71.05,0.0,0.0,0.0,258.95,6.21,258.0,100600.0
1990-11-12 17:00:00+00:00,6.38,73.7,0.0,0.0,0.0,249.25,6.07,257.0,100670.0
1990-11-12 18:00:00+00:00,6.15,70.95,0.0,0.0,0.0,249.05,5.86,256.0,100770.0
1990-11-12 19:00:00+00:00,6.2,73.7,0.0,0.0,0.0,255.45,5.72,254.0,100820.0
1990-11-12 20:00:00+00:00,6.12,73.7,0.0,0.0,0.0,253.1,5.59,252.0,100860.0
1990-11-12 21:00:00+00:00,6.12,73.7,0.0,0.0,0.0,260.85,5.59,251.0,100920.0
1990-11-12 22:00:00+00:00,6.13,73.7,0.0,0.0,0.0,263.6,5.52,248.0,100960.0
1990-11-12 23:00:00+00:00,6.13,73.7,0.0,0.0,0.0,263.2,5.45,245.0,101010.0
1990-11-13 00:00:00+00:00,6.1,76.55,0.0,0.0,0.0,262.05,5.24,245.0,101030.0
1990-11-13 01:00:00+00:00,6.14,76.55,0.0,0.0,0.0,267.55,5.1,245.0,101090.0
1990-11-13 02:00:00+00:00,6.27,79.5,0.0,0.0,0.0,272.3,4.9,244.0,101090.0
1990-11-13 03:00:00+00:00,6.19,79.5,0.0,0.0,0.0,260.1,4.62,242.0,101070.0
1990-11-13 04:00:00+00:00,6.01,82.5,0.0,0.0,0.0,256.2,4.48,240.0,101030.0
1990-11-13 05:00:00+00:00,5.8,82.5,0.0,0.0,0.0,253.3,4.48,238.0,100980.0
1990-11-13 06:00:00+00:00,5.79,85.65,0.0,0.0,0.0,262.05,4.76,235.0,100960.0
1990-11-13 07:00:00+00:00,6.07,88.95,0.0,0.0,0.0,286.4,4.83,233.0,101000.0
1990-11-13 08:00:00+00:00,6.05,88.95,8.0,0.0,8.0,285.85,4.9,229.0,100980.0
1990-11-13 09:00:00+00:00,6.25,85.7,61.0,48.61,54.0,288.15,4.9,227.0,100910.0
1990-11-13 10:00:00+00:00,6.5,82.55,73.0,4.51,72.0,296.3,4.97,223.0,100810.0
1990-11-13 11:00:00+00:00,6.9,79.55,52.0,0.0,52.0,295.7,5.38,221.0,100740.0
1990-11-13 12:00:00+00:00,7.4,76.7,85.0,3.61,84.0,296.65,5.38,219.0,100630.0
1990-11-13 13:00:00+00:00,7.83,76.8,79.0,4.0,78.0,294.15,5.72,216.0,100460.0
1990-11-13 14:00:00+00:00,7.99,73.95,89.0,63.38,77.0,290.3,6.48,216.0,100280.0
1990-11-13 15:00:00+00:00,7.85,71.25,45.0,91.73,36.0,299.55,7.17,215.0,100120.0
1990-11-13 16:00:00+00:00,7.3,76.7,0.0,0.0,0.0,287.4,6.97,213.0,99960.0
1990-11-13 17:00:00+00:00,7.04,82.6,0.0,0.0,0.0,305.55,7.31,213.0,99820.0
1990-11-13 18:00:00+00:00,7.15,85.8,0.0,0.0,0.0,322.05,7.79,212.0,99690.0
1990-11-13 19:00:00+00:00,7.58,85.85,0.0,0.0,0.0,330.75,7.38,211.0,99590.0
1990-11-13 20:00:00+00:00,7.88,89.05,0.0,0.0,0.0,328.8,6.9,214.0,99460.0
1990-11-13 21:00:00+00:00,8.02,89.05,0.0,0.0,0.0,314.85,6.62,223.0,99370.0
1990-11-13 22:00:00+00:00,7.74,89.05,0.0,0.0,0.0,288.75,6.41,228.0,99280.0
1990-11-13 23:00:00+00:00,7.66,85.85,0.0,0.0,0.0,306.55,6.9,234.0,99240.0
1990-11-14 00:00:00+00:00,7.36,89.0,0.0,0.0,0.0,295.3,6.9,241.0,99170.0
1990-11-14 01:00:00+00:00,7.01,89.0,0.0,0.0,0.0,277.05,7.1,250.0,99170.0
1990-11-14 02:00:00+00:00,6.68,82.6,0.0,0.0,0.0,276.35,7.59,264.0,99270.0
1990-11-14 03:00:00+00:00,6.32,79.5,0.0,0.0,0.0,268.8,7.1,270.0,99360.0
1990-11-14 04:00:00+00:00,5.95,79.4,0.0,0.0,0.0,257.75,6.76,272.0,99460.0
1990-11-14 05:00:00+00:00,5.51,79.35,0.0,0.0,0.0,245.6,6.55,273.0,99560.0
1990-11-14 06:00:00+00:00,5.15,76.4,0.0,0.0,0.0,243.45,6.41,271.0,99670.0
1990-11-14 07:00:00+00:00,4.97,79.3,0.0,0.0,0.0,245.95,6.07,273.0,99780.0
1990-11-14 08:00:00+00:00,4.74,76.3,10.0,0.0,10.0,239.95,6.0,274.0,99940.0
1990-11-14 09:00:00+00:00,4.94,76.3,63.0,64.52,54.0,237.85,6.0,274.0,100050.0
1990-11-14 10:00:00+00:00,5.63,73.65,181.0,529.37,66.0,243.85,6.14,278.0,100170.0
1990-11-14 11:00:00+00:00,6.31,70.95,229.0,586.52,75.0,241.15,5.66,278.0,100290.0
1990-11-14 12:00:00+00:00,6.78,65.85,241.0,605.77,76.0,240.35,5.66,277.0,100340.0
1990-11-14 13:00:00+00:00,7.05,68.4,212.0,569.08,72.0,244.05,5.86,276.0,100460.0
1990-11-14 14:00:00+00:00,7.08,65.95,149.0,496.61,57.0,249.05,5.86,282.0,100590.0
1990-11-14 15:00:00+00:00,6.8,65.85,52.0,180.37,35.0,253.1,5.1,288.0,100700.0
1990-11-14 16:00:00+00:00,6.14,68.3,0.0,0.0,0.0,249.25,4.76,287.0,100830.0
1990-11-14 17:00:00+00:00,5.68,68.2,0.0,0.0,0.0,262.6,4.41,286.0,100950.0
1990-11-14 18:00:00+00:00,5.04,70.8,0.0,0.0,0.0,244.2,4.41,284.0,101060.0
1990-11-14 19:00:00+00:00,4.73,68.0,0.0,0.0,0.0,240.35,4.34,284.0,101170.0
1990-11-14 20:00:00+00:00,4.41,70.6,0.0,0.0,0.0,239.2,3.93,287.0,101270.0
1990-11-14 21:00:00+00:00,4.13,70.6,0.0,0.0,0.0,246.75,3.59,280.0,101320.0
1990-11-14 22:00:00+00:00,3.96,73.3,0.0,0.0,0.0,253.9,3.45,271.0,101330.0
1990-11-14 23:00:00+00:00,3.75,73.3,0.0,0.0,0.0,248.65,3.31,262.0,101400.0
1990-11-15 00:00:00+00:00,4.04,70.6,0.0,0.0,0.0,280.6,3.17,250.0,101350.0
1990-11-15 01:00:00+00:00,4.06,70.6,0.0,0.0,0.0,288.05,3.17,245.0,101340.0
1990-11-15 02:00:00+00:00,4.31,73.4,0.0,0.0,0.0,294.55,3.03,241.0,101340.0
1990-11-15 03:00:00+00:00,4.15,76.25,0.0,0.0,0.0,269.4,3.24,241.0,101360.0
1990-11-15 04:00:00+00:00,4.24,82.3,0.0,0.0,0.0,264.95,3.52,235.0,101300.0
1990-11-15 05:00:00+00:00,4.61,85.55,0.0,0.0,0.0,273.05,3.86,236.0,101230.0
1990-11-15 06:00:00+00:00,4.95,88.85,0.0,0.0,0.0,266.65,4.14,240.0,101230.0
1990-11-15 07:00:00+00:00,6.23,82.55,0.0,0.0,0.0,295.9,4.76,249.0,101300.0
1990-11-15 08:00:00+00:00,6.56,82.6,5.0,0.0,5.0,289.1,4.97,246.0,101270.0
1990-11-15 09:00:00+00:00,7.12,82.65,28.0,0.0,28.0,294.75,5.31,248.0,101280.0
1990-11-15 10:00:00+00:00,7.87,85.85,39.0,0.0,39.0,293.6,5.66,250.0,101270.0
1990-11-15 11:00:00+00:00,8.65,82.85,51.0,0.0,51.0,296.1,6.07,253.0,101250.0
1990-11-15 12:00:00+00:00,9.31,82.9,44.0,0.0,44.0,305.0,6.48,251.0,101180.0
1990-11-15 13:00:00+00:00,9.57,82.9,58.0,0.0,58.0,307.9,6.76,248.0,101110.0
1990-11-15 14:00:00+00:00,9.57,82.9,52.0,0.0,52.0,330.15,6.83,251.0,101080.0
1990-11-15 15:00:00+00:00,9.39,85.95,28.0,11.05,27.0,334.4,6.55,252.0,101110.0
1990-11-15 16:00:00+00:00,9.13,85.95,0.0,0.0,0.0,336.35,6.34,250.0,101100.0
1990-11-15 17:00:00+00:00,9.03,89.1,0.0,0.0,0.0,336.55,6.41,248.0,101090.0
1990-11-15 18:00:00+00:00,8.94,89.1,0.0,0.0,0.0,332.5,6.55,247.0,101070.0
1990-11-15 19:00:00+00:00,8.79,85.95,0.0,0.0,0.0,329.0,6.83,248.0,101090.0
1990-11-15 20:00:00+00:00,8.76,82.85,0.0,0.0,0.0,328.8,6.83,246.0,101090.0
1990-11-15 21:00:00+00:00,8.67,82.85,0.0,0.0,0.0,324.95,6.9,245.0,101070.0
1990-11-15 22:00:00+00:00,8.45,85.9,0.0,0.0,0.0,311.4,6.69,245.0,101050.0
1990-11-15 23:00:00+00:00,8.08,85.9,0.0,0.0,0.0,289.7,6.55,246.0,101010.0
1990-11-16 00:00:00+00:00,7.7,89.05,0.0,0.0,0.0,270.35,6.41,245.0,100980.0
1990-11-16 01:00:00+00:00,7.44,92.35,0.0,0.0,0.0,265.05,6.41,243.0,100930.0
1990-11-16 02:00:00+00:00,7.79,89.05,0.0,0.0,0.0,311.4,6.69,242.0,100870.0
1990-11-16 03:00:00+00:00,7.9,85.85,0.0,0.0,0.0,315.25,6.83,242.0,100800.0
1990-11-16 04:00:00+00:00,7.96,85.85,0.0,0.0,0.0,319.5,7.03,243.0,100740.0
1990-11-16 05:00:00+00:00,8.04,85.85,0.0,0.0,0.0,325.5,7.24,245.0,100690.0
1990-11-16 06:00:00+00:00,8.08,85.9,0.0,0.0,0.0,326.5,7.45,246.0,100650.0
1990-11-16 07:00:00+00:00,8.39,85.9,0.0,0.0,0.0,324.75,8.0,249.0,100720.0
1990-11-16 08:00:00+00:00,8.34,82.75,5.0,0.0,5.0,324.75,7.93,249.0,100690.0
1990-11-16 09:00:00+00:00,8.31,82.75,54.0,45.92,48.0,306.15,8.0,249.0,100690.0
1990-11-16 10:00:00+00:00,8.64,82.85,65.0,4.8,64.0,309.25,8.34,248.0,100680.0
1990-11-16 11:00:00+00:00,9.0,82.85,85.0,3.94,84.0,311.95,9.17,250.0,100660.0
1990-11-16 12:00:00+00:00,9.3,79.9,223.0,530.68,83.0,322.8,9.17,250.0,100610.0
1990-11-16 13:00:00+00:00,9.35,79.9,141.0,147.21,106.0,326.1,9.45,249.0,100590.0
1990-11-16 14:00:00+00:00,9.34,79.9,114.0,231.12,73.0,339.05,6.97,241.0,100600.0
1990-11-16 15:00:00+00:00,9.47,79.9,40.0,92.12,32.0,330.55,7.59,243.0,100600.0
1990-11-16 16:00:00+00:00,9.65,79.95,0.0,0.0,0.0,332.5,7.17,245.0,100630.0
1990-11-16 17:00:00+00:00,9.89,82.95,0.0,0.0,0.0,336.15,6.83,245.0,100680.0
1990-11-16 18:00:00+00:00,10.03,86.0,0.0,0.0,0.0,337.3,6.21,249.0,100710.0
1990-11-16 19:00:00+00:00,10.27,86.05,0.0,0.0,0.0,350.3,5.93,264.0,100740.0
1990-11-16 20:00:00+00:00,9.87,82.95,0.0,0.0,0.0,353.2,5.52,278.0,100810.0
1990-11-16 21:00:00+00:00,8.72,79.85,0.0,0.0,0.0,310.6,4.83,285.0,100900.0
1990-11-16 22:00:00+00:00,7.42,82.65,0.0,0.0,0.0,262.4,3.79,283.0,100980.0
1990-11-16 23:00:00+00:00,6.54,82.55,0.0,0.0,0.0,259.1,3.1,272.0,101010.0
1990-11-17 00:00:00+00:00,5.76,85.65,0.0,0.0,0.0,252.55,2.76,260.0,101040.0
1990-11-17 01:00:00+00:00,5.18,85.6,0.0,0.0,0.0,250.15,2.62,254.0,101040.0
1990-11-17 02:00:00+00:00,4.6,88.85,0.0,0.0,0.0,248.3,2.41,252.0,101050.0
1990-11-17 03:00:00+00:00,3.88,92.15,0.0,0.0,0.0,243.85,2.14,249.0,101050.0
1990-11-17 04:00:00+00:00,3.01,95.7,0.0,0.0,0.0,241.5,2.07,250.0,101040.0
1990-11-17 05:00:00+00:00,2.19,92.1,0.0,0.0,0.0,246.95,1.93,253.0,101020.0
1990-11-17 06:00:00+00:00,1.32,95.65,0.0,0.0,0.0,236.3,1.79,244.0,100980.0
1990-11-17 07:00:00+00:00,0.99,92.05,0.0,0.0,0.0,239.0,1.72,240.0,100960.0
1990-11-17 08:00:00+00:00,0.34,92.0,0.0,0.0,0.0,234.15,1.66,207.0,100940.0
1990-11-17 09:00:00+00:00,0.23,92.0,71.0,158.29,51.0,232.4,1.59,195.0,100940.0
1990-11-17 10:00:00+00:00,2.28,95.65,128.0,196.02,88.0,237.85,1.24,189.0,100860.0
1990-11-17 11:00:00+00:00,5.07,85.6,206.0,492.93,83.0,245.95,1.1,177.0,100800.0
1990-11-17 12:00:00+00:00,6.39,79.5,202.0,392.82,100.0,272.1,1.72,175.0,100690.0
1990-11-17 13:00:00+00:00,6.62,76.65,158.0,248.11,100.0,302.1,2.21,183.0,100520.0
1990-11-17 14:00:00+00:00,6.59,76.65,34.0,0.0,34.0,297.65,2.21,192.0,100410.0
1990-11-17 15:00:00+00:00,6.52,79.5,29.0,24.01,27.0,318.95,2.07,192.0,100300.0
1990-11-17 16:00:00+00:00,6.24,79.5,0.0,0.0,0.0,328.2,1.86,180.0,100200.0
1990-11-17 17:00:00+00:00,6.12,82.55,0.0,0.0,0.0,335.95,1.86,164.0,100090.0
1990-11-17 18:00:00+00:00,6.08,88.95,0.0,0.0,0.0,339.65,2.07,162.0,99980.0
1990-11-17 19:00:00+00:00,6.0,95.75,0.0,0.0,0.0,339.05,1.66,184.0,99910.0
1990-11-17 20:00:00+00:00,6.5,95.8,0.0,0.0,0.0,341.55,1.79,202.0,99810.0
1990-11-17 21:00:00+00:00,6.92,95.8,0.0,0.0,0.0,343.3,1.79,224.0,99720.0
1990-11-17 22:00:00+00:00,7.17,92.35,0.0,0.0,0.0,347.0,2.07,246.0,99660.0
1990-11-17 23:00:00+00:00,7.15,92.35,0.0,0.0,0.0,348.55,2.69,260.0,99600.0
1990-11-18 00:00:00+00:00,6.91,95.8,0.0,0.0,0.0,348.35,3.52,267.0,99550.0
1990-11-18 01:00:00+00:00,6.56,92.35,0.0,0.0,0.0,331.25,3.86,264.0,99490.0
1990-11-18 02:00:00+00:00,6.23,88.95,0.0,0.0,0.0,318.15,3.86,258.0,99440.0
1990-11-18 03:00:00+00:00,5.8,88.9,0.0,0.0,0.0,299.95,3.86,254.0,99380.0
1990-11-18 04:00:00+00:00,5.22,92.25,0.0,0.0,0.0,272.5,3.79,249.0,99320.0
1990-11-18 05:00:00+00:00,5.02,95.75,0.0,0.0,0.0,276.75,4.0,244.0,99290.0
1990-11-18 06:00:00+00:00,4.87,92.25,0.0,0.0,0.0,271.5,4.14,244.0,99250.0
1990-11-18 07:00:00+00:00,4.77,95.75,0.0,0.0,0.0,278.1,3.52,242.0,99190.0
1990-11-18 08:00:00+00:00,4.78,95.75,0.0,0.0,0.0,279.45,3.66,244.0,99170.0
1990-11-18 09:00:00+00:00,5.19,95.75,73.0,212.93,47.0,293.4,3.86,252.0,99140.0
1990-11-18 10:00:00+00:00,5.62,92.3,175.0,620.58,51.0,288.95,4.28,263.0,99120.0
1990-11-18 11:00:00+00:00,5.98,92.3,195.0,432.04,89.0,287.4,4.48,272.0,99140.0
1990-11-18 12:00:00+00:00,6.18,85.7,195.0,371.67,100.0,278.65,4.41,276.0,99120.0
1990-11-18 13:00:00+00:00,6.13,76.55,158.0,265.35,97.0,261.85,4.69,282.0,99060.0
1990-11-18 14:00:00+00:00,5.62,73.65,142.0,564.9,46.0,248.85,4.69,285.0,99080.0
1990-11-18 15:00:00+00:00,4.82,70.7,48.0,262.97,27.0,247.9,4.41,283.0,99080.0
1990-11-18 16:00:00+00:00,3.77,73.3,0.0,0.0,0.0,235.5,4.07,275.0,99110.0
1990-11-18 17:00:00+00:00,2.92,79.0,0.0,0.0,0.0,233.75,4.07,267.0,99100.0
1990-11-18 18:00:00+00:00,2.26,82.05,0.0,0.0,0.0,228.15,4.21,264.0,99110.0
1990-11-18 19:00:00+00:00,2.34,85.3,0.0,0.0,0.0,235.7,4.21,264.0,99070.0
1990-11-18 20:00:00+00:00,2.09,85.3,0.0,0.0,0.0,239.75,4.07,261.0,99060.0
1990-11-18 21:00:00+00:00,1.86,88.6,0.0,0.0,0.0,242.3,4.07,257.0,99040.0
1990-11-18 22:00:00+00:00,1.65,88.6,0.0,0.0,0.0,241.3,4.14,258.0,99060.0
1990-11-18 23:00:00+00:00,1.44,92.05,0.0,0.0,0.0,248.85,4.07,261.0,99040.0
1990-11-19 00:00:00+00:00,1.0,88.55,0.0,0.0,0.0,235.15,4.0,265.0,99050.0
1990-11-19 01:00:00+00:00,0.69,85.2,0.0,0.0,0.0,231.95,4.21,271.0,99060.0
1990-11-19 02:00:00+00:00,0.42,88.5,0.0,0.0,0.0,226.05,4.28,274.0,99090.0
1990-11-19 03:00:00+00:00,0.14,81.9,0.0,0.0,0.0,219.25,4.07,274.0,99110.0
1990-11-19 04:00:00+00:00,-0.01,81.8,0.0,0.0,0.0,225.05,4.0,277.0,99150.0
1990-11-19 05:00:00+00:00,-0.26,78.65,0.0,0.0,0.0,214.8,4.0,280.0,99210.0
1990-11-19 06:00:00+00:00,-0.39,75.6,0.0,0.0,0.0,214.4,4.0,282.0,99310.0
1990-11-19 07:00:00+00:00,-0.48,72.65,0.0,0.0,0.0,218.65,3.59,295.0,99440.0
1990-11-19 08:00:00+00:00,-0.53,75.55,0.0,0.0,0.0,217.9,3.86,298.0,99590.0
1990-11-19 09:00:00+00:00,-0.28,72.65,57.0,84.79,47.0,216.35,4.0,299.0,99690.0
1990-11-19 10:00:00+00:00,0.39,72.75,164.0,541.79,58.0,218.3,3.59,296.0,99770.0
1990-11-19 11:00:00+00:00,1.05,70.05,215.0,625.9,64.0,219.85,3.59,291.0,99820.0
1990-11-19 12:00:00+00:00,1.55,67.4,225.0,627.88,67.0,215.4,3.93,285.0,99840.0
1990-11-19 13:00:00+00:00,1.79,64.8,197.0,588.24,64.0,215.6,3.93,278.0,99830.0
1990-11-19 14:00:00+00:00,1.76,64.8,142.0,589.05,44.0,216.15,3.86,269.0,99810.0
1990-11-19 15:00:00+00:00,1.34,67.3,46.0,274.41,25.0,215.0,4.07,261.0,99800.0
1990-11-19 16:00:00+00:00,0.62,67.3,0.0,0.0,0.0,214.6,4.34,251.0,99780.0
1990-11-19 17:00:00+00:00,0.36,69.95,0.0,0.0,0.0,218.5,4.48,237.0,99720.0
1990-11-19 18:00:00+00:00,0.75,67.3,0.0,0.0,0.0,233.6,4.9,226.0,99590.0
1990-11-19 19:00:00+00:00,1.47,72.85,0.0,0.0,0.0,244.05,5.79,223.0,99440.0
1990-11-19 20:00:00+00:00,2.18,75.95,0.0,0.0,0.0,273.05,6.76,223.0,99260.0
1990-11-19 21:00:00+00:00,2.52,82.15,0.0,0.0,0.0,289.1,7.59,224.0,99100.0
1990-11-19 22:00:00+00:00,2.84,88.65,0.0,0.0,0.0,304.4,8.07,223.0,98940.0
1990-11-19 23:00:00+00:00,3.3,88.7,0.0,0.0,0.0,312.55,8.21,224.0,98780.0
1990-11-20 00:00:00+00:00,3.79,92.15,0.0,0.0,0.0,315.65,7.93,230.0,98580.0
1990-11-20 01:00:00+00:00,4.45,95.75,0.0,0.0,0.0,318.85,8.07,235.0,98370.0
1990-11-20 02:00:00+00:00,4.87,92.25,0.0,0.0,0.0,319.1,7.72,240.0,98190.0
1990-11-20 03:00:00+00:00,5.4,92.25,0.0,0.0,0.0,320.3,7.52,249.0,98030.0
1990-11-20 04:00:00+00:00,5.24,88.85,0.0,0.0,0.0,311.55,6.69,258.0,97890.0
1990-11-20 05:00:00+00:00,4.5,85.5,0.0,0.0,0.0,295.3,6.28,272.0,97860.0
1990-11-20 06:00:00+00:00,3.48,82.2,0.0,0.0,0.0,276.55,6.48,290.0,97910.0
1990-11-20 07:00:00+00:00,2.54,79.0,0.0,0.0,0.0,231.25,5.79,287.0,97910.0
1990-11-20 08:00:00+00:00,2.02,78.95,0.0,0.0,0.0,228.95,5.24,276.0,97920.0
1990-11-20 09:00:00+00:00,2.0,82.0,57.0,114.2,44.0,224.3,4.97,264.0,97880.0
1990-11-20 10:00:00+00:00,2.9,79.0,39.0,0.0,39.0,229.5,4.9,266.0,97850.0
1990-11-20 11:00:00+00:00,4.18,76.25,159.0,231.82,104.0,265.3,5.17,295.0,97890.0
1990-11-20 12:00:00+00:00,4.87,73.45,110.0,36.32,101.0,259.5,5.52,320.0,97950.0
1990-11-20 13:00:00+00:00,5.3,70.8,169.0,386.67,83.0,249.25,6.34,328.0,97990.0
1990-11-20 14:00:00+00:00,5.45,68.1,73.0,49.11,65.0,260.1,6.76,328.0,98050.0
1990-11-20 15:00:00+00:00,5.19,68.1,24.0,0.0,24.0,274.6,6.83,328.0,98120.0
1990-11-20 16:00:00+00:00,4.63,73.45,0.0,0.0,0.0,280.2,7.03,330.0,98210.0
1990-11-20 17:00:00+00:00,4.13,76.25,0.0,0.0,0.0,260.3,7.52,335.0,98330.0
1990-11-20 18:00:00+00:00,3.96,79.15,0.0,0.0,0.0,285.45,7.66,338.0,98450.0
1990-11-20 19:00:00+00:00,3.91,76.15,0.0,0.0,0.0,290.85,7.66,341.0,98590.0
1990-11-20 20:00:00+00:00,3.64,73.3,0.0,0.0,0.0,297.05,7.86,344.0,98720.0
1990-11-20 21:00:00+00:00,3.4,76.1,0.0,0.0,0.0,294.75,7.66,347.0,98830.0
1990-11-20 22:00:00+00:00,3.19,76.1,0.0,0.0,0.0,300.15,7.38,350.0,98920.0
1990-11-20 23:00:00+00:00,3.06,73.2,0.0,0.0,0.0,298.8,7.03,352.0,99020.0
1990-11-21 00:00:00+00:00,2.94,76.0,0.0,0.0,0.0,299.2,6.62,353.0,99090.0
1990-11-21 01:00:00+00:00,2.74,76.0,0.0,0.0,0.0,301.6,6.28,354.0,99160.0
1990-11-21 02:00:00+00:00,2.63,76.0,0.0,0.0,0.0,305.75,5.93,355.0,99220.0
1990-11-21 03:00:00+00:00,2.6,76.0,0.0,0.0,0.0,306.55,5.86,356.0,99290.0
1990-11-21 04:00:00+00:00,2.56,76.0,0.0,0.0,0.0,304.8,5.72,356.0,99370.0
1990-11-21 05:00:00+00:00,2.53,76.0,0.0,0.0,0.0,310.6,5.45,357.0,99420.0
1990-11-21 06:00:00+00:00,2.5,78.95,0.0,0.0,0.0,304.4,5.1,359.0,99490.0
1990-11-21 07:00:00+00:00,2.19,75.95,0.0,0.0,0.0,303.85,4.34,358.0,99560.0
1990-11-21 08:00:00+00:00,2.13,75.95,0.0,0.0,0.0,302.1,4.14,353.0,99650.0
1990-11-21 09:00:00+00:00,2.04,75.95,40.0,27.32,37.0,300.55,3.86,348.0,99730.0
1990-11-21 10:00:00+00:00,2.09,75.95,57.0,5.33,56.0,309.65,3.72,344.0,99770.0
1990-11-21 11:00:00+00:00,2.28,75.95,100.0,30.0,93.0,306.75,3.59,340.0,99830.0
1990-11-21 12:00:00+00:00,2.35,75.95,144.0,139.35,110.0,300.35,3.66,340.0,99890.0
1990-11-21 13:00:00+00:00,2.32,75.95,143.0,223.91,94.0,298.2,3.52,342.0,99910.0
1990-11-21 14:00:00+00:00,2.28,75.95,69.0,43.87,62.0,297.65,3.24,342.0,99930.0
1990-11-21 15:00:00+00:00,2.16,75.95,22.0,0.0,22.0,267.45,3.31,348.0,99960.0
1990-11-21 16:00:00+00:00,1.69,75.85,0.0,0.0,0.0,257.95,3.03,349.0,100000.0
1990-11-21 17:00:00+00:00,1.31,78.8,0.0,0.0,0.0,253.7,2.76,346.0,100050.0
1990-11-21 18:00:00+00:00,1.02,78.8,0.0,0.0,0.0,251.0,2.62,341.0,100110.0
1990-11-21 19:00:00+00:00,0.89,78.8,0.0,0.0,0.0,245.95,2.69,348.0,100140.0
1990-11-21 20:00:00+00:00,0.63,78.8,0.0,0.0,0.0,250.4,2.55,341.0,100190.0
1990-11-21 21:00:00+00:00,0.35,78.75,0.0,0.0,0.0,248.3,2.48,337.0,100250.0
1990-11-21 22:00:00+00:00,0.16,78.75,0.0,0.0,0.0,251.6,2.28,336.0,100280.0
1990-11-21 23:00:00+00:00,-0.13,81.8,0.0,0.0,0.0,247.5,2.14,334.0,100280.0
1990-11-22 00:00:00+00:00,-0.7,85.05,0.0,0.0,0.0,236.1,2.07,333.0,100340.0
1990-11-22 01:00:00+00:00,-1.05,85.0,0.0,0.0,0.0,239.3,2.07,327.0,100340.0
1990-11-22 02:00:00+00:00,-1.15,85.0,0.0,0.0,0.0,249.85,2.0,322.0,100380.0
1990-11-22 03:00:00+00:00,-1.17,85.0,0.0,0.0,0.0,256.4,1.86,316.0,100400.0
1990-11-22 04:00:00+00:00,-1.42,85.0,0.0,0.0,0.0,249.45,1.86,310.0,100420.0
1990-11-22 05:00:00+00:00,-1.68,88.35,0.0,0.0,0.0,246.15,1.86,303.0,100460.0
1990-11-22 06:00:00+00:00,-1.87,84.95,0.0,0.0,0.0,244.2,1.79,293.0,100480.0
1990-11-22 07:00:00+00:00,-2.05,88.3,0.0,0.0,0.0,243.65,1.86,286.0,100550.0
1990-11-22 08:00:00+00:00,-2.13,88.3,0.0,0.0,0.0,244.6,1.86,278.0,100570.0
1990-11-22 09:00:00+00:00,-1.7,88.35,66.0,264.47,38.0,243.45,1.79,271.0,100600.0
1990-11-22 10:00:00+00:00,0.0,88.45,145.0,457.39,61.0,238.8,1.72,265.0,100620.0
1990-11-22 11:00:00+00:00,1.4,85.2,195.0,553.35,68.0,242.85,1.86,261.0,100630.0
1990-11-22 12:00:00+00:00,2.31,78.95,209.0,586.71,68.0,244.05,2.07,261.0,100620.0
1990-11-22 13:00:00+00:00,2.56,76.0,182.0,561.86,61.0,244.2,2.14,261.0,100590.0
1990-11-22 14:00:00+00:00,2.7,76.0,118.0,428.64,51.0,253.1,2.21,262.0,100620.0
1990-11-22 15:00:00+00:00,2.15,78.95,22.0,0.0,22.0,259.1,2.41,260.0,100640.0
1990-11-22 16:00:00+00:00,1.64,82.0,0.0,0.0,0.0,281.0,2.48,256.0,100680.0
1990-11-22 17:00:00+00:00,1.51,78.9,0.0,0.0,0.0,292.05,2.55,255.0,100700.0
1990-11-22 18:00:00+00:00,1.48,81.95,0.0,0.0,0.0,290.1,2.62,252.0,100720.0
1990-11-22 19:00:00+00:00,1.16,78.8,0.0,0.0,0.0,281.95,2.62,258.0,100720.0
1990-11-22 20:00:00+00:00,1.17,81.95,0.0,0.0,0.0,281.2,2.55,257.0,100730.0
1990-11-22 21:00:00+00:00,1.21,85.2,0.0,0.0,0.0,282.95,2.48,260.0,100720.0
1990-11-22 22:00:00+00:00,1.15,85.2,0.0,0.0,0.0,277.7,2.48,260.0,100730.0
1990-11-22 23:00:00+00:00,0.73,88.55,0.0,0.0,0.0,251.2,2.48,256.0,100730.0
1990-11-23 00:00:00+00:00,0.89,88.55,0.0,0.0,0.0,271.1,2.48,258.0,100720.0
1990-11-23 01:00:00+00:00,0.55,88.55,0.0,0.0,0.0,242.8,2.55,261.0,100750.0
1990-11-23 02:00:00+00:00,0.78,92.05,0.0,0.0,0.0,261.65,2.48,260.0,100760.0
1990-11-23 03:00:00+00:00,0.84,92.05,0.0,0.0,0.0,260.85,2.48,258.0,100760.0
1990-11-23 04:00:00+00:00,0.95,92.05,0.0,0.0,0.0,264.75,2.48,261.0,100740.0
1990-11-23 05:00:00+00:00,0.75,92.05,0.0,0.0,0.0,246.55,2.55,261.0,100760.0
1990-11-23 06:00:00+00:00,0.64,92.05,0.0,0.0,0.0,243.05,2.55,260.0,100780.0
1990-11-23 07:00:00+00:00,0.86,92.05,0.0,0.0,0.0,242.3,2.76,263.0,100830.0
1990-11-23 08:00:00+00:00,1.02,92.05,0.0,0.0,0.0,248.85,2.69,262.0,100870.0
1990-11-23 09:00:00+00:00,1.32,95.65,61.0,235.27,37.0,250.2,2.55,262.0,100920.0
1990-11-23 10:00:00+00:00,2.41,95.65,142.0,472.68,57.0,264.15,2.34,265.0,100940.0
1990-11-23 11:00:00+00:00,3.37,92.15,191.0,549.2,67.0,264.15,2.21,268.0,100940.0
1990-11-23 12:00:00+00:00,4.56,88.85,202.0,557.54,70.0,263.2,2.28,273.0,100960.0
1990-11-23 13:00:00+00:00,5.16,85.6,174.0,509.46,66.0,270.35,2.28,278.0,100940.0
1990-11-23 14:00:00+00:00,4.92,88.85,109.0,346.01,56.0,270.95,2.41,284.0,100960.0
1990-11-23 15:00:00+00:00,4.41,92.2,20.0,0.0,20.0,255.85,2.48,288.0,100990.0
1990-11-23 16:00:00+00:00,3.62,92.15,0.0,0.0,0.0,255.85,2.48,285.0,101020.0
1990-11-23 17:00:00+00:00,3.16,92.15,0.0,0.0,0.0,261.85,2.41,283.0,101060.0
1990-11-23 18:00:00+00:00,2.77,95.7,0.0,0.0,0.0,251.6,2.48,279.0,101100.0
1990-11-23 19:00:00+00:00,2.15,95.65,0.0,0.0,0.0,248.1,2.48,268.0,101130.0
1990-11-23 20:00:00+00:00,1.95,95.65,0.0,0.0,0.0,252.95,2.48,270.0,101160.0
1990-11-23 21:00:00+00:00,1.8,95.65,0.0,0.0,0.0,251.6,2.48,274.0,101210.0
1990-11-23 22:00:00+00:00,1.69,95.65,0.0,0.0,0.0,252.35,2.41,274.0,101190.0
1990-11-23 23:00:00+00:00,1.41,95.65,0.0,0.0,0.0,244.8,2.48,272.0,101210.0
1990-11-24 00:00:00+00:00,1.47,99.35,0.0,0.0,0.0,257.95,2.48,278.0,101230.0
1990-11-24 01:00:00+00:00,1.24,95.65,0.0,0.0,0.0,243.55,2.55,284.0,101270.0
1990-11-24 02:00:00+00:00,1.21,95.65,0.0,0.0,0.0,245.2,2.48,291.0,101320.0
1990-11-24 03:00:00+00:00,1.3,95.65,0.0,0.0,0.0,254.65,2.41,293.0,101330.0
1990-11-24 04:00:00+00:00,1.35,95.65,0.0,0.0,0.0,261.45,2.28,296.0,101370.0
1990-11-24 05:00:00+00:00,1.28,95.65,0.0,0.0,0.0,259.5,2.21,305.0,101420.0
1990-11-24 06:00:00+00:00,1.43,95.65,0.0,0.0,0.0,274.6,2.07,315.0,101490.0
1990-11-24 07:00:00+00:00,2.33,95.65,0.0,0.0,0.0,309.05,2.0,306.0,101550.0
1990-11-24 08:00:00+00:00,2.56,92.15,0.0,0.0,0.0,307.9,1.86,307.0,101620.0
1990-11-24 09:00:00+00:00,2.38,95.65,68.0,386.84,30.0,293.0,1.79,312.0,101660.0
1990-11-24 10:00:00+00:00,3.23,95.7,50.0,0.0,50.0,292.6,1.52,327.0,101710.0
1990-11-24 11:00:00+00:00,4.44,92.2,101.0,45.01,91.0,289.3,1.59,343.0,101740.0
1990-11-24 12:00:00+00:00,4.91,82.35,120.0,77.16,102.0,273.25,2.14,0.0,101760.0
1990-11-24 13:00:00+00:00,4.91,79.3,95.0,47.91,85.0,268.4,2.21,359.0,101780.0
1990-11-24 14:00:00+00:00,4.69,79.3,62.0,39.96,56.0,268.2,2.0,348.0,101790.0
1990-11-24 15:00:00+00:00,4.07,82.3,20.0,0.0,20.0,254.5,2.07,339.0,101830.0
1990-11-24 16:00:00+00:00,3.15,85.4,0.0,0.0,0.0,245.2,2.07,336.0,101860.0
1990-11-24 17:00:00+00:00,2.0,92.05,0.0,0.0,0.0,245.75,1.93,335.0,101890.0
1990-11-24 18:00:00+00:00,0.85,88.55,0.0,0.0,0.0,239.6,1.86,335.0,101900.0
1990-11-24 19:00:00+00:00,0.71,88.55,0.0,0.0,0.0,248.65,1.59,319.0,101990.0
1990-11-24 20:00:00+00:00,0.41,92.0,0.0,0.0,0.0,253.1,1.59,307.0,102020.0
1990-11-24 21:00:00+00:00,0.42,88.5,0.0,0.0,0.0,249.85,1.45,297.0,102070.0
1990-11-24 22:00:00+00:00,0.83,88.55,0.0,0.0,0.0,250.4,1.24,289.0,102070.0
1990-11-24 23:00:00+00:00,0.58,85.2,0.0,0.0,0.0,243.05,1.31,273.0,102070.0
1990-11-25 00:00:00+00:00,-0.09,92.0,0.0,0.0,0.0,245.4,1.38,263.0,102070.0
1990-11-25 01:00:00+00:00,-0.82,91.95,0.0,0.0,0.0,248.0,1.45,260.0,102060.0
1990-11-25 02:00:00+00:00,-0.85,91.95,0.0,0.0,0.0,253.9,1.38,256.0,102080.0
1990-11-25 03:00:00+00:00,-1.26,91.95,0.0,0.0,0.0,252.75,1.45,252.0,102080.0
1990-11-25 04:00:00+00:00,-1.8,91.9,0.0,0.0,0.0,244.8,1.59,248.0,102070.0
1990-11-25 05:00:00+00:00,-2.08,95.55,0.0,0.0,0.0,251.2,1.72,247.0,102050.0
1990-11-25 06:00:00+00:00,-2.35,91.85,0.0,0.0,0.0,242.3,1.93,245.0,102060.0
1990-11-25 07:00:00+00:00,-2.1,95.55,0.0,0.0,0.0,243.45,2.34,250.0,102140.0
1990-11-25 08:00:00+00:00,-1.57,95.6,0.0,0.0,0.0,245.4,2.48,254.0,102190.0
1990-11-25 09:00:00+00:00,-0.89,95.6,24.0,0.0,24.0,255.65,2.48,254.0,102210.0
1990-11-25 10:00:00+00:00,0.18,95.65,147.0,585.7,46.0,280.05,2.62,257.0,102220.0
1990-11-25 11:00:00+00:00,0.9,95.65,189.0,590.07,60.0,283.9,2.55,260.0,102200.0
1990-11-25 12:00:00+00:00,1.41,99.35,192.0,521.92,72.0,291.05,2.55,262.0,102160.0
1990-11-25 13:00:00+00:00,1.88,99.4,169.0,515.62,63.0,289.1,2.55,263.0,102130.0
1990-11-25 14:00:00+00:00,1.97,99.4,96.0,258.07,58.0,277.1,2.55,261.0,102110.0
1990-11-25 15:00:00+00:00,1.9,99.4,13.0,0.0,13.0,288.95,2.69,264.0,102130.0
1990-11-25 16:00:00+00:00,1.57,99.4,0.0,0.0,0.0,295.3,2.97,263.0,102170.0
1990-11-25 17:00:00+00:00,1.47,99.35,0.0,0.0,0.0,299.2,2.9,257.0,102170.0
1990-11-25 18:00:00+00:00,1.37,99.35,0.0,0.0,0.0,296.3,2.83,253.0,102170.0
1990-11-25 19:00:00+00:00,1.55,92.05,0.0,0.0,0.0,250.2,2.83,246.0,102170.0
1990-11-25 20:00:00+00:00,1.86,95.65,0.0,0.0,0.0,258.95,3.17,258.0,102210.0
1990-11-25 21:00:00+00:00,2.45,95.65,0.0,0.0,0.0,277.7,3.17,261.0,102210.0
1990-11-25 22:00:00+00:00,2.76,95.7,0.0,0.0,0.0,279.65,3.03,256.0,102190.0
1990-11-25 23:00:00+00:00,2.59,95.7,0.0,0.0,0.0,261.05,3.03,250.0,102150.0
1990-11-26 00:00:00+00:00,2.53,95.7,0.0,0.0,0.0,254.85,3.03,252.0,102140.0
1990-11-26 01:00:00+00:00,2.35,95.65,0.0,0.0,0.0,250.9,2.97,243.0,102080.0
1990-11-26 02:00:00+00:00,2.6,95.7,0.0,0.0,0.0,266.3,3.1,241.0,102020.0
1990-11-26 03:00:00+00:00,2.98,95.7,0.0,0.0,0.0,269.95,3.38,245.0,102020.0
1990-11-26 04:00:00+00:00,3.43,95.7,0.0,0.0,0.0,278.65,3.66,249.0,101990.0
1990-11-26 05:00:00+00:00,3.94,95.7,0.0,0.0,0.0,284.65,3.93,253.0,101960.0
1990-11-26 06:00:00+00:00,4.32,92.2,0.0,0.0,0.0,282.35,4.0,254.0,101950.0
1990-11-26 07:00:00+00:00,4.65,92.25,0.0,0.0,0.0,284.65,4.0,254.0,101920.0
1990-11-26 08:00:00+00:00,5.03,95.75,0.0,0.0,0.0,294.35,4.14,252.0,101900.0
1990-11-26 09:00:00+00:00,5.56,92.3,37.0,54.99,32.0,306.55,4.48,252.0,101900.0
1990-11-26 10:00:00+00:00,6.35,95.8,94.0,142.1,70.0,322.6,4.69,255.0,101880.0
1990-11-26 11:00:00+00:00,6.85,92.35,35.0,0.0,35.0,314.85,4.69,255.0,101860.0
1990-11-26 12:00:00+00:00,7.13,92.35,93.0,26.47,87.0,331.7,4.83,253.0,101830.0
1990-11-26 13:00:00+00:00,7.21,92.35,56.0,0.0,56.0,334.8,5.38,251.0,101770.0
1990-11-26 14:00:00+00:00,7.37,92.35,40.0,6.92,39.0,337.7,5.72,249.0,101700.0
1990-11-26 15:00:00+00:00,7.53,92.35,14.0,0.0,14.0,339.65,5.86,249.0,101620.0
1990-11-26 16:00:00+00:00,7.72,92.4,0.0,0.0,0.0,344.5,5.93,253.0,101620.0
1990-11-26 17:00:00+00:00,7.96,92.4,0.0,0.0,0.0,342.55,6.0,255.0,101610.0
1990-11-26 18:00:00+00:00,8.26,92.4,0.0,0.0,0.0,344.65,5.93,256.0,101590.0
1990-11-26 19:00:00+00:00,8.35,92.4,0.0,0.0,0.0,335.75,6.41,260.0,101540.0
1990-11-26 20:00:00+00:00,8.48,95.85,0.0,0.0,0.0,326.1,6.55,263.0,101520.0
1990-11-26 21:00:00+00:00,8.52,95.85,0.0,0.0,0.0,326.3,6.55,264.0,101490.0
1990-11-26 22:00:00+00:00,8.48,95.85,0.0,0.0,0.0,324.15,6.48,266.0,101470.0
1990-11-26 23:00:00+00:00,8.43,92.4,0.0,0.0,0.0,328.0,6.28,266.0,101480.0
1990-11-27 00:00:00+00:00,8.33,92.4,0.0,0.0,0.0,326.1,6.14,266.0,101460.0
1990-11-27 01:00:00+00:00,8.26,92.4,0.0,0.0,0.0,329.1,6.0,265.0,101440.0
1990-11-27 02:00:00+00:00,8.17,92.4,0.0,0.0,0.0,324.95,5.86,264.0,101430.0
1990-11-27 03:00:00+00:00,8.08,89.1,0.0,0.0,0.0,321.65,5.66,263.0,101400.0
1990-11-27 04:00:00+00:00,8.04,92.4,0.0,0.0,0.0,318.55,5.59,263.0,101400.0
1990-11-27 05:00:00+00:00,8.05,92.4,0.0,0.0,0.0,322.4,5.45,264.0,101380.0
1990-11-27 06:00:00+00:00,8.08,89.1,0.0,0.0,0.0,323.4,5.45,264.0,101390.0
1990-11-27 07:00:00+00:00,7.99,92.4,0.0,0.0,0.0,324.15,6.0,265.0,101400.0
1990-11-27 08:00:00+00:00,7.9,92.4,0.0,0.0,0.0,319.9,5.79,264.0,101430.0
1990-11-27 09:00:00+00:00,7.93,92.4,11.0,0.0,11.0,318.55,5.59,263.0,101460.0
1990-11-27 10:00:00+00:00,8.17,89.1,68.0,36.27,62.0,314.65,5.52,263.0,101470.0
1990-11-27 11:00:00+00:00,8.46,89.1,106.0,80.24,89.0,313.9,5.45,264.0,101480.0
1990-11-27 12:00:00+00:00,8.64,85.95,194.0,617.4,56.0,314.1,5.24,267.0,101470.0
1990-11-27 13:00:00+00:00,8.94,85.95,141.0,325.63,76.0,312.75,5.24,270.0,101450.0
1990-11-27 14:00:00+00:00,8.9,82.85,57.0,42.32,51.0,294.55,4.55,268.0,101450.0
1990-11-27 15:00:00+00:00,8.44,85.9,16.0,0.0,16.0,286.8,4.34,266.0,101440.0
1990-11-27 16:00:00+00:00,7.89,89.05,0.0,0.0,0.0,290.1,4.28,262.0,101470.0
1990-11-27 17:00:00+00:00,7.72,89.05,0.0,0.0,0.0,303.65,4.21,258.0,101500.0
1990-11-27 18:00:00+00:00,7.72,89.05,0.0,0.0,0.0,308.85,4.14,255.0,101540.0
1990-11-27 19:00:00+00:00,8.16,92.4,0.0,0.0,0.0,327.85,4.28,260.0,101550.0
1990-11-27 20:00:00+00:00,8.36,92.4,0.0,0.0,0.0,328.05,4.28,264.0,101570.0
1990-11-27 21:00:00+00:00,8.46,92.4,0.0,0.0,0.0,328.0,4.07,270.0,101570.0
1990-11-27 22:00:00+00:00,8.35,92.4,0.0,0.0,0.0,325.5,3.86,277.0,101600.0
1990-11-27 23:00:00+00:00,7.92,89.05,0.0,0.0,0.0,316.6,3.52,286.0,101640.0
1990-11-28 00:00:00+00:00,6.81,92.35,0.0,0.0,0.0,270.55,2.97,289.0,101650.0
1990-11-28 01:00:00+00:00,6.02,92.3,0.0,0.0,0.0,274.15,2.62,284.0,101670.0
1990-11-28 02:00:00+00:00,5.06,92.25,0.0,0.0,0.0,252.75,2.48,277.0,101690.0
1990-11-28 03:00:00+00:00,4.46,95.75,0.0,0.0,0.0,255.05,2.48,272.0,101700.0
1990-11-28 04:00:00+00:00,3.84,95.7,0.0,0.0,0.0,244.8,2.55,269.0,101710.0
1990-11-28 05:00:00+00:00,3.43,95.7,0.0,0.0,0.0,248.1,2.55,268.0,101720.0
1990-11-28 06:00:00+00:00,2.97,95.7,0.0,0.0,0.0,241.15,2.48,266.0,101750.0
1990-11-28 07:00:00+00:00,2.88,95.7,0.0,0.0,0.0,242.1,2.21,266.0,101750.0
1990-11-28 08:00:00+00:00,2.29,95.65,0.0,0.0,0.0,243.85,2.14,263.0,101810.0
1990-11-28 09:00:00+00:00,1.85,99.4,48.0,214.33,30.0,245.2,2.0,256.0,101860.0
1990-11-28 10:00:00+00:00,2.7,95.7,92.0,148.08,68.0,249.45,1.66,254.0,101870.0
1990-11-28 11:00:00+00:00,4.37,95.75,118.0,124.62,92.0,258.15,1.52,252.0,101870.0
1990-11-28 12:00:00+00:00,5.22,92.25,89.0,22.68,84.0,263.6,1.52,252.0,101790.0
1990-11-28 13:00:00+00:00,5.65,88.9,100.0,81.3,84.0,260.1,1.59,256.0,101720.0
1990-11-28 14:00:00+00:00,5.63,88.9,42.0,7.18,41.0,273.25,1.72,255.0,101670.0
1990-11-28 15:00:00+00:00,5.25,88.85,2.0,0.0,2.0,275.95,2.0,252.0,101650.0
1990-11-28 16:00:00+00:00,4.31,95.75,0.0,0.0,0.0,264.55,2.28,241.0,101600.0
1990-11-28 17:00:00+00:00,3.88,95.7,0.0,0.0,0.0,275.2,2.48,240.0,101600.0
1990-11-28 18:00:00+00:00,3.99,95.7,0.0,0.0,0.0,297.05,2.76,240.0,101570.0
1990-11-28 19:00:00+00:00,4.14,92.2,0.0,0.0,0.0,284.65,3.24,243.0,101520.0
1990-11-28 20:00:00+00:00,4.1,92.2,0.0,0.0,0.0,269.4,3.52,241.0,101440.0
1990-11-28 21:00:00+00:00,4.32,92.2,0.0,0.0,0.0,279.65,3.86,239.0,101340.0
1990-11-28 22:00:00+00:00,4.77,92.25,0.0,0.0,0.0,302.5,4.41,239.0,101240.0
1990-11-28 23:00:00+00:00,5.5,92.25,0.0,0.0,0.0,321.65,4.9,238.0,101130.0
1990-11-29 00:00:00+00:00,6.44,95.8,0.0,0.0,0.0,331.7,5.66,241.0,101010.0
1990-11-29 01:00:00+00:00,7.41,92.35,0.0,0.0,0.0,340.35,6.69,246.0,100840.0
1990-11-29 02:00:00+00:00,7.59,89.05,0.0,0.0,0.0,338.85,7.52,249.0,100680.0
1990-11-29 03:00:00+00:00,7.31,89.0,0.0,0.0,0.0,325.5,8.14,250.0,100520.0
1990-11-29 04:00:00+00:00,7.26,89.0,0.0,0.0,0.0,309.25,8.69,248.0,100360.0
1990-11-29 05:00:00+00:00,7.38,92.35,0.0,0.0,0.0,314.85,9.38,254.0,100200.0
1990-11-29 06:00:00+00:00,6.99,89.0,0.0,0.0,0.0,320.85,8.14,276.0,100200.0
1990-11-29 07:00:00+00:00,6.11,82.55,0.0,0.0,0.0,287.0,6.9,280.0,100190.0
1990-11-29 08:00:00+00:00,5.33,82.4,0.0,0.0,0.0,259.7,6.62,278.0,100240.0
1990-11-29 09:00:00+00:00,4.81,82.35,45.0,210.8,28.0,242.65,6.62,277.0,100280.0
1990-11-29 10:00:00+00:00,4.9,79.3,120.0,434.46,51.0,243.45,6.76,276.0,100290.0
1990-11-29 11:00:00+00:00,5.33,79.35,177.0,593.63,55.0,246.95,6.9,276.0,100300.0
1990-11-29 12:00:00+00:00,5.81,73.65,134.0,179.27,95.0,251.75,7.1,278.0,100250.0
1990-11-29 13:00:00+00:00,6.01,73.65,156.0,499.71,59.0,246.35,6.97,279.0,100200.0
1990-11-29 14:00:00+00:00,6.03,73.65,102.0,445.94,41.0,251.4,6.97,282.0,100170.0
1990-11-29 15:00:00+00:00,5.74,70.85,14.0,0.0,14.0,246.55,6.76,283.0,100210.0
1990-11-29 16:00:00+00:00,5.4,70.8,0.0,0.0,0.0,253.7,6.62,285.0,100220.0
1990-11-29 17:00:00+00:00,5.05,70.8,0.0,0.0,0.0,240.35,6.48,285.0,100270.0
1990-11-29 18:00:00+00:00,4.87,73.45,0.0,0.0,0.0,239.0,6.41,287.0,100300.0
1990-11-29 19:00:00+00:00,4.91,70.7,0.0,0.0,0.0,239.2,6.34,290.0,100380.0
1990-11-29 20:00:00+00:00,4.77,70.7,0.0,0.0,0.0,239.2,6.14,288.0,100420.0
1990-11-29 21:00:00+00:00,4.67,73.45,0.0,0.0,0.0,242.85,6.0,290.0,100510.0
1990-11-29 22:00:00+00:00,4.55,73.45,0.0,0.0,0.0,245.75,5.59,294.0,100590.0
1990-11-29 23:00:00+00:00,4.43,76.25,0.0,0.0,0.0,254.5,5.17,300.0,100690.0
1990-11-30 00:00:00+00:00,4.11,76.25,0.0,0.0,0.0,248.1,4.76,303.0,100740.0
1990-11-30 01:00:00+00:00,3.58,76.15,0.0,0.0,0.0,240.45,4.21,302.0,100770.0
1990-11-30 02:00:00+00:00,3.25,82.2,0.0,0.0,0.0,242.5,3.72,299.0,100840.0
1990-11-30 03:00:00+00:00,2.97,85.35,0.0,0.0,0.0,240.35,3.52,296.0,100920.0
1990-11-30 04:00:00+00:00,2.66,85.35,0.0,0.0,0.0,240.15,2.97,286.0,100960.0
1990-11-30 05:00:00+00:00,2.34,88.65,0.0,0.0,0.0,241.15,2.97,277.0,101000.0
1990-11-30 06:00:00+00:00,2.16,88.65,0.0,0.0,0.0,241.9,2.97,268.0,101030.0
1990-11-30 07:00:00+00:00,2.3,88.65,0.0,0.0,0.0,245.2,3.17,272.0,101060.0
1990-11-30 08:00:00+00:00,2.19,88.65,0.0,0.0,0.0,245.2,3.1,266.0,101100.0
1990-11-30 09:00:00+00:00,2.21,88.65,26.0,25.84,24.0,245.2,3.17,261.0,101130.0
1990-11-30 10:00:00+00:00,3.0,88.65,58.0,25.7,54.0,258.95,3.31,255.0,101140.0
1990-11-30 11:00:00+00:00,4.17,82.3,102.0,79.01,86.0,279.45,3.38,253.0,101120.0
1990-11-30 12:00:00+00:00,4.9,79.3,42.0,0.0,42.0,299.55,3.66,256.0,101110.0
1990-11-30 13:00:00+00:00,5.38,79.35,82.0,36.55,75.0,305.95,3.72,254.0,101050.0
1990-11-30 14:00:00+00:00,5.79,79.4,59.0,59.49,51.0,302.85,4.28,259.0,101040.0
1990-11-30 15:00:00+00:00,6.0,82.5,14.0,0.0,14.0,282.55,4.48,256.0,101010.0
1990-11-30 16:00:00+00:00,5.48,93.02,0.0,0.0,0.0,271.07,4.32,253.0,100990.0
1990-11-30 17:00:00+00:00,5.82,92.51,0.0,0.0,0.0,275.66,4.65,258.0,101020.0
1990-11-30 18:00:00+00:00,6.16,92.0,0.0,0.0,0.0,280.26,4.97,264.0,101080.0
1990-11-30 19:00:00+00:00,6.5,91.48,0.0,0.0,0.0,284.85,5.29,260.0,101020.0
1990-11-30 20:00:00+00:00,6.84,90.97,0.0,0.0,0.0,289.44,5.61,257.0,101000.0
1990-11-30 21:00:00+00:00,7.18,90.46,0.0,0.0,0.0,294.03,5.93,257.0,100960.0
1990-11-30 22:00:00+00:00,7.52,89.94,0.0,0.0,0.0,298.62,6.25,262.0,100990.0
1990-11-30 23:00:00+00:00,7.86,89.43,0.0,0.0,0.0,303.21,6.58,265.0,101030.0
1990-12-01 00:00:00+00:00,8.2,88.92,0.0,0.0,0.0,307.81,6.9,192.0,98490.0
1990-12-01 01:00:00+00:00,8.55,88.4,0.0,0.0,0.0,312.4,7.22,190.0,98420.0
1990-12-01 02:00:00+00:00,8.89,87.89,0.0,0.0,0.0,316.99,7.54,188.0,98300.0
1990-12-01 03:00:00+00:00,9.23,87.38,0.0,0.0,0.0,321.58,7.86,195.0,98230.0
1990-12-01 04:00:00+00:00,9.57,86.86,0.0,0.0,0.0,326.17,8.19,211.0,98230.0
1990-12-01 05:00:00+00:00,9.91,86.35,0.0,0.0,0.0,330.76,8.51,219.0,98280.0
1990-12-01 06:00:00+00:00,10.25,85.84,0.0,0.0,0.0,335.36,8.83,222.0,98360.0
1990-12-01 07:00:00+00:00,10.59,85.32,0.0,0.0,0.0,339.95,9.15,240.0,98690.0
1990-12-01 08:00:00+00:00,7.15,82.65,0.0,0.0,0.0,283.5,6.83,243.0,98900.0
1990-12-01 09:00:00+00:00,6.7,82.6,38.0,161.59,26.0,257.4,5.52,239.0,99070.0
1990-12-01 10:00:00+00:00,6.7,85.75,109.0,366.95,53.0,245.0,4.62,234.0,99150.0
1990-12-01 11:00:00+00:00,6.99,82.65,138.0,295.59,79.0,241.15,3.93,223.0,99190.0
1990-12-01 12:00:00+00:00,7.27,82.65,112.0,99.04,91.0,252.95,4.07,206.0,99200.0
1990-12-01 13:00:00+00:00,7.23,79.65,55.0,0.0,55.0,253.3,3.79,193.0,99110.0
1990-12-01 14:00:00+00:00,7.08,79.65,34.0,0.0,34.0,255.85,3.79,179.0,99040.0
1990-12-01 15:00:00+00:00,6.83,79.55,3.0,0.0,3.0,258.35,4.14,169.0,98920.0
1990-12-01 16:00:00+00:00,6.6,79.55,0.0,0.0,0.0,256.2,4.48,164.0,98800.0
1990-12-01 17:00:00+00:00,6.8,85.75,0.0,0.0,0.0,255.85,5.24,159.0,98630.0
1990-12-01 18:00:00+00:00,7.62,82.7,0.0,0.0,0.0,291.85,6.48,166.0,98460.0
1990-12-01 19:00:00+00:00,8.2,82.75,0.0,0.0,0.0,311.55,7.72,179.0,98400.0
1990-12-01 20:00:00+00:00,8.7,82.85,0.0,0.0,0.0,326.65,8.07,192.0,98340.0
1990-12-01 21:00:00+00:00,8.35,82.75,0.0,0.0,0.0,300.75,7.72,205.0,98340.0
1990-12-01 22:00:00+00:00,7.61,82.7,0.0,0.0,0.0,276.55,6.9,212.0,98370.0
1990-12-01 23:00:00+00:00,7.08,82.65,0.0,0.0,0.0,274.8,6.48,218.0,98400.0
1990-12-02 00:00:00+00:00,6.64,82.6,0.0,0.0,0.0,282.55,5.79,222.0,98440.0
1990-12-02 01:00:00+00:00,6.33,82.55,0.0,0.0,0.0,271.45,5.38,219.0,98480.0
1990-12-02 02:00:00+00:00,6.01,82.55,0.0,0.0,0.0,262.2,5.45,216.0,98480.0
1990-12-02 03:00:00+00:00,5.75,82.5,0.0,0.0,0.0,257.75,5.59,215.0,98510.0
1990-12-02 04:00:00+00:00,5.45,82.4,0.0,0.0,0.0,247.7,5.66,213.0,98480.0
1990-12-02 05:00:00+00:00,5.36,82.4,0.0,0.0,0.0,247.15,5.86,210.0,98460.0
1990-12-02 06:00:00+00:00,5.47,79.4,0.0,0.0,0.0,250.8,6.14,208.0,98430.0
1990-12-02 07:00:00+00:00,5.75,76.5,0.0,0.0,0.0,251.6,6.48,209.0,98390.0
1990-12-02 08:00:00+00:00,6.0,76.55,0.0,0.0,0.0,253.9,6.48,207.0,98360.0
1990-12-02 09:00:00+00:00,6.22,76.55,36.0,154.46,25.0,249.65,6.28,207.0,98330.0
1990-12-02 10:00:00+00:00,6.72,76.65,10.0,0.0,10.0,256.8,6.21,207.0,98270.0
1990-12-02 11:00:00+00:00,7.2,76.7,118.0,162.59,86.0,251.6,6.48,206.0,98240.0
1990-12-02 12:00:00+00:00,7.37,79.65,164.0,439.22,72.0,263.95,6.76,206.0,98160.0
1990-12-02 13:00:00+00:00,7.22,79.65,155.0,551.56,52.0,260.65,6.76,207.0,98110.0
1990-12-02 14:00:00+00:00,7.2,79.65,80.0,222.73,51.0,293.4,6.9,214.0,98060.0
1990-12-02 15:00:00+00:00,6.83,82.6,11.0,0.0,11.0,264.75,5.86,215.0,98030.0
1990-12-02 16:00:00+00:00,6.65,82.6,0.0,0.0,0.0,275.6,5.45,213.0,98050.0
1990-12-02 17:00:00+00:00,6.58,82.6,0.0,0.0,0.0,282.15,5.03,205.0,98000.0
1990-12-02 18:00:00+00:00,6.41,85.7,0.0,0.0,0.0,264.15,5.1,199.0,97960.0
1990-12-02 19:00:00+00:00,6.8,82.6,0.0,0.0,0.0,287.0,5.31,191.0,97860.0
1990-12-02 20:00:00+00:00,6.92,82.6,0.0,0.0,0.0,292.6,5.52,183.0,97710.0
1990-12-02 21:00:00+00:00,6.99,79.65,0.0,0.0,0.0,294.15,5.72,175.0,97560.0
1990-12-02 22:00:00+00:00,6.93,85.75,0.0,0.0,0.0,288.75,6.28,170.0,97360.0
1990-12-02 23:00:00+00:00,7.05,85.8,0.0,0.0,0.0,323.0,7.17,170.0,97160.0
1990-12-03 00:00:00+00:00,7.24,89.0,0.0,0.0,0.0,333.05,7.72,168.0,96890.0
1990-12-03 01:00:00+00:00,7.6,85.85,0.0,0.0,0.0,333.55,8.0,166.0,96630.0
1990-12-03 02:00:00+00:00,8.1,85.9,0.0,0.0,0.0,340.0,9.24,170.0,96350.0
1990-12-03 03:00:00+00:00,8.37,85.9,0.0,0.0,0.0,339.85,9.59,169.0,96120.0
1990-12-03 04:00:00+00:00,8.31,85.9,0.0,0.0,0.0,337.9,10.48,166.0,95790.0
1990-12-03 05:00:00+00:00,8.58,82.85,0.0,0.0,0.0,339.65,11.1,169.0,95520.0
1990-12-03 06:00:00+00:00,8.9,85.95,0.0,0.0,0.0,343.5,10.62,180.0,95410.0
1990-12-03 07:00:00+00:00,7.17,79.65,0.0,0.0,0.0,300.55,10.07,199.0,95350.0
1990-12-03 08:00:00+00:00,6.21,82.55,0.0,0.0,0.0,297.05,8.07,198.0,95400.0
1990-12-03 09:00:00+00:00,5.99,82.55,41.0,307.61,20.0,283.9,7.86,203.0,95470.0
1990-12-03 10:00:00+00:00,6.17,82.55,86.0,183.9,59.0,269.75,7.38,202.0,95520.0
1990-12-03 11:00:00+00:00,6.4,79.5,139.0,339.97,73.0,260.1,7.79,194.0,95450.0
1990-12-03 12:00:00+00:00,5.72,85.65,75.0,14.49,72.0,293.95,8.69,189.0,95320.0
1990-12-03 13:00:00+00:00,5.77,88.9,13.0,0.0,13.0,316.2,9.03,192.0,95190.0
1990-12-03 14:00:00+00:00,6.67,82.6,82.0,280.69,46.0,308.85,8.34,197.0,95090.0
1990-12-03 15:00:00+00:00,6.84,85.75,10.0,0.0,10.0,312.35,8.9,201.0,94960.0
1990-12-03 16:00:00+00:00,6.72,89.0,0.0,0.0,0.0,312.55,9.93,218.0,94980.0
1990-12-03 17:00:00+00:00,6.83,89.0,0.0,0.0,0.0,325.9,10.48,232.0,95180.0
1990-12-03 18:00:00+00:00,6.93,85.75,0.0,0.0,0.0,322.2,9.03,234.0,95380.0
1990-12-03 19:00:00+00:00,6.92,89.0,0.0,0.0,0.0,304.4,9.38,237.0,95430.0
1990-12-03 20:00:00+00:00,7.08,82.65,0.0,0.0,0.0,314.85,10.34,232.0,95510.0
1990-12-03 21:00:00+00:00,7.02,76.7,0.0,0.0,0.0,293.6,10.62,229.0,95640.0
1990-12-03 22:00:00+00:00,6.51,76.65,0.0,0.0,0.0,275.4,10.41,225.0,95770.0
1990-12-03 23:00:00+00:00,6.38,76.55,0.0,0.0,0.0,285.65,10.48,226.0,95820.0
1990-12-04 00:00:00+00:00,6.12,73.7,0.0,0.0,0.0,258.55,10.34,228.0,95850.0
1990-12-04 01:00:00+00:00,6.01,73.7,0.0,0.0,0.0,255.15,10.41,228.0,95840.0
1990-12-04 02:00:00+00:00,5.99,76.55,0.0,0.0,0.0,266.65,10.69,228.0,95830.0
1990-12-04 03:00:00+00:00,5.96,82.5,0.0,0.0,0.0,277.9,11.03,231.0,95830.0
1990-12-04 04:00:00+00:00,6.0,82.55,0.0,0.0,0.0,299.75,11.1,232.0,95840.0
1990-12-04 05:00:00+00:00,6.26,82.55,0.0,0.0,0.0,292.2,11.03,235.0,95880.0
1990-12-04 06:00:00+00:00,6.57,79.55,0.0,0.0,0.0,293.0,11.03,237.0,95940.0
1990-12-04 07:00:00+00:00,6.96,82.6,0.0,0.0,0.0,298.8,11.24,239.0,95870.0
1990-12-04 08:00:00+00:00,7.19,79.65,0.0,0.0,0.0,300.35,11.24,243.0,95970.0
1990-12-04 09:00:00+00:00,7.24,76.7,31.0,137.56,22.0,268.8,10.97,244.0,96070.0
1990-12-04 10:00:00+00:00,7.5,73.95,98.0,312.31,53.0,259.7,10.97,245.0,96200.0
1990-12-04 11:00:00+00:00,7.84,71.25,121.0,203.58,82.0,264.35,11.72,247.0,96340.0
1990-12-04 12:00:00+00:00,7.97,71.25,169.0,537.49,59.0,256.6,11.17,247.0,96440.0
1990-12-04 13:00:00+00:00,7.88,73.95,118.0,235.7,75.0,259.7,10.07,245.0,96560.0
1990-12-04 14:00:00+00:00,7.61,73.95,94.0,450.85,37.0,254.3,9.24,243.0,96630.0
1990-12-04 15:00:00+00:00,7.32,76.7,11.0,0.0,11.0,259.5,7.79,236.0,96710.0
1990-12-04 16:00:00+00:00,6.91,79.55,0.0,0.0,0.0,265.1,6.97,233.0,96710.0
1990-12-04 17:00:00+00:00,6.89,82.6,0.0,0.0,0.0,288.15,6.14,231.0,96690.0
1990-12-04 18:00:00+00:00,7.0,82.65,0.0,0.0,0.0,291.65,5.52,226.0,96630.0
1990-12-04 19:00:00+00:00,7.6,85.85,0.0,0.0,0.0,308.3,4.97,216.0,96450.0
1990-12-04 20:00:00+00:00,7.97,89.05,0.0,0.0,0.0,314.85,4.48,208.0,96330.0
1990-12-04 21:00:00+00:00,7.95,89.05,0.0,0.0,0.0,291.45,3.93,206.0,96270.0
1990-12-04 22:00:00+00:00,8.74,89.1,0.0,0.0,0.0,340.0,4.41,202.0,96210.0
1990-12-04 23:00:00+00:00,9.84,92.45,0.0,0.0,0.0,346.2,5.59,220.0,96170.0
1990-12-05 00:00:00+00:00,10.09,89.2,0.0,0.0,0.0,343.9,4.69,228.0,96110.0
1990-12-05 01:00:00+00:00,9.72,95.85,0.0,0.0,0.0,345.15,3.31,234.0,96070.0
1990-12-05 02:00:00+00:00,9.21,92.45,0.0,0.0,0.0,346.6,3.52,235.0,96060.0
1990-12-05 03:00:00+00:00,9.11,89.15,0.0,0.0,0.0,339.65,4.76,229.0,96070.0
1990-12-05 04:00:00+00:00,8.75,85.95,0.0,0.0,0.0,329.55,5.31,229.0,96010.0
1990-12-05 05:00:00+00:00,7.94,85.85,0.0,0.0,0.0,281.0,5.66,223.0,96040.0
1990-12-05 06:00:00+00:00,7.33,82.65,0.0,0.0,0.0,282.55,5.66,223.0,96020.0
1990-12-05 07:00:00+00:00,6.56,82.6,0.0,0.0,0.0,260.65,5.1,224.0,95990.0
1990-12-05 08:00:00+00:00,6.22,85.7,0.0,0.0,0.0,260.3,4.76,224.0,95990.0
1990-12-05 09:00:00+00:00,6.03,85.7,25.0,63.81,21.0,267.85,4.48,220.0,96010.0
1990-12-05 10:00:00+00:00,6.36,88.95,94.0,289.83,53.0,277.9,4.34,216.0,96010.0
1990-12-05 11:00:00+00:00,6.74,85.75,138.0,354.26,71.0,267.65,4.83,218.0,96040.0
1990-12-05 12:00:00+00:00,7.06,85.8,140.0,286.52,82.0,285.85,4.97,225.0,96070.0
1990-12-05 13:00:00+00:00,7.04,82.65,90.0,83.12,75.0,280.6,5.31,227.0,96070.0
1990-12-05 14:00:00+00:00,6.88,85.75,83.0,320.7,43.0,270.95,5.24,228.0,96090.0
1990-12-05 15:00:00+00:00,6.61,85.75,9.0,0.0,9.0,279.05,3.79,223.0,96090.0
1990-12-05 16:00:00+00:00,5.98,85.7,0.0,0.0,0.0,270.35,3.17,210.0,96090.0
1990-12-05 17:00:00+00:00,5.62,88.9,0.0,0.0,0.0,279.65,2.76,202.0,96110.0
1990-12-05 18:00:00+00:00,5.28,92.25,0.0,0.0,0.0,284.65,2.21,208.0,96130.0
1990-12-05 19:00:00+00:00,4.95,95.75,0.0,0.0,0.0,279.45,2.97,222.0,96110.0
1990-12-05 20:00:00+00:00,4.73,92.25,0.0,0.0,0.0,269.75,3.24,227.0,96130.0
1990-12-05 21:00:00+00:00,4.67,92.25,0.0,0.0,0.0,266.5,3.79,233.0,96190.0
1990-12-05 22:00:00+00:00,4.71,92.25,0.0,0.0,0.0,264.15,4.34,235.0,96270.0
1990-12-05 23:00:00+00:00,4.91,92.25,0.0,0.0,0.0,269.6,4.97,236.0,96320.0
1990-12-06 00:00:00+00:00,5.07,92.25,0.0,0.0,0.0,265.9,5.45,236.0,96320.0
1990-12-06 01:00:00+00:00,5.3,92.25,0.0,0.0,0.0,261.55,5.79,238.0,96380.0
1990-12-06 02:00:00+00:00,5.61,88.9,0.0,0.0,0.0,272.5,5.79,246.0,96450.0
1990-12-06 03:00:00+00:00,5.65,88.9,0.0,0.0,0.0,264.75,5.66,258.0,96570.0
1990-12-06 04:00:00+00:00,5.46,92.25,0.0,0.0,0.0,266.85,5.45,266.0,96690.0
1990-12-06 05:00:00+00:00,5.03,88.85,0.0,0.0,0.0,256.2,5.24,267.0,96840.0
1990-12-06 06:00:00+00:00,4.64,88.85,0.0,0.0,0.0,253.3,5.17,267.0,96970.0
1990-12-06 07:00:00+00:00,4.33,92.2,0.0,0.0,0.0,240.55,4.48,265.0,97150.0
1990-12-06 08:00:00+00:00,4.01,88.8,0.0,0.0,0.0,242.85,4.34,263.0,97270.0
1990-12-06 09:00:00+00:00,3.8,92.15,30.0,166.53,20.0,240.55,4.28,260.0,97420.0
1990-12-06 10:00:00+00:00,4.15,88.8,112.0,539.75,37.0,239.4,4.34,258.0,97530.0
1990-12-06 11:00:00+00:00,4.78,88.85,161.0,604.92,48.0,236.85,4.41,256.0,97610.0
1990-12-06 12:00:00+00:00,5.41,88.85,178.0,648.93,48.0,239.0,4.14,253.0,97640.0
1990-12-06 13:00:00+00:00,5.8,85.65,151.0,582.24,47.0,249.25,4.55,253.0,97690.0
1990-12-06 14:00:00+00:00,5.76,82.5,70.0,178.64,48.0,252.15,4.62,251.0,97730.0
1990-12-06 15:00:00+00:00,5.36,85.6,10.0,0.0,10.0,243.65,4.34,245.0,97780.0
1990-12-06 16:00:00+00:00,4.67,85.55,0.0,0.0,0.0,241.7,4.07,235.0,97790.0
1990-12-06 17:00:00+00:00,4.21,85.5,0.0,0.0,0.0,241.9,3.79,223.0,97790.0
1990-12-06 18:00:00+00:00,3.9,88.75,0.0,0.0,0.0,245.2,3.52,210.0,97760.0
1990-12-06 19:00:00+00:00,3.89,88.75,0.0,0.0,0.0,247.3,3.17,195.0,97670.0
1990-12-06 20:00:00+00:00,3.77,92.15,0.0,0.0,0.0,251.75,3.24,177.0,97530.0
1990-12-06 21:00:00+00:00,3.95,92.15,0.0,0.0,0.0,263.6,4.07,168.0,97380.0
1990-12-06 22:00:00+00:00,4.22,92.2,0.0,0.0,0.0,291.65,4.69,167.0,97190.0
1990-12-06 23:00:00+00:00,3.79,95.7,0.0,0.0,0.0,312.75,4.9,154.0,96970.0
1990-12-07 00:00:00+00:00,3.58,95.7,0.0,0.0,0.0,321.85,5.86,152.0,96690.0
1990-12-07 01:00:00+00:00,3.88,95.7,0.0,0.0,0.0,323.9,5.72,158.0,96450.0
1990-12-07 02:00:00+00:00,5.07,92.25,0.0,0.0,0.0,324.95,5.66,176.0,96230.0
1990-12-07 03:00:00+00:00,6.8,95.8,0.0,0.0,0.0,337.9,5.03,191.0,96070.0
1990-12-07 04:00:00+00:00,7.15,89.0,0.0,0.0,0.0,313.9,5.45,202.0,95950.0
1990-12-07 05:00:00+00:00,6.65,89.0,0.0,0.0,0.0,294.75,5.72,208.0,95850.0
1990-12-07 06:00:00+00:00,6.14,85.7,0.0,0.0,0.0,292.05,5.59,210.0,95760.0
1990-12-07 07:00:00+00:00,5.74,85.65,0.0,0.0,0.0,291.05,5.38,209.0,95590.0
1990-12-07 08:00:00+00:00,5.19,85.6,0.0,0.0,0.0,280.05,5.52,208.0,95530.0
1990-12-07 09:00:00+00:00,5.06,85.6,28.0,156.47,19.0,284.5,5.59,206.0,95440.0
1990-12-07 10:00:00+00:00,5.22,85.6,77.0,161.11,55.0,262.6,5.52,206.0,95350.0
1990-12-07 11:00:00+00:00,5.47,85.65,95.0,92.1,78.0,265.9,5.52,209.0,95270.0
1990-12-07 12:00:00+00:00,5.87,85.65,97.0,70.58,83.0,284.3,5.38,215.0,95210.0
1990-12-07 13:00:00+00:00,6.2,82.55,29.0,0.0,29.0,302.5,4.9,221.0,95180.0
1990-12-07 14:00:00+00:00,6.27,82.55,31.0,0.0,31.0,299.95,4.34,221.0,95160.0
1990-12-07 15:00:00+00:00,6.1,82.55,8.0,0.0,8.0,302.3,4.14,218.0,95150.0
1990-12-07 16:00:00+00:00,5.96,85.65,0.0,0.0,0.0,314.65,4.07,216.0,95170.0
1990-12-07 17:00:00+00:00,5.7,85.65,0.0,0.0,0.0,296.5,3.79,210.0,95150.0
1990-12-07 18:00:00+00:00,5.27,88.85,0.0,0.0,0.0,276.55,3.86,204.0,95190.0
1990-12-07 19:00:00+00:00,5.7,88.9,0.0,0.0,0.0,300.75,4.41,218.0,95170.0
1990-12-07 20:00:00+00:00,5.66,88.9,0.0,0.0,0.0,293.0,4.69,224.0,95230.0
1990-12-07 21:00:00+00:00,5.59,88.9,0.0,0.0,0.0,279.65,4.97,228.0,95270.0
1990-12-07 22:00:00+00:00,5.64,88.9,0.0,0.0,0.0,284.1,5.1,232.0,95340.0
1990-12-07 23:00:00+00:00,5.47,88.9,0.0,0.0,0.0,271.9,4.97,235.0,95390.0
1990-12-08 00:00:00+00:00,5.6,92.3,0.0,0.0,0.0,296.3,4.9,240.0,95450.0
1990-12-08 01:00:00+00:00,5.54,92.3,0.0,0.0,0.0,289.45,5.03,247.0,95550.0
1990-12-08 02:00:00+00:00,5.15,92.25,0.0,0.0,0.0,271.7,5.38,255.0,95660.0
1990-12-08 03:00:00+00:00,4.65,88.85,0.0,0.0,0.0,257.75,5.66,258.0,95790.0
1990-12-08 04:00:00+00:00,4.3,88.8,0.0,0.0,0.0,255.65,5.93,259.0,95900.0
1990-12-08 05:00:00+00:00,3.93,88.75,0.0,0.0,0.0,243.25,5.86,260.0,96010.0
1990-12-08 06:00:00+00:00,3.68,88.75,0.0,0.0,0.0,245.4,5.52,261.0,96120.0
1990-12-08 07:00:00+00:00,3.95,88.75,0.0,0.0,0.0,256.4,5.03,266.0,96230.0
1990-12-08 08:00:00+00:00,3.63,88.75,0.0,0.0,0.0,252.75,4.62,270.0,96340.0
1990-12-08 09:00:00+00:00,3.32,92.15,17.0,18.15,16.0,250.6,4.0,271.0,96450.0
1990-12-08 10:00:00+00:00,3.57,88.75,63.0,74.48,53.0,251.6,3.59,268.0,96580.0
1990-12-08 11:00:00+00:00,4.15,88.8,89.0,71.23,76.0,252.35,3.38,264.0,96660.0
1990-12-08 12:00:00+00:00,4.66,88.85,171.0,615.78,50.0,247.9,3.45,263.0,96740.0
1990-12-08 13:00:00+00:00,4.95,88.85,127.0,359.36,64.0,243.25,3.59,265.0,96800.0
1990-12-08 14:00:00+00:00,4.89,85.55,73.0,232.59,45.0,239.2,3.66,269.0,96870.0
1990-12-08 15:00:00+00:00,4.39,88.8,9.0,0.0,9.0,234.95,3.66,270.0,96910.0
1990-12-08 16:00:00+00:00,3.72,88.75,0.0,0.0,0.0,232.8,3.72,269.0,96990.0
1990-12-08 17:00:00+00:00,3.39,92.15,0.0,0.0,0.0,234.75,3.79,268.0,97050.0
1990-12-08 18:00:00+00:00,3.18,88.7,0.0,0.0,0.0,234.15,3.86,268.0,97140.0
1990-12-08 19:00:00+00:00,3.08,88.7,0.0,0.0,0.0,234.95,4.0,271.0,97330.0
1990-12-08 20:00:00+00:00,2.9,92.15,0.0,0.0,0.0,233.2,4.14,273.0,97460.0
1990-12-08 21:00:00+00:00,2.71,88.65,0.0,0.0,0.0,232.6,4.14,273.0,97570.0
1990-12-08 22:00:00+00:00,2.56,88.65,0.0,0.0,0.0,233.6,4.14,272.0,97670.0
1990-12-08 23:00:00+00:00,2.42,92.1,0.0,0.0,0.0,232.6,4.14,270.0,97780.0
1990-12-09 00:00:00+00:00,2.3,92.1,0.0,0.0,0.0,234.15,4.21,269.0,97870.0
1990-12-09 01:00:00+00:00,2.15,88.65,0.0,0.0,0.0,231.55,4.34,267.0,97990.0
1990-12-09 02:00:00+00:00,2.04,88.65,0.0,0.0,0.0,229.5,4.48,265.0,98100.0
1990-12-09 03:00:00+00:00,2.0,88.65,0.0,0.0,0.0,228.15,4.62,265.0,98190.0
1990-12-09 04:00:00+00:00,2.0,88.65,0.0,0.0,0.0,228.75,4.55,263.0,98270.0
1990-12-09 05:00:00+00:00,2.01,92.1,0.0,0.0,0.0,228.95,4.55,260.0,98350.0
1990-12-09 06:00:00+00:00,2.07,92.1,0.0,0.0,0.0,230.5,4.62,258.0,98420.0
1990-12-09 07:00:00+00:00,2.42,92.1,0.0,0.0,0.0,234.95,4.97,258.0,98570.0
1990-12-09 08:00:00+00:00,2.38,92.1,0.0,0.0,0.0,232.4,4.9,258.0,98690.0
1990-12-09 09:00:00+00:00,2.32,92.1,25.0,151.55,17.0,232.2,4.97,257.0,98830.0
1990-12-09 10:00:00+00:00,2.73,92.15,108.0,560.16,34.0,234.15,5.03,258.0,98920.0
1990-12-09 11:00:00+00:00,3.35,88.7,158.0,631.47,44.0,232.05,5.03,260.0,99010.0
1990-12-09 12:00:00+00:00,3.83,88.75,175.0,662.32,46.0,235.3,5.03,263.0,99100.0
1990-12-09 13:00:00+00:00,4.1,82.3,126.0,345.13,66.0,268.6,5.45,267.0,99190.0
1990-12-09 14:00:00+00:00,4.06,82.3,75.0,251.7,45.0,264.15,4.76,266.0,99290.0
1990-12-09 15:00:00+00:00,3.79,85.45,10.0,0.0,10.0,258.55,4.55,266.0,99400.0
1990-12-09 16:00:00+00:00,3.37,88.7,0.0,0.0,0.0,256.8,4.55,264.0,99550.0
1990-12-09 17:00:00+00:00,2.97,88.7,0.0,0.0,0.0,238.8,4.48,263.0,99690.0
1990-12-09 18:00:00+00:00,2.64,92.15,0.0,0.0,0.0,231.85,4.07,257.0,99760.0
1990-12-09 19:00:00+00:00,2.18,88.65,0.0,0.0,0.0,229.5,3.79,250.0,99840.0
1990-12-09 20:00:00+00:00,2.06,85.3,0.0,0.0,0.0,228.35,3.79,250.0,99970.0
1990-12-09 21:00:00+00:00,1.92,88.6,0.0,0.0,0.0,228.15,3.59,241.0,99980.0
1990-12-09 22:00:00+00:00,1.85,88.6,0.0,0.0,0.0,229.15,3.52,230.0,99990.0
1990-12-09 23:00:00+00:00,1.91,88.6,0.0,0.0,0.0,231.65,3.59,221.0,100000.0
1990-12-10 00:00:00+00:00,2.1,85.3,0.0,0.0,0.0,236.1,3.79,211.0,99960.0
1990-12-10 01:00:00+00:00,2.57,85.35,0.0,0.0,0.0,253.45,4.55,206.0,99910.0
1990-12-10 02:00:00+00:00,3.1,85.4,0.0,0.0,0.0,264.35,5.31,206.0,99870.0
1990-12-10 03:00:00+00:00,3.72,82.25,0.0,0.0,0.0,275.2,6.07,201.0,99760.0
1990-12-10 04:00:00+00:00,4.31,85.5,0.0,0.0,0.0,289.9,6.97,199.0,99600.0
1990-12-10 05:00:00+00:00,4.8,85.55,0.0,0.0,0.0,312.55,7.59,200.0,99470.0
1990-12-10 06:00:00+00:00,5.0,85.6,0.0,0.0,0.0,317.4,7.79,200.0,99340.0
1990-12-10 07:00:00+00:00,5.47,88.9,0.0,0.0,0.0,321.05,7.86,197.0,99230.0
1990-12-10 08:00:00+00:00,6.16,88.95,0.0,0.0,0.0,328.2,8.0,197.0,99110.0
1990-12-10 09:00:00+00:00,6.84,92.35,7.0,0.0,7.0,329.95,8.9,200.0,98960.0
1990-12-10 10:00:00+00:00,7.5,89.05,31.0,0.0,31.0,335.4,9.24,201.0,98860.0
1990-12-10 11:00:00+00:00,8.03,85.9,36.0,0.0,36.0,339.85,9.52,202.0,98730.0
1990-12-10 12:00:00+00:00,8.54,85.95,32.0,0.0,32.0,342.75,9.45,206.0,98610.0
1990-12-10 13:00:00+00:00,8.95,89.1,43.0,0.0,43.0,347.95,9.03,209.0,98470.0
1990-12-10 14:00:00+00:00,9.3,89.15,33.0,8.47,32.0,350.3,8.62,211.0,98350.0
1990-12-10 15:00:00+00:00,9.62,92.45,7.0,0.0,7.0,353.0,8.41,213.0,98240.0
1990-12-10 16:00:00+00:00,10.02,89.2,0.0,0.0,0.0,355.3,8.76,215.0,98160.0
1990-12-10 17:00:00+00:00,10.52,89.25,0.0,0.0,0.0,356.3,9.03,219.0,98090.0
1990-12-10 18:00:00+00:00,11.03,89.3,0.0,0.0,0.0,359.4,9.31,221.0,98020.0
1990-12-10 19:00:00+00:00,11.37,92.55,0.0,0.0,0.0,362.5,9.59,222.0,97940.0
1990-12-10 20:00:00+00:00,11.55,89.3,0.0,0.0,0.0,362.3,9.52,223.0,97920.0
1990-12-10 21:00:00+00:00,11.68,89.3,0.0,0.0,0.0,364.6,9.31,224.0,97900.0
1990-12-10 22:00:00+00:00,11.65,89.3,0.0,0.0,0.0,357.85,8.83,221.0,97860.0
1990-12-10 23:00:00+00:00,11.51,92.55,0.0,0.0,0.0,359.4,8.41,218.0,97790.0
1990-12-11 00:00:00+00:00,11.25,92.55,0.0,0.0,0.0,362.5,7.93,220.0,97720.0
1990-12-11 01:00:00+00:00,10.88,95.9,0.0,0.0,0.0,361.25,7.03,240.0,97740.0
1990-12-11 02:00:00+00:00,9.67,89.15,0.0,0.0,0.0,354.95,7.1,260.0,97820.0
1990-12-11 03:00:00+00:00,8.35,85.9,0.0,0.0,0.0,345.05,6.83,246.0,97850.0
1990-12-11 04:00:00+00:00,7.86,89.05,0.0,0.0,0.0,339.65,7.17,240.0,97790.0
1990-12-11 05:00:00+00:00,7.03,82.65,0.0,0.0,0.0,331.7,7.79,255.0,97860.0
1990-12-11 06:00:00+00:00,5.94,82.5,0.0,0.0,0.0,300.15,7.24,252.0,97970.0
1990-12-11 07:00:00+00:00,5.77,82.5,0.0,0.0,0.0,296.5,7.03,247.0,97970.0
1990-12-11 08:00:00+00:00,5.05,79.35,0.0,0.0,0.0,271.5,7.24,246.0,98070.0
1990-12-11 09:00:00+00:00,4.55,79.3,13.0,0.0,13.0,265.9,7.24,241.0,98160.0
1990-12-11 10:00:00+00:00,4.44,82.3,92.0,405.86,40.0,273.05,8.21,242.0,98270.0
1990-12-11 11:00:00+00:00,4.44,82.3,24.0,0.0,24.0,253.1,8.28,241.0,98360.0
1990-12-11 12:00:00+00:00,4.84,79.3,156.0,526.89,55.0,272.1,7.93,237.0,98400.0
1990-12-11 13:00:00+00:00,5.2,76.4,136.0,507.87,49.0,294.95,8.07,236.0,98400.0
1990-12-11 14:00:00+00:00,4.97,73.55,72.0,247.46,43.0,291.05,8.41,237.0,98440.0
1990-12-11 15:00:00+00:00,4.92,73.45,7.0,0.0,7.0,261.65,8.28,238.0,98490.0
1990-12-11 16:00:00+00:00,4.83,73.45,0.0,0.0,0.0,260.65,8.21,237.0,98530.0
1990-12-11 17:00:00+00:00,4.53,73.45,0.0,0.0,0.0,266.85,8.07,235.0,98580.0
1990-12-11 18:00:00+00:00,4.4,76.25,0.0,0.0,0.0,264.75,8.21,235.0,98650.0
1990-12-11 19:00:00+00:00,4.39,79.2,0.0,0.0,0.0,248.5,7.79,231.0,98630.0
1990-12-11 20:00:00+00:00,4.58,79.3,0.0,0.0,0.0,255.45,7.93,231.0,98660.0
1990-12-11 21:00:00+00:00,4.49,76.3,0.0,0.0,0.0,249.85,7.93,233.0,98670.0
1990-12-11 22:00:00+00:00,4.62,76.3,0.0,0.0,0.0,263.6,8.14,234.0,98700.0
1990-12-11 23:00:00+00:00,4.7,79.3,0.0,0.0,0.0,265.7,8.14,235.0,98720.0
1990-12-12 00:00:00+00:00,4.65,79.3,0.0,0.0,0.0,250.05,8.21,235.0,98740.0
1990-12-12 01:00:00+00:00,4.72,79.3,0.0,0.0,0.0,258.65,8.28,236.0,98750.0
1990-12-12 02:00:00+00:00,4.7,79.3,0.0,0.0,0.0,249.25,8.07,235.0,98760.0
1990-12-12 03:00:00+00:00,4.65,79.3,0.0,0.0,0.0,247.9,7.93,234.0,98770.0
1990-12-12 04:00:00+00:00,4.67,79.3,0.0,0.0,0.0,250.05,7.86,231.0,98740.0
1990-12-12 05:00:00+00:00,4.71,79.3,0.0,0.0,0.0,245.4,7.79,228.0,98720.0
1990-12-12 06:00:00+00:00,4.92,79.3,0.0,0.0,0.0,257.0,8.0,225.0,98680.0
1990-12-12 07:00:00+00:00,5.54,76.5,0.0,0.0,0.0,283.1,8.0,217.0,98550.0
1990-12-12 08:00:00+00:00,5.56,79.4,0.0,0.0,0.0,277.9,8.48,212.0,98430.0
1990-12-12 09:00:00+00:00,5.56,82.5,7.0,0.0,7.0,289.3,8.9,205.0,98270.0
1990-12-12 10:00:00+00:00,5.46,88.85,67.0,134.59,50.0,309.05,9.66,204.0,98170.0
1990-12-12 11:00:00+00:00,5.75,88.9,52.0,5.7,51.0,322.2,9.45,215.0,98160.0
1990-12-12 12:00:00+00:00,6.41,85.7,154.0,504.35,58.0,306.15,8.48,229.0,98190.0
1990-12-12 13:00:00+00:00,6.39,85.7,70.0,29.37,65.0,294.35,8.41,234.0,98160.0
1990-12-12 14:00:00+00:00,6.54,79.55,7.0,0.0,7.0,274.6,8.76,237.0,98170.0
1990-12-12 15:00:00+00:00,6.24,82.55,8.0,0.0,8.0,268.05,9.03,240.0,98230.0
1990-12-12 16:00:00+00:00,6.36,82.55,0.0,0.0,0.0,292.2,9.24,240.0,98270.0
1990-12-12 17:00:00+00:00,6.25,82.55,0.0,0.0,0.0,304.4,9.38,240.0,98330.0
1990-12-12 18:00:00+00:00,6.18,82.55,0.0,0.0,0.0,304.6,9.45,247.0,98460.0
1990-12-12 19:00:00+00:00,6.11,82.55,0.0,0.0,0.0,295.9,8.76,250.0,98560.0
1990-12-12 20:00:00+00:00,5.94,82.5,0.0,0.0,0.0,270.35,8.34,251.0,98670.0
1990-12-12 21:00:00+00:00,5.75,82.5,0.0,0.0,0.0,258.35,8.21,250.0,98770.0
1990-12-12 22:00:00+00:00,5.64,79.4,0.0,0.0,0.0,255.25,8.0,251.0,98880.0
1990-12-12 23:00:00+00:00,5.53,79.4,0.0,0.0,0.0,250.2,7.38,251.0,98970.0
1990-12-13 00:00:00+00:00,5.47,79.4,0.0,0.0,0.0,257.95,7.03,248.0,99070.0
1990-12-13 01:00:00+00:00,5.46,82.4,0.0,0.0,0.0,266.2,6.69,246.0,99130.0
1990-12-13 02:00:00+00:00,5.58,79.4,0.0,0.0,0.0,278.3,6.34,244.0,99180.0
1990-12-13 03:00:00+00:00,5.46,85.6,0.0,0.0,0.0,264.95,6.07,238.0,99220.0
1990-12-13 04:00:00+00:00,5.62,85.65,0.0,0.0,0.0,280.6,5.93,233.0,99230.0
1990-12-13 05:00:00+00:00,5.75,85.65,0.0,0.0,0.0,286.4,5.66,228.0,99160.0
1990-12-13 06:00:00+00:00,5.74,88.9,0.0,0.0,0.0,276.75,5.1,221.0,99110.0
1990-12-13 07:00:00+00:00,6.58,89.0,0.0,0.0,0.0,312.15,5.45,208.0,99010.0
1990-12-13 08:00:00+00:00,7.36,92.35,0.0,0.0,0.0,330.55,6.14,207.0,98870.0
1990-12-13 09:00:00+00:00,8.18,85.9,4.0,0.0,4.0,329.4,6.55,210.0,98800.0
1990-12-13 10:00:00+00:00,8.76,85.95,17.0,0.0,17.0,339.65,7.1,200.0,98570.0
1990-12-13 11:00:00+00:00,9.71,89.15,23.0,0.0,23.0,349.3,9.79,212.0,98450.0
1990-12-13 12:00:00+00:00,10.0,92.45,58.0,5.29,57.0,353.0,10.62,213.0,98350.0
1990-12-13 13:00:00+00:00,10.25,89.2,22.0,0.0,22.0,353.55,11.1,217.0,98310.0
1990-12-13 14:00:00+00:00,10.41,89.2,20.0,0.0,20.0,354.35,11.1,218.0,98260.0
1990-12-13 15:00:00+00:00,10.44,89.2,5.0,0.0,5.0,353.0,10.97,217.0,98250.0
1990-12-13 16:00:00+00:00,10.4,89.2,0.0,0.0,0.0,347.95,10.97,220.0,98270.0
1990-12-13 17:00:00+00:00,10.51,92.5,0.0,0.0,0.0,354.35,10.76,221.0,98290.0
1990-12-13 18:00:00+00:00,10.64,89.25,0.0,0.0,0.0,351.65,10.48,220.0,98320.0
1990-12-13 19:00:00+00:00,11.2,89.3,0.0,0.0,0.0,347.0,10.14,220.0,98250.0
1990-12-13 20:00:00+00:00,11.27,89.3,0.0,0.0,0.0,356.3,9.79,219.0,98300.0
1990-12-13 21:00:00+00:00,11.25,89.3,0.0,0.0,0.0,355.7,9.66,219.0,98320.0
1990-12-13 22:00:00+00:00,11.28,89.3,0.0,0.0,0.0,355.5,9.59,220.0,98370.0
1990-12-13 23:00:00+00:00,11.38,92.55,0.0,0.0,0.0,358.2,9.52,221.0,98420.0
1990-12-14 00:00:00+00:00,11.43,92.55,0.0,0.0,0.0,353.95,9.38,224.0,98450.0
1990-12-14 01:00:00+00:00,11.41,92.55,0.0,0.0,0.0,358.9,9.1,224.0,98480.0
1990-12-14 02:00:00+00:00,11.28,92.55,0.0,0.0,0.0,352.2,8.55,224.0,98490.0
1990-12-14 03:00:00+00:00,11.17,92.55,0.0,0.0,0.0,351.85,7.93,221.0,98460.0
1990-12-14 04:00:00+00:00,11.11,92.55,0.0,0.0,0.0,352.6,7.72,218.0,98400.0
1990-12-14 05:00:00+00:00,11.12,92.55,0.0,0.0,0.0,353.55,7.93,217.0,98360.0
1990-12-14 06:00:00+00:00,11.17,92.55,0.0,0.0,0.0,355.3,8.41,219.0,98360.0
1990-12-14 07:00:00+00:00,10.32,92.5,0.0,0.0,0.0,357.05,7.52,245.0,98620.0
1990-12-14 08:00:00+00:00,9.7,85.95,0.0,0.0,0.0,351.25,7.24,238.0,98690.0
1990-12-14 09:00:00+00:00,9.2,79.9,6.0,0.0,6.0,328.8,7.59,238.0,98800.0
1990-12-14 10:00:00+00:00,9.0,79.85,19.0,0.0,19.0,322.4,7.66,239.0,98910.0
1990-12-14 11:00:00+00:00,8.7,76.95,22.0,0.0,22.0,319.3,7.45,239.0,98980.0
1990-12-14 12:00:00+00:00,8.33,76.85,28.0,0.0,28.0,315.65,7.1,241.0,99030.0
1990-12-14 13:00:00+00:00,7.88,79.7,13.0,0.0,13.0,318.95,6.69,243.0,99060.0
1990-12-14 14:00:00+00:00,7.11,85.8,27.0,0.0,27.0,326.3,6.21,244.0,99080.0
1990-12-14 15:00:00+00:00,6.57,85.75,5.0,0.0,5.0,327.05,5.66,241.0,99100.0
1990-12-14 16:00:00+00:00,6.05,88.95,0.0,0.0,0.0,326.5,4.9,233.0,99120.0
1990-12-14 17:00:00+00:00,5.63,92.3,0.0,0.0,0.0,324.55,4.9,228.0,99150.0
1990-12-14 18:00:00+00:00,5.34,92.25,0.0,0.0,0.0,325.3,4.9,226.0,99170.0
1990-12-14 19:00:00+00:00,5.35,92.25,0.0,0.0,0.0,324.15,5.79,228.0,99070.0
1990-12-14 20:00:00+00:00,5.63,92.3,0.0,0.0,0.0,323.55,5.86,229.0,99120.0
1990-12-14 21:00:00+00:00,5.83,92.3,0.0,0.0,0.0,325.1,6.07,238.0,99190.0
1990-12-14 22:00:00+00:00,5.87,92.3,0.0,0.0,0.0,316.6,6.21,241.0,99260.0
1990-12-14 23:00:00+00:00,5.77,88.9,0.0,0.0,0.0,299.55,6.34,241.0,99310.0
1990-12-15 00:00:00+00:00,5.74,85.65,0.0,0.0,0.0,293.6,6.34,242.0,99330.0
1990-12-15 01:00:00+00:00,5.69,85.65,0.0,0.0,0.0,290.8,6.28,243.0,99370.0
1990-12-15 02:00:00+00:00,5.54,82.5,0.0,0.0,0.0,279.65,6.0,242.0,99400.0
1990-12-15 03:00:00+00:00,5.56,82.5,0.0,0.0,0.0,289.3,5.66,242.0,99450.0
1990-12-15 04:00:00+00:00,5.58,82.5,0.0,0.0,0.0,295.5,5.31,241.0,99450.0
1990-12-15 05:00:00+00:00,5.53,82.5,0.0,0.0,0.0,300.35,5.03,238.0,99480.0
1990-12-15 06:00:00+00:00,5.4,85.6,0.0,0.0,0.0,301.5,4.9,235.0,99510.0
1990-12-15 07:00:00+00:00,5.4,88.85,0.0,0.0,0.0,296.85,5.17,233.0,99550.0
1990-12-15 08:00:00+00:00,5.33,88.85,0.0,0.0,0.0,300.75,5.03,232.0,99590.0
1990-12-15 09:00:00+00:00,5.15,88.85,8.0,0.0,8.0,291.05,4.76,232.0,99630.0
1990-12-15 10:00:00+00:00,5.29,88.85,46.0,24.67,43.0,296.5,4.69,230.0,99660.0
1990-12-15 11:00:00+00:00,5.46,88.85,66.0,23.35,62.0,293.55,4.83,232.0,99680.0
1990-12-15 12:00:00+00:00,5.6,85.65,79.0,37.42,72.0,300.75,4.97,236.0,99670.0
1990-12-15 13:00:00+00:00,5.55,85.65,35.0,0.0,35.0,298.6,4.76,237.0,99620.0
1990-12-15 14:00:00+00:00,5.42,88.85,15.0,0.0,15.0,299.55,4.62,236.0,99600.0
1990-12-15 15:00:00+00:00,5.2,88.85,4.0,0.0,4.0,301.1,4.34,237.0,99580.0
1990-12-15 16:00:00+00:00,4.94,88.85,0.0,0.0,0.0,298.8,4.14,237.0,99560.0
1990-12-15 17:00:00+00:00,4.78,88.85,0.0,0.0,0.0,299.2,4.14,238.0,99580.0
1990-12-15 18:00:00+00:00,4.57,88.85,0.0,0.0,0.0,289.5,3.93,240.0,99600.0
1990-12-15 19:00:00+00:00,4.26,92.2,0.0,0.0,0.0,278.1,3.93,242.0,99570.0
1990-12-15 20:00:00+00:00,3.8,92.15,0.0,0.0,0.0,253.7,3.93,244.0,99590.0
1990-12-15 21:00:00+00:00,3.68,92.15,0.0,0.0,0.0,261.25,4.0,245.0,99620.0
1990-12-15 22:00:00+00:00,3.34,92.15,0.0,0.0,0.0,244.2,3.93,245.0,99640.0
1990-12-15 23:00:00+00:00,3.26,92.15,0.0,0.0,0.0,250.4,4.0,245.0,99670.0
1990-12-16 00:00:00+00:00,3.08,92.15,0.0,0.0,0.0,241.5,4.0,244.0,99680.0
1990-12-16 01:00:00+00:00,2.96,88.7,0.0,0.0,0.0,242.2,3.93,244.0,99700.0
1990-12-16 02:00:00+00:00,2.9,92.15,0.0,0.0,0.0,247.15,3.86,245.0,99710.0
1990-12-16 03:00:00+00:00,2.83,92.15,0.0,0.0,0.0,249.85,3.72,244.0,99710.0
1990-12-16 04:00:00+00:00,2.71,92.15,0.0,0.0,0.0,248.3,3.79,243.0,99700.0
1990-12-16 05:00:00+00:00,2.73,88.65,0.0,0.0,0.0,252.95,3.93,244.0,99700.0
1990-12-16 06:00:00+00:00,2.62,88.65,0.0,0.0,0.0,245.2,4.07,245.0,99720.0
1990-12-16 07:00:00+00:00,2.09,92.1,0.0,0.0,0.0,243.25,3.93,249.0,99760.0
1990-12-16 08:00:00+00:00,2.19,92.1,0.0,0.0,0.0,247.7,4.07,251.0,99820.0
1990-12-16 09:00:00+00:00,2.33,95.65,12.0,0.0,12.0,246.15,4.14,250.0,99860.0
1990-12-16 10:00:00+00:00,2.87,92.15,84.0,365.78,40.0,240.75,4.34,246.0,99910.0
1990-12-16 11:00:00+00:00,3.68,88.75,140.0,552.15,46.0,237.65,4.76,245.0,99940.0
1990-12-16 12:00:00+00:00,4.5,85.55,155.0,558.38,51.0,248.1,5.1,245.0,99950.0
1990-12-16 13:00:00+00:00,4.98,82.4,113.0,281.06,66.0,241.9,5.45,243.0,99930.0
1990-12-16 14:00:00+00:00,5.17,85.6,10.0,0.0,10.0,265.3,5.93,242.0,99920.0
1990-12-16 15:00:00+00:00,4.94,88.85,8.0,0.0,8.0,260.65,5.52,240.0,99920.0
1990-12-16 16:00:00+00:00,4.55,88.85,0.0,0.0,0.0,254.85,5.59,240.0,99950.0
1990-12-16 17:00:00+00:00,4.47,85.55,0.0,0.0,0.0,272.65,5.45,241.0,99940.0
1990-12-16 18:00:00+00:00,4.38,88.8,0.0,0.0,0.0,272.65,5.38,240.0,99960.0
1990-12-16 19:00:00+00:00,4.68,88.85,0.0,0.0,0.0,279.85,5.38,241.0,99880.0
1990-12-16 20:00:00+00:00,4.43,92.2,0.0,0.0,0.0,256.8,5.24,241.0,99890.0
1990-12-16 21:00:00+00:00,4.39,88.8,0.0,0.0,0.0,266.65,5.17,244.0,99900.0
1990-12-16 22:00:00+00:00,4.32,88.8,0.0,0.0,0.0,268.6,5.1,247.0,99940.0
1990-12-16 23:00:00+00:00,4.15,88.8,0.0,0.0,0.0,263.4,5.1,248.0,99970.0
1990-12-17 00:00:00+00:00,4.15,85.5,0.0,0.0,0.0,273.05,5.1,251.0,99980.0
1990-12-17 01:00:00+00:00,4.06,85.5,0.0,0.0,0.0,269.9,5.17,252.0,100040.0
1990-12-17 02:00:00+00:00,3.67,85.45,0.0,0.0,0.0,246.95,5.17,254.0,100060.0
1990-12-17 03:00:00+00:00,3.55,85.45,0.0,0.0,0.0,253.3,5.45,254.0,100090.0
1990-12-17 04:00:00+00:00,3.43,85.4,0.0,0.0,0.0,245.6,5.66,256.0,100110.0
1990-12-17 05:00:00+00:00,3.28,85.4,0.0,0.0,0.0,236.1,5.66,260.0,100150.0
1990-12-17 06:00:00+00:00,3.21,85.4,0.0,0.0,0.0,236.1,5.38,263.0,100210.0
1990-12-17 07:00:00+00:00,3.06,82.2,0.0,0.0,0.0,233.4,4.9,266.0,100280.0
1990-12-17 08:00:00+00:00,2.88,85.35,0.0,0.0,0.0,233.0,4.48,270.0,100370.0
1990-12-17 09:00:00+00:00,2.61,85.35,11.0,0.0,11.0,231.45,3.86,270.0,100460.0
1990-12-17 10:00:00+00:00,2.77,85.35,89.0,445.02,36.0,230.65,3.38,268.0,100530.0
1990-12-17 11:00:00+00:00,3.39,85.4,141.0,561.18,46.0,230.3,2.97,264.0,100610.0
1990-12-17 12:00:00+00:00,4.12,82.3,158.0,582.03,50.0,233.6,2.76,263.0,100640.0
1990-12-17 13:00:00+00:00,4.5,82.35,114.0,287.77,66.0,232.8,2.55,265.0,100650.0
1990-12-17 14:00:00+00:00,4.47,82.35,65.0,174.99,45.0,236.3,2.21,266.0,100660.0
1990-12-17 15:00:00+00:00,3.9,88.75,6.0,0.0,6.0,239.75,2.0,260.0,100670.0
1990-12-17 16:00:00+00:00,2.75,92.15,0.0,0.0,0.0,230.1,2.0,241.0,100690.0
1990-12-17 17:00:00+00:00,1.55,92.05,0.0,0.0,0.0,229.9,2.0,223.0,100700.0
1990-12-17 18:00:00+00:00,0.29,95.6,0.0,0.0,0.0,229.5,1.93,209.0,100750.0
1990-12-17 19:00:00+00:00,0.08,95.6,0.0,0.0,0.0,247.5,1.59,199.0,100760.0
1990-12-17 20:00:00+00:00,-0.04,95.6,0.0,0.0,0.0,258.15,1.52,186.0,100770.0
1990-12-17 21:00:00+00:00,-0.28,99.4,0.0,0.0,0.0,261.25,1.52,183.0,100760.0
1990-12-17 22:00:00+00:00,-0.34,99.4,0.0,0.0,0.0,266.3,1.59,185.0,100760.0
1990-12-17 23:00:00+00:00,-0.42,95.6,0.0,0.0,0.0,266.3,1.66,185.0,100740.0
1990-12-18 00:00:00+00:00,-0.02,95.6,0.0,0.0,0.0,275.95,1.52,182.0,100760.0
1990-12-18 01:00:00+00:00,0.17,95.6,0.0,0.0,0.0,279.0,1.38,176.0,100770.0
1990-12-18 02:00:00+00:00,0.42,95.65,0.0,0.0,0.0,280.05,1.17,168.0,100770.0
1990-12-18 03:00:00+00:00,0.36,95.6,0.0,0.0,0.0,271.9,1.1,167.0,100780.0
1990-12-18 04:00:00+00:00,1.01,95.65,0.0,0.0,0.0,283.7,0.83,168.0,100790.0
1990-12-18 05:00:00+00:00,1.06,95.65,0.0,0.0,0.0,259.5,0.62,173.0,100800.0
1990-12-18 06:00:00+00:00,1.03,95.65,0.0,0.0,0.0,261.25,0.41,170.0,100870.0
1990-12-18 07:00:00+00:00,1.23,95.65,0.0,0.0,0.0,280.8,0.28,337.0,100940.0
1990-12-18 08:00:00+00:00,1.27,95.65,0.0,0.0,0.0,271.1,0.21,321.0,101000.0
1990-12-18 09:00:00+00:00,1.21,95.65,11.0,0.0,11.0,269.2,0.34,278.0,101070.0
1990-12-18 10:00:00+00:00,1.15,95.65,86.0,415.16,37.0,268.6,0.41,272.0,101150.0
1990-12-18 11:00:00+00:00,1.23,99.35,142.0,581.76,44.0,243.85,0.62,274.0,101210.0
1990-12-18 12:00:00+00:00,2.11,95.65,155.0,567.59,50.0,247.5,0.55,260.0,101270.0
1990-12-18 13:00:00+00:00,2.58,95.7,116.0,318.3,63.0,249.05,0.62,244.0,101270.0
1990-12-18 14:00:00+00:00,2.51,95.7,66.0,201.28,43.0,249.45,1.1,274.0,101320.0
1990-12-18 15:00:00+00:00,1.98,99.4,8.0,0.0,8.0,249.05,1.31,263.0,101380.0
1990-12-18 16:00:00+00:00,1.03,99.35,0.0,0.0,0.0,244.8,1.66,256.0,101450.0
1990-12-18 17:00:00+00:00,0.07,99.4,0.0,0.0,0.0,242.5,1.86,241.0,101480.0
1990-12-18 18:00:00+00:00,-0.62,100.0,0.0,0.0,0.0,244.8,1.93,232.0,101520.0
1990-12-18 19:00:00+00:00,-1.16,95.6,0.0,0.0,0.0,236.1,2.0,248.0,101560.0
1990-12-18 20:00:00+00:00,-1.46,95.6,0.0,0.0,0.0,232.8,2.21,254.0,101600.0
1990-12-18 21:00:00+00:00,-1.54,91.95,0.0,0.0,0.0,237.85,2.07,244.0,101640.0
1990-12-18 22:00:00+00:00,-1.52,91.95,0.0,0.0,0.0,242.5,2.14,240.0,101670.0
1990-12-18 23:00:00+00:00,-1.44,95.6,0.0,0.0,0.0,237.65,2.41,250.0,101720.0
1990-12-19 00:00:00+00:00,-0.82,99.4,0.0,0.0,0.0,255.45,2.48,243.0,101730.0
1990-12-19 01:00:00+00:00,-0.73,99.4,0.0,0.0,0.0,251.9,2.69,238.0,101700.0
1990-12-19 02:00:00+00:00,-0.48,99.4,0.0,0.0,0.0,255.45,2.97,244.0,101720.0
1990-12-19 03:00:00+00:00,-0.29,99.4,0.0,0.0,0.0,252.55,3.1,247.0,101720.0
1990-12-19 04:00:00+00:00,0.07,99.4,0.0,0.0,0.0,258.75,3.17,249.0,101720.0
1990-12-19 05:00:00+00:00,0.46,95.65,0.0,0.0,0.0,271.5,3.24,251.0,101740.0
1990-12-19 06:00:00+00:00,0.95,99.35,0.0,0.0,0.0,284.5,3.24,251.0,101770.0
1990-12-19 07:00:00+00:00,1.78,99.4,0.0,0.0,0.0,295.9,3.24,247.0,101770.0
1990-12-19 08:00:00+00:00,2.24,99.4,0.0,0.0,0.0,305.95,3.38,245.0,101800.0
1990-12-19 09:00:00+00:00,2.61,99.4,10.0,0.0,10.0,302.65,3.45,243.0,101840.0
1990-12-19 10:00:00+00:00,3.33,99.4,80.0,350.18,39.0,311.0,3.59,244.0,101860.0
1990-12-19 11:00:00+00:00,3.99,95.75,127.0,429.2,55.0,312.35,3.72,246.0,101880.0
1990-12-19 12:00:00+00:00,4.63,95.75,94.0,86.69,78.0,308.85,4.0,248.0,101860.0
1990-12-19 13:00:00+00:00,4.95,95.75,103.0,210.4,68.0,305.4,4.34,252.0,101870.0
1990-12-19 14:00:00+00:00,4.98,92.25,59.0,131.15,44.0,304.6,4.07,253.0,101880.0
1990-12-19 15:00:00+00:00,4.87,95.75,7.0,0.0,7.0,308.65,4.07,254.0,101870.0
1990-12-19 16:00:00+00:00,4.48,92.25,0.0,0.0,0.0,303.65,4.0,253.0,101880.0
1990-12-19 17:00:00+00:00,4.29,95.75,0.0,0.0,0.0,310.2,3.86,252.0,101920.0
1990-12-19 18:00:00+00:00,4.0,92.2,0.0,0.0,0.0,303.05,3.79,249.0,101930.0
1990-12-19 19:00:00+00:00,3.76,99.4,0.0,0.0,0.0,294.55,3.86,249.0,101910.0
1990-12-19 20:00:00+00:00,3.68,95.7,0.0,0.0,0.0,302.3,3.86,249.0,101920.0
1990-12-19 21:00:00+00:00,3.45,95.7,0.0,0.0,0.0,290.5,3.72,247.0,101930.0
1990-12-19 22:00:00+00:00,3.29,99.4,0.0,0.0,0.0,287.95,3.59,245.0,101940.0
1990-12-19 23:00:00+00:00,3.1,95.7,0.0,0.0,0.0,282.75,3.59,246.0,101960.0
1990-12-20 00:00:00+00:00,2.88,99.4,0.0,0.0,0.0,278.5,3.52,245.0,102000.0
1990-12-20 01:00:00+00:00,2.5,95.7,0.0,0.0,0.0,259.25,3.45,245.0,101990.0
1990-12-20 02:00:00+00:00,2.31,99.4,0.0,0.0,0.0,259.7,3.52,246.0,101990.0
1990-12-20 03:00:00+00:00,2.35,99.4,0.0,0.0,0.0,272.5,3.52,247.0,101970.0
1990-12-20 04:00:00+00:00,2.18,95.65,0.0,0.0,0.0,266.65,3.45,249.0,101980.0
1990-12-20 05:00:00+00:00,2.01,95.65,0.0,0.0,0.0,268.2,3.31,249.0,101990.0
1990-12-20 06:00:00+00:00,2.06,95.65,0.0,0.0,0.0,280.2,3.31,248.0,102010.0
1990-12-20 07:00:00+00:00,2.29,99.4,0.0,0.0,0.0,281.4,3.24,247.0,102000.0
1990-12-20 08:00:00+00:00,2.11,95.65,0.0,0.0,0.0,275.75,3.17,245.0,102040.0
1990-12-20 09:00:00+00:00,1.88,99.4,10.0,0.0,10.0,271.3,3.17,243.0,102070.0
1990-12-20 10:00:00+00:00,2.18,95.65,91.0,516.05,31.0,285.65,3.24,245.0,102120.0
1990-12-20 11:00:00+00:00,2.46,92.15,132.0,478.51,52.0,275.4,3.52,247.0,102120.0
1990-12-20 12:00:00+00:00,2.75,92.15,97.0,97.69,79.0,285.85,3.72,250.0,102140.0
1990-12-20 13:00:00+00:00,2.85,92.15,101.0,186.38,70.0,290.5,3.79,253.0,102120.0
1990-12-20 14:00:00+00:00,2.86,92.15,55.0,95.98,44.0,287.75,3.52,254.0,102130.0
1990-12-20 15:00:00+00:00,2.62,92.15,6.0,0.0,6.0,286.2,3.1,252.0,102130.0
1990-12-20 16:00:00+00:00,2.15,92.1,0.0,0.0,0.0,275.2,2.83,246.0,102140.0
1990-12-20 17:00:00+00:00,1.78,95.65,0.0,0.0,0.0,270.35,2.76,239.0,102150.0
1990-12-20 18:00:00+00:00,1.66,92.05,0.0,0.0,0.0,277.3,2.9,236.0,102160.0
1990-12-20 19:00:00+00:00,1.65,92.05,0.0,0.0,0.0,278.85,3.59,240.0,102190.0
1990-12-20 20:00:00+00:00,1.18,92.05,0.0,0.0,0.0,252.35,3.45,238.0,102180.0
1990-12-20 21:00:00+00:00,0.79,92.0,0.0,0.0,0.0,243.45,3.31,235.0,102170.0
1990-12-20 22:00:00+00:00,0.55,88.5,0.0,0.0,0.0,242.1,3.17,233.0,102170.0
1990-12-20 23:00:00+00:00,0.42,88.5,0.0,0.0,0.0,240.15,3.17,231.0,102150.0
1990-12-21 00:00:00+00:00,0.58,88.5,0.0,0.0,0.0,252.75,3.24,232.0,102130.0
1990-12-21 01:00:00+00:00,0.77,92.0,0.0,0.0,0.0,254.6,3.38,233.0,102120.0
1990-12-21 02:00:00+00:00,1.16,92.05,0.0,0.0,0.0,271.9,3.45,232.0,102120.0
1990-12-21 03:00:00+00:00,1.5,95.65,0.0,0.0,0.0,282.95,3.66,229.0,102110.0
1990-12-21 04:00:00+00:00,1.65,95.65,0.0,0.0,0.0,275.75,3.86,227.0,102100.0
1990-12-21 05:00:00+00:00,2.15,95.65,0.0,0.0,0.0,296.1,4.34,228.0,102070.0
1990-12-21 06:00:00+00:00,2.58,95.7,0.0,0.0,0.0,294.15,4.83,230.0,102050.0
1990-12-21 07:00:00+00:00,2.86,95.7,0.0,0.0,0.0,292.05,5.1,230.0,102040.0
1990-12-21 08:00:00+00:00,3.04,92.15,0.0,0.0,0.0,283.5,5.03,232.0,102080.0
1990-12-21 09:00:00+00:00,3.01,92.15,8.0,0.0,8.0,263.95,5.17,234.0,102100.0
1990-12-21 10:00:00+00:00,3.22,88.7,26.0,0.0,26.0,251.75,5.17,232.0,102090.0
1990-12-21 11:00:00+00:00,3.87,88.75,133.0,497.76,50.0,251.0,5.24,231.0,102090.0
1990-12-21 12:00:00+00:00,4.58,85.55,151.0,532.34,53.0,248.3,5.52,235.0,102080.0
1990-12-21 13:00:00+00:00,5.15,85.6,113.0,288.41,65.0,254.65,5.59,238.0,102090.0
1990-12-21 14:00:00+00:00,5.27,85.6,63.0,165.26,44.0,253.3,5.31,235.0,102080.0
1990-12-21 15:00:00+00:00,4.87,85.55,9.0,0.0,9.0,243.85,5.24,238.0,102080.0
1990-12-21 16:00:00+00:00,4.37,88.8,0.0,0.0,0.0,249.45,5.17,238.0,102110.0
1990-12-21 17:00:00+00:00,4.12,88.8,0.0,0.0,0.0,257.6,4.97,233.0,102110.0
1990-12-21 18:00:00+00:00,3.99,88.8,0.0,0.0,0.0,259.5,4.76,233.0,102120.0
1990-12-21 19:00:00+00:00,4.66,85.55,0.0,0.0,0.0,279.65,4.76,232.0,102180.0
1990-12-21 20:00:00+00:00,5.12,85.6,0.0,0.0,0.0,303.45,4.76,233.0,102220.0
1990-12-21 21:00:00+00:00,5.64,85.65,0.0,0.0,0.0,321.85,4.69,234.0,102250.0
1990-12-21 22:00:00+00:00,5.96,88.9,0.0,0.0,0.0,324.35,4.55,235.0,102270.0
1990-12-21 23:00:00+00:00,6.17,85.7,0.0,0.0,0.0,325.7,4.41,238.0,102300.0
1990-12-22 00:00:00+00:00,6.28,88.95,0.0,0.0,0.0,324.75,4.28,239.0,102330.0
1990-12-22 01:00:00+00:00,6.45,88.95,0.0,0.0,0.0,326.2,4.14,238.0,102330.0
1990-12-22 02:00:00+00:00,6.39,92.3,0.0,0.0,0.0,317.95,4.0,235.0,102350.0
1990-12-22 03:00:00+00:00,6.25,92.3,0.0,0.0,0.0,310.05,3.93,230.0,102340.0
1990-12-22 04:00:00+00:00,6.34,92.3,0.0,0.0,0.0,317.75,3.86,228.0,102310.0
1990-12-22 05:00:00+00:00,6.45,92.3,0.0,0.0,0.0,321.65,3.72,230.0,102320.0
1990-12-22 06:00:00+00:00,6.49,89.0,0.0,0.0,0.0,323.2,3.52,229.0,102320.0
1990-12-22 07:00:00+00:00,6.65,92.35,0.0,0.0,0.0,324.15,3.24,227.0,102340.0
1990-12-22 08:00:00+00:00,6.85,92.35,0.0,0.0,0.0,333.85,3.1,225.0,102360.0
1990-12-22 09:00:00+00:00,6.98,92.35,1.0,0.0,1.0,337.1,3.1,223.0,102410.0
1990-12-22 10:00:00+00:00,7.16,92.35,23.0,0.0,23.0,333.65,3.1,220.0,102440.0
1990-12-22 11:00:00+00:00,7.54,89.05,33.0,0.0,33.0,329.75,3.17,222.0,102410.0
1990-12-22 12:00:00+00:00,7.88,89.05,18.0,0.0,18.0,327.45,3.17,227.0,102410.0
1990-12-22 13:00:00+00:00,8.25,85.9,33.0,0.0,33.0,329.55,2.97,232.0,102390.0
1990-12-22 14:00:00+00:00,8.05,85.9,41.0,25.98,38.0,308.1,2.97,235.0,102390.0
1990-12-22 15:00:00+00:00,7.6,89.05,1.0,0.0,1.0,293.6,2.83,236.0,102400.0
1990-12-22 16:00:00+00:00,6.77,92.35,0.0,0.0,0.0,288.95,2.62,234.0,102400.0
1990-12-22 17:00:00+00:00,6.23,95.8,0.0,0.0,0.0,294.75,2.34,229.0,102410.0
1990-12-22 18:00:00+00:00,5.5,95.75,0.0,0.0,0.0,274.8,2.28,220.0,102420.0
1990-12-22 19:00:00+00:00,5.62,95.75,0.0,0.0,0.0,287.75,2.34,228.0,102410.0
1990-12-22 20:00:00+00:00,5.26,95.75,0.0,0.0,0.0,283.7,2.28,220.0,102410.0
1990-12-22 21:00:00+00:00,4.85,99.4,0.0,0.0,0.0,273.65,2.34,214.0,102400.0
1990-12-22 22:00:00+00:00,4.66,95.75,0.0,0.0,0.0,278.5,2.41,211.0,102380.0
1990-12-22 23:00:00+00:00,4.56,95.75,0.0,0.0,0.0,281.4,2.48,215.0,102380.0
1990-12-23 00:00:00+00:00,4.75,95.75,0.0,0.0,0.0,292.8,2.55,221.0,102390.0
1990-12-23 01:00:00+00:00,4.74,95.75,0.0,0.0,0.0,290.4,2.55,222.0,102360.0
1990-12-23 02:00:00+00:00,4.9,99.4,0.0,0.0,0.0,299.4,2.55,221.0,102350.0
1990-12-23 03:00:00+00:00,5.06,95.75,0.0,0.0,0.0,305.4,2.69,221.0,102340.0
1990-12-23 04:00:00+00:00,5.24,95.75,0.0,0.0,0.0,317.55,2.97,226.0,102310.0
1990-12-23 05:00:00+00:00,5.0,92.25,0.0,0.0,0.0,301.1,3.17,230.0,102300.0
1990-12-23 06:00:00+00:00,4.84,95.75,0.0,0.0,0.0,305.95,3.17,236.0,102300.0
1990-12-23 07:00:00+00:00,4.48,88.85,0.0,0.0,0.0,293.6,3.1,242.0,102340.0
1990-12-23 08:00:00+00:00,4.16,92.2,0.0,0.0,0.0,287.95,3.03,242.0,102370.0
1990-12-23 09:00:00+00:00,3.77,92.15,8.0,0.0,8.0,275.95,2.9,239.0,102430.0
1990-12-23 10:00:00+00:00,3.67,92.15,81.0,383.98,37.0,263.6,2.62,234.0,102450.0
1990-12-23 11:00:00+00:00,4.07,88.8,131.0,487.17,50.0,253.9,2.55,230.0,102460.0
1990-12-23 12:00:00+00:00,4.59,88.85,153.0,553.88,51.0,251.75,2.41,228.0,102430.0
1990-12-23 13:00:00+00:00,4.89,88.85,109.0,251.44,67.0,250.6,2.28,231.0,102390.0
1990-12-23 14:00:00+00:00,4.82,88.85,63.0,155.06,45.0,250.05,2.14,238.0,102400.0
1990-12-23 15:00:00+00:00,4.33,88.8,9.0,0.0,9.0,255.45,1.93,245.0,102370.0
1990-12-23 16:00:00+00:00,3.38,92.15,0.0,0.0,0.0,251.0,1.93,244.0,102380.0
1990-12-23 17:00:00+00:00,2.54,95.7,0.0,0.0,0.0,253.1,1.93,236.0,102360.0
1990-12-23 18:00:00+00:00,1.75,95.65,0.0,0.0,0.0,241.15,2.07,230.0,102380.0
1990-12-23 19:00:00+00:00,1.25,95.65,0.0,0.0,0.0,238.8,2.21,235.0,102410.0
1990-12-23 20:00:00+00:00,0.67,95.65,0.0,0.0,0.0,239.4,2.07,239.0,102430.0
1990-12-23 21:00:00+00:00,-0.03,95.6,0.0,0.0,0.0,240.75,1.93,238.0,102430.0
1990-12-23 22:00:00+00:00,-0.71,99.4,0.0,0.0,0.0,237.45,1.93,234.0,102430.0
1990-12-23 23:00:00+00:00,-1.07,95.6,0.0,0.0,0.0,246.75,1.93,227.0,102400.0
1990-12-24 00:00:00+00:00,-1.18,95.6,0.0,0.0,0.0,251.2,1.93,223.0,102370.0
1990-12-24 01:00:00+00:00,-1.43,95.6,0.0,0.0,0.0,246.05,1.93,220.0,102320.0
1990-12-24 02:00:00+00:00,-1.81,95.6,0.0,0.0,0.0,241.9,1.79,219.0,102280.0
1990-12-24 03:00:00+00:00,-2.05,91.9,0.0,0.0,0.0,250.6,1.59,218.0,102250.0
1990-12-24 04:00:00+00:00,-2.12,95.55,0.0,0.0,0.0,246.55,1.52,218.0,102210.0
1990-12-24 05:00:00+00:00,-2.19,95.55,0.0,0.0,0.0,245.6,1.52,219.0,102180.0
1990-12-24 06:00:00+00:00,-2.29,91.85,0.0,0.0,0.0,249.65,1.59,219.0,102190.0
1990-12-24 07:00:00+00:00,-2.27,91.85,0.0,0.0,0.0,243.05,1.52,222.0,102260.0
1990-12-24 08:00:00+00:00,-2.32,88.3,0.0,0.0,0.0,233.4,1.45,223.0,102270.0
1990-12-24 09:00:00+00:00,-2.15,88.3,3.0,0.0,3.0,239.2,1.31,215.0,102300.0
1990-12-24 10:00:00+00:00,-1.36,88.4,32.0,8.75,31.0,236.85,1.1,208.0,102310.0
1990-12-24 11:00:00+00:00,-0.19,95.6,48.0,0.0,48.0,238.4,0.83,209.0,102300.0
1990-12-24 12:00:00+00:00,1.36,92.05,49.0,0.0,49.0,241.3,0.55,218.0,102270.0
1990-12-24 13:00:00+00:00,1.79,92.05,43.0,0.0,43.0,241.5,0.41,219.0,102210.0
1990-12-24 14:00:00+00:00,1.75,92.05,26.0,0.0,26.0,237.85,0.41,192.0,102170.0
1990-12-24 15:00:00+00:00,0.98,95.65,4.0,0.0,4.0,233.4,0.76,179.0,102120.0
1990-12-24 16:00:00+00:00,0.39,99.4,0.0,0.0,0.0,235.9,0.9,177.0,102110.0
1990-12-24 17:00:00+00:00,0.1,95.6,0.0,0.0,0.0,245.0,0.9,177.0,102110.0
1990-12-24 18:00:00+00:00,-0.18,95.6,0.0,0.0,0.0,239.2,0.9,182.0,102110.0
1990-12-24 19:00:00+00:00,-0.94,95.6,0.0,0.0,0.0,235.7,1.1,199.0,102170.0
1990-12-24 20:00:00+00:00,-1.03,91.95,0.0,0.0,0.0,240.15,1.03,213.0,102160.0
1990-12-24 21:00:00+00:00,-1.68,91.9,0.0,0.0,0.0,232.4,1.17,219.0,102130.0
1990-12-24 22:00:00+00:00,-1.87,88.35,0.0,0.0,0.0,230.65,1.17,221.0,102130.0
1990-12-24 23:00:00+00:00,-2.02,88.35,0.0,0.0,0.0,234.35,1.24,216.0,102090.0
1990-12-25 00:00:00+00:00,-2.28,88.3,0.0,0.0,0.0,230.1,1.31,211.0,102050.0
1990-12-25 01:00:00+00:00,-2.68,88.25,0.0,0.0,0.0,228.25,1.45,210.0,102020.0
1990-12-25 02:00:00+00:00,-3.04,88.25,0.0,0.0,0.0,233.6,1.66,211.0,101980.0
1990-12-25 03:00:00+00:00,-3.15,91.8,0.0,0.0,0.0,235.7,1.79,211.0,101940.0
1990-12-25 04:00:00+00:00,-2.77,88.25,0.0,0.0,0.0,248.85,1.72,211.0,101900.0
1990-12-25 05:00:00+00:00,-3.11,91.8,0.0,0.0,0.0,230.85,1.79,209.0,101880.0
1990-12-25 06:00:00+00:00,-3.13,91.8,0.0,0.0,0.0,237.05,1.86,209.0,101890.0
1990-12-25 07:00:00+00:00,-3.09,88.25,0.0,0.0,0.0,242.5,2.0,218.0,101940.0
1990-12-25 08:00:00+00:00,-2.5,88.3,0.0,0.0,0.0,252.95,2.07,222.0,101940.0
1990-12-25 09:00:00+00:00,-1.77,88.35,2.0,0.0,2.0,261.25,2.14,223.0,101950.0
1990-12-25 10:00:00+00:00,-0.45,91.95,19.0,0.0,19.0,272.3,2.14,224.0,101960.0
1990-12-25 11:00:00+00:00,0.77,92.0,28.0,0.0,28.0,269.4,2.14,224.0,101950.0
1990-12-25 12:00:00+00:00,1.42,92.05,36.0,0.0,36.0,264.95,2.21,224.0,101910.0
1990-12-25 13:00:00+00:00,1.85,92.05,25.0,0.0,25.0,274.8,2.28,225.0,101860.0
1990-12-25 14:00:00+00:00,2.08,92.1,18.0,0.0,18.0,288.55,2.28,226.0,101840.0
1990-12-25 15:00:00+00:00,1.75,92.05,2.0,0.0,2.0,278.65,2.34,226.0,101800.0
1990-12-25 16:00:00+00:00,1.35,95.65,0.0,0.0,0.0,287.75,2.41,228.0,101830.0
1990-12-25 17:00:00+00:00,1.22,95.65,0.0,0.0,0.0,293.2,2.41,230.0,101830.0
1990-12-25 18:00:00+00:00,1.37,95.65,0.0,0.0,0.0,307.3,2.34,233.0,101830.0
1990-12-25 19:00:00+00:00,1.3,95.65,0.0,0.0,0.0,294.35,2.41,230.0,101870.0
1990-12-25 20:00:00+00:00,1.39,99.35,0.0,0.0,0.0,297.65,2.28,228.0,101860.0
1990-12-25 21:00:00+00:00,1.55,95.65,0.0,0.0,0.0,302.85,2.21,225.0,101870.0
1990-12-25 22:00:00+00:00,1.5,95.65,0.0,0.0,0.0,300.15,2.0,216.0,101840.0
1990-12-25 23:00:00+00:00,1.36,99.35,0.0,0.0,0.0,294.35,1.93,210.0,101840.0
1990-12-26 00:00:00+00:00,1.4,99.35,0.0,0.0,0.0,300.75,1.86,210.0,101810.0
1990-12-26 01:00:00+00:00,1.29,99.35,0.0,0.0,0.0,298.7,1.79,209.0,101800.0
1990-12-26 02:00:00+00:00,0.97,95.65,0.0,0.0,0.0,289.9,1.79,206.0,101770.0
1990-12-26 03:00:00+00:00,0.56,95.65,0.0,0.0,0.0,282.15,1.79,202.0,101740.0
1990-12-26 04:00:00+00:00,0.51,95.65,0.0,0.0,0.0,290.65,1.72,200.0,101710.0
1990-12-26 05:00:00+00:00,0.59,99.4,0.0,0.0,0.0,298.6,1.66,200.0,101690.0
1990-12-26 06:00:00+00:00,0.38,99.4,0.0,0.0,0.0,290.85,1.66,199.0,101690.0
1990-12-26 07:00:00+00:00,0.76,99.4,0.0,0.0,0.0,304.8,1.59,196.0,101690.0
1990-12-26 08:00:00+00:00,0.86,99.4,0.0,0.0,0.0,306.35,1.59,199.0,101710.0
1990-12-26 09:00:00+00:00,0.42,95.65,1.0,0.0,1.0,288.75,1.66,198.0,101700.0
1990-12-26 10:00:00+00:00,0.89,99.4,24.0,0.0,24.0,294.75,1.38,197.0,101710.0
1990-12-26 11:00:00+00:00,1.68,99.4,40.0,0.0,40.0,290.5,1.31,191.0,101670.0
1990-12-26 12:00:00+00:00,2.25,99.4,46.0,0.0,46.0,279.65,1.31,189.0,101610.0
1990-12-26 13:00:00+00:00,2.52,95.7,35.0,0.0,35.0,302.3,1.38,190.0,101550.0
1990-12-26 14:00:00+00:00,2.39,95.65,17.0,0.0,17.0,305.0,1.38,198.0,101530.0
1990-12-26 15:00:00+00:00,2.07,95.65,4.0,0.0,4.0,313.9,1.38,208.0,101500.0
1990-12-26 16:00:00+00:00,1.58,95.65,0.0,0.0,0.0,302.65,1.38,212.0,101490.0
1990-12-26 17:00:00+00:00,1.19,99.35,0.0,0.0,0.0,302.3,1.45,217.0,101480.0
1990-12-26 18:00:00+00:00,0.99,95.65,0.0,0.0,0.0,306.35,1.45,220.0,101480.0
1990-12-26 19:00:00+00:00,0.95,95.65,0.0,0.0,0.0,305.0,1.52,214.0,101490.0
1990-12-26 20:00:00+00:00,0.77,99.4,0.0,0.0,0.0,301.5,1.52,214.0,101460.0
1990-12-26 21:00:00+00:00,0.69,99.4,0.0,0.0,0.0,301.7,1.66,216.0,101440.0
1990-12-26 22:00:00+00:00,0.5,95.65,0.0,0.0,0.0,296.3,1.66,219.0,101420.0
1990-12-26 23:00:00+00:00,0.46,95.65,0.0,0.0,0.0,302.5,1.66,220.0,101380.0
1990-12-27 00:00:00+00:00,0.26,95.6,0.0,0.0,0.0,291.25,1.72,224.0,101350.0
1990-12-27 01:00:00+00:00,0.29,95.6,0.0,0.0,0.0,296.4,1.93,224.0,101290.0
1990-12-27 02:00:00+00:00,0.25,95.6,0.0,0.0,0.0,292.6,1.86,223.0,101250.0
1990-12-27 03:00:00+00:00,0.21,95.6,0.0,0.0,0.0,287.75,1.72,219.0,101200.0
1990-12-27 04:00:00+00:00,-0.06,95.6,0.0,0.0,0.0,273.85,1.59,210.0,101130.0
1990-12-27 05:00:00+00:00,-0.21,95.6,0.0,0.0,0.0,280.05,1.45,200.0,101070.0
1990-12-27 06:00:00+00:00,-0.57,95.6,0.0,0.0,0.0,276.55,1.38,193.0,101050.0
1990-12-27 07:00:00+00:00,-0.84,95.6,0.0,0.0,0.0,279.45,1.31,201.0,101040.0
1990-12-27 08:00:00+00:00,-0.75,95.6,0.0,0.0,0.0,285.05,1.38,201.0,101030.0
1990-12-27 09:00:00+00:00,-0.53,95.6,2.0,0.0,2.0,286.2,1.59,210.0,101020.0
1990-12-27 10:00:00+00:00,0.36,95.6,51.0,70.08,43.0,294.95,2.0,221.0,101040.0
1990-12-27 11:00:00+00:00,0.76,95.65,70.0,35.95,64.0,287.6,1.38,209.0,100980.0
1990-12-27 12:00:00+00:00,1.13,92.05,0.0,0.0,0.0,277.9,1.31,201.0,100890.0
1990-12-27 13:00:00+00:00,1.38,95.65,79.0,64.77,68.0,276.15,1.52,197.0,100800.0
1990-12-27 14:00:00+00:00,1.6,92.05,12.0,0.0,12.0,279.45,1.86,201.0,100770.0
1990-12-27 15:00:00+00:00,1.38,95.65,8.0,0.0,8.0,278.1,1.79,198.0,100680.0
1990-12-27 16:00:00+00:00,1.15,95.65,0.0,0.0,0.0,284.85,1.72,196.0,100650.0
1990-12-27 17:00:00+00:00,1.01,92.05,0.0,0.0,0.0,290.5,1.66,198.0,100600.0
1990-12-27 18:00:00+00:00,0.92,95.65,0.0,0.0,0.0,297.65,1.52,197.0,100580.0
1990-12-27 19:00:00+00:00,0.07,95.6,0.0,0.0,0.0,278.1,1.31,231.0,100540.0
1990-12-27 20:00:00+00:00,0.04,95.6,0.0,0.0,0.0,289.7,1.17,225.0,100540.0
1990-12-27 21:00:00+00:00,0.26,99.4,0.0,0.0,0.0,301.1,1.17,230.0,100520.0
1990-12-27 22:00:00+00:00,0.55,95.65,0.0,0.0,0.0,306.35,1.17,234.0,100510.0
1990-12-27 23:00:00+00:00,0.77,99.4,0.0,0.0,0.0,306.15,1.45,232.0,100490.0
1990-12-28 00:00:00+00:00,0.83,99.4,0.0,0.0,0.0,295.7,1.79,236.0,100460.0
1990-12-28 01:00:00+00:00,1.35,95.65,0.0,0.0,0.0,301.25,2.0,242.0,100470.0
1990-12-28 02:00:00+00:00,1.16,95.65,0.0,0.0,0.0,274.8,2.21,243.0,100470.0
1990-12-28 03:00:00+00:00,0.63,95.65,0.0,0.0,0.0,249.65,2.28,245.0,100470.0
1990-12-28 04:00:00+00:00,0.07,95.6,0.0,0.0,0.0,240.15,2.21,246.0,100460.0
1990-12-28 05:00:00+00:00,-0.6,99.4,0.0,0.0,0.0,241.3,2.0,239.0,100470.0
1990-12-28 06:00:00+00:00,-1.25,95.6,0.0,0.0,0.0,244.2,1.79,229.0,100470.0
1990-12-28 07:00:00+00:00,-0.89,99.4,0.0,0.0,0.0,260.85,2.14,231.0,100470.0
1990-12-28 08:00:00+00:00,-0.27,99.4,0.0,0.0,0.0,268.2,2.28,224.0,100510.0
1990-12-28 09:00:00+00:00,-0.48,95.6,2.0,0.0,2.0,260.3,1.59,211.0,100510.0
1990-12-28 10:00:00+00:00,1.14,95.65,26.0,0.0,26.0,269.6,0.83,181.0,100500.0
1990-12-28 11:00:00+00:00,1.32,99.35,78.0,65.72,67.0,254.5,0.97,164.0,100470.0
1990-12-28 12:00:00+00:00,2.94,99.4,100.0,112.52,79.0,266.65,1.17,164.0,100430.0
1990-12-28 13:00:00+00:00,3.58,95.7,77.0,52.67,68.0,265.1,1.24,141.0,100360.0
1990-12-28 14:00:00+00:00,3.72,95.7,24.0,0.0,24.0,293.4,1.72,139.0,100290.0
1990-12-28 15:00:00+00:00,3.84,95.7,4.0,0.0,4.0,316.2,2.14,142.0,100240.0
1990-12-28 16:00:00+00:00,4.12,95.75,0.0,0.0,0.0,325.5,2.34,150.0,100180.0
1990-12-28 17:00:00+00:00,4.68,95.75,0.0,0.0,0.0,332.85,2.55,162.0,100130.0
1990-12-28 18:00:00+00:00,5.2,95.75,0.0,0.0,0.0,329.75,2.83,170.0,100080.0
1990-12-28 19:00:00+00:00,5.52,95.75,0.0,0.0,0.0,327.25,3.1,172.0,100070.0
1990-12-28 20:00:00+00:00,5.87,95.75,0.0,0.0,0.0,319.5,3.52,172.0,100010.0
1990-12-28 21:00:00+00:00,6.14,92.3,0.0,0.0,0.0,320.65,3.86,167.0,99940.0
1990-12-28 22:00:00+00:00,6.12,92.3,0.0,0.0,0.0,310.6,4.28,168.0,99840.0
1990-12-28 23:00:00+00:00,5.63,92.3,0.0,0.0,0.0,280.6,4.34,168.0,99760.0
1990-12-29 00:00:00+00:00,5.3,92.25,0.0,0.0,0.0,274.8,4.41,164.0,99660.0
1990-12-29 01:00:00+00:00,5.21,92.25,0.0,0.0,0.0,283.05,4.48,163.0,99520.0
1990-12-29 02:00:00+00:00,5.16,88.85,0.0,0.0,0.0,282.95,4.62,163.0,99410.0
1990-12-29 03:00:00+00:00,5.19,85.6,0.0,0.0,0.0,287.2,4.83,162.0,99260.0
1990-12-29 04:00:00+00:00,5.3,85.6,0.0,0.0,0.0,293.55,5.17,160.0,99090.0
1990-12-29 05:00:00+00:00,5.36,82.4,0.0,0.0,0.0,286.6,5.52,160.0,98940.0
1990-12-29 06:00:00+00:00,5.82,82.5,0.0,0.0,0.0,307.1,6.48,164.0,98790.0
1990-12-29 07:00:00+00:00,6.32,82.55,0.0,0.0,0.0,334.4,7.24,166.0,98650.0
1990-12-29 08:00:00+00:00,6.81,85.75,0.0,0.0,0.0,331.5,7.52,165.0,98530.0
1990-12-29 09:00:00+00:00,7.25,82.65,2.0,0.0,2.0,331.1,8.14,165.0,98400.0
1990-12-29 10:00:00+00:00,7.46,89.0,11.0,0.0,11.0,330.95,8.97,167.0,98230.0
1990-12-29 11:00:00+00:00,7.93,89.05,23.0,0.0,23.0,338.1,9.1,169.0,98090.0
1990-12-29 12:00:00+00:00,8.38,85.9,96.0,95.98,78.0,338.1,8.76,174.0,97940.0
1990-12-29 13:00:00+00:00,8.98,82.85,68.0,29.07,63.0,335.4,8.55,177.0,97820.0
1990-12-29 14:00:00+00:00,9.46,82.9,11.0,0.0,11.0,339.45,8.62,182.0,97730.0
1990-12-29 15:00:00+00:00,9.62,89.15,11.0,0.0,11.0,338.65,8.55,192.0,97720.0
1990-12-29 16:00:00+00:00,9.54,85.95,0.0,0.0,0.0,346.4,8.34,205.0,97760.0
1990-12-29 17:00:00+00:00,9.56,85.95,0.0,0.0,0.0,341.0,7.52,209.0,97830.0
1990-12-29 18:00:00+00:00,9.35,82.9,0.0,0.0,0.0,303.05,6.69,205.0,97840.0
1990-12-29 19:00:00+00:00,9.48,89.15,0.0,0.0,0.0,314.5,5.66,183.0,97610.0
1990-12-29 20:00:00+00:00,9.58,89.15,0.0,0.0,0.0,331.3,5.93,174.0,97480.0
1990-12-29 21:00:00+00:00,9.67,92.45,0.0,0.0,0.0,331.3,7.03,164.0,97240.0
1990-12-29 22:00:00+00:00,10.15,89.2,0.0,0.0,0.0,340.2,7.93,163.0,97000.0
1990-12-29 23:00:00+00:00,10.22,92.5,0.0,0.0,0.0,349.9,8.62,166.0,96800.0
1990-12-30 00:00:00+00:00,10.81,89.25,0.0,0.0,0.0,354.95,9.93,189.0,96690.0
1990-12-30 01:00:00+00:00,10.82,80.05,0.0,0.0,0.0,312.05,11.38,201.0,96650.0
1990-12-30 02:00:00+00:00,8.49,76.85,0.0,0.0,0.0,296.85,11.38,227.0,96890.0
1990-12-30 03:00:00+00:00,7.0,73.9,0.0,0.0,0.0,314.85,8.69,230.0,97060.0
1990-12-30 04:00:00+00:00,6.38,76.55,0.0,0.0,0.0,264.95,7.72,221.0,97160.0
1990-12-30 05:00:00+00:00,6.18,76.55,0.0,0.0,0.0,281.2,7.59,218.0,97270.0
1990-12-30 06:00:00+00:00,5.93,79.4,0.0,0.0,0.0,268.4,7.31,219.0,97340.0
1990-12-30 07:00:00+00:00,5.65,79.4,0.0,0.0,0.0,296.65,6.07,231.0,97300.0
1990-12-30 08:00:00+00:00,5.55,82.5,0.0,0.0,0.0,296.3,6.14,237.0,97440.0
1990-12-30 09:00:00+00:00,5.41,85.6,8.0,0.0,8.0,260.65,6.28,235.0,97580.0
1990-12-30 10:00:00+00:00,5.7,82.5,79.0,373.25,36.0,263.75,6.41,235.0,97730.0
1990-12-30 11:00:00+00:00,6.11,82.55,133.0,491.88,50.0,266.5,6.21,228.0,97820.0
1990-12-30 12:00:00+00:00,6.36,82.55,151.0,503.83,56.0,267.05,6.62,224.0,97880.0
1990-12-30 13:00:00+00:00,6.5,79.55,113.0,253.89,69.0,263.2,7.03,229.0,97900.0
1990-12-30 14:00:00+00:00,6.18,82.55,69.0,177.4,47.0,293.4,5.66,231.0,97920.0
1990-12-30 15:00:00+00:00,5.77,85.65,12.0,0.0,12.0,260.5,4.76,232.0,97970.0
1990-12-30 16:00:00+00:00,5.4,85.6,0.0,0.0,0.0,278.3,4.21,226.0,98020.0
1990-12-30 17:00:00+00:00,4.83,88.85,0.0,0.0,0.0,264.15,3.86,224.0,98070.0
1990-12-30 18:00:00+00:00,4.45,88.8,0.0,0.0,0.0,263.75,3.86,233.0,98120.0
1990-12-30 19:00:00+00:00,4.16,88.8,0.0,0.0,0.0,258.15,4.21,233.0,98120.0
1990-12-30 20:00:00+00:00,3.9,92.15,0.0,0.0,0.0,245.95,4.62,236.0,98230.0
1990-12-30 21:00:00+00:00,3.82,88.75,0.0,0.0,0.0,245.95,4.69,235.0,98280.0
1990-12-30 22:00:00+00:00,4.18,85.5,0.0,0.0,0.0,271.9,4.83,235.0,98360.0
1990-12-30 23:00:00+00:00,4.36,85.5,0.0,0.0,0.0,266.65,5.24,234.0,98440.0
1990-12-31 00:00:00+00:00,4.7,85.55,0.0,0.0,0.0,274.05,5.59,233.0,98510.0
1990-12-31 01:00:00+00:00,5.12,85.6,0.0,0.0,0.0,295.45,6.41,234.0,98580.0
1990-12-31 02:00:00+00:00,5.27,85.6,0.0,0.0,0.0,299.0,6.83,235.0,98660.0
1990-12-31 03:00:00+00:00,5.22,85.6,0.0,0.0,0.0,269.6,6.97,234.0,98710.0
1990-12-31 04:00:00+00:00,5.06,82.4,0.0,0.0,0.0,258.95,6.9,238.0,98800.0
1990-12-31 05:00:00+00:00,4.75,85.55,0.0,0.0,0.0,244.6,6.41,235.0,98870.0
1990-12-31 06:00:00+00:00,4.61,85.55,0.0,0.0,0.0,250.05,6.14,229.0,98940.0
1990-12-31 07:00:00+00:00,4.57,85.55,0.0,0.0,0.0,250.8,5.72,225.0,98990.0
1990-12-31 08:00:00+00:00,4.59,85.55,0.0,0.0,0.0,261.25,5.93,213.0,99010.0
1990-12-31 09:00:00+00:00,4.84,85.55,6.0,0.0,6.0,270.95,6.0,206.0,98930.0
1990-12-31 10:00:00+00:00,5.5,79.4,31.0,0.0,31.0,279.45,6.28,201.0,98770.0
1990-12-31 11:00:00+00:00,6.17,82.55,93.0,129.7,71.0,284.3,6.9,193.0,98570.0
1990-12-31 12:00:00+00:00,6.37,82.55,24.0,0.0,24.0,295.5,8.21,184.0,98270.0
1990-12-31 13:00:00+00:00,5.77,88.9,31.0,0.0,31.0,304.2,8.69,171.0,97860.0
1990-12-31 14:00:00+00:00,6.26,88.95,8.0,0.0,8.0,325.7,9.24,177.0,97540.0
1990-12-31 15:00:00+00:00,7.53,89.05,13.0,0.0,13.0,333.05,8.76,202.0,97290.0
1990-12-31 16:00:00+00:00,6.78,77.33,0.0,0.0,0.0,310.93,12.9,220.0,97150.0
1990-12-31 17:00:00+00:00,6.51,78.68,0.0,0.0,0.0,309.83,12.22,214.0,97010.0
1990-12-31 18:00:00+00:00,6.24,80.02,0.0,0.0,0.0,308.73,11.54,215.0,96870.0
1990-12-31 19:00:00+00:00,5.98,81.37,0.0,0.0,0.0,307.63,10.86,218.0,96460.0
1990-12-31 20:00:00+00:00,5.71,82.71,0.0,0.0,0.0,306.54,10.18,231.0,96480.0
1990-12-31 21:00:00+00:00,5.44,84.05,0.0,0.0,0.0,305.44,9.5,242.0,96640.0
1990-12-31 22:00:00+00:00,5.18,85.4,0.0,0.0,0.0,304.34,8.82,247.0,96870.0
1990-12-31 23:00:00+00:00,4.91,86.74,0.0,0.0,0.0,303.24,8.14,252.0,97080.0
