time(UTC),T2m,RH,G(h),Gb(n),Gd(h),IR(h),WS10m,WD10m,SP
1990-01-01 00:00:00+00:00,8.83,85.6,0.0,0.0,0.0,299.4,1.92,54.0,102270.0
1990-01-01 01:00:00+00:00,8.37,87.85,0.0,0.0,0.0,296.23,1.92,53.0,102180.0
1990-01-01 02:00:00+00:00,7.9,90.1,0.0,0.0,0.0,293.06,1.92,52.0,102120.0
1990-01-01 03:00:00+00:00,7.44,92.34,0.0,0.0,0.0,289.89,1.91,50.0,102110.0
1990-01-01 04:00:00+00:00,6.97,94.59,0.0,0.0,0.0,286.72,1.91,45.0,102100.0
1990-01-01 05:00:00+00:00,6.51,96.83,0.0,0.0,0.0,283.55,1.91,42.0,102090.0
1990-01-01 06:00:00+00:00,6.04,99.08,0.0,0.0,0.0,280.38,1.9,40.0,102120.0
1990-01-01 07:00:00+00:00,5.58,100.0,0.0,0.0,0.0,277.21,1.9,43.0,102190.0
1990-01-01 08:00:00+00:00,6.4,92.35,52.0,378.21,22.0,284.3,1.79,39.0,102250.0
1990-01-01 09:00:00+00:00,8.19,95.8,215.0,664.87,56.0,281.6,1.38,41.0,102290.0
1990-01-01 10:00:00+00:00,10.85,83.0,361.0,785.82,73.0,294.35,1.59,49.0,102330.0
1990-01-01 11:00:00+00:00,12.67,74.7,465.0,852.66,79.0,296.1,1.52,55.0,102330.0
1990-01-01 12:00:00+00:00,14.32,69.75,512.0,872.17,83.0,287.75,1.38,50.0,102260.0
1990-01-01 13:00:00+00:00,15.61,62.85,496.0,853.84,85.0,292.05,1.24,46.0,102160.0
1990-01-01 14:00:00+00:00,16.5,56.6,422.0,805.96,82.0,302.3,1.03,44.0,102110.0
1990-01-01 15:00:00+00:00,16.85,56.6,300.0,727.71,69.0,298.4,0.83,43.0,102080.0
1990-01-01 16:00:00+00:00,16.68,56.6,144.0,570.76,44.0,301.7,0.48,44.0,102120.0
1990-01-01 17:00:00+00:00,15.94,60.65,0.0,0.0,0.0,296.65,0.14,295.0,102140.0
1990-01-01 18:00:00+00:00,14.83,64.95,0.0,0.0,0.0,296.1,0.48,286.0,102150.0
1990-01-01 19:00:00+00:00,13.27,69.55,0.0,0.0,0.0,288.75,0.76,287.0,102150.0
1990-01-01 20:00:00+00:00,12.32,74.6,0.0,0.0,0.0,286.6,0.76,290.0,102160.0
1990-01-01 21:00:00+00:00,11.57,77.3,0.0,0.0,0.0,284.5,0.62,300.0,102160.0
1990-01-01 22:00:00+00:00,10.87,83.0,0.0,0.0,0.0,282.35,0.69,328.0,102200.0
1990-01-01 23:00:00+00:00,10.1,86.0,0.0,0.0,0.0,281.0,0.83,357.0,102190.0
1990-01-02 00:00:00+00:00,9.37,89.1,0.0,0.0,0.0,279.25,0.9,28.0,102180.0
1990-01-02 01:00:00+00:00,7.94,92.4,0.0,0.0,0.0,277.05,1.1,59.0,102110.0
1990-01-02 02:00:00+00:00,6.71,95.8,0.0,0.0,0.0,276.35,1.31,73.0,102070.0
1990-01-02 03:00:00+00:00,5.88,95.8,0.0,0.0,0.0,273.85,1.45,64.0,102070.0
1990-01-02 04:00:00+00:00,5.19,99.4,0.0,0.0,0.0,273.85,1.45,41.0,102050.0
1990-01-02 05:00:00+00:00,4.71,99.4,0.0,0.0,0.0,273.05,1.52,27.0,102060.0
1990-01-02 06:00:00+00:00,4.57,99.4,0.0,0.0,0.0,279.25,1.38,29.0,102100.0
1990-01-02 07:00:00+00:00,4.59,99.4,0.0,0.0,0.0,278.3,1.31,44.0,102180.0
1990-01-02 08:00:00+00:00,4.67,99.4,53.0,404.68,21.0,279.25,1.17,52.0,102220.0
1990-01-02 09:00:00+00:00,6.74,95.8,216.0,673.07,55.0,281.6,0.76,51.0,102250.0
1990-01-02 10:00:00+00:00,10.04,86.0,357.0,757.67,79.0,281.2,0.62,41.0,102320.0
1990-01-02 11:00:00+00:00,12.45,77.45,444.0,734.29,111.0,284.1,0.62,26.0,102320.0
1990-01-02 12:00:00+00:00,14.31,69.75,515.0,882.24,80.0,294.15,0.48,8.0,102270.0
1990-01-02 13:00:00+00:00,15.48,62.85,497.0,853.16,85.0,293.0,0.41,325.0,102180.0
1990-01-02 14:00:00+00:00,16.12,60.75,425.0,816.56,79.0,294.75,0.55,291.0,102110.0
1990-01-02 15:00:00+00:00,16.27,58.6,302.0,729.15,69.0,296.85,0.69,278.0,102080.0
1990-01-02 16:00:00+00:00,16.01,58.6,140.0,495.83,52.0,295.3,0.76,278.0,102100.0
1990-01-02 17:00:00+00:00,15.04,65.05,0.0,0.0,0.0,293.75,0.97,283.0,102130.0
1990-01-02 18:00:00+00:00,12.75,80.3,0.0,0.0,0.0,293.0,1.03,296.0,102160.0
1990-01-02 19:00:00+00:00,10.8,86.05,0.0,0.0,0.0,285.65,1.45,325.0,102180.0
1990-01-02 20:00:00+00:00,9.33,92.45,0.0,0.0,0.0,283.7,1.59,325.0,102220.0
1990-01-02 21:00:00+00:00,8.68,92.4,0.0,0.0,0.0,284.1,1.52,326.0,102240.0
1990-01-02 22:00:00+00:00,8.62,92.4,0.0,0.0,0.0,283.3,1.24,330.0,102270.0
1990-01-02 23:00:00+00:00,9.45,89.15,0.0,0.0,0.0,280.4,0.83,341.0,102300.0
1990-01-03 00:00:00+00:00,8.71,95.85,0.0,0.0,0.0,284.5,0.48,18.0,102270.0
1990-01-03 01:00:00+00:00,7.87,99.4,0.0,0.0,0.0,284.8,0.55,62.0,102210.0
1990-01-03 02:00:00+00:00,7.14,99.4,0.0,0.0,0.0,285.85,0.55,65.0,102170.0
1990-01-03 03:00:00+00:00,6.4,95.8,0.0,0.0,0.0,287.75,0.62,28.0,102200.0
1990-01-03 04:00:00+00:00,5.6,99.4,0.0,0.0,0.0,282.95,0.76,15.0,102220.0
1990-01-03 05:00:00+00:00,5.22,99.4,0.0,0.0,0.0,287.75,0.83,15.0,102230.0
1990-01-03 06:00:00+00:00,5.14,99.4,0.0,0.0,0.0,292.8,0.9,26.0,102260.0
1990-01-03 07:00:00+00:00,5.6,99.4,0.0,0.0,0.0,287.2,1.31,47.0,102340.0
1990-01-03 08:00:00+00:00,5.37,99.4,26.0,12.67,25.0,286.8,1.45,44.0,102380.0
1990-01-03 09:00:00+00:00,7.27,95.8,113.0,45.95,102.0,287.0,1.17,46.0,102400.0
1990-01-03 10:00:00+00:00,10.78,83.0,183.0,46.27,166.0,285.65,1.1,46.0,102430.0
1990-01-03 11:00:00+00:00,12.69,77.45,232.0,48.41,210.0,281.2,1.03,30.0,102430.0
1990-01-03 12:00:00+00:00,14.15,72.3,231.0,26.3,218.0,292.2,1.17,360.0,102400.0
1990-01-03 13:00:00+00:00,15.14,65.05,279.0,86.67,237.0,295.3,1.38,344.0,102320.0
1990-01-03 14:00:00+00:00,15.48,60.65,200.0,32.89,186.0,332.3,1.38,338.0,102250.0
1990-01-03 15:00:00+00:00,15.49,60.65,222.0,233.09,147.0,338.5,1.17,341.0,102240.0
1990-01-03 16:00:00+00:00,15.4,60.5,132.0,378.12,64.0,349.3,0.83,350.0,102230.0
1990-01-03 17:00:00+00:00,14.75,72.4,0.0,0.0,0.0,319.3,0.28,349.0,102250.0
1990-01-03 18:00:00+00:00,14.18,67.25,0.0,0.0,0.0,311.75,0.41,303.0,102270.0
1990-01-03 19:00:00+00:00,11.07,83.05,0.0,0.0,0.0,299.75,1.31,27.0,102300.0
1990-01-03 20:00:00+00:00,9.31,92.45,0.0,0.0,0.0,291.85,1.79,15.0,102330.0
1990-01-03 21:00:00+00:00,8.37,95.8,0.0,0.0,0.0,285.85,2.0,10.0,102340.0
1990-01-03 22:00:00+00:00,7.84,92.4,0.0,0.0,0.0,278.85,2.14,9.0,102360.0
1990-01-03 23:00:00+00:00,7.49,85.85,0.0,0.0,0.0,276.75,2.21,11.0,102350.0
1990-01-04 00:00:00+00:00,7.03,85.8,0.0,0.0,0.0,272.3,2.21,16.0,102320.0
1990-01-04 01:00:00+00:00,6.51,89.0,0.0,0.0,0.0,269.5,2.14,19.0,102250.0
1990-01-04 02:00:00+00:00,6.06,88.95,0.0,0.0,0.0,267.45,2.14,18.0,102220.0
1990-01-04 03:00:00+00:00,5.78,88.9,0.0,0.0,0.0,265.9,2.21,16.0,102230.0
1990-01-04 04:00:00+00:00,5.63,88.9,0.0,0.0,0.0,265.3,2.21,18.0,102210.0
1990-01-04 05:00:00+00:00,5.54,88.9,0.0,0.0,0.0,265.3,2.21,24.0,102200.0
1990-01-04 06:00:00+00:00,5.42,85.65,0.0,0.0,0.0,263.95,2.28,33.0,102190.0
1990-01-04 07:00:00+00:00,5.46,92.3,0.0,0.0,0.0,268.8,2.28,38.0,102230.0
1990-01-04 08:00:00+00:00,5.77,92.3,40.0,152.11,28.0,274.05,2.48,36.0,102270.0
1990-01-04 09:00:00+00:00,7.18,85.8,217.0,667.66,57.0,268.2,2.34,40.0,102310.0
1990-01-04 10:00:00+00:00,9.3,79.85,367.0,804.17,71.0,287.2,3.45,48.0,102340.0
1990-01-04 11:00:00+00:00,10.89,74.4,480.0,906.81,67.0,278.65,3.66,53.0,102340.0
1990-01-04 12:00:00+00:00,12.24,69.35,306.0,114.97,249.0,276.55,3.38,55.0,102250.0
1990-01-04 13:00:00+00:00,13.44,67.05,424.0,470.86,195.0,280.2,3.03,57.0,102140.0
1990-01-04 14:00:00+00:00,14.4,64.85,435.0,839.23,76.0,293.0,2.69,61.0,102060.0
1990-01-04 15:00:00+00:00,14.94,62.65,311.0,752.93,67.0,300.75,2.21,60.0,102040.0
1990-01-04 16:00:00+00:00,14.9,62.65,151.0,576.03,46.0,296.65,1.79,42.0,102040.0
1990-01-04 17:00:00+00:00,13.72,67.15,0.0,0.0,0.0,300.55,2.0,12.0,102070.0
1990-01-04 18:00:00+00:00,12.36,74.6,0.0,0.0,0.0,305.0,2.34,16.0,102080.0
1990-01-04 19:00:00+00:00,11.83,74.55,0.0,0.0,0.0,318.35,2.41,29.0,102100.0
1990-01-04 20:00:00+00:00,11.61,74.55,0.0,0.0,0.0,328.4,2.34,41.0,102110.0
1990-01-04 21:00:00+00:00,11.44,71.85,0.0,0.0,0.0,332.3,2.21,50.0,102120.0
1990-01-04 22:00:00+00:00,10.74,77.15,0.0,0.0,0.0,306.35,2.21,57.0,102140.0
1990-01-04 23:00:00+00:00,10.28,82.95,0.0,0.0,0.0,307.5,2.07,61.0,102130.0
1990-01-05 00:00:00+00:00,9.84,85.95,0.0,0.0,0.0,307.5,2.0,60.0,102110.0
1990-01-05 01:00:00+00:00,9.33,89.1,0.0,0.0,0.0,302.8,2.0,56.0,102070.0
1990-01-05 02:00:00+00:00,8.85,92.4,0.0,0.0,0.0,293.6,2.14,53.0,102050.0
1990-01-05 03:00:00+00:00,8.55,92.4,0.0,0.0,0.0,289.1,2.21,52.0,102030.0
1990-01-05 04:00:00+00:00,8.38,95.8,0.0,0.0,0.0,288.35,2.21,49.0,102020.0
1990-01-05 05:00:00+00:00,8.16,95.8,0.0,0.0,0.0,284.5,2.21,47.0,102000.0
1990-01-05 06:00:00+00:00,7.94,95.8,0.0,0.0,0.0,279.25,2.28,48.0,101990.0
1990-01-05 07:00:00+00:00,7.62,92.4,0.0,0.0,0.0,274.8,2.41,46.0,102000.0
1990-01-05 08:00:00+00:00,7.58,92.4,53.0,405.32,21.0,276.55,2.48,45.0,102010.0
1990-01-05 09:00:00+00:00,8.91,89.1,221.0,699.92,53.0,277.3,2.21,45.0,102040.0
1990-01-05 10:00:00+00:00,11.47,77.3,367.0,802.53,71.0,283.1,2.69,50.0,102060.0
1990-01-05 11:00:00+00:00,13.39,72.1,476.0,882.64,73.0,290.65,3.1,58.0,102060.0
1990-01-05 12:00:00+00:00,14.74,64.95,528.0,916.94,72.0,293.75,3.1,61.0,101980.0
1990-01-05 13:00:00+00:00,15.68,60.65,511.0,886.89,78.0,300.55,2.97,62.0,101880.0
1990-01-05 14:00:00+00:00,16.3,58.6,438.0,839.63,77.0,299.75,2.76,65.0,101790.0
1990-01-05 15:00:00+00:00,16.56,54.6,313.0,753.54,67.0,299.2,2.48,67.0,101750.0
1990-01-05 16:00:00+00:00,16.36,56.5,156.0,606.04,44.0,299.55,2.0,54.0,101760.0
1990-01-05 17:00:00+00:00,14.98,62.75,0.0,0.0,0.0,304.05,2.21,24.0,101750.0
1990-01-05 18:00:00+00:00,13.09,69.55,0.0,0.0,0.0,290.65,2.55,24.0,101770.0
1990-01-05 19:00:00+00:00,12.07,69.35,0.0,0.0,0.0,287.0,2.34,25.0,101770.0
1990-01-05 20:00:00+00:00,11.06,74.45,0.0,0.0,0.0,284.1,2.21,30.0,101760.0
1990-01-05 21:00:00+00:00,10.12,79.95,0.0,0.0,0.0,282.15,2.0,38.0,101810.0
1990-01-05 22:00:00+00:00,9.11,82.85,0.0,0.0,0.0,279.65,1.86,45.0,101800.0
1990-01-05 23:00:00+00:00,8.1,89.05,0.0,0.0,0.0,277.5,1.86,51.0,101830.0
1990-01-06 00:00:00+00:00,7.26,89.0,0.0,0.0,0.0,275.6,1.86,54.0,101810.0
1990-01-06 01:00:00+00:00,6.59,92.35,0.0,0.0,0.0,273.35,1.86,53.0,101780.0
1990-01-06 02:00:00+00:00,6.1,92.3,0.0,0.0,0.0,271.3,1.93,50.0,101780.0
1990-01-06 03:00:00+00:00,5.69,95.75,0.0,0.0,0.0,271.5,1.86,48.0,101800.0
1990-01-06 04:00:00+00:00,5.27,95.75,0.0,0.0,0.0,269.0,1.79,42.0,101810.0
1990-01-06 05:00:00+00:00,4.97,95.75,0.0,0.0,0.0,269.4,1.72,40.0,101860.0
1990-01-06 06:00:00+00:00,4.81,95.75,0.0,0.0,0.0,273.85,1.86,45.0,101880.0
1990-01-06 07:00:00+00:00,4.64,99.4,0.0,0.0,0.0,288.35,1.66,60.0,101940.0
1990-01-06 08:00:00+00:00,4.81,99.4,54.0,417.11,21.0,287.0,1.66,68.0,101980.0
1990-01-06 09:00:00+00:00,6.46,95.8,222.0,702.64,53.0,293.2,1.66,64.0,102040.0
1990-01-06 10:00:00+00:00,8.22,95.8,373.0,830.41,66.0,303.45,1.66,53.0,102100.0
1990-01-06 11:00:00+00:00,10.21,86.0,479.0,886.77,73.0,317.75,1.66,40.0,102130.0
1990-01-06 12:00:00+00:00,12.03,74.6,532.0,921.95,72.0,295.3,1.66,42.0,102080.0
1990-01-06 13:00:00+00:00,13.63,69.65,510.0,866.98,85.0,284.65,1.66,51.0,101980.0
1990-01-06 14:00:00+00:00,14.67,64.95,439.0,832.9,79.0,287.75,1.66,61.0,101910.0
1990-01-06 15:00:00+00:00,15.17,62.75,314.0,732.64,73.0,289.7,1.66,69.0,101870.0
1990-01-06 16:00:00+00:00,15.09,62.75,159.0,602.95,46.0,289.7,1.45,69.0,101860.0
1990-01-06 17:00:00+00:00,14.2,67.25,0.0,0.0,0.0,287.4,1.38,43.0,101900.0
1990-01-06 18:00:00+00:00,12.43,77.35,0.0,0.0,0.0,283.7,1.93,29.0,101940.0
1990-01-06 19:00:00+00:00,11.11,80.1,0.0,0.0,0.0,280.05,2.07,9.0,101980.0
1990-01-06 20:00:00+00:00,9.85,85.95,0.0,0.0,0.0,279.45,2.0,1.0,102030.0
1990-01-06 21:00:00+00:00,8.68,92.4,0.0,0.0,0.0,277.7,1.86,10.0,102060.0
1990-01-06 22:00:00+00:00,7.53,89.05,0.0,0.0,0.0,275.75,1.72,22.0,102110.0
1990-01-06 23:00:00+00:00,6.57,92.35,0.0,0.0,0.0,274.05,1.66,39.0,102100.0
1990-01-07 00:00:00+00:00,5.87,95.75,0.0,0.0,0.0,271.5,1.72,36.0,102090.0
1990-01-07 01:00:00+00:00,5.38,92.3,0.0,0.0,0.0,272.2,1.93,25.0,102090.0
1990-01-07 02:00:00+00:00,5.22,95.75,0.0,0.0,0.0,269.0,2.07,32.0,102090.0
1990-01-07 03:00:00+00:00,5.2,92.25,0.0,0.0,0.0,266.65,2.14,43.0,102100.0
1990-01-07 04:00:00+00:00,5.17,92.25,0.0,0.0,0.0,264.95,2.21,52.0,102070.0
1990-01-07 05:00:00+00:00,5.09,92.25,0.0,0.0,0.0,263.4,2.21,49.0,102070.0
1990-01-07 06:00:00+00:00,5.03,92.25,0.0,0.0,0.0,261.45,2.28,37.0,102060.0
1990-01-07 07:00:00+00:00,4.8,95.75,0.0,0.0,0.0,276.15,2.0,42.0,102140.0
1990-01-07 08:00:00+00:00,4.79,95.75,53.0,390.51,22.0,275.2,2.0,39.0,102170.0
1990-01-07 09:00:00+00:00,6.46,89.0,222.0,692.59,55.0,277.7,1.86,46.0,102210.0
1990-01-07 10:00:00+00:00,9.36,82.85,373.0,817.43,70.0,285.85,2.0,53.0,102260.0
1990-01-07 11:00:00+00:00,12.02,71.95,482.0,884.13,76.0,270.55,2.0,57.0,102250.0
1990-01-07 12:00:00+00:00,14.13,64.85,532.0,906.75,78.0,276.75,1.93,55.0,102180.0
1990-01-07 13:00:00+00:00,15.66,58.45,516.0,875.49,85.0,282.15,1.86,47.0,102090.0
1990-01-07 14:00:00+00:00,16.64,54.6,445.0,842.17,79.0,286.2,1.93,40.0,102050.0
1990-01-07 15:00:00+00:00,17.05,49.05,323.0,769.19,68.0,289.1,1.86,42.0,102020.0
1990-01-07 16:00:00+00:00,16.78,52.65,164.0,626.0,45.0,289.7,1.38,48.0,102030.0
1990-01-07 17:00:00+00:00,15.6,56.35,0.0,0.0,0.0,287.75,1.52,46.0,102010.0
1990-01-07 18:00:00+00:00,13.36,67.05,0.0,0.0,0.0,282.75,1.86,40.0,102040.0
1990-01-07 19:00:00+00:00,11.24,77.2,0.0,0.0,0.0,281.4,1.66,26.0,102050.0
1990-01-07 20:00:00+00:00,9.56,82.9,0.0,0.0,0.0,279.45,1.72,31.0,102070.0
1990-01-07 21:00:00+00:00,8.52,82.75,0.0,0.0,0.0,276.95,1.59,32.0,102070.0
1990-01-07 22:00:00+00:00,7.32,85.8,0.0,0.0,0.0,273.45,1.66,26.0,102080.0
1990-01-07 23:00:00+00:00,6.23,88.95,0.0,0.0,0.0,270.95,1.72,21.0,102060.0
1990-01-08 00:00:00+00:00,5.56,88.9,0.0,0.0,0.0,269.6,1.66,22.0,102020.0
1990-01-08 01:00:00+00:00,5.03,92.25,0.0,0.0,0.0,268.35,1.66,28.0,101990.0
1990-01-08 02:00:00+00:00,4.44,92.25,0.0,0.0,0.0,267.85,1.72,32.0,101950.0
1990-01-08 03:00:00+00:00,4.02,95.75,0.0,0.0,0.0,265.7,1.72,38.0,101960.0
1990-01-08 04:00:00+00:00,3.77,95.7,0.0,0.0,0.0,265.3,1.79,45.0,101940.0
1990-01-08 05:00:00+00:00,3.64,95.7,0.0,0.0,0.0,263.4,1.93,45.0,101940.0
1990-01-08 06:00:00+00:00,3.66,95.7,0.0,0.0,0.0,264.35,2.07,36.0,101920.0
1990-01-08 07:00:00+00:00,3.71,92.15,0.0,0.0,0.0,260.65,2.14,42.0,101970.0
1990-01-08 08:00:00+00:00,3.81,92.15,53.0,388.68,22.0,261.85,2.14,39.0,101980.0
1990-01-08 09:00:00+00:00,5.98,85.7,224.0,702.96,54.0,263.2,1.66,37.0,102020.0
1990-01-08 10:00:00+00:00,10.23,74.3,378.0,839.25,66.0,266.65,1.66,33.0,102040.0
1990-01-08 11:00:00+00:00,13.07,62.3,485.0,894.33,73.0,270.95,1.66,32.0,102010.0
1990-01-08 12:00:00+00:00,15.24,56.25,531.0,893.46,82.0,278.5,1.66,31.0,101960.0
1990-01-08 13:00:00+00:00,16.68,50.75,520.0,887.8,81.0,285.65,1.66,34.0,101880.0
1990-01-08 14:00:00+00:00,17.51,47.4,448.0,841.99,80.0,290.85,1.45,36.0,101830.0
1990-01-08 15:00:00+00:00,17.83,45.7,323.0,757.08,70.0,290.5,1.31,38.0,101780.0
1990-01-08 16:00:00+00:00,17.52,49.15,166.0,622.22,46.0,289.7,0.97,44.0,101780.0
1990-01-08 17:00:00+00:00,15.97,67.55,0.0,0.0,0.0,287.4,0.83,50.0,101780.0
1990-01-08 18:00:00+00:00,15.29,56.25,0.0,0.0,0.0,283.5,0.76,57.0,101800.0
1990-01-08 19:00:00+00:00,14.03,58.1,0.0,0.0,0.0,280.4,0.21,323.0,101830.0
1990-01-08 20:00:00+00:00,12.81,64.55,0.0,0.0,0.0,280.2,0.34,311.0,101830.0
1990-01-08 21:00:00+00:00,11.87,69.25,0.0,0.0,0.0,280.2,0.14,277.0,101860.0
1990-01-08 22:00:00+00:00,11.02,71.75,0.0,0.0,0.0,280.05,0.07,200.0,101890.0
1990-01-08 23:00:00+00:00,10.08,77.1,0.0,0.0,0.0,279.65,0.34,135.0,101890.0
1990-01-09 00:00:00+00:00,9.27,82.85,0.0,0.0,0.0,279.65,0.69,135.0,101890.0
1990-01-09 01:00:00+00:00,8.16,85.85,0.0,0.0,0.0,278.8,0.9,142.0,101850.0
1990-01-09 02:00:00+00:00,7.55,85.85,0.0,0.0,0.0,277.7,0.97,142.0,101830.0
1990-01-09 03:00:00+00:00,7.7,89.05,0.0,0.0,0.0,277.1,0.76,124.0,101830.0
1990-01-09 04:00:00+00:00,7.39,92.35,0.0,0.0,0.0,275.95,0.69,83.0,101830.0
1990-01-09 05:00:00+00:00,6.34,92.3,0.0,0.0,0.0,274.4,1.03,57.0,101800.0
1990-01-09 06:00:00+00:00,4.83,95.75,0.0,0.0,0.0,273.45,1.31,39.0,101820.0
1990-01-09 07:00:00+00:00,3.82,99.4,0.0,0.0,0.0,270.15,1.45,39.0,101860.0
1990-01-09 08:00:00+00:00,3.71,99.4,53.0,386.36,22.0,273.05,1.38,45.0,101910.0
1990-01-09 09:00:00+00:00,6.46,92.35,220.0,688.23,53.0,276.55,0.55,53.0,101950.0
1990-01-09 10:00:00+00:00,9.53,85.95,370.0,809.75,68.0,296.5,0.48,75.0,102020.0
1990-01-09 11:00:00+00:00,12.01,74.6,473.0,856.65,77.0,288.55,0.34,112.0,102010.0
1990-01-09 12:00:00+00:00,13.57,72.2,532.0,913.78,71.0,291.85,0.62,210.0,101920.0
1990-01-09 13:00:00+00:00,14.63,67.35,517.0,885.72,77.0,295.9,1.31,249.0,101840.0
1990-01-09 14:00:00+00:00,15.33,65.05,442.0,828.0,78.0,299.2,1.72,254.0,101800.0
1990-01-09 15:00:00+00:00,15.53,60.65,323.0,762.78,66.0,303.05,1.86,254.0,101770.0
1990-01-09 16:00:00+00:00,15.33,62.75,164.0,597.87,47.0,302.65,1.79,254.0,101800.0
1990-01-09 17:00:00+00:00,14.23,67.25,0.0,0.0,0.0,301.1,1.66,228.0,101820.0
1990-01-09 18:00:00+00:00,12.5,74.7,0.0,0.0,0.0,294.75,2.14,228.0,101830.0
1990-01-09 19:00:00+00:00,11.19,83.05,0.0,0.0,0.0,296.1,2.07,228.0,101830.0
1990-01-09 20:00:00+00:00,10.14,86.0,0.0,0.0,0.0,285.05,2.0,235.0,101840.0
1990-01-09 21:00:00+00:00,9.19,92.45,0.0,0.0,0.0,282.35,1.79,248.0,101880.0
1990-01-09 22:00:00+00:00,8.15,99.4,0.0,0.0,0.0,285.45,1.45,253.0,101900.0
1990-01-09 23:00:00+00:00,7.82,95.8,0.0,0.0,0.0,291.45,1.1,245.0,101890.0
1990-01-10 00:00:00+00:00,8.05,95.8,0.0,0.0,0.0,315.45,0.83,242.0,101840.0
1990-01-10 01:00:00+00:00,7.71,95.8,0.0,0.0,0.0,300.25,0.83,247.0,101770.0
1990-01-10 02:00:00+00:00,7.49,95.8,0.0,0.0,0.0,293.0,0.9,270.0,101740.0
1990-01-10 03:00:00+00:00,6.85,99.4,0.0,0.0,0.0,304.4,1.24,301.0,101760.0
1990-01-10 04:00:00+00:00,6.81,95.8,0.0,0.0,0.0,293.4,1.45,319.0,101760.0
1990-01-10 05:00:00+00:00,7.99,95.8,0.0,0.0,0.0,284.5,0.97,330.0,101730.0
1990-01-10 06:00:00+00:00,7.56,95.8,0.0,0.0,0.0,281.95,1.1,340.0,101740.0
1990-01-10 07:00:00+00:00,5.54,95.75,0.0,0.0,0.0,274.4,1.66,354.0,101760.0
1990-01-10 08:00:00+00:00,5.21,95.75,54.0,383.57,23.0,285.45,1.86,352.0,101790.0
1990-01-10 09:00:00+00:00,7.27,92.35,215.0,611.71,66.0,278.85,1.52,356.0,101850.0
1990-01-10 10:00:00+00:00,10.58,74.4,369.0,782.87,76.0,288.35,2.21,8.0,101900.0
1990-01-10 11:00:00+00:00,11.62,66.75,483.0,875.07,77.0,284.3,2.55,25.0,101900.0
1990-01-10 12:00:00+00:00,12.55,64.55,532.0,886.37,83.0,295.1,2.41,37.0,101850.0
1990-01-10 13:00:00+00:00,13.58,60.2,516.0,855.43,89.0,303.85,2.34,44.0,101750.0
1990-01-10 14:00:00+00:00,14.4,60.3,448.0,823.03,84.0,303.05,2.48,46.0,101660.0
1990-01-10 15:00:00+00:00,14.98,56.25,284.0,459.16,128.0,299.0,2.62,40.0,101640.0
1990-01-10 16:00:00+00:00,15.23,56.25,142.0,332.32,76.0,321.25,2.69,35.0,101650.0
1990-01-10 17:00:00+00:00,14.56,58.25,5.0,0.0,5.0,329.4,2.0,26.0,101680.0
1990-01-10 18:00:00+00:00,12.73,64.55,0.0,0.0,0.0,285.45,2.34,16.0,101690.0
1990-01-10 19:00:00+00:00,11.78,59.7,0.0,0.0,0.0,280.8,2.76,16.0,101800.0
1990-01-10 20:00:00+00:00,10.97,57.4,0.0,0.0,0.0,275.75,2.9,16.0,101840.0
1990-01-10 21:00:00+00:00,10.39,57.15,0.0,0.0,0.0,271.1,3.24,19.0,101870.0
1990-01-10 22:00:00+00:00,10.0,55.05,0.0,0.0,0.0,268.2,3.31,23.0,101890.0
1990-01-10 23:00:00+00:00,9.63,54.9,0.0,0.0,0.0,266.3,3.24,24.0,101890.0
1990-01-11 00:00:00+00:00,9.26,54.8,0.0,0.0,0.0,264.75,3.24,26.0,101910.0
1990-01-11 01:00:00+00:00,8.91,56.8,0.0,0.0,0.0,263.3,3.24,32.0,101880.0
1990-01-11 02:00:00+00:00,8.61,56.8,0.0,0.0,0.0,261.65,3.24,40.0,101900.0
1990-01-11 03:00:00+00:00,8.44,56.8,0.0,0.0,0.0,266.3,3.38,43.0,101890.0
1990-01-11 04:00:00+00:00,8.19,58.9,0.0,0.0,0.0,264.95,3.38,43.0,101890.0
1990-01-11 05:00:00+00:00,7.97,58.9,0.0,0.0,0.0,269.4,3.38,44.0,101890.0
1990-01-11 06:00:00+00:00,7.67,58.9,0.0,0.0,0.0,268.8,3.24,46.0,101910.0
1990-01-11 07:00:00+00:00,7.03,58.8,0.0,0.0,0.0,269.75,3.1,47.0,102000.0
1990-01-11 08:00:00+00:00,6.78,63.35,56.0,404.88,23.0,269.95,2.97,50.0,102050.0
1990-01-11 09:00:00+00:00,7.84,63.6,226.0,699.05,55.0,266.65,2.55,49.0,102100.0
1990-01-11 10:00:00+00:00,9.84,59.25,375.0,798.55,75.0,264.55,3.1,51.0,102160.0
1990-01-11 11:00:00+00:00,11.65,53.35,488.0,878.13,79.0,269.2,3.1,53.0,102180.0
1990-01-11 12:00:00+00:00,13.12,49.85,543.0,912.07,79.0,279.05,2.83,53.0,102140.0
1990-01-11 13:00:00+00:00,14.19,48.25,528.0,883.09,85.0,283.3,2.48,52.0,102050.0
1990-01-11 14:00:00+00:00,14.83,46.6,458.0,851.67,79.0,288.75,2.14,50.0,101980.0
1990-01-11 15:00:00+00:00,15.05,45.05,338.0,790.88,67.0,296.3,1.86,52.0,101980.0
1990-01-11 16:00:00+00:00,14.89,48.4,177.0,644.9,47.0,295.5,1.66,56.0,101980.0
1990-01-11 17:00:00+00:00,14.04,52.0,6.0,0.0,6.0,298.4,1.31,56.0,102030.0
1990-01-11 18:00:00+00:00,12.38,62.1,0.0,0.0,0.0,295.5,1.38,54.0,102050.0
1990-01-11 19:00:00+00:00,10.74,69.1,0.0,0.0,0.0,280.4,1.38,23.0,102090.0
1990-01-11 20:00:00+00:00,9.39,76.95,0.0,0.0,0.0,287.75,1.52,23.0,102110.0
1990-01-11 21:00:00+00:00,8.27,79.7,0.0,0.0,0.0,280.2,1.52,30.0,102140.0
1990-01-11 22:00:00+00:00,7.23,82.65,0.0,0.0,0.0,274.8,1.45,44.0,102150.0
1990-01-11 23:00:00+00:00,6.3,85.7,0.0,0.0,0.0,269.75,1.45,50.0,102160.0
1990-01-12 00:00:00+00:00,5.56,85.65,0.0,0.0,0.0,268.05,1.45,49.0,102160.0
1990-01-12 01:00:00+00:00,4.88,88.85,0.0,0.0,0.0,264.85,1.45,43.0,102160.0
1990-01-12 02:00:00+00:00,4.22,92.2,0.0,0.0,0.0,263.2,1.52,37.0,102150.0
1990-01-12 03:00:00+00:00,3.73,92.15,0.0,0.0,0.0,262.2,1.52,35.0,102160.0
1990-01-12 04:00:00+00:00,3.34,95.7,0.0,0.0,0.0,261.45,1.59,36.0,102140.0
1990-01-12 05:00:00+00:00,2.96,92.15,0.0,0.0,0.0,260.1,1.66,39.0,102140.0
1990-01-12 06:00:00+00:00,2.64,95.7,0.0,0.0,0.0,259.3,1.72,38.0,102150.0
1990-01-12 07:00:00+00:00,2.62,92.15,0.0,0.0,0.0,260.1,2.0,40.0,102190.0
1990-01-12 08:00:00+00:00,2.73,92.15,57.0,425.28,22.0,259.9,2.0,38.0,102230.0
1990-01-12 09:00:00+00:00,5.26,88.85,228.0,703.94,55.0,260.5,1.66,42.0,102260.0
1990-01-12 10:00:00+00:00,9.28,74.15,378.0,808.58,73.0,264.75,1.79,48.0,102310.0
1990-01-12 11:00:00+00:00,11.95,64.45,485.0,861.71,82.0,271.1,1.86,49.0,102310.0
1990-01-12 12:00:00+00:00,13.88,60.2,541.0,896.28,83.0,276.75,1.86,47.0,102230.0
1990-01-12 13:00:00+00:00,15.07,54.25,532.0,892.44,82.0,281.0,1.79,42.0,102110.0
1990-01-12 14:00:00+00:00,15.68,50.5,460.0,848.53,80.0,283.3,1.79,37.0,102020.0
1990-01-12 15:00:00+00:00,15.85,48.65,338.0,778.26,69.0,284.5,1.72,39.0,101980.0
1990-01-12 16:00:00+00:00,15.57,48.65,179.0,645.06,47.0,283.9,1.66,41.0,101970.0
1990-01-12 17:00:00+00:00,14.5,54.1,8.0,0.0,8.0,281.2,1.52,38.0,101990.0
1990-01-12 18:00:00+00:00,12.5,62.2,0.0,0.0,0.0,276.95,1.79,38.0,102010.0
1990-01-12 19:00:00+00:00,10.41,77.1,0.0,0.0,0.0,273.65,1.38,48.0,102010.0
1990-01-12 20:00:00+00:00,8.7,79.75,0.0,0.0,0.0,271.3,1.52,58.0,102020.0
1990-01-12 21:00:00+00:00,7.22,82.65,0.0,0.0,0.0,269.4,1.72,62.0,102020.0
1990-01-12 22:00:00+00:00,6.24,85.7,0.0,0.0,0.0,267.05,1.79,61.0,102030.0
1990-01-12 23:00:00+00:00,5.39,85.65,0.0,0.0,0.0,264.55,1.79,58.0,102030.0
1990-01-13 00:00:00+00:00,4.55,88.85,0.0,0.0,0.0,262.2,1.79,53.0,102000.0
1990-01-13 01:00:00+00:00,3.85,92.15,0.0,0.0,0.0,260.0,1.79,47.0,101920.0
1990-01-13 02:00:00+00:00,3.33,95.7,0.0,0.0,0.0,258.35,1.79,45.0,101860.0
1990-01-13 03:00:00+00:00,2.95,92.15,0.0,0.0,0.0,257.4,1.72,46.0,101850.0
1990-01-13 04:00:00+00:00,2.67,92.15,0.0,0.0,0.0,256.8,1.72,47.0,101820.0
1990-01-13 05:00:00+00:00,2.45,92.15,0.0,0.0,0.0,256.2,1.59,50.0,101790.0
1990-01-13 06:00:00+00:00,2.04,95.65,0.0,0.0,0.0,259.7,1.59,43.0,101780.0
1990-01-13 07:00:00+00:00,1.91,92.1,0.0,0.0,0.0,260.5,1.86,51.0,101830.0
1990-01-13 08:00:00+00:00,2.02,95.65,52.0,288.48,28.0,260.65,1.86,44.0,101840.0
1990-01-13 09:00:00+00:00,4.39,88.85,228.0,700.37,55.0,266.3,1.45,43.0,101870.0
1990-01-13 10:00:00+00:00,7.8,76.8,362.0,683.67,103.0,271.5,1.52,42.0,101900.0
1990-01-13 11:00:00+00:00,10.36,74.3,475.0,787.76,105.0,272.3,1.45,34.0,101940.0
1990-01-13 12:00:00+00:00,12.46,64.55,515.0,748.0,131.0,278.65,1.17,30.0,101870.0
1990-01-13 13:00:00+00:00,13.93,62.45,518.0,804.87,110.0,281.75,0.55,41.0,101760.0
1990-01-13 14:00:00+00:00,14.8,56.15,414.0,572.38,156.0,285.25,0.62,139.0,101610.0
1990-01-13 15:00:00+00:00,15.15,52.25,301.0,501.85,126.0,288.75,0.9,169.0,101550.0
1990-01-13 16:00:00+00:00,15.01,52.25,156.0,375.46,78.0,288.15,0.76,234.0,101570.0
1990-01-13 17:00:00+00:00,14.05,58.1,9.0,0.0,9.0,285.85,1.31,292.0,101590.0
1990-01-13 18:00:00+00:00,12.02,66.85,0.0,0.0,0.0,281.2,1.59,306.0,101610.0
1990-01-13 19:00:00+00:00,10.1,77.1,0.0,0.0,0.0,280.8,1.24,313.0,101640.0
1990-01-13 20:00:00+00:00,9.83,77.0,0.0,0.0,0.0,283.1,0.97,318.0,101630.0
1990-01-13 21:00:00+00:00,10.02,74.3,0.0,0.0,0.0,276.95,0.55,334.0,101620.0
1990-01-13 22:00:00+00:00,9.33,79.85,0.0,0.0,0.0,282.15,0.21,76.0,101620.0
1990-01-13 23:00:00+00:00,8.5,82.75,0.0,0.0,0.0,272.5,0.55,119.0,101640.0
1990-01-14 00:00:00+00:00,7.68,82.7,0.0,0.0,0.0,268.2,0.48,86.0,101600.0
1990-01-14 01:00:00+00:00,7.01,85.8,0.0,0.0,0.0,267.75,0.83,46.0,101540.0
1990-01-14 02:00:00+00:00,5.13,92.25,0.0,0.0,0.0,273.65,1.17,44.0,101510.0
1990-01-14 03:00:00+00:00,4.33,95.75,0.0,0.0,0.0,271.5,1.31,47.0,101480.0
1990-01-14 04:00:00+00:00,4.2,95.75,0.0,0.0,0.0,283.7,1.24,56.0,101460.0
1990-01-14 05:00:00+00:00,3.77,95.7,0.0,0.0,0.0,268.8,1.24,64.0,101420.0
1990-01-14 06:00:00+00:00,3.38,95.7,0.0,0.0,0.0,269.0,1.17,65.0,101410.0
1990-01-14 07:00:00+00:00,4.64,92.25,0.0,0.0,0.0,303.85,1.45,72.0,101520.0
1990-01-14 08:00:00+00:00,4.74,95.75,56.0,391.95,23.0,303.25,1.24,61.0,101540.0
1990-01-14 09:00:00+00:00,7.14,89.0,227.0,688.49,56.0,312.15,0.55,55.0,101580.0
1990-01-14 10:00:00+00:00,9.78,79.9,374.0,772.51,80.0,309.25,0.28,64.0,101620.0
1990-01-14 11:00:00+00:00,11.75,71.85,425.0,536.24,172.0,313.3,0.34,177.0,101650.0
1990-01-14 12:00:00+00:00,13.13,60.05,513.0,738.6,132.0,294.55,1.52,214.0,101580.0
1990-01-14 13:00:00+00:00,13.93,55.9,488.0,651.39,156.0,323.0,2.0,230.0,101510.0
1990-01-14 14:00:00+00:00,14.17,52.0,385.0,438.57,186.0,308.1,2.07,230.0,101430.0
1990-01-14 15:00:00+00:00,14.59,50.25,258.0,281.37,159.0,288.35,2.14,233.0,101390.0
1990-01-14 16:00:00+00:00,14.5,50.25,147.0,289.2,86.0,306.55,2.0,231.0,101390.0
1990-01-14 17:00:00+00:00,13.73,55.9,11.0,24.63,10.0,314.3,1.38,225.0,101430.0
1990-01-14 18:00:00+00:00,12.77,59.95,0.0,0.0,0.0,329.2,1.38,204.0,101470.0
1990-01-14 19:00:00+00:00,11.82,71.85,0.0,0.0,0.0,332.85,1.45,137.0,101530.0
1990-01-14 20:00:00+00:00,10.46,77.15,0.0,0.0,0.0,317.2,1.52,142.0,101550.0
1990-01-14 21:00:00+00:00,9.18,85.95,0.0,0.0,0.0,303.85,1.59,145.0,101550.0
1990-01-14 22:00:00+00:00,8.34,92.4,0.0,0.0,0.0,306.35,1.52,144.0,101560.0
1990-01-14 23:00:00+00:00,7.52,89.05,0.0,0.0,0.0,297.25,1.52,134.0,101570.0
1990-01-15 00:00:00+00:00,6.83,92.35,0.0,0.0,0.0,293.0,1.66,120.0,101550.0
1990-01-15 01:00:00+00:00,6.17,92.3,0.0,0.0,0.0,286.9,1.66,109.0,101520.0
1990-01-15 02:00:00+00:00,5.56,95.75,0.0,0.0,0.0,282.15,1.66,101.0,101500.0
1990-01-15 03:00:00+00:00,5.25,95.75,0.0,0.0,0.0,285.65,1.52,91.0,101510.0
1990-01-15 04:00:00+00:00,4.89,92.25,0.0,0.0,0.0,283.3,1.52,81.0,101510.0
1990-01-15 05:00:00+00:00,4.71,95.75,0.0,0.0,0.0,287.4,1.59,80.0,101510.0
1990-01-15 06:00:00+00:00,4.56,95.75,0.0,0.0,0.0,285.25,1.59,79.0,101530.0
1990-01-15 07:00:00+00:00,4.42,92.25,0.0,0.0,0.0,280.6,1.59,90.0,101610.0
1990-01-15 08:00:00+00:00,4.4,88.85,44.0,164.13,30.0,277.9,1.52,84.0,101660.0
1990-01-15 09:00:00+00:00,7.17,85.8,189.0,372.25,96.0,287.0,0.9,93.0,101710.0
1990-01-15 10:00:00+00:00,10.92,74.4,320.0,457.61,145.0,288.15,0.97,124.0,101760.0
1990-01-15 11:00:00+00:00,13.56,64.75,470.0,774.22,103.0,305.4,1.45,160.0,101780.0
1990-01-15 12:00:00+00:00,15.64,62.85,443.0,447.52,211.0,303.65,2.21,188.0,101730.0
1990-01-15 13:00:00+00:00,17.02,58.8,306.0,103.41,253.0,311.95,2.76,205.0,101660.0
1990-01-15 14:00:00+00:00,17.71,54.85,314.0,201.39,222.0,315.25,3.24,218.0,101630.0
1990-01-15 15:00:00+00:00,17.78,54.85,308.0,537.94,117.0,332.5,3.24,220.0,101620.0
1990-01-15 16:00:00+00:00,17.42,58.8,187.0,653.67,47.0,323.0,2.69,214.0,101640.0
1990-01-15 17:00:00+00:00,16.28,62.95,15.0,68.53,12.0,326.1,2.07,208.0,101670.0
1990-01-15 18:00:00+00:00,14.52,69.85,0.0,0.0,0.0,313.1,2.07,200.0,101730.0
1990-01-15 19:00:00+00:00,13.59,74.85,0.0,0.0,0.0,326.5,1.72,180.0,101810.0
1990-01-15 20:00:00+00:00,12.46,77.45,0.0,0.0,0.0,319.1,1.79,171.0,101830.0
1990-01-15 21:00:00+00:00,11.37,86.1,0.0,0.0,0.0,314.5,1.79,162.0,101840.0
1990-01-15 22:00:00+00:00,10.27,89.2,0.0,0.0,0.0,309.25,1.66,153.0,101850.0
1990-01-15 23:00:00+00:00,9.26,92.45,0.0,0.0,0.0,298.2,1.38,148.0,101860.0
1990-01-16 00:00:00+00:00,9.21,89.1,0.0,0.0,0.0,301.1,1.1,130.0,101850.0
1990-01-16 01:00:00+00:00,7.92,92.4,0.0,0.0,0.0,290.8,1.31,90.0,101820.0
1990-01-16 02:00:00+00:00,6.75,95.8,0.0,0.0,0.0,291.85,1.59,70.0,101800.0
1990-01-16 03:00:00+00:00,6.1,95.8,0.0,0.0,0.0,283.9,1.66,59.0,101800.0
1990-01-16 04:00:00+00:00,5.45,92.3,0.0,0.0,0.0,273.45,1.79,56.0,101780.0
1990-01-16 05:00:00+00:00,5.03,95.75,0.0,0.0,0.0,270.95,1.86,53.0,101780.0
1990-01-16 06:00:00+00:00,4.84,95.75,0.0,0.0,0.0,272.3,1.93,50.0,101790.0
1990-01-16 07:00:00+00:00,4.36,95.75,0.0,0.0,0.0,267.25,1.79,43.0,101870.0
1990-01-16 08:00:00+00:00,4.15,95.75,60.0,439.26,22.0,266.1,1.79,45.0,101910.0
1990-01-16 09:00:00+00:00,6.43,89.0,180.0,290.37,107.0,263.6,1.31,53.0,101940.0
1990-01-16 10:00:00+00:00,10.82,74.4,365.0,694.64,98.0,266.65,1.1,52.0,101980.0
1990-01-16 11:00:00+00:00,13.38,64.65,475.0,772.54,107.0,273.25,0.76,39.0,102020.0
1990-01-16 12:00:00+00:00,15.36,56.25,530.0,809.87,108.0,280.4,0.14,56.0,101940.0
1990-01-16 13:00:00+00:00,16.79,47.15,526.0,822.51,102.0,284.85,0.69,209.0,101880.0
1990-01-16 14:00:00+00:00,17.64,42.45,462.0,808.72,90.0,287.6,1.72,220.0,101830.0
1990-01-16 15:00:00+00:00,17.91,40.9,342.0,728.36,81.0,288.55,2.34,220.0,101800.0
1990-01-16 16:00:00+00:00,17.59,40.9,186.0,611.55,53.0,288.55,2.28,215.0,101800.0
1990-01-16 17:00:00+00:00,16.14,47.0,19.0,148.92,12.0,286.05,2.14,213.0,101830.0
1990-01-16 18:00:00+00:00,14.06,53.95,0.0,0.0,0.0,281.4,2.41,216.0,101870.0
1990-01-16 19:00:00+00:00,12.79,64.55,0.0,0.0,0.0,282.75,2.48,217.0,101930.0
1990-01-16 20:00:00+00:00,11.67,74.55,0.0,0.0,0.0,282.75,2.48,210.0,101970.0
1990-01-16 21:00:00+00:00,10.91,83.0,0.0,0.0,0.0,287.2,2.28,211.0,102010.0
1990-01-16 22:00:00+00:00,10.27,86.0,0.0,0.0,0.0,290.3,2.07,207.0,102080.0
1990-01-16 23:00:00+00:00,9.52,89.15,0.0,0.0,0.0,285.85,2.0,196.0,102090.0
1990-01-17 00:00:00+00:00,9.35,92.45,0.0,0.0,0.0,306.35,1.86,191.0,102100.0
1990-01-17 01:00:00+00:00,9.23,92.45,0.0,0.0,0.0,308.95,1.86,185.0,102100.0
1990-01-17 02:00:00+00:00,9.37,92.45,0.0,0.0,0.0,320.3,1.86,177.0,102090.0
1990-01-17 03:00:00+00:00,9.71,92.45,0.0,0.0,0.0,335.75,1.66,179.0,102110.0
1990-01-17 04:00:00+00:00,10.06,92.5,0.0,0.0,0.0,343.1,1.66,178.0,102100.0
1990-01-17 05:00:00+00:00,10.24,92.5,0.0,0.0,0.0,345.25,1.52,181.0,102110.0
1990-01-17 06:00:00+00:00,10.66,92.5,0.0,0.0,0.0,365.55,1.03,199.0,102180.0
1990-01-17 07:00:00+00:00,11.38,95.9,0.0,0.0,0.0,368.65,1.38,194.0,102190.0
1990-01-17 08:00:00+00:00,11.42,95.9,34.0,45.55,30.0,349.7,0.76,211.0,102270.0
1990-01-17 09:00:00+00:00,12.22,95.95,157.0,169.91,114.0,355.3,0.28,296.0,102340.0
1990-01-17 10:00:00+00:00,13.57,89.45,232.0,121.63,185.0,343.5,0.48,3.0,102410.0
1990-01-17 11:00:00+00:00,14.81,86.45,283.0,100.26,235.0,346.8,0.97,27.0,102460.0
1990-01-17 12:00:00+00:00,15.94,77.85,431.0,385.62,229.0,324.95,0.97,49.0,102380.0
1990-01-17 13:00:00+00:00,16.75,70.2,501.0,694.27,141.0,320.85,0.83,62.0,102300.0
1990-01-17 14:00:00+00:00,17.55,58.9,410.0,531.06,164.0,308.85,1.1,45.0,102250.0
1990-01-17 15:00:00+00:00,17.82,54.85,326.0,613.78,104.0,306.95,1.24,56.0,102210.0
1990-01-17 16:00:00+00:00,17.65,52.9,188.0,611.29,53.0,303.85,1.24,68.0,102210.0
1990-01-17 17:00:00+00:00,16.75,58.7,22.0,178.98,13.0,303.05,1.31,82.0,102240.0
1990-01-17 18:00:00+00:00,14.85,67.35,0.0,0.0,0.0,296.1,1.45,97.0,102280.0
1990-01-17 19:00:00+00:00,13.36,80.35,0.0,0.0,0.0,314.3,1.66,119.0,102290.0
1990-01-17 20:00:00+00:00,11.9,86.15,0.0,0.0,0.0,311.4,1.45,122.0,102310.0
1990-01-17 21:00:00+00:00,11.33,86.1,0.0,0.0,0.0,300.35,1.24,118.0,102330.0
1990-01-17 22:00:00+00:00,9.99,89.2,0.0,0.0,0.0,299.75,1.52,116.0,102330.0
1990-01-17 23:00:00+00:00,10.82,86.05,0.0,0.0,0.0,293.95,0.97,114.0,102330.0
1990-01-18 00:00:00+00:00,11.09,83.05,0.0,0.0,0.0,303.85,0.62,15.0,102370.0
1990-01-18 01:00:00+00:00,9.44,89.15,0.0,0.0,0.0,312.05,1.1,46.0,102320.0
1990-01-18 02:00:00+00:00,8.7,95.85,0.0,0.0,0.0,320.5,1.31,62.0,102240.0
1990-01-18 03:00:00+00:00,8.87,95.85,0.0,0.0,0.0,335.4,1.38,81.0,102180.0
1990-01-18 04:00:00+00:00,8.94,92.45,0.0,0.0,0.0,332.3,1.38,72.0,102140.0
1990-01-18 05:00:00+00:00,9.12,92.45,0.0,0.0,0.0,337.7,1.24,55.0,102120.0
1990-01-18 06:00:00+00:00,9.02,92.45,0.0,0.0,0.0,330.55,1.38,55.0,102110.0
1990-01-18 07:00:00+00:00,8.6,95.85,0.0,0.0,0.0,317.0,1.03,130.0,102200.0
1990-01-18 08:00:00+00:00,8.48,95.85,31.0,22.41,29.0,325.9,1.03,144.0,102200.0
1990-01-18 09:00:00+00:00,9.57,89.15,88.0,7.85,86.0,327.65,1.38,142.0,102230.0
1990-01-18 10:00:00+00:00,10.46,86.05,180.0,33.45,167.0,340.0,1.59,155.0,102230.0
1990-01-18 11:00:00+00:00,10.9,92.5,43.0,0.0,43.0,355.5,1.72,166.0,102250.0
1990-01-18 12:00:00+00:00,12.18,89.35,137.0,0.0,137.0,361.3,2.07,181.0,102130.0
1990-01-18 13:00:00+00:00,13.84,86.35,113.0,0.0,113.0,353.75,3.79,194.0,102000.0
1990-01-18 14:00:00+00:00,14.36,89.5,80.0,0.0,80.0,370.8,3.38,205.0,101890.0
1990-01-18 15:00:00+00:00,14.71,92.7,81.0,0.0,81.0,374.1,3.86,211.0,101830.0
1990-01-18 16:00:00+00:00,14.83,96.0,99.0,44.59,89.0,384.35,3.79,216.0,101800.0
1990-01-18 17:00:00+00:00,14.89,99.4,3.0,0.0,3.0,387.25,3.59,220.0,101770.0
1990-01-18 18:00:00+00:00,14.82,99.4,0.0,0.0,0.0,385.5,3.24,224.0,101720.0
1990-01-18 19:00:00+00:00,15.05,96.0,0.0,0.0,0.0,388.2,3.24,238.0,101710.0
1990-01-18 20:00:00+00:00,14.94,99.4,0.0,0.0,0.0,383.0,3.38,238.0,101640.0
1990-01-18 21:00:00+00:00,14.61,96.0,0.0,0.0,0.0,363.25,3.45,252.0,101600.0
1990-01-18 22:00:00+00:00,14.02,92.7,0.0,0.0,0.0,347.55,3.52,270.0,101620.0
1990-01-18 23:00:00+00:00,12.98,89.4,0.0,0.0,0.0,327.25,3.38,282.0,101630.0
1990-01-19 00:00:00+00:00,12.18,89.35,0.0,0.0,0.0,329.0,3.03,294.0,101640.0
1990-01-19 01:00:00+00:00,11.44,89.3,0.0,0.0,0.0,311.5,2.62,290.0,101610.0
1990-01-19 02:00:00+00:00,10.75,89.25,0.0,0.0,0.0,310.05,2.55,265.0,101480.0
1990-01-19 03:00:00+00:00,9.93,89.2,0.0,0.0,0.0,285.05,2.62,276.0,101430.0
1990-01-19 04:00:00+00:00,9.53,89.15,0.0,0.0,0.0,296.1,2.48,282.0,101380.0
1990-01-19 05:00:00+00:00,8.93,92.45,0.0,0.0,0.0,288.55,2.48,284.0,101310.0
1990-01-19 06:00:00+00:00,8.59,92.4,0.0,0.0,0.0,290.1,2.48,284.0,101290.0
1990-01-19 07:00:00+00:00,8.34,92.4,0.0,0.0,0.0,277.9,2.34,296.0,101230.0
1990-01-19 08:00:00+00:00,7.96,92.4,56.0,297.49,29.0,272.85,2.14,299.0,101240.0
1990-01-19 09:00:00+00:00,9.22,92.45,143.0,105.16,116.0,272.5,1.86,312.0,101270.0
1990-01-19 10:00:00+00:00,11.28,80.1,395.0,841.77,66.0,281.4,2.69,331.0,101300.0
1990-01-19 11:00:00+00:00,12.8,66.95,502.0,874.12,79.0,291.25,3.79,354.0,101260.0
1990-01-19 12:00:00+00:00,14.08,58.1,560.0,910.07,78.0,293.6,3.86,4.0,101200.0
1990-01-19 13:00:00+00:00,15.0,50.35,530.0,792.6,114.0,294.55,4.41,10.0,101070.0
1990-01-19 14:00:00+00:00,15.32,46.75,317.0,180.88,232.0,317.2,4.83,13.0,100990.0
1990-01-19 15:00:00+00:00,15.35,45.05,346.0,691.83,91.0,319.3,4.9,14.0,100910.0
1990-01-19 16:00:00+00:00,15.06,43.4,144.0,197.59,99.0,299.0,4.9,16.0,100900.0
1990-01-19 17:00:00+00:00,14.18,43.1,18.0,35.09,16.0,303.05,4.83,18.0,100910.0
1990-01-19 18:00:00+00:00,13.46,41.35,0.0,0.0,0.0,324.15,5.31,23.0,100940.0
1990-01-19 19:00:00+00:00,12.7,42.7,0.0,0.0,0.0,321.65,5.86,33.0,100960.0
1990-01-19 20:00:00+00:00,11.61,45.8,0.0,0.0,0.0,293.6,6.0,36.0,100940.0
1990-01-19 21:00:00+00:00,10.94,45.7,0.0,0.0,0.0,279.45,5.72,36.0,100950.0
1990-01-19 22:00:00+00:00,10.58,42.15,0.0,0.0,0.0,269.75,5.66,37.0,100970.0
1990-01-19 23:00:00+00:00,10.27,38.85,0.0,0.0,0.0,272.65,5.79,37.0,101010.0
1990-01-20 00:00:00+00:00,9.99,35.85,0.0,0.0,0.0,283.5,6.07,38.0,101030.0
1990-01-20 01:00:00+00:00,9.51,34.35,0.0,0.0,0.0,275.5,5.93,40.0,101000.0
1990-01-20 02:00:00+00:00,9.01,35.6,0.0,0.0,0.0,263.6,5.72,42.0,100950.0
1990-01-20 03:00:00+00:00,8.64,36.9,0.0,0.0,0.0,265.5,5.59,42.0,100940.0
1990-01-20 04:00:00+00:00,8.26,36.75,0.0,0.0,0.0,264.75,5.52,42.0,100900.0
1990-01-20 05:00:00+00:00,7.88,36.75,0.0,0.0,0.0,262.05,5.45,41.0,100860.0
1990-01-20 06:00:00+00:00,7.67,36.75,0.0,0.0,0.0,269.2,5.45,38.0,100810.0
1990-01-20 07:00:00+00:00,7.85,43.1,0.0,0.0,0.0,291.85,6.34,48.0,100810.0
1990-01-20 08:00:00+00:00,7.84,41.45,59.0,313.91,30.0,283.7,6.0,47.0,100780.0
1990-01-20 09:00:00+00:00,8.24,43.1,181.0,262.82,113.0,272.1,5.31,44.0,100780.0
1990-01-20 10:00:00+00:00,9.24,40.1,198.0,48.32,179.0,267.65,6.62,40.0,100770.0
1990-01-20 11:00:00+00:00,9.97,38.85,254.0,51.37,229.0,278.85,7.45,40.0,100730.0
1990-01-20 12:00:00+00:00,10.44,38.95,484.0,538.81,197.0,273.45,7.86,45.0,100650.0
1990-01-20 13:00:00+00:00,10.27,45.4,451.0,435.49,221.0,281.4,7.38,48.0,100570.0
1990-01-20 14:00:00+00:00,11.41,45.7,384.0,369.67,209.0,291.05,8.0,59.0,100480.0
1990-01-20 15:00:00+00:00,12.58,42.7,364.0,781.98,73.0,302.3,7.45,65.0,100420.0
1990-01-20 16:00:00+00:00,12.75,44.35,188.0,492.92,74.0,322.4,6.34,65.0,100420.0
1990-01-20 17:00:00+00:00,12.41,45.95,29.0,182.09,18.0,339.05,5.24,59.0,100460.0
1990-01-20 18:00:00+00:00,11.33,49.3,0.0,0.0,0.0,295.9,5.24,49.0,100520.0
1990-01-20 19:00:00+00:00,10.1,51.0,0.0,0.0,0.0,281.4,5.17,46.0,100600.0
1990-01-20 20:00:00+00:00,9.63,54.9,0.0,0.0,0.0,279.85,5.24,47.0,100640.0
1990-01-20 21:00:00+00:00,9.54,57.05,0.0,0.0,0.0,289.5,5.17,48.0,100650.0
1990-01-20 22:00:00+00:00,9.56,59.25,0.0,0.0,0.0,299.0,5.1,51.0,100670.0
1990-01-20 23:00:00+00:00,9.41,63.8,0.0,0.0,0.0,305.2,4.83,51.0,100670.0
1990-01-21 00:00:00+00:00,9.19,63.8,0.0,0.0,0.0,304.6,4.48,51.0,100660.0
1990-01-21 01:00:00+00:00,9.09,63.8,0.0,0.0,0.0,294.65,4.34,52.0,100630.0
1990-01-21 02:00:00+00:00,8.86,66.15,0.0,0.0,0.0,285.25,4.21,54.0,100590.0
1990-01-21 03:00:00+00:00,8.48,63.7,0.0,0.0,0.0,270.15,4.21,53.0,100570.0
1990-01-21 04:00:00+00:00,8.17,66.05,0.0,0.0,0.0,267.45,4.07,52.0,100560.0
1990-01-21 05:00:00+00:00,7.87,66.05,0.0,0.0,0.0,265.7,3.93,51.0,100550.0
1990-01-21 06:00:00+00:00,7.62,66.05,0.0,0.0,0.0,266.5,3.72,48.0,100560.0
1990-01-21 07:00:00+00:00,7.93,61.2,0.0,0.0,0.0,286.05,3.79,39.0,100510.0
1990-01-21 08:00:00+00:00,7.93,63.6,67.0,456.91,24.0,288.95,3.45,36.0,100500.0
1990-01-21 09:00:00+00:00,8.77,63.7,230.0,617.28,69.0,276.95,3.03,37.0,100560.0
1990-01-21 10:00:00+00:00,10.3,59.35,300.0,310.87,177.0,272.65,3.86,38.0,100560.0
1990-01-21 11:00:00+00:00,11.25,57.4,386.0,333.03,223.0,291.65,4.34,46.0,100540.0
1990-01-21 12:00:00+00:00,11.67,57.55,428.0,343.43,244.0,296.85,4.28,49.0,100490.0
1990-01-21 13:00:00+00:00,12.27,55.5,146.0,0.0,146.0,298.6,4.0,49.0,100410.0
1990-01-21 14:00:00+00:00,12.95,55.65,318.0,174.03,235.0,299.95,3.66,52.0,100340.0
1990-01-21 15:00:00+00:00,13.5,50.0,313.0,452.44,143.0,331.1,3.31,49.0,100300.0
1990-01-21 16:00:00+00:00,13.43,53.7,152.0,212.9,102.0,335.95,2.28,53.0,100320.0
1990-01-21 17:00:00+00:00,12.91,57.75,27.0,109.59,20.0,340.0,1.52,57.0,100330.0
1990-01-21 18:00:00+00:00,12.14,59.85,0.0,0.0,0.0,333.25,1.59,47.0,100370.0
1990-01-21 19:00:00+00:00,11.27,61.85,0.0,0.0,0.0,331.5,1.93,50.0,100370.0
1990-01-21 20:00:00+00:00,10.77,64.1,0.0,0.0,0.0,326.3,1.93,48.0,100400.0
1990-01-21 21:00:00+00:00,10.2,66.45,0.0,0.0,0.0,315.85,2.14,45.0,100440.0
1990-01-21 22:00:00+00:00,9.91,68.9,0.0,0.0,0.0,320.5,2.21,43.0,100460.0
1990-01-21 23:00:00+00:00,9.78,68.9,0.0,0.0,0.0,325.9,2.28,44.0,100490.0
1990-01-22 00:00:00+00:00,9.33,74.15,0.0,0.0,0.0,313.5,2.28,52.0,100490.0
1990-01-22 01:00:00+00:00,8.95,74.15,0.0,0.0,0.0,312.65,2.14,58.0,100500.0
1990-01-22 02:00:00+00:00,8.7,76.85,0.0,0.0,0.0,318.15,2.0,67.0,100510.0
1990-01-22 03:00:00+00:00,8.39,82.7,0.0,0.0,0.0,315.05,1.79,73.0,100520.0
1990-01-22 04:00:00+00:00,8.22,85.85,0.0,0.0,0.0,321.25,1.66,75.0,100500.0
1990-01-22 05:00:00+00:00,8.09,89.05,0.0,0.0,0.0,323.0,1.72,75.0,100490.0
1990-01-22 06:00:00+00:00,8.08,92.4,0.0,0.0,0.0,335.0,1.59,81.0,100510.0
1990-01-22 07:00:00+00:00,8.17,95.8,0.0,0.0,0.0,339.85,1.52,101.0,100540.0
1990-01-22 08:00:00+00:00,8.1,95.8,37.0,41.69,33.0,332.5,1.59,94.0,100560.0
1990-01-22 09:00:00+00:00,8.59,95.85,69.0,0.0,69.0,325.1,1.38,89.0,100630.0
1990-01-22 10:00:00+00:00,9.75,89.15,54.0,0.0,54.0,335.0,1.52,91.0,100670.0
1990-01-22 11:00:00+00:00,10.51,86.05,163.0,2.03,162.0,338.3,1.52,87.0,100710.0
1990-01-22 12:00:00+00:00,11.09,80.1,309.0,83.49,264.0,333.05,1.52,86.0,100700.0
1990-01-22 13:00:00+00:00,12.02,77.35,112.0,0.0,112.0,334.8,1.72,96.0,100630.0
1990-01-22 14:00:00+00:00,13.2,74.75,191.0,10.41,186.0,306.15,1.72,109.0,100580.0
1990-01-22 15:00:00+00:00,13.53,69.65,144.0,7.91,141.0,313.9,1.72,121.0,100550.0
1990-01-22 16:00:00+00:00,13.44,72.1,73.0,4.19,72.0,327.65,1.66,127.0,100560.0
1990-01-22 17:00:00+00:00,12.33,77.35,15.0,0.0,15.0,329.55,1.38,136.0,100550.0
1990-01-22 18:00:00+00:00,11.32,80.1,0.0,0.0,0.0,335.2,1.24,160.0,100640.0
1990-01-22 19:00:00+00:00,10.41,92.5,0.0,0.0,0.0,344.3,1.38,103.0,100620.0
1990-01-22 20:00:00+00:00,10.06,89.2,0.0,0.0,0.0,334.6,1.79,100.0,100650.0
1990-01-22 21:00:00+00:00,9.53,89.15,0.0,0.0,0.0,315.65,2.07,105.0,100670.0
1990-01-22 22:00:00+00:00,9.13,92.45,0.0,0.0,0.0,306.35,2.21,113.0,100690.0
1990-01-22 23:00:00+00:00,8.77,95.85,0.0,0.0,0.0,297.85,2.28,120.0,100710.0
1990-01-23 00:00:00+00:00,8.92,92.45,0.0,0.0,0.0,316.2,2.14,126.0,100710.0
1990-01-23 01:00:00+00:00,9.05,92.45,0.0,0.0,0.0,325.45,1.93,127.0,100670.0
1990-01-23 02:00:00+00:00,8.79,95.85,0.0,0.0,0.0,315.05,1.93,120.0,100670.0
1990-01-23 03:00:00+00:00,8.82,95.85,0.0,0.0,0.0,321.25,2.0,119.0,100670.0
1990-01-23 04:00:00+00:00,9.23,92.45,0.0,0.0,0.0,341.0,2.14,128.0,100650.0
1990-01-23 05:00:00+00:00,9.45,89.15,0.0,0.0,0.0,341.95,2.14,128.0,100630.0
1990-01-23 06:00:00+00:00,9.64,92.45,0.0,0.0,0.0,345.45,2.07,131.0,100650.0
1990-01-23 07:00:00+00:00,9.76,92.45,0.0,0.0,0.0,339.85,2.14,143.0,100610.0
1990-01-23 08:00:00+00:00,9.8,92.45,6.0,0.0,6.0,330.95,2.14,143.0,100650.0
1990-01-23 09:00:00+00:00,10.47,89.25,36.0,0.0,36.0,342.35,2.07,149.0,100710.0
1990-01-23 10:00:00+00:00,11.17,89.3,35.0,0.0,35.0,350.5,2.14,156.0,100770.0
1990-01-23 11:00:00+00:00,12.01,86.2,142.0,0.0,142.0,357.45,2.21,166.0,100770.0
1990-01-23 12:00:00+00:00,13.27,80.35,90.0,0.0,90.0,352.2,2.62,163.0,100780.0
1990-01-23 13:00:00+00:00,13.78,77.6,177.0,1.86,176.0,350.85,3.1,164.0,100690.0
1990-01-23 14:00:00+00:00,14.25,74.95,153.0,0.0,153.0,342.75,3.52,167.0,100640.0
1990-01-23 15:00:00+00:00,14.22,72.3,140.0,5.22,138.0,349.1,3.45,169.0,100590.0
1990-01-23 16:00:00+00:00,13.05,77.5,71.0,0.0,71.0,343.9,3.72,174.0,100660.0
1990-01-23 17:00:00+00:00,12.26,80.2,20.0,14.1,19.0,331.5,3.1,182.0,100730.0
1990-01-23 18:00:00+00:00,11.59,86.15,0.0,0.0,0.0,348.35,2.41,180.0,100800.0
1990-01-23 19:00:00+00:00,10.97,89.3,0.0,0.0,0.0,329.55,2.14,147.0,100780.0
1990-01-23 20:00:00+00:00,10.85,92.5,0.0,0.0,0.0,342.95,1.86,144.0,100850.0
1990-01-23 21:00:00+00:00,10.6,89.25,0.0,0.0,0.0,341.75,1.59,143.0,100850.0
1990-01-23 22:00:00+00:00,10.47,89.25,0.0,0.0,0.0,339.45,1.72,153.0,100910.0
1990-01-23 23:00:00+00:00,10.5,89.25,0.0,0.0,0.0,345.25,1.86,167.0,100940.0
1990-01-24 00:00:00+00:00,10.63,89.25,0.0,0.0,0.0,350.85,2.0,174.0,100960.0
1990-01-24 01:00:00+00:00,10.44,92.5,0.0,0.0,0.0,344.0,2.28,176.0,100930.0
1990-01-24 02:00:00+00:00,10.53,92.5,0.0,0.0,0.0,346.8,2.34,179.0,100930.0
1990-01-24 03:00:00+00:00,10.41,95.9,0.0,0.0,0.0,338.65,2.07,178.0,100930.0
1990-01-24 04:00:00+00:00,10.5,92.5,0.0,0.0,0.0,351.45,1.93,169.0,100970.0
1990-01-24 05:00:00+00:00,10.52,92.5,0.0,0.0,0.0,357.45,1.93,159.0,100960.0
1990-01-24 06:00:00+00:00,10.27,95.9,0.0,0.0,0.0,333.85,1.79,150.0,100970.0
1990-01-24 07:00:00+00:00,10.38,95.9,0.0,0.0,0.0,353.2,1.45,139.0,100970.0
1990-01-24 08:00:00+00:00,10.04,92.5,40.0,50.05,35.0,323.2,1.66,124.0,100990.0
1990-01-24 09:00:00+00:00,10.97,92.55,163.0,160.63,120.0,336.95,1.38,125.0,101020.0
1990-01-24 10:00:00+00:00,12.57,83.25,204.0,52.03,183.0,320.85,1.59,126.0,101050.0
1990-01-24 11:00:00+00:00,13.36,77.5,375.0,286.9,232.0,342.75,1.86,132.0,101080.0
1990-01-24 12:00:00+00:00,14.04,74.95,287.0,54.98,257.0,352.8,2.28,143.0,101050.0
1990-01-24 13:00:00+00:00,13.98,74.95,128.0,0.0,128.0,361.7,1.93,137.0,100950.0
1990-01-24 14:00:00+00:00,13.99,77.65,89.0,0.0,89.0,362.1,2.0,131.0,100890.0
1990-01-24 15:00:00+00:00,13.51,80.4,105.0,0.0,105.0,357.45,2.9,143.0,100800.0
1990-01-24 16:00:00+00:00,13.23,86.3,36.0,0.0,36.0,345.05,2.83,155.0,100820.0
1990-01-24 17:00:00+00:00,12.2,89.35,13.0,0.0,13.0,346.8,2.83,159.0,100810.0
1990-01-24 18:00:00+00:00,11.63,92.55,0.0,0.0,0.0,343.5,2.21,149.0,100830.0
1990-01-24 19:00:00+00:00,11.68,89.3,0.0,0.0,0.0,353.75,3.24,155.0,100740.0
1990-01-24 20:00:00+00:00,11.59,89.3,0.0,0.0,0.0,351.05,3.66,163.0,100760.0
1990-01-24 21:00:00+00:00,11.57,89.3,0.0,0.0,0.0,342.95,4.28,175.0,100790.0
1990-01-24 22:00:00+00:00,11.54,89.3,0.0,0.0,0.0,347.2,4.41,181.0,100820.0
1990-01-24 23:00:00+00:00,11.5,89.3,0.0,0.0,0.0,349.9,4.21,184.0,100800.0
1990-01-25 00:00:00+00:00,11.54,92.55,0.0,0.0,0.0,355.9,4.14,187.0,100820.0
1990-01-25 01:00:00+00:00,11.33,95.9,0.0,0.0,0.0,342.45,3.45,183.0,100780.0
1990-01-25 02:00:00+00:00,11.1,92.55,0.0,0.0,0.0,338.85,3.03,176.0,100770.0
1990-01-25 03:00:00+00:00,10.83,95.9,0.0,0.0,0.0,330.55,2.9,174.0,100740.0
1990-01-25 04:00:00+00:00,10.83,92.5,0.0,0.0,0.0,340.6,2.9,177.0,100720.0
1990-01-25 05:00:00+00:00,10.89,95.9,0.0,0.0,0.0,351.05,2.76,174.0,100690.0
1990-01-25 06:00:00+00:00,10.81,95.9,0.0,0.0,0.0,342.55,2.28,170.0,100690.0
1990-01-25 07:00:00+00:00,10.8,92.5,0.0,0.0,0.0,350.1,2.21,162.0,100650.0
1990-01-25 08:00:00+00:00,10.82,92.5,38.0,39.2,34.0,353.4,2.41,164.0,100660.0
1990-01-25 09:00:00+00:00,11.02,89.3,175.0,203.57,120.0,359.2,2.9,169.0,100700.0
1990-01-25 10:00:00+00:00,11.29,89.3,195.0,39.36,179.0,363.45,3.24,173.0,100740.0
1990-01-25 11:00:00+00:00,11.48,89.3,342.0,191.39,246.0,362.65,3.24,176.0,100760.0
1990-01-25 12:00:00+00:00,11.94,95.9,241.0,18.21,231.0,360.75,3.24,181.0,100740.0
1990-01-25 13:00:00+00:00,12.5,92.6,317.0,89.79,268.0,364.2,2.62,183.0,100670.0
1990-01-25 14:00:00+00:00,13.03,89.4,198.0,10.17,193.0,364.6,2.69,185.0,100600.0
1990-01-25 15:00:00+00:00,13.09,89.4,219.0,92.14,183.0,357.45,2.55,204.0,100600.0
1990-01-25 16:00:00+00:00,12.94,92.6,130.0,88.13,108.0,360.75,2.21,232.0,100640.0
1990-01-25 17:00:00+00:00,12.23,92.6,27.0,38.41,24.0,348.35,1.86,254.0,100710.0
1990-01-25 18:00:00+00:00,11.77,92.55,0.0,0.0,0.0,332.1,1.45,260.0,100780.0
1990-01-25 19:00:00+00:00,10.62,92.5,0.0,0.0,0.0,308.65,1.79,221.0,100910.0
1990-01-25 20:00:00+00:00,10.02,92.5,0.0,0.0,0.0,303.45,1.86,225.0,100960.0
1990-01-25 21:00:00+00:00,9.7,95.85,0.0,0.0,0.0,311.55,1.66,236.0,101040.0
1990-01-25 22:00:00+00:00,9.3,95.85,0.0,0.0,0.0,309.45,1.59,248.0,101090.0
1990-01-25 23:00:00+00:00,8.5,95.85,0.0,0.0,0.0,294.95,1.45,261.0,101130.0
1990-01-26 00:00:00+00:00,7.97,99.4,0.0,0.0,0.0,302.5,1.31,264.0,101180.0
1990-01-26 01:00:00+00:00,7.25,95.8,0.0,0.0,0.0,299.3,1.38,266.0,101190.0
1990-01-26 02:00:00+00:00,6.65,95.8,0.0,0.0,0.0,294.75,1.38,271.0,101230.0
1990-01-26 03:00:00+00:00,6.32,99.4,0.0,0.0,0.0,296.85,1.24,278.0,101270.0
1990-01-26 04:00:00+00:00,5.9,95.8,0.0,0.0,0.0,285.05,1.1,280.0,101300.0
1990-01-26 05:00:00+00:00,5.79,95.75,0.0,0.0,0.0,286.6,0.97,280.0,101340.0
1990-01-26 06:00:00+00:00,5.53,95.75,0.0,0.0,0.0,271.3,0.83,281.0,101390.0
1990-01-26 07:00:00+00:00,6.3,99.4,0.0,0.0,0.0,293.2,0.76,253.0,101470.0
1990-01-26 08:00:00+00:00,5.76,99.4,78.0,498.76,26.0,284.1,0.55,262.0,101560.0
1990-01-26 09:00:00+00:00,7.42,95.8,249.0,685.57,62.0,288.55,0.34,262.0,101630.0
1990-01-26 10:00:00+00:00,9.81,95.85,409.0,815.83,75.0,293.0,0.34,247.0,101710.0
1990-01-26 11:00:00+00:00,11.92,83.1,511.0,812.12,101.0,299.2,0.55,246.0,101760.0
1990-01-26 12:00:00+00:00,13.4,74.75,574.0,866.79,95.0,293.95,0.76,240.0,101750.0
1990-01-26 13:00:00+00:00,14.65,62.65,579.0,904.57,82.0,287.2,1.17,251.0,101690.0
1990-01-26 14:00:00+00:00,15.34,56.25,516.0,887.94,76.0,295.7,1.52,260.0,101610.0
1990-01-26 15:00:00+00:00,15.51,50.5,406.0,887.05,56.0,295.5,1.79,269.0,101590.0
1990-01-26 16:00:00+00:00,15.48,48.65,235.0,733.92,49.0,310.6,1.86,267.0,101580.0
1990-01-26 17:00:00+00:00,14.71,56.15,47.0,281.35,24.0,325.1,1.66,235.0,101600.0
1990-01-26 18:00:00+00:00,13.21,62.3,0.0,0.0,0.0,316.4,2.21,226.0,101650.0
1990-01-26 19:00:00+00:00,12.3,74.6,0.0,0.0,0.0,319.1,2.0,235.0,101720.0
1990-01-26 20:00:00+00:00,11.42,80.1,0.0,0.0,0.0,311.2,2.0,244.0,101760.0
1990-01-26 21:00:00+00:00,10.47,86.05,0.0,0.0,0.0,294.35,1.86,253.0,101800.0
1990-01-26 22:00:00+00:00,9.55,92.45,0.0,0.0,0.0,296.85,1.59,256.0,101800.0
1990-01-26 23:00:00+00:00,8.78,95.85,0.0,0.0,0.0,295.9,1.24,253.0,101810.0
1990-01-27 00:00:00+00:00,9.3,95.85,0.0,0.0,0.0,279.05,0.76,242.0,101780.0
1990-01-27 01:00:00+00:00,8.93,95.85,0.0,0.0,0.0,275.7,0.34,201.0,101750.0
1990-01-27 02:00:00+00:00,8.28,99.4,0.0,0.0,0.0,274.2,0.55,141.0,101720.0
1990-01-27 03:00:00+00:00,7.68,99.4,0.0,0.0,0.0,272.5,0.69,125.0,101710.0
1990-01-27 04:00:00+00:00,7.21,99.4,0.0,0.0,0.0,270.75,0.41,84.0,101710.0
1990-01-27 05:00:00+00:00,6.32,99.4,0.0,0.0,0.0,276.95,0.69,44.0,101710.0
1990-01-27 06:00:00+00:00,4.85,100.0,0.0,0.0,0.0,271.7,1.03,48.0,101720.0
1990-01-27 07:00:00+00:00,4.74,99.4,0.0,0.0,0.0,281.2,1.45,54.0,101760.0
1990-01-27 08:00:00+00:00,4.83,99.4,53.0,121.97,40.0,284.3,1.38,54.0,101810.0
1990-01-27 09:00:00+00:00,7.53,92.4,137.0,61.72,120.0,284.85,0.83,64.0,101850.0
1990-01-27 10:00:00+00:00,10.75,86.05,221.0,67.89,193.0,297.05,0.9,85.0,101850.0
1990-01-27 11:00:00+00:00,12.79,80.3,447.0,507.68,189.0,295.9,0.83,123.0,101840.0
1990-01-27 12:00:00+00:00,14.36,72.3,515.0,595.09,184.0,295.1,0.55,197.0,101780.0
1990-01-27 13:00:00+00:00,15.54,62.85,456.0,388.63,241.0,306.95,1.93,259.0,101730.0
1990-01-27 14:00:00+00:00,15.9,60.65,385.0,312.36,229.0,330.95,2.97,273.0,101670.0
1990-01-27 15:00:00+00:00,15.63,58.45,256.0,165.63,190.0,349.5,2.62,275.0,101640.0
1990-01-27 16:00:00+00:00,15.41,60.5,192.0,365.37,98.0,359.95,1.79,261.0,101630.0
1990-01-27 17:00:00+00:00,14.77,67.35,46.0,222.43,27.0,339.05,1.59,221.0,101600.0
1990-01-27 18:00:00+00:00,13.2,74.75,0.0,0.0,0.0,305.0,2.14,224.0,101640.0
1990-01-27 19:00:00+00:00,12.47,83.25,0.0,0.0,0.0,321.85,1.93,231.0,101720.0
1990-01-27 20:00:00+00:00,11.98,89.35,0.0,0.0,0.0,331.1,1.86,228.0,101760.0
1990-01-27 21:00:00+00:00,11.38,95.9,0.0,0.0,0.0,318.75,2.0,216.0,101780.0
1990-01-27 22:00:00+00:00,10.99,92.55,0.0,0.0,0.0,317.0,1.93,215.0,101760.0
1990-01-27 23:00:00+00:00,10.46,95.9,0.0,0.0,0.0,302.5,1.86,221.0,101780.0
1990-01-28 00:00:00+00:00,10.06,95.9,0.0,0.0,0.0,306.35,1.66,228.0,101780.0
1990-01-28 01:00:00+00:00,9.59,95.85,0.0,0.0,0.0,311.9,1.38,223.0,101780.0
1990-01-28 02:00:00+00:00,9.48,95.85,0.0,0.0,0.0,334.2,1.24,196.0,101720.0
1990-01-28 03:00:00+00:00,9.65,99.4,0.0,0.0,0.0,344.5,1.17,181.0,101710.0
1990-01-28 04:00:00+00:00,9.27,99.4,0.0,0.0,0.0,328.4,1.17,176.0,101680.0
1990-01-28 05:00:00+00:00,9.02,99.4,0.0,0.0,0.0,330.55,1.03,175.0,101690.0
1990-01-28 06:00:00+00:00,9.17,99.4,0.0,0.0,0.0,348.95,0.83,172.0,101690.0
1990-01-28 07:00:00+00:00,8.91,99.4,0.0,0.0,0.0,335.95,0.9,174.0,101720.0
1990-01-28 08:00:00+00:00,9.23,99.4,48.0,73.38,40.0,346.4,0.76,169.0,101760.0
1990-01-28 09:00:00+00:00,10.38,95.9,128.0,43.13,116.0,344.5,0.55,166.0,101810.0
1990-01-28 10:00:00+00:00,12.66,89.4,142.0,2.41,141.0,344.85,0.62,189.0,101860.0
1990-01-28 11:00:00+00:00,14.59,80.55,262.0,50.82,236.0,326.65,1.17,255.0,101870.0
1990-01-28 12:00:00+00:00,15.99,70.1,254.0,23.22,241.0,323.0,1.38,266.0,101830.0
1990-01-28 13:00:00+00:00,16.91,65.35,458.0,394.92,238.0,344.3,1.38,272.0,101750.0
1990-01-28 14:00:00+00:00,17.09,63.2,265.0,59.6,235.0,373.7,1.31,270.0,101660.0
1990-01-28 15:00:00+00:00,17.1,63.2,182.0,29.82,170.0,375.05,0.97,268.0,101620.0
1990-01-28 16:00:00+00:00,17.09,63.2,122.0,49.78,109.0,373.3,0.76,258.0,101640.0
1990-01-28 17:00:00+00:00,16.59,70.2,27.0,22.44,25.0,368.85,0.83,190.0,101640.0
1990-01-28 18:00:00+00:00,15.72,72.55,0.0,0.0,0.0,366.55,1.59,186.0,101650.0
1990-01-28 19:00:00+00:00,14.56,80.55,0.0,0.0,0.0,346.8,1.59,220.0,101700.0
1990-01-28 20:00:00+00:00,13.61,86.35,0.0,0.0,0.0,338.85,1.52,234.0,101710.0
1990-01-28 21:00:00+00:00,12.57,92.6,0.0,0.0,0.0,328.4,1.52,246.0,101740.0
1990-01-28 22:00:00+00:00,12.1,92.6,0.0,0.0,0.0,337.3,1.24,257.0,101730.0
1990-01-28 23:00:00+00:00,12.12,92.6,0.0,0.0,0.0,314.5,0.76,253.0,101720.0
1990-01-29 00:00:00+00:00,11.96,92.6,0.0,0.0,0.0,303.65,0.28,239.0,101690.0
1990-01-29 01:00:00+00:00,11.25,99.35,0.0,0.0,0.0,294.45,0.21,341.0,101660.0
1990-01-29 02:00:00+00:00,9.98,99.4,0.0,0.0,0.0,300.95,0.83,33.0,101630.0
1990-01-29 03:00:00+00:00,8.38,100.0,0.0,0.0,0.0,304.8,1.24,48.0,101610.0
1990-01-29 04:00:00+00:00,7.9,99.4,0.0,0.0,0.0,305.95,1.38,54.0,101590.0
1990-01-29 05:00:00+00:00,7.54,99.4,0.0,0.0,0.0,301.7,1.52,48.0,101590.0
1990-01-29 06:00:00+00:00,7.59,99.4,0.0,0.0,0.0,307.7,1.66,38.0,101600.0
1990-01-29 07:00:00+00:00,8.33,99.4,0.0,0.0,0.0,323.95,1.45,46.0,101660.0
1990-01-29 08:00:00+00:00,8.52,99.4,66.0,242.07,39.0,318.75,1.52,41.0,101690.0
1990-01-29 09:00:00+00:00,11.16,92.55,129.0,42.69,117.0,318.35,1.31,45.0,101720.0
1990-01-29 10:00:00+00:00,13.92,83.35,241.0,100.3,199.0,324.75,1.72,50.0,101760.0
1990-01-29 11:00:00+00:00,15.66,72.55,506.0,753.23,118.0,322.4,2.28,54.0,101770.0
1990-01-29 12:00:00+00:00,16.5,67.75,496.0,496.78,216.0,330.35,1.72,44.0,101710.0
1990-01-29 13:00:00+00:00,17.39,63.2,458.0,377.9,246.0,329.0,1.24,24.0,101640.0
1990-01-29 14:00:00+00:00,17.83,61.05,465.0,599.16,161.0,335.75,0.97,3.0,101570.0
1990-01-29 15:00:00+00:00,18.05,56.95,374.0,654.47,108.0,324.15,0.69,337.0,101530.0
1990-01-29 16:00:00+00:00,17.95,58.9,222.0,554.62,75.0,325.7,0.69,301.0,101530.0
1990-01-29 17:00:00+00:00,17.29,63.2,57.0,333.87,26.0,319.7,1.1,279.0,101540.0
1990-01-29 18:00:00+00:00,15.7,70.0,0.0,0.0,0.0,309.45,1.86,276.0,101580.0
1990-01-29 19:00:00+00:00,13.98,77.65,0.0,0.0,0.0,302.1,1.86,286.0,101650.0
1990-01-29 20:00:00+00:00,12.52,83.25,0.0,0.0,0.0,296.85,1.93,280.0,101690.0
1990-01-29 21:00:00+00:00,11.2,89.3,0.0,0.0,0.0,293.75,1.86,275.0,101720.0
1990-01-29 22:00:00+00:00,10.33,92.5,0.0,0.0,0.0,298.6,1.79,272.0,101710.0
1990-01-29 23:00:00+00:00,9.72,95.85,0.0,0.0,0.0,299.75,1.59,260.0,101720.0
1990-01-30 00:00:00+00:00,9.25,95.85,0.0,0.0,0.0,305.2,1.38,249.0,101690.0
1990-01-30 01:00:00+00:00,8.89,99.4,0.0,0.0,0.0,301.05,1.31,260.0,101690.0
1990-01-30 02:00:00+00:00,8.8,99.4,0.0,0.0,0.0,303.05,1.03,260.0,101650.0
1990-01-30 03:00:00+00:00,9.26,99.4,0.0,0.0,0.0,309.25,0.69,222.0,101640.0
1990-01-30 04:00:00+00:00,8.79,99.4,0.0,0.0,0.0,296.85,0.76,195.0,101630.0
1990-01-30 05:00:00+00:00,8.16,99.4,0.0,0.0,0.0,295.9,0.9,183.0,101620.0
1990-01-30 06:00:00+00:00,7.99,99.4,0.0,0.0,0.0,300.35,0.9,190.0,101640.0
1990-01-30 07:00:00+00:00,9.44,99.4,0.0,0.0,0.0,312.95,0.34,232.0,101730.0
1990-01-30 08:00:00+00:00,9.61,99.4,63.0,175.19,43.0,341.2,0.41,275.0,101770.0
1990-01-30 09:00:00+00:00,9.97,99.4,150.0,80.97,127.0,346.2,0.55,289.0,101830.0
1990-01-30 10:00:00+00:00,10.65,99.4,172.0,11.85,167.0,361.1,0.48,283.0,101880.0
1990-01-30 11:00:00+00:00,11.6,95.9,336.0,148.45,259.0,344.85,0.69,254.0,101880.0
1990-01-30 12:00:00+00:00,12.54,89.4,574.0,800.07,120.0,361.9,0.97,249.0,101850.0
1990-01-30 13:00:00+00:00,13.71,83.35,555.0,725.71,145.0,358.2,1.31,251.0,101810.0
1990-01-30 14:00:00+00:00,14.47,75.0,392.0,301.12,238.0,350.85,1.72,256.0,101720.0
1990-01-30 15:00:00+00:00,15.45,67.45,321.0,355.69,175.0,321.45,2.28,267.0,101680.0
1990-01-30 16:00:00+00:00,15.81,62.85,244.0,691.49,58.0,315.85,2.28,273.0,101670.0
1990-01-30 17:00:00+00:00,15.28,67.45,53.0,207.03,33.0,329.2,1.24,250.0,101680.0
1990-01-30 18:00:00+00:00,14.09,72.3,0.0,0.0,0.0,316.6,1.66,209.0,101700.0
1990-01-30 19:00:00+00:00,13.17,77.5,0.0,0.0,0.0,301.3,1.72,200.0,101710.0
1990-01-30 20:00:00+00:00,11.59,86.15,0.0,0.0,0.0,300.35,1.72,216.0,101760.0
1990-01-30 21:00:00+00:00,10.33,92.5,0.0,0.0,0.0,296.5,1.66,232.0,101800.0
1990-01-30 22:00:00+00:00,9.58,92.45,0.0,0.0,0.0,297.65,1.59,251.0,101810.0
1990-01-30 23:00:00+00:00,9.14,95.85,0.0,0.0,0.0,295.3,1.45,265.0,101820.0
1990-01-31 00:00:00+00:00,8.99,95.85,0.0,0.0,0.0,304.6,1.31,269.0,101810.0
1990-01-31 01:00:00+00:00,8.81,99.4,0.0,0.0,0.0,301.45,1.24,283.0,101800.0
1990-01-31 02:00:00+00:00,9.46,95.85,0.0,0.0,0.0,314.1,0.97,302.0,101770.0
1990-01-31 03:00:00+00:00,10.08,95.9,0.0,0.0,0.0,316.6,0.41,316.0,101760.0
1990-01-31 04:00:00+00:00,9.99,95.9,0.0,0.0,0.0,307.5,0.0,93.0,101730.0
1990-01-31 05:00:00+00:00,9.89,99.4,0.0,0.0,0.0,310.6,0.28,124.0,101700.0
1990-01-31 06:00:00+00:00,9.69,99.4,0.0,0.0,0.0,304.8,0.48,130.0,101720.0
1990-01-31 07:00:00+00:00,10.36,99.4,0.0,0.0,0.0,327.65,0.0,303.0,101760.0
1990-01-31 08:00:00+00:00,10.23,95.9,70.0,256.68,40.0,332.1,0.21,105.0,101800.0
1990-01-31 09:00:00+00:00,11.06,95.9,194.0,243.81,124.0,333.85,0.21,58.0,101840.0
1990-01-31 10:00:00+00:00,13.0,89.4,388.0,629.98,120.0,345.05,0.48,48.0,101870.0
1990-01-31 11:00:00+00:00,13.93,86.35,525.0,832.77,90.0,345.85,0.55,47.0,101870.0
1990-01-31 12:00:00+00:00,15.42,80.6,488.0,456.83,227.0,340.2,0.28,48.0,101810.0
1990-01-31 13:00:00+00:00,16.82,72.7,526.0,611.6,178.0,338.85,0.14,346.0,101720.0
1990-01-31 14:00:00+00:00,17.57,67.95,502.0,752.64,114.0,338.65,0.34,299.0,101650.0
1990-01-31 15:00:00+00:00,18.0,65.65,335.0,419.74,161.0,354.55,0.69,261.0,101590.0
1990-01-31 16:00:00+00:00,18.7,76.62,194.0,307.75,110.0,365.52,1.52,259.0,101580.0
1990-01-31 17:00:00+00:00,17.54,77.78,66.0,388.53,27.0,357.4,1.53,264.0,101590.0
1990-01-31 18:00:00+00:00,16.37,78.95,0.0,0.0,0.0,349.29,1.53,261.0,101630.0
1990-01-31 19:00:00+00:00,15.21,80.12,0.0,0.0,0.0,341.17,1.54,260.0,101660.0
1990-01-31 20:00:00+00:00,14.04,81.28,0.0,0.0,0.0,333.05,1.55,256.0,101710.0
1990-01-31 21:00:00+00:00,12.88,82.45,0.0,0.0,0.0,324.93,1.56,250.0,101710.0
1990-01-31 22:00:00+00:00,11.71,83.62,0.0,0.0,0.0,316.82,1.57,241.0,101720.0
1990-01-31 23:00:00+00:00,10.55,84.78,0.0,0.0,0.0,308.7,1.58,241.0,101710.0
1990-02-01 00:00:00+00:00,9.38,85.95,0.0,0.0,0.0,300.58,1.59,340.0,100630.0
1990-02-01 01:00:00+00:00,8.22,87.12,0.0,0.0,0.0,292.46,1.6,341.0,100630.0
1990-02-01 02:00:00+00:00,7.05,88.28,0.0,0.0,0.0,284.35,1.61,340.0,100640.0
1990-02-01 03:00:00+00:00,5.89,89.45,0.0,0.0,0.0,276.23,1.62,340.0,100680.0
1990-02-01 04:00:00+00:00,4.72,90.62,0.0,0.0,0.0,268.11,1.63,3.0,100680.0
1990-02-01 05:00:00+00:00,3.56,91.78,0.0,0.0,0.0,260.0,1.64,16.0,100710.0
1990-02-01 06:00:00+00:00,2.39,92.95,0.0,0.0,0.0,251.88,1.65,24.0,100760.0
1990-02-01 07:00:00+00:00,1.23,94.12,0.0,0.0,0.0,243.76,1.66,36.0,100850.0
1990-02-01 08:00:00+00:00,2.81,92.15,87.0,426.12,36.0,252.15,1.79,41.0,100910.0
1990-02-01 09:00:00+00:00,6.44,85.75,269.0,671.82,74.0,251.95,1.59,44.0,101010.0
1990-02-01 10:00:00+00:00,9.71,77.0,423.0,743.82,104.0,256.8,2.21,44.0,101070.0
1990-02-01 11:00:00+00:00,11.59,69.25,539.0,800.25,118.0,261.45,3.1,48.0,101100.0
1990-02-01 12:00:00+00:00,12.89,62.2,611.0,876.11,107.0,267.65,3.66,52.0,101090.0
1990-02-01 13:00:00+00:00,13.82,58.0,595.0,821.88,124.0,272.3,3.72,56.0,101030.0
1990-02-01 14:00:00+00:00,14.52,54.1,530.0,794.75,117.0,275.95,3.38,62.0,100990.0
1990-02-01 15:00:00+00:00,14.93,50.35,410.0,733.31,103.0,279.05,3.03,66.0,101000.0
1990-02-01 16:00:00+00:00,14.98,50.35,250.0,642.75,72.0,286.2,2.62,64.0,101020.0
1990-02-01 17:00:00+00:00,14.14,58.1,67.0,326.38,33.0,283.7,2.07,38.0,101090.0
1990-02-01 18:00:00+00:00,12.27,62.1,0.0,0.0,0.0,280.6,2.55,33.0,101140.0
1990-02-01 19:00:00+00:00,11.46,64.35,0.0,0.0,0.0,281.6,2.14,59.0,101220.0
1990-02-01 20:00:00+00:00,10.45,69.1,0.0,0.0,0.0,288.95,2.28,74.0,101250.0
1990-02-01 21:00:00+00:00,9.7,74.2,0.0,0.0,0.0,288.75,2.34,82.0,101310.0
1990-02-01 22:00:00+00:00,8.9,74.15,0.0,0.0,0.0,279.85,2.34,81.0,101330.0
1990-02-01 23:00:00+00:00,8.12,79.7,0.0,0.0,0.0,269.6,2.41,75.0,101360.0
1990-02-02 00:00:00+00:00,7.52,79.65,0.0,0.0,0.0,265.5,2.48,70.0,101370.0
1990-02-02 01:00:00+00:00,7.04,82.6,0.0,0.0,0.0,262.5,2.48,65.0,101340.0
1990-02-02 02:00:00+00:00,6.63,79.55,0.0,0.0,0.0,259.5,2.55,60.0,101320.0
1990-02-02 03:00:00+00:00,6.3,82.55,0.0,0.0,0.0,257.95,2.62,54.0,101330.0
1990-02-02 04:00:00+00:00,6.06,82.55,0.0,0.0,0.0,257.4,2.69,49.0,101300.0
1990-02-02 05:00:00+00:00,5.94,82.55,0.0,0.0,0.0,257.75,2.83,51.0,101270.0
1990-02-02 06:00:00+00:00,5.95,82.55,0.0,0.0,0.0,257.2,3.03,53.0,101280.0
1990-02-02 07:00:00+00:00,6.11,85.7,0.0,0.0,0.0,258.35,3.1,52.0,101320.0
1990-02-02 08:00:00+00:00,6.39,85.75,94.0,481.29,35.0,258.95,3.1,53.0,101340.0
1990-02-02 09:00:00+00:00,8.26,85.85,268.0,643.98,79.0,260.65,2.83,54.0,101410.0
1990-02-02 10:00:00+00:00,10.72,77.15,423.0,719.23,112.0,263.75,3.1,62.0,101430.0
1990-02-02 11:00:00+00:00,12.63,69.45,541.0,786.96,124.0,269.4,2.83,75.0,101390.0
1990-02-02 12:00:00+00:00,14.19,62.55,614.0,868.33,111.0,274.8,2.55,83.0,101350.0
1990-02-02 13:00:00+00:00,15.37,60.5,601.0,824.66,125.0,280.4,2.55,82.0,101240.0
1990-02-02 14:00:00+00:00,16.16,54.45,542.0,826.59,109.0,284.3,2.62,80.0,101120.0
1990-02-02 15:00:00+00:00,16.58,52.65,413.0,723.77,107.0,287.75,2.48,84.0,101050.0
1990-02-02 16:00:00+00:00,16.51,50.75,236.0,494.75,97.0,287.2,2.21,90.0,101040.0
1990-02-02 17:00:00+00:00,15.55,56.35,66.0,268.55,37.0,285.85,1.72,83.0,101090.0
1990-02-02 18:00:00+00:00,13.47,60.2,0.0,0.0,0.0,281.95,2.34,80.0,101110.0
1990-02-02 19:00:00+00:00,11.98,66.85,0.0,0.0,0.0,277.7,2.41,81.0,101130.0
1990-02-02 20:00:00+00:00,10.67,71.7,0.0,0.0,0.0,274.4,2.41,77.0,101140.0
1990-02-02 21:00:00+00:00,9.56,74.2,0.0,0.0,0.0,272.85,2.34,68.0,101130.0
1990-02-02 22:00:00+00:00,8.8,76.85,0.0,0.0,0.0,277.7,2.48,53.0,101100.0
1990-02-02 23:00:00+00:00,8.32,79.7,0.0,0.0,0.0,279.85,2.55,48.0,101090.0
1990-02-03 00:00:00+00:00,7.99,79.7,0.0,0.0,0.0,284.5,2.41,48.0,101060.0
1990-02-03 01:00:00+00:00,7.9,79.7,0.0,0.0,0.0,294.25,2.34,42.0,101030.0
1990-02-03 02:00:00+00:00,7.75,82.65,0.0,0.0,0.0,296.85,2.28,37.0,101040.0
1990-02-03 03:00:00+00:00,7.83,82.65,0.0,0.0,0.0,309.45,2.41,42.0,100970.0
1990-02-03 04:00:00+00:00,7.69,85.8,0.0,0.0,0.0,307.5,2.48,44.0,100930.0
1990-02-03 05:00:00+00:00,7.73,89.0,0.0,0.0,0.0,322.8,2.41,46.0,100880.0
1990-02-03 06:00:00+00:00,7.78,89.0,0.0,0.0,0.0,325.3,2.55,49.0,100870.0
1990-02-03 07:00:00+00:00,8.01,89.05,0.0,0.0,0.0,344.1,2.28,45.0,100940.0
1990-02-03 08:00:00+00:00,8.12,92.4,58.0,87.59,47.0,341.55,1.93,43.0,100940.0
1990-02-03 09:00:00+00:00,8.96,92.45,233.0,411.05,111.0,326.1,1.79,37.0,100980.0
1990-02-03 10:00:00+00:00,10.24,89.2,125.0,0.0,125.0,342.15,2.14,44.0,100940.0
1990-02-03 11:00:00+00:00,11.87,83.1,308.0,89.93,260.0,345.85,2.28,45.0,100890.0
1990-02-03 12:00:00+00:00,13.24,77.5,155.0,0.0,155.0,330.35,2.21,45.0,100840.0
1990-02-03 13:00:00+00:00,14.4,74.95,245.0,13.76,237.0,346.8,2.14,50.0,100730.0
1990-02-03 14:00:00+00:00,14.93,72.45,482.0,583.28,174.0,358.8,2.07,51.0,100660.0
1990-02-03 15:00:00+00:00,15.53,72.55,342.0,393.49,174.0,360.95,2.0,55.0,100570.0
1990-02-03 16:00:00+00:00,15.77,72.55,203.0,298.26,118.0,359.0,1.66,60.0,100520.0
1990-02-03 17:00:00+00:00,15.1,77.8,31.0,8.94,30.0,341.4,1.52,33.0,100500.0
1990-02-03 18:00:00+00:00,14.03,80.45,0.0,0.0,0.0,338.65,2.0,42.0,100460.0
1990-02-03 19:00:00+00:00,13.7,86.35,0.0,0.0,0.0,361.7,1.72,39.0,100450.0
1990-02-03 20:00:00+00:00,12.9,89.4,0.0,0.0,0.0,346.2,2.0,55.0,100390.0
1990-02-03 21:00:00+00:00,12.1,89.35,0.0,0.0,0.0,338.65,1.86,68.0,100360.0
1990-02-03 22:00:00+00:00,11.89,92.55,0.0,0.0,0.0,356.5,1.79,66.0,100340.0
1990-02-03 23:00:00+00:00,11.56,92.55,0.0,0.0,0.0,356.5,2.55,44.0,100270.0
1990-02-04 00:00:00+00:00,11.28,92.55,0.0,0.0,0.0,359.4,2.55,40.0,100180.0
1990-02-04 01:00:00+00:00,10.96,92.55,0.0,0.0,0.0,355.4,2.28,38.0,100150.0
1990-02-04 02:00:00+00:00,10.86,95.9,0.0,0.0,0.0,357.05,2.69,30.0,100120.0
1990-02-04 03:00:00+00:00,10.89,92.55,0.0,0.0,0.0,359.4,2.97,29.0,100090.0
1990-02-04 04:00:00+00:00,10.95,92.55,0.0,0.0,0.0,358.0,2.48,37.0,100110.0
1990-02-04 05:00:00+00:00,10.97,92.55,0.0,0.0,0.0,358.6,1.86,47.0,100160.0
1990-02-04 06:00:00+00:00,10.91,92.55,0.0,0.0,0.0,356.5,1.45,34.0,100220.0
1990-02-04 07:00:00+00:00,11.1,95.9,0.0,0.0,0.0,362.5,1.24,291.0,100320.0
1990-02-04 08:00:00+00:00,11.27,95.9,26.0,0.0,26.0,363.85,2.0,256.0,100470.0
1990-02-04 09:00:00+00:00,11.68,92.55,161.0,89.94,134.0,356.85,2.0,232.0,100580.0
1990-02-04 10:00:00+00:00,12.81,92.6,141.0,2.27,140.0,350.5,2.34,219.0,100670.0
1990-02-04 11:00:00+00:00,14.77,83.45,94.0,0.0,94.0,336.15,3.52,222.0,100720.0
1990-02-04 12:00:00+00:00,15.76,80.65,78.0,0.0,78.0,359.2,4.07,225.0,100760.0
1990-02-04 13:00:00+00:00,16.14,80.75,265.0,23.91,251.0,373.7,3.59,229.0,100730.0
1990-02-04 14:00:00+00:00,16.37,83.6,270.0,48.84,244.0,362.1,4.07,231.0,100710.0
1990-02-04 15:00:00+00:00,16.69,80.8,368.0,498.67,153.0,376.4,4.41,237.0,100720.0
1990-02-04 16:00:00+00:00,16.68,72.7,247.0,581.24,79.0,346.0,4.69,235.0,100770.0
1990-02-04 17:00:00+00:00,15.9,75.15,75.0,337.2,36.0,330.35,4.69,232.0,100830.0
1990-02-04 18:00:00+00:00,14.49,80.55,0.0,0.0,0.0,313.1,4.34,228.0,100890.0
1990-02-04 19:00:00+00:00,14.23,83.4,0.0,0.0,0.0,355.1,4.21,220.0,100940.0
1990-02-04 20:00:00+00:00,14.14,83.4,0.0,0.0,0.0,357.45,4.34,222.0,100980.0
1990-02-04 21:00:00+00:00,14.14,83.4,0.0,0.0,0.0,372.75,4.48,229.0,101030.0
1990-02-04 22:00:00+00:00,13.91,89.45,0.0,0.0,0.0,365.4,4.14,232.0,101050.0
1990-02-04 23:00:00+00:00,13.65,89.45,0.0,0.0,0.0,353.55,3.66,232.0,101070.0
1990-02-05 00:00:00+00:00,13.33,92.65,0.0,0.0,0.0,339.05,3.38,235.0,101090.0
1990-02-05 01:00:00+00:00,12.91,89.4,0.0,0.0,0.0,329.3,3.03,237.0,101120.0
1990-02-05 02:00:00+00:00,12.6,92.6,0.0,0.0,0.0,328.8,2.83,232.0,101170.0
1990-02-05 03:00:00+00:00,12.35,95.95,0.0,0.0,0.0,326.1,2.69,231.0,101140.0
1990-02-05 04:00:00+00:00,12.24,95.95,0.0,0.0,0.0,330.95,2.69,238.0,101130.0
1990-02-05 05:00:00+00:00,12.5,92.6,0.0,0.0,0.0,360.95,2.41,241.0,101140.0
1990-02-05 06:00:00+00:00,12.4,95.95,0.0,0.0,0.0,351.25,2.21,243.0,101200.0
1990-02-05 07:00:00+00:00,12.45,92.6,0.0,0.0,0.0,345.25,2.28,246.0,101260.0
1990-02-05 08:00:00+00:00,12.24,95.95,77.0,204.78,50.0,334.4,2.0,248.0,101360.0
1990-02-05 09:00:00+00:00,13.1,89.4,139.0,39.51,127.0,336.55,1.93,254.0,101420.0
1990-02-05 10:00:00+00:00,14.02,80.45,360.0,390.09,187.0,323.0,2.41,265.0,101490.0
1990-02-05 11:00:00+00:00,14.73,72.4,382.0,210.45,268.0,317.0,2.55,268.0,101510.0
1990-02-05 12:00:00+00:00,15.59,65.15,552.0,593.27,201.0,327.45,2.83,271.0,101520.0
1990-02-05 13:00:00+00:00,16.16,58.6,610.0,840.83,114.0,322.6,3.17,274.0,101470.0
1990-02-05 14:00:00+00:00,16.47,54.6,542.0,801.35,112.0,322.6,3.59,274.0,101470.0
1990-02-05 15:00:00+00:00,16.48,54.6,424.0,748.8,98.0,319.9,3.31,271.0,101440.0
1990-02-05 16:00:00+00:00,16.51,52.65,267.0,665.29,72.0,322.4,3.03,270.0,101460.0
1990-02-05 17:00:00+00:00,15.76,58.45,80.0,351.42,38.0,307.7,2.07,266.0,101510.0
1990-02-05 18:00:00+00:00,14.5,62.65,0.0,0.0,0.0,314.1,1.79,258.0,101590.0
1990-02-05 19:00:00+00:00,13.84,69.65,0.0,0.0,0.0,331.3,1.72,225.0,101640.0
1990-02-05 20:00:00+00:00,12.96,72.1,0.0,0.0,0.0,325.5,1.93,216.0,101680.0
1990-02-05 21:00:00+00:00,11.98,80.2,0.0,0.0,0.0,306.55,2.0,221.0,101700.0
1990-02-05 22:00:00+00:00,11.24,89.3,0.0,0.0,0.0,304.6,1.86,229.0,101740.0
1990-02-05 23:00:00+00:00,9.89,92.5,0.0,0.0,0.0,287.4,1.59,235.0,101760.0
1990-02-06 00:00:00+00:00,9.3,95.85,0.0,0.0,0.0,282.75,1.17,249.0,101760.0
1990-02-06 01:00:00+00:00,10.06,92.5,0.0,0.0,0.0,280.7,0.76,262.0,101760.0
1990-02-06 02:00:00+00:00,9.71,92.45,0.0,0.0,0.0,278.1,0.48,297.0,101740.0
1990-02-06 03:00:00+00:00,8.64,95.85,0.0,0.0,0.0,276.95,0.76,337.0,101720.0
1990-02-06 04:00:00+00:00,7.81,99.4,0.0,0.0,0.0,275.0,1.03,5.0,101690.0
1990-02-06 05:00:00+00:00,6.44,95.8,0.0,0.0,0.0,278.85,1.1,30.0,101640.0
1990-02-06 06:00:00+00:00,6.07,95.8,0.0,0.0,0.0,275.4,0.97,39.0,101650.0
1990-02-06 07:00:00+00:00,6.59,95.8,0.0,0.0,0.0,274.6,1.03,50.0,101660.0
1990-02-06 08:00:00+00:00,6.11,95.8,98.0,414.48,42.0,273.45,1.17,28.0,101670.0
1990-02-06 09:00:00+00:00,9.09,92.45,282.0,667.18,77.0,275.4,1.17,21.0,101730.0
1990-02-06 10:00:00+00:00,11.99,83.15,442.0,764.54,100.0,277.7,1.31,31.0,101740.0
1990-02-06 11:00:00+00:00,13.97,72.3,566.0,842.85,106.0,280.2,1.52,42.0,101700.0
1990-02-06 12:00:00+00:00,15.24,62.75,640.0,916.32,94.0,285.65,1.52,36.0,101640.0
1990-02-06 13:00:00+00:00,16.09,58.6,625.0,866.7,110.0,289.3,1.59,28.0,101550.0
1990-02-06 14:00:00+00:00,16.64,54.6,559.0,839.33,105.0,293.2,1.66,31.0,101450.0
1990-02-06 15:00:00+00:00,16.92,54.6,436.0,775.7,95.0,295.5,1.66,42.0,101370.0
1990-02-06 16:00:00+00:00,16.86,54.6,243.0,457.61,107.0,296.85,1.52,50.0,101330.0
1990-02-06 17:00:00+00:00,16.26,60.75,90.0,445.76,35.0,297.05,0.97,53.0,101300.0
1990-02-06 18:00:00+00:00,14.48,72.4,0.0,0.0,0.0,294.35,1.1,45.0,101290.0
1990-02-06 19:00:00+00:00,11.99,80.2,0.0,0.0,0.0,289.7,1.45,75.0,101290.0
1990-02-06 20:00:00+00:00,11.09,83.05,0.0,0.0,0.0,287.6,1.45,67.0,101260.0
1990-02-06 21:00:00+00:00,9.83,85.95,0.0,0.0,0.0,286.2,1.66,44.0,101230.0
1990-02-06 22:00:00+00:00,8.57,89.1,0.0,0.0,0.0,284.5,1.93,20.0,101220.0
1990-02-06 23:00:00+00:00,7.92,92.4,0.0,0.0,0.0,283.3,2.0,7.0,101220.0
1990-02-07 00:00:00+00:00,7.6,92.35,0.0,0.0,0.0,285.85,2.0,13.0,101200.0
1990-02-07 01:00:00+00:00,7.21,95.8,0.0,0.0,0.0,278.8,2.07,24.0,101130.0
1990-02-07 02:00:00+00:00,7.0,92.35,0.0,0.0,0.0,276.75,2.14,36.0,101050.0
1990-02-07 03:00:00+00:00,7.03,92.35,0.0,0.0,0.0,278.5,2.28,41.0,100960.0
1990-02-07 04:00:00+00:00,6.98,92.35,0.0,0.0,0.0,272.65,2.34,39.0,100870.0
1990-02-07 05:00:00+00:00,6.89,92.35,0.0,0.0,0.0,270.35,2.28,38.0,100840.0
1990-02-07 06:00:00+00:00,6.82,92.35,0.0,0.0,0.0,276.95,2.21,36.0,100830.0
1990-02-07 07:00:00+00:00,6.84,92.35,0.0,0.0,0.0,294.35,1.86,34.0,100840.0
1990-02-07 08:00:00+00:00,7.23,95.8,80.0,180.56,55.0,303.45,1.79,36.0,100850.0
1990-02-07 09:00:00+00:00,9.32,89.1,241.0,369.88,126.0,302.5,1.38,38.0,100850.0
1990-02-07 10:00:00+00:00,11.72,80.15,286.0,141.83,222.0,305.0,1.1,38.0,100870.0
1990-02-07 11:00:00+00:00,13.49,72.2,481.0,471.0,222.0,305.95,0.55,64.0,100850.0
1990-02-07 12:00:00+00:00,14.96,67.45,595.0,713.17,167.0,320.3,0.41,163.0,100790.0
1990-02-07 13:00:00+00:00,16.04,65.25,379.0,125.3,304.0,321.65,1.17,191.0,100670.0
1990-02-07 14:00:00+00:00,16.85,63.05,457.0,407.15,235.0,323.4,1.93,208.0,100550.0
1990-02-07 15:00:00+00:00,16.97,60.95,273.0,126.17,217.0,324.55,2.55,233.0,100500.0
1990-02-07 16:00:00+00:00,16.36,67.65,164.0,92.93,136.0,323.95,2.41,224.0,100470.0
1990-02-07 17:00:00+00:00,15.54,70.0,61.0,102.15,48.0,301.7,2.14,223.0,100490.0
1990-02-07 18:00:00+00:00,13.83,80.4,0.0,0.0,0.0,290.1,2.21,228.0,100490.0
1990-02-07 19:00:00+00:00,12.3,89.35,0.0,0.0,0.0,288.15,2.14,238.0,100480.0
1990-02-07 20:00:00+00:00,11.46,92.55,0.0,0.0,0.0,297.45,1.86,235.0,100490.0
1990-02-07 21:00:00+00:00,10.69,95.9,0.0,0.0,0.0,301.3,1.66,219.0,100440.0
1990-02-07 22:00:00+00:00,10.7,99.4,0.0,0.0,0.0,337.9,1.45,210.0,100420.0
1990-02-07 23:00:00+00:00,10.7,99.4,0.0,0.0,0.0,338.65,1.52,194.0,100380.0
1990-02-08 00:00:00+00:00,10.81,99.4,0.0,0.0,0.0,343.3,1.45,194.0,100390.0
1990-02-08 01:00:00+00:00,11.03,95.9,0.0,0.0,0.0,353.7,1.45,175.0,100300.0
1990-02-08 02:00:00+00:00,11.3,99.35,0.0,0.0,0.0,357.85,1.52,170.0,100230.0
1990-02-08 03:00:00+00:00,11.59,95.9,0.0,0.0,0.0,359.95,1.79,172.0,100150.0
1990-02-08 04:00:00+00:00,11.81,99.4,0.0,0.0,0.0,359.55,1.93,178.0,100030.0
1990-02-08 05:00:00+00:00,11.96,95.95,0.0,0.0,0.0,357.85,2.14,184.0,99970.0
1990-02-08 06:00:00+00:00,12.34,95.95,0.0,0.0,0.0,362.5,2.41,193.0,99960.0
1990-02-08 07:00:00+00:00,13.01,92.65,0.0,0.0,0.0,373.9,2.83,194.0,99860.0
1990-02-08 08:00:00+00:00,13.18,92.65,64.0,70.47,54.0,373.3,2.9,211.0,99820.0
1990-02-08 09:00:00+00:00,13.52,92.65,100.0,3.18,99.0,376.0,2.76,242.0,99820.0
1990-02-08 10:00:00+00:00,14.21,92.7,404.0,551.37,153.0,374.45,3.1,267.0,99870.0
1990-02-08 11:00:00+00:00,14.98,86.5,549.0,767.04,124.0,358.2,3.17,270.0,99850.0
1990-02-08 12:00:00+00:00,16.33,77.95,605.0,775.89,136.0,332.5,3.93,266.0,99840.0
1990-02-08 13:00:00+00:00,16.96,67.85,203.0,1.66,202.0,341.95,4.34,264.0,99790.0
1990-02-08 14:00:00+00:00,17.14,67.85,214.0,9.1,209.0,332.85,4.62,263.0,99690.0
1990-02-08 15:00:00+00:00,16.98,63.2,435.0,752.0,98.0,321.85,4.97,266.0,99660.0
1990-02-08 16:00:00+00:00,15.94,65.25,226.0,337.26,123.0,326.85,4.41,267.0,99630.0
1990-02-08 17:00:00+00:00,15.46,67.55,83.0,289.76,45.0,322.8,3.66,250.0,99610.0
1990-02-08 18:00:00+00:00,14.15,72.3,0.0,0.0,0.0,300.15,3.79,249.0,99640.0
1990-02-08 19:00:00+00:00,13.94,72.3,0.0,0.0,0.0,327.25,4.07,239.0,99560.0
1990-02-08 20:00:00+00:00,13.1,77.5,0.0,0.0,0.0,333.05,3.86,245.0,99600.0
1990-02-08 21:00:00+00:00,12.34,86.2,0.0,0.0,0.0,341.0,3.52,240.0,99580.0
1990-02-08 22:00:00+00:00,11.73,89.3,0.0,0.0,0.0,329.2,3.59,244.0,99570.0
1990-02-08 23:00:00+00:00,11.54,89.3,0.0,0.0,0.0,349.7,4.0,258.0,99570.0
1990-02-09 00:00:00+00:00,10.95,89.3,0.0,0.0,0.0,314.65,4.0,266.0,99580.0
1990-02-09 01:00:00+00:00,10.82,89.25,0.0,0.0,0.0,335.1,3.93,268.0,99630.0
1990-02-09 02:00:00+00:00,10.6,89.25,0.0,0.0,0.0,333.65,3.79,269.0,99620.0
1990-02-09 03:00:00+00:00,10.41,86.05,0.0,0.0,0.0,330.15,3.59,270.0,99650.0
1990-02-09 04:00:00+00:00,10.24,89.2,0.0,0.0,0.0,329.0,3.31,272.0,99650.0
1990-02-09 05:00:00+00:00,9.96,86.0,0.0,0.0,0.0,317.55,3.03,273.0,99670.0
1990-02-09 06:00:00+00:00,9.78,89.15,0.0,0.0,0.0,316.6,2.76,269.0,99720.0
1990-02-09 07:00:00+00:00,9.0,89.1,0.0,0.0,0.0,287.75,2.76,275.0,99770.0
1990-02-09 08:00:00+00:00,8.85,92.4,110.0,460.74,43.0,279.25,2.76,277.0,99870.0
1990-02-09 09:00:00+00:00,9.86,85.95,300.0,712.84,73.0,280.4,3.24,284.0,99930.0
1990-02-09 10:00:00+00:00,11.01,77.2,457.0,783.84,97.0,278.1,3.59,293.0,99980.0
1990-02-09 11:00:00+00:00,12.41,66.95,576.0,840.01,107.0,294.95,3.45,292.0,100000.0
1990-02-09 12:00:00+00:00,13.84,60.2,607.0,735.83,159.0,305.0,3.86,292.0,100010.0
1990-02-09 13:00:00+00:00,14.78,56.15,255.0,11.53,248.0,323.75,4.14,291.0,99980.0
1990-02-09 14:00:00+00:00,15.02,54.25,216.0,7.22,212.0,351.85,3.93,287.0,99940.0
1990-02-09 15:00:00+00:00,15.03,56.25,222.0,42.0,203.0,360.95,3.59,279.0,99900.0
1990-02-09 16:00:00+00:00,15.09,58.35,180.0,126.0,141.0,351.85,3.59,280.0,99920.0
1990-02-09 17:00:00+00:00,14.64,60.4,95.0,399.91,41.0,316.4,2.9,274.0,99970.0
1990-02-09 18:00:00+00:00,13.62,64.75,0.0,0.0,0.0,310.8,2.55,261.0,100000.0
1990-02-09 19:00:00+00:00,12.94,67.05,0.0,0.0,0.0,299.0,3.03,270.0,100040.0
1990-02-09 20:00:00+00:00,12.23,71.95,0.0,0.0,0.0,293.95,3.03,271.0,100110.0
1990-02-09 21:00:00+00:00,11.7,74.55,0.0,0.0,0.0,296.1,2.97,272.0,100150.0
1990-02-09 22:00:00+00:00,11.08,77.2,0.0,0.0,0.0,288.95,2.97,272.0,100220.0
1990-02-09 23:00:00+00:00,10.42,83.0,0.0,0.0,0.0,279.45,2.83,274.0,100240.0
1990-02-10 00:00:00+00:00,9.87,89.15,0.0,0.0,0.0,279.05,2.55,275.0,100250.0
1990-02-10 01:00:00+00:00,9.29,92.45,0.0,0.0,0.0,275.7,2.21,272.0,100270.0
1990-02-10 02:00:00+00:00,8.75,92.4,0.0,0.0,0.0,274.4,2.21,264.0,100270.0
1990-02-10 03:00:00+00:00,8.34,95.8,0.0,0.0,0.0,274.6,2.14,255.0,100260.0
1990-02-10 04:00:00+00:00,7.92,95.8,0.0,0.0,0.0,272.5,2.0,256.0,100240.0
1990-02-10 05:00:00+00:00,7.97,95.8,0.0,0.0,0.0,296.65,1.79,262.0,100230.0
1990-02-10 06:00:00+00:00,8.31,95.8,0.0,0.0,0.0,318.55,1.72,261.0,100280.0
1990-02-10 07:00:00+00:00,8.8,95.85,0.0,0.0,0.0,329.2,1.38,238.0,100240.0
1990-02-10 08:00:00+00:00,8.96,95.85,82.0,147.63,60.0,336.75,1.1,225.0,100280.0
1990-02-10 09:00:00+00:00,9.65,95.85,148.0,40.33,135.0,337.1,1.1,195.0,100320.0
1990-02-10 10:00:00+00:00,10.63,92.5,184.0,10.79,179.0,336.35,1.31,198.0,100360.0
1990-02-10 11:00:00+00:00,11.04,89.3,58.0,0.0,58.0,338.3,1.17,197.0,100350.0
1990-02-10 12:00:00+00:00,11.96,83.15,209.0,1.63,208.0,337.1,0.41,178.0,100320.0
1990-02-10 13:00:00+00:00,11.94,77.35,347.0,76.82,300.0,340.4,1.24,129.0,100220.0
1990-02-10 14:00:00+00:00,11.83,80.15,135.0,0.0,135.0,347.2,2.48,152.0,100070.0
1990-02-10 15:00:00+00:00,11.44,83.1,218.0,37.22,201.0,358.2,2.0,154.0,99980.0
1990-02-10 16:00:00+00:00,11.56,86.15,124.0,15.94,119.0,358.4,1.66,134.0,99900.0
1990-02-10 17:00:00+00:00,11.64,92.55,45.0,14.4,43.0,363.05,1.79,125.0,99790.0
1990-02-10 18:00:00+00:00,11.78,95.9,0.0,0.0,0.0,365.55,1.59,103.0,99710.0
1990-02-10 19:00:00+00:00,11.55,95.9,0.0,0.0,0.0,364.8,1.31,335.0,99690.0
1990-02-10 20:00:00+00:00,11.18,95.9,0.0,0.0,0.0,355.9,1.72,317.0,99770.0
1990-02-10 21:00:00+00:00,11.06,92.55,0.0,0.0,0.0,364.0,1.52,298.0,99850.0
1990-02-10 22:00:00+00:00,10.97,92.55,0.0,0.0,0.0,352.8,1.66,274.0,99940.0
1990-02-10 23:00:00+00:00,11.25,95.9,0.0,0.0,0.0,353.55,2.07,262.0,99950.0
1990-02-11 00:00:00+00:00,11.53,92.55,0.0,0.0,0.0,348.15,2.55,257.0,99980.0
1990-02-11 01:00:00+00:00,11.55,92.55,0.0,0.0,0.0,340.15,2.97,258.0,99980.0
1990-02-11 02:00:00+00:00,11.58,92.55,0.0,0.0,0.0,353.0,3.1,263.0,100010.0
1990-02-11 03:00:00+00:00,11.16,92.55,0.0,0.0,0.0,344.3,3.17,267.0,100010.0
1990-02-11 04:00:00+00:00,10.76,92.5,0.0,0.0,0.0,344.85,2.9,268.0,100010.0
1990-02-11 05:00:00+00:00,10.41,89.25,0.0,0.0,0.0,340.2,2.55,263.0,100010.0
1990-02-11 06:00:00+00:00,10.02,92.5,0.0,0.0,0.0,328.6,2.07,252.0,100050.0
1990-02-11 07:00:00+00:00,10.05,92.5,0.0,0.0,0.0,335.95,2.21,246.0,100070.0
1990-02-11 08:00:00+00:00,10.38,92.5,118.0,478.04,45.0,342.35,2.28,250.0,100110.0
1990-02-11 09:00:00+00:00,11.19,92.55,245.0,318.75,141.0,317.75,2.14,270.0,100180.0
1990-02-11 10:00:00+00:00,12.33,86.2,466.0,778.49,102.0,314.1,2.97,312.0,100230.0
1990-02-11 11:00:00+00:00,13.31,72.1,570.0,758.42,140.0,312.95,3.17,348.0,100220.0
1990-02-11 12:00:00+00:00,13.54,64.75,563.0,526.14,238.0,340.2,3.1,13.0,100230.0
1990-02-11 13:00:00+00:00,13.26,62.3,445.0,217.43,311.0,340.4,2.9,28.0,100230.0
1990-02-11 14:00:00+00:00,13.12,60.05,570.0,785.26,128.0,324.15,2.76,35.0,100200.0
1990-02-11 15:00:00+00:00,13.35,60.05,450.0,730.94,113.0,318.95,2.55,36.0,100190.0
1990-02-11 16:00:00+00:00,13.11,57.9,285.0,616.78,89.0,317.95,2.28,38.0,100230.0
1990-02-11 17:00:00+00:00,12.77,57.75,103.0,406.11,45.0,317.2,1.86,51.0,100300.0
1990-02-11 18:00:00+00:00,11.83,59.7,0.0,0.0,0.0,314.85,2.0,81.0,100320.0
1990-02-11 19:00:00+00:00,11.42,62.0,0.0,0.0,0.0,302.1,2.21,78.0,100270.0
1990-02-11 20:00:00+00:00,10.36,64.0,0.0,0.0,0.0,288.15,2.14,82.0,100360.0
1990-02-11 21:00:00+00:00,9.6,63.9,0.0,0.0,0.0,293.2,2.0,84.0,100410.0
1990-02-11 22:00:00+00:00,8.7,63.7,0.0,0.0,0.0,283.3,2.14,82.0,100430.0
1990-02-11 23:00:00+00:00,7.89,61.2,0.0,0.0,0.0,275.4,2.0,75.0,100440.0
1990-02-12 00:00:00+00:00,7.14,65.85,0.0,0.0,0.0,271.7,2.07,67.0,100450.0
1990-02-12 01:00:00+00:00,6.35,65.85,0.0,0.0,0.0,264.25,2.0,64.0,100450.0
1990-02-12 02:00:00+00:00,6.11,65.75,0.0,0.0,0.0,276.95,2.14,62.0,100420.0
1990-02-12 03:00:00+00:00,5.66,65.65,0.0,0.0,0.0,264.35,2.21,61.0,100370.0
1990-02-12 04:00:00+00:00,5.34,63.15,0.0,0.0,0.0,258.95,2.55,58.0,100350.0
1990-02-12 05:00:00+00:00,5.13,63.05,0.0,0.0,0.0,256.8,2.97,57.0,100320.0
1990-02-12 06:00:00+00:00,4.85,58.3,0.0,0.0,0.0,252.95,3.31,57.0,100360.0
1990-02-12 07:00:00+00:00,5.38,51.95,0.0,0.0,0.0,282.55,3.1,55.0,100350.0
1990-02-12 08:00:00+00:00,5.19,53.9,23.0,0.0,23.0,284.65,3.31,52.0,100360.0
1990-02-12 09:00:00+00:00,5.21,60.65,86.0,0.0,86.0,288.55,3.59,52.0,100410.0
1990-02-12 10:00:00+00:00,5.79,60.75,78.0,0.0,78.0,298.4,3.93,54.0,100410.0
1990-02-12 11:00:00+00:00,6.06,63.25,115.0,0.0,115.0,313.3,3.93,55.0,100390.0
1990-02-12 12:00:00+00:00,6.35,65.85,126.0,0.0,126.0,319.5,4.21,57.0,100350.0
1990-02-12 13:00:00+00:00,6.87,68.4,91.0,0.0,91.0,320.3,4.48,55.0,100270.0
1990-02-12 14:00:00+00:00,6.2,73.7,67.0,0.0,67.0,330.95,4.07,56.0,100160.0
1990-02-12 15:00:00+00:00,5.57,76.5,98.0,0.0,98.0,334.2,4.34,57.0,100050.0
1990-02-12 16:00:00+00:00,5.23,79.35,85.0,0.0,85.0,334.6,4.34,57.0,99980.0
1990-02-12 17:00:00+00:00,5.27,82.4,40.0,0.0,40.0,336.15,4.21,56.0,99940.0
1990-02-12 18:00:00+00:00,5.26,85.6,0.0,0.0,0.0,338.85,3.93,53.0,99880.0
1990-02-12 19:00:00+00:00,4.86,79.35,0.0,0.0,0.0,335.4,4.21,47.0,99910.0
1990-02-12 20:00:00+00:00,5.09,79.35,0.0,0.0,0.0,336.75,3.93,45.0,99890.0
1990-02-12 21:00:00+00:00,5.31,79.35,0.0,0.0,0.0,335.55,3.59,45.0,99890.0
1990-02-12 22:00:00+00:00,5.43,79.4,0.0,0.0,0.0,338.1,3.1,39.0,99890.0
1990-02-12 23:00:00+00:00,5.36,82.5,0.0,0.0,0.0,337.3,2.83,35.0,99850.0
1990-02-13 00:00:00+00:00,5.2,85.6,0.0,0.0,0.0,332.3,2.69,34.0,99820.0
1990-02-13 01:00:00+00:00,5.18,85.6,0.0,0.0,0.0,334.35,2.55,36.0,99790.0
1990-02-13 02:00:00+00:00,5.16,85.6,0.0,0.0,0.0,331.1,2.48,36.0,99740.0
1990-02-13 03:00:00+00:00,5.25,88.85,0.0,0.0,0.0,333.25,2.41,36.0,99690.0
1990-02-13 04:00:00+00:00,5.32,88.85,0.0,0.0,0.0,333.25,2.34,32.0,99670.0
1990-02-13 05:00:00+00:00,5.35,85.65,0.0,0.0,0.0,331.9,2.34,24.0,99650.0
1990-02-13 06:00:00+00:00,5.25,88.85,0.0,0.0,0.0,332.1,2.34,19.0,99670.0
1990-02-13 07:00:00+00:00,5.31,88.85,0.0,0.0,0.0,340.0,2.34,20.0,99690.0
1990-02-13 08:00:00+00:00,5.35,85.65,85.0,118.52,66.0,339.45,2.34,21.0,99740.0
1990-02-13 09:00:00+00:00,5.6,85.65,238.0,260.18,151.0,339.65,2.21,25.0,99760.0
1990-02-13 10:00:00+00:00,6.01,82.55,294.0,126.02,234.0,339.25,2.28,32.0,99790.0
1990-02-13 11:00:00+00:00,6.93,82.6,272.0,27.79,256.0,341.95,2.28,31.0,99810.0
1990-02-13 12:00:00+00:00,7.39,79.65,266.0,12.76,258.0,345.45,2.21,22.0,99850.0
1990-02-13 13:00:00+00:00,8.16,79.7,244.0,6.4,240.0,345.05,2.41,19.0,99820.0
1990-02-13 14:00:00+00:00,8.93,71.4,194.0,1.75,193.0,339.05,2.69,16.0,99790.0
1990-02-13 15:00:00+00:00,9.64,68.9,176.0,6.39,173.0,341.4,2.76,9.0,99800.0
1990-02-13 16:00:00+00:00,10.04,64.0,208.0,174.82,151.0,342.35,2.62,13.0,99860.0
1990-02-13 17:00:00+00:00,9.88,64.0,74.0,99.6,59.0,333.45,1.72,28.0,99910.0
1990-02-13 18:00:00+00:00,9.45,63.9,0.0,0.0,0.0,332.65,1.38,61.0,99950.0
1990-02-13 19:00:00+00:00,8.55,71.35,0.0,0.0,0.0,322.2,0.97,89.0,100010.0
1990-02-13 20:00:00+00:00,7.34,79.55,0.0,0.0,0.0,292.4,0.97,94.0,100070.0
1990-02-13 21:00:00+00:00,7.32,73.8,0.0,0.0,0.0,278.1,0.83,78.0,100140.0
1990-02-13 22:00:00+00:00,6.81,73.8,0.0,0.0,0.0,249.45,0.83,31.0,100180.0
1990-02-13 23:00:00+00:00,3.81,85.45,0.0,0.0,0.0,246.35,1.45,0.0,100220.0
1990-02-14 00:00:00+00:00,2.28,92.1,0.0,0.0,0.0,244.05,1.66,12.0,100170.0
1990-02-14 01:00:00+00:00,1.55,92.05,0.0,0.0,0.0,243.75,1.66,17.0,100170.0
1990-02-14 02:00:00+00:00,1.57,92.05,0.0,0.0,0.0,249.05,1.52,23.0,100140.0
1990-02-14 03:00:00+00:00,0.85,92.05,0.0,0.0,0.0,244.2,1.72,23.0,100150.0
1990-02-14 04:00:00+00:00,0.38,92.0,0.0,0.0,0.0,242.5,1.86,34.0,100140.0
1990-02-14 05:00:00+00:00,0.12,92.0,0.0,0.0,0.0,244.05,1.86,47.0,100110.0
1990-02-14 06:00:00+00:00,0.02,92.0,0.0,0.0,0.0,240.75,2.0,56.0,100090.0
1990-02-14 07:00:00+00:00,0.75,95.65,0.0,0.0,0.0,245.2,2.41,51.0,100060.0
1990-02-14 08:00:00+00:00,1.67,92.05,69.0,42.62,62.0,250.2,2.34,51.0,100070.0
1990-02-14 09:00:00+00:00,3.81,85.45,103.0,0.0,103.0,253.5,2.48,54.0,100100.0
1990-02-14 10:00:00+00:00,6.09,76.55,363.0,280.98,228.0,266.65,2.9,65.0,100080.0
1990-02-14 11:00:00+00:00,7.49,73.9,477.0,361.88,267.0,293.75,2.41,71.0,100100.0
1990-02-14 12:00:00+00:00,8.9,68.8,537.0,400.78,284.0,297.45,2.07,80.0,100030.0
1990-02-14 13:00:00+00:00,10.34,66.45,655.0,822.35,137.0,290.5,1.52,103.0,99940.0
1990-02-14 14:00:00+00:00,11.74,57.55,358.0,116.26,291.0,277.9,2.07,161.0,99830.0
1990-02-14 15:00:00+00:00,12.41,53.6,276.0,94.93,231.0,286.2,2.41,191.0,99790.0
1990-02-14 16:00:00+00:00,12.42,53.6,132.0,15.14,127.0,324.55,1.38,192.0,99710.0
1990-02-14 17:00:00+00:00,11.81,62.0,59.0,25.89,55.0,340.2,0.97,80.0,99580.0
1990-02-14 18:00:00+00:00,10.9,61.85,0.0,0.0,0.0,335.2,1.86,74.0,99490.0
1990-02-14 19:00:00+00:00,10.16,74.3,0.0,0.0,0.0,345.85,1.72,68.0,99480.0
1990-02-14 20:00:00+00:00,9.53,77.0,0.0,0.0,0.0,344.5,2.41,73.0,99410.0
1990-02-14 21:00:00+00:00,9.1,82.85,0.0,0.0,0.0,339.85,2.83,81.0,99340.0
1990-02-14 22:00:00+00:00,8.95,85.95,0.0,0.0,0.0,338.85,2.9,86.0,99210.0
1990-02-14 23:00:00+00:00,8.95,89.1,0.0,0.0,0.0,336.35,2.76,88.0,99150.0
1990-02-15 00:00:00+00:00,9.04,89.1,0.0,0.0,0.0,338.85,2.76,82.0,99060.0
1990-02-15 01:00:00+00:00,9.04,89.1,0.0,0.0,0.0,344.8,3.17,78.0,98940.0
1990-02-15 02:00:00+00:00,9.05,89.1,0.0,0.0,0.0,346.4,3.38,76.0,98830.0
1990-02-15 03:00:00+00:00,8.95,89.1,0.0,0.0,0.0,347.75,3.17,69.0,98710.0
1990-02-15 04:00:00+00:00,8.79,92.4,0.0,0.0,0.0,346.0,3.03,61.0,98590.0
1990-02-15 05:00:00+00:00,8.6,92.4,0.0,0.0,0.0,339.05,2.69,57.0,98540.0
1990-02-15 06:00:00+00:00,8.56,92.4,0.0,0.0,0.0,341.55,2.55,56.0,98510.0
1990-02-15 07:00:00+00:00,9.22,92.45,0.0,0.0,0.0,342.35,2.14,88.0,98400.0
1990-02-15 08:00:00+00:00,9.92,86.0,42.0,0.0,42.0,342.55,2.97,133.0,98400.0
1990-02-15 09:00:00+00:00,10.7,89.25,51.0,0.0,51.0,344.65,3.59,147.0,98440.0
1990-02-15 10:00:00+00:00,11.5,86.15,93.0,0.0,93.0,350.3,4.28,152.0,98440.0
1990-02-15 11:00:00+00:00,12.3,89.35,322.0,70.1,281.0,350.5,4.55,160.0,98430.0
1990-02-15 12:00:00+00:00,13.23,89.4,215.0,1.57,214.0,355.3,4.62,164.0,98390.0
1990-02-15 13:00:00+00:00,14.58,80.55,288.0,22.07,274.0,359.2,4.69,172.0,98340.0
1990-02-15 14:00:00+00:00,13.51,86.35,184.0,0.0,184.0,346.2,4.83,190.0,98300.0
1990-02-15 15:00:00+00:00,14.51,80.55,255.0,68.98,222.0,334.2,4.07,185.0,98280.0
1990-02-15 16:00:00+00:00,14.55,80.55,121.0,8.97,118.0,357.85,3.52,171.0,98220.0
1990-02-15 17:00:00+00:00,13.25,89.4,11.0,0.0,11.0,354.95,4.14,188.0,98290.0
1990-02-15 18:00:00+00:00,12.74,92.6,0.0,0.0,0.0,364.0,4.14,194.0,98320.0
1990-02-15 19:00:00+00:00,12.64,92.6,0.0,0.0,0.0,369.45,4.48,190.0,98340.0
1990-02-15 20:00:00+00:00,12.67,92.6,0.0,0.0,0.0,367.5,4.62,187.0,98340.0
1990-02-15 21:00:00+00:00,12.56,92.6,0.0,0.0,0.0,361.7,4.69,183.0,98340.0
1990-02-15 22:00:00+00:00,12.47,92.6,0.0,0.0,0.0,366.95,5.03,180.0,98330.0
1990-02-15 23:00:00+00:00,12.54,92.6,0.0,0.0,0.0,367.1,5.52,178.0,98300.0
1990-02-16 00:00:00+00:00,12.52,92.6,0.0,0.0,0.0,364.4,5.86,177.0,98250.0
1990-02-16 01:00:00+00:00,12.83,92.6,0.0,0.0,0.0,368.95,6.34,176.0,98200.0
1990-02-16 02:00:00+00:00,12.88,92.6,0.0,0.0,0.0,369.45,6.48,180.0,98140.0
1990-02-16 03:00:00+00:00,12.74,92.6,0.0,0.0,0.0,366.55,6.21,190.0,98110.0
1990-02-16 04:00:00+00:00,12.39,95.95,0.0,0.0,0.0,364.6,6.07,197.0,98090.0
1990-02-16 05:00:00+00:00,12.26,95.95,0.0,0.0,0.0,367.7,6.0,199.0,98090.0
1990-02-16 06:00:00+00:00,12.06,95.95,0.0,0.0,0.0,368.3,5.38,197.0,98140.0
1990-02-16 07:00:00+00:00,12.16,95.95,0.0,0.0,0.0,364.4,5.38,199.0,98090.0
1990-02-16 08:00:00+00:00,12.32,95.95,130.0,446.92,53.0,365.95,5.52,202.0,98120.0
1990-02-16 09:00:00+00:00,12.57,92.6,299.0,547.46,109.0,366.95,4.69,200.0,98190.0
1990-02-16 10:00:00+00:00,13.21,92.65,43.0,0.0,43.0,374.3,5.03,204.0,98210.0
1990-02-16 11:00:00+00:00,13.75,86.35,472.0,347.81,267.0,365.4,5.45,209.0,98240.0
1990-02-16 12:00:00+00:00,14.76,86.45,563.0,480.89,255.0,347.95,4.9,208.0,98280.0
1990-02-16 13:00:00+00:00,15.36,83.5,583.0,549.24,232.0,354.35,4.97,211.0,98270.0
1990-02-16 14:00:00+00:00,14.7,83.45,464.0,338.31,266.0,360.35,4.9,220.0,98210.0
1990-02-16 15:00:00+00:00,15.43,80.65,417.0,495.11,178.0,324.95,4.62,211.0,98160.0
1990-02-16 16:00:00+00:00,14.55,75.0,234.0,251.15,149.0,349.5,5.38,216.0,98160.0
1990-02-16 17:00:00+00:00,14.18,77.65,58.0,18.49,55.0,339.45,5.03,215.0,98260.0
1990-02-16 18:00:00+00:00,13.13,77.5,0.0,0.0,0.0,311.95,4.83,218.0,98320.0
1990-02-16 19:00:00+00:00,11.95,86.2,0.0,0.0,0.0,308.5,4.14,213.0,98360.0
1990-02-16 20:00:00+00:00,11.99,86.2,0.0,0.0,0.0,335.75,4.0,214.0,98430.0
1990-02-16 21:00:00+00:00,11.5,86.15,0.0,0.0,0.0,324.55,4.28,221.0,98470.0
1990-02-16 22:00:00+00:00,11.22,89.3,0.0,0.0,0.0,312.95,4.34,221.0,98530.0
1990-02-16 23:00:00+00:00,10.91,89.3,0.0,0.0,0.0,327.45,5.17,226.0,98590.0
1990-02-17 00:00:00+00:00,11.11,89.3,0.0,0.0,0.0,334.2,4.76,224.0,98620.0
1990-02-17 01:00:00+00:00,10.82,92.5,0.0,0.0,0.0,321.55,4.62,227.0,98620.0
1990-02-17 02:00:00+00:00,10.68,92.5,0.0,0.0,0.0,316.05,4.41,226.0,98600.0
1990-02-17 03:00:00+00:00,10.63,92.5,0.0,0.0,0.0,326.1,3.72,225.0,98580.0
1990-02-17 04:00:00+00:00,10.42,92.5,0.0,0.0,0.0,324.55,3.45,219.0,98570.0
1990-02-17 05:00:00+00:00,10.06,95.9,0.0,0.0,0.0,322.2,2.97,205.0,98570.0
1990-02-17 06:00:00+00:00,10.0,95.9,0.0,0.0,0.0,318.95,3.31,204.0,98620.0
1990-02-17 07:00:00+00:00,10.23,95.9,0.0,0.0,0.0,335.95,3.38,212.0,98610.0
1990-02-17 08:00:00+00:00,10.52,92.5,132.0,425.1,57.0,334.0,3.86,219.0,98690.0
1990-02-17 09:00:00+00:00,11.42,89.3,191.0,85.37,161.0,331.3,3.59,223.0,98800.0
1990-02-17 10:00:00+00:00,12.4,86.25,363.0,259.2,235.0,319.3,4.41,229.0,98890.0
1990-02-17 11:00:00+00:00,13.34,83.25,501.0,412.44,256.0,317.75,4.9,230.0,98950.0
1990-02-17 12:00:00+00:00,13.85,83.35,122.0,0.0,122.0,320.5,5.45,226.0,99000.0
1990-02-17 13:00:00+00:00,14.01,80.45,390.0,102.54,324.0,329.95,6.0,229.0,99040.0
1990-02-17 14:00:00+00:00,14.43,75.0,110.0,0.0,110.0,321.85,6.28,232.0,99040.0
1990-02-17 15:00:00+00:00,14.8,67.35,288.0,104.71,237.0,319.7,6.55,239.0,99110.0
1990-02-17 16:00:00+00:00,14.2,62.55,272.0,402.84,134.0,302.65,6.21,243.0,99180.0
1990-02-17 17:00:00+00:00,13.7,62.45,89.0,126.4,68.0,313.9,5.38,243.0,99280.0
1990-02-17 18:00:00+00:00,12.75,66.95,0.0,0.0,0.0,296.65,4.28,239.0,99370.0
1990-02-17 19:00:00+00:00,12.44,69.45,0.0,0.0,0.0,312.95,3.52,234.0,99490.0
1990-02-17 20:00:00+00:00,11.87,74.55,0.0,0.0,0.0,309.25,2.83,229.0,99550.0
1990-02-17 21:00:00+00:00,11.44,74.55,0.0,0.0,0.0,319.3,2.28,226.0,99590.0
1990-02-17 22:00:00+00:00,10.92,77.2,0.0,0.0,0.0,317.55,1.86,221.0,99620.0
1990-02-17 23:00:00+00:00,9.98,86.0,0.0,0.0,0.0,310.8,1.17,207.0,99610.0
1990-02-18 00:00:00+00:00,9.47,85.95,0.0,0.0,0.0,295.1,0.9,123.0,99560.0
1990-02-18 01:00:00+00:00,7.52,92.35,0.0,0.0,0.0,282.45,1.72,101.0,99560.0
1990-02-18 02:00:00+00:00,6.89,92.35,0.0,0.0,0.0,277.7,2.0,93.0,99450.0
1990-02-18 03:00:00+00:00,6.57,92.35,0.0,0.0,0.0,274.2,2.0,85.0,99380.0
1990-02-18 04:00:00+00:00,6.93,92.35,0.0,0.0,0.0,285.65,2.28,65.0,99250.0
1990-02-18 05:00:00+00:00,7.45,92.35,0.0,0.0,0.0,294.55,2.55,65.0,99170.0
1990-02-18 06:00:00+00:00,7.99,89.05,0.0,0.0,0.0,307.9,3.03,64.0,99090.0
1990-02-18 07:00:00+00:00,8.46,85.9,0.0,0.0,0.0,309.25,3.17,58.0,98980.0
1990-02-18 08:00:00+00:00,8.82,85.9,51.0,0.0,51.0,316.8,3.38,54.0,98920.0
1990-02-18 09:00:00+00:00,9.32,85.95,129.0,8.43,126.0,324.75,3.38,62.0,98900.0
1990-02-18 10:00:00+00:00,9.62,89.15,95.0,0.0,95.0,336.35,3.52,64.0,98880.0
1990-02-18 11:00:00+00:00,9.73,89.15,122.0,0.0,122.0,345.85,3.93,58.0,98770.0
1990-02-18 12:00:00+00:00,10.25,89.2,96.0,0.0,96.0,351.85,3.72,61.0,98620.0
1990-02-18 13:00:00+00:00,11.23,89.3,97.0,0.0,97.0,352.6,2.21,66.0,98560.0
1990-02-18 14:00:00+00:00,12.08,89.35,88.0,0.0,88.0,352.4,1.72,82.0,98470.0
1990-02-18 15:00:00+00:00,13.24,89.4,88.0,0.0,88.0,347.0,1.79,116.0,98410.0
1990-02-18 16:00:00+00:00,13.72,86.35,121.0,5.77,119.0,342.55,2.48,144.0,98370.0
1990-02-18 17:00:00+00:00,13.48,86.35,56.0,11.76,54.0,346.8,3.59,166.0,98370.0
1990-02-18 18:00:00+00:00,12.96,89.4,0.0,0.0,0.0,362.5,3.45,171.0,98380.0
1990-02-18 19:00:00+00:00,12.54,92.6,0.0,0.0,0.0,369.45,3.1,169.0,98360.0
1990-02-18 20:00:00+00:00,12.43,92.6,0.0,0.0,0.0,371.55,2.97,168.0,98360.0
1990-02-18 21:00:00+00:00,12.53,92.6,0.0,0.0,0.0,372.55,2.9,179.0,98370.0
1990-02-18 22:00:00+00:00,12.53,92.6,0.0,0.0,0.0,370.6,2.76,189.0,98360.0
1990-02-18 23:00:00+00:00,12.38,95.95,0.0,0.0,0.0,368.85,2.41,184.0,98350.0
1990-02-19 00:00:00+00:00,12.31,95.95,0.0,0.0,0.0,370.4,1.86,177.0,98330.0
1990-02-19 01:00:00+00:00,11.94,95.95,0.0,0.0,0.0,360.85,0.97,233.0,98350.0
1990-02-19 02:00:00+00:00,11.53,95.9,0.0,0.0,0.0,362.85,1.86,307.0,98380.0
1990-02-19 03:00:00+00:00,10.71,99.4,0.0,0.0,0.0,364.2,3.31,327.0,98440.0
1990-02-19 04:00:00+00:00,9.47,92.45,0.0,0.0,0.0,352.8,4.41,330.0,98580.0
1990-02-19 05:00:00+00:00,8.72,85.9,0.0,0.0,0.0,347.4,4.55,322.0,98760.0
1990-02-19 06:00:00+00:00,8.51,79.75,0.0,0.0,0.0,338.1,4.21,308.0,98990.0
1990-02-19 07:00:00+00:00,8.29,76.8,0.0,0.0,0.0,327.25,4.0,297.0,99210.0
1990-02-19 08:00:00+00:00,7.82,73.9,142.0,448.88,59.0,281.4,3.86,284.0,99410.0
1990-02-19 09:00:00+00:00,8.6,71.35,220.0,138.78,170.0,274.2,3.86,276.0,99640.0
1990-02-19 10:00:00+00:00,9.81,66.35,511.0,819.1,99.0,271.1,4.62,279.0,99800.0
1990-02-19 11:00:00+00:00,11.23,61.85,644.0,908.27,96.0,276.95,4.76,282.0,99870.0
1990-02-19 12:00:00+00:00,12.62,55.65,708.0,933.57,97.0,265.1,4.83,284.0,99920.0
1990-02-19 13:00:00+00:00,13.4,49.85,694.0,895.98,109.0,271.7,5.17,288.0,99950.0
1990-02-19 14:00:00+00:00,13.58,46.35,620.0,846.74,113.0,275.4,5.03,284.0,99940.0
1990-02-19 15:00:00+00:00,13.76,44.65,501.0,812.97,98.0,285.25,4.97,280.0,99990.0
1990-02-19 16:00:00+00:00,13.64,44.65,334.0,726.95,79.0,275.6,4.97,280.0,100050.0
1990-02-19 17:00:00+00:00,13.07,46.2,133.0,465.91,52.0,278.65,3.72,273.0,100120.0
1990-02-19 18:00:00+00:00,12.07,49.6,0.0,0.0,0.0,288.95,3.17,267.0,100190.0
1990-02-19 19:00:00+00:00,10.96,55.3,0.0,0.0,0.0,278.85,2.76,263.0,100270.0
1990-02-19 20:00:00+00:00,9.99,59.35,0.0,0.0,0.0,273.05,2.62,266.0,100360.0
1990-02-19 21:00:00+00:00,9.11,63.8,0.0,0.0,0.0,266.85,2.48,265.0,100450.0
1990-02-19 22:00:00+00:00,8.33,71.25,0.0,0.0,0.0,263.95,2.48,266.0,100500.0
1990-02-19 23:00:00+00:00,7.66,73.9,0.0,0.0,0.0,260.65,2.41,269.0,100580.0
1990-02-20 00:00:00+00:00,7.0,76.65,0.0,0.0,0.0,256.8,2.34,271.0,100650.0
1990-02-20 01:00:00+00:00,6.36,73.8,0.0,0.0,0.0,258.45,2.07,270.0,100710.0
1990-02-20 02:00:00+00:00,5.44,79.4,0.0,0.0,0.0,252.35,1.79,269.0,100710.0
1990-02-20 03:00:00+00:00,4.55,85.55,0.0,0.0,0.0,252.55,1.52,267.0,100690.0
1990-02-20 04:00:00+00:00,3.79,88.75,0.0,0.0,0.0,249.65,1.45,256.0,100690.0
1990-02-20 05:00:00+00:00,4.36,82.35,0.0,0.0,0.0,249.25,0.97,239.0,100680.0
1990-02-20 06:00:00+00:00,5.01,82.4,0.0,0.0,0.0,256.05,0.55,203.0,100710.0
1990-02-20 07:00:00+00:00,5.02,82.4,0.0,0.0,0.0,251.0,0.62,158.0,100700.0
1990-02-20 08:00:00+00:00,4.96,85.6,155.0,533.72,54.0,250.2,0.76,143.0,100730.0
1990-02-20 09:00:00+00:00,7.14,82.6,354.0,751.12,80.0,257.6,0.83,146.0,100780.0
1990-02-20 10:00:00+00:00,9.52,71.5,515.0,803.72,107.0,265.7,1.03,159.0,100800.0
1990-02-20 11:00:00+00:00,11.2,64.25,643.0,878.22,109.0,272.85,1.1,167.0,100760.0
1990-02-20 12:00:00+00:00,12.42,57.75,707.0,901.12,113.0,277.9,1.24,192.0,100710.0
1990-02-20 13:00:00+00:00,13.21,53.7,693.0,860.77,127.0,287.95,1.66,216.0,100620.0
1990-02-20 14:00:00+00:00,13.4,51.75,613.0,774.12,146.0,324.55,2.07,214.0,100490.0
1990-02-20 15:00:00+00:00,13.46,51.9,444.0,511.97,188.0,337.7,2.21,207.0,100440.0
1990-02-20 16:00:00+00:00,13.39,53.7,234.0,188.8,167.0,328.2,2.34,201.0,100410.0
1990-02-20 17:00:00+00:00,13.08,55.75,81.0,61.9,70.0,335.4,1.72,197.0,100400.0
1990-02-20 18:00:00+00:00,12.12,62.1,0.0,0.0,0.0,322.6,1.59,150.0,100340.0
1990-02-20 19:00:00+00:00,11.21,64.25,0.0,0.0,0.0,319.1,1.86,145.0,100290.0
1990-02-20 20:00:00+00:00,10.8,66.55,0.0,0.0,0.0,329.55,2.21,146.0,100250.0
1990-02-20 21:00:00+00:00,10.3,74.3,0.0,0.0,0.0,333.05,2.55,141.0,100190.0
1990-02-20 22:00:00+00:00,9.82,77.0,0.0,0.0,0.0,317.55,2.69,131.0,100110.0
1990-02-20 23:00:00+00:00,9.89,77.1,0.0,0.0,0.0,334.2,2.9,136.0,100020.0
1990-02-21 00:00:00+00:00,10.06,79.95,0.0,0.0,0.0,334.6,3.03,150.0,99920.0
1990-02-21 01:00:00+00:00,9.91,86.0,0.0,0.0,0.0,344.8,3.52,159.0,99870.0
1990-02-21 02:00:00+00:00,10.13,89.2,0.0,0.0,0.0,349.3,3.79,156.0,99700.0
1990-02-21 03:00:00+00:00,10.4,86.05,0.0,0.0,0.0,351.25,3.72,156.0,99580.0
1990-02-21 04:00:00+00:00,10.81,86.05,0.0,0.0,0.0,352.4,4.0,168.0,99400.0
1990-02-21 05:00:00+00:00,11.06,86.1,0.0,0.0,0.0,355.9,5.1,178.0,99320.0
1990-02-21 06:00:00+00:00,11.1,89.3,0.0,0.0,0.0,352.4,5.86,182.0,99280.0
1990-02-21 07:00:00+00:00,11.48,92.55,0.0,0.0,0.0,358.0,5.86,180.0,99290.0
1990-02-21 08:00:00+00:00,11.68,95.9,102.0,113.61,80.0,364.4,5.45,179.0,99280.0
1990-02-21 09:00:00+00:00,12.29,95.95,297.0,422.36,141.0,368.85,4.28,184.0,99320.0
1990-02-21 10:00:00+00:00,13.14,95.95,248.0,39.04,228.0,373.3,3.66,198.0,99360.0
1990-02-21 11:00:00+00:00,14.46,92.7,56.0,0.0,56.0,371.95,3.17,211.0,99380.0
1990-02-21 12:00:00+00:00,15.62,89.6,462.0,194.31,333.0,371.2,4.0,218.0,99410.0
1990-02-21 13:00:00+00:00,16.13,86.55,61.0,0.0,61.0,363.05,4.41,225.0,99430.0
1990-02-21 14:00:00+00:00,16.91,83.65,636.0,885.21,98.0,353.75,4.76,226.0,99360.0
1990-02-21 15:00:00+00:00,16.93,80.8,458.0,592.85,159.0,346.6,5.17,228.0,99350.0
1990-02-21 16:00:00+00:00,15.63,77.85,148.0,19.5,141.0,352.4,4.69,229.0,99360.0
1990-02-21 17:00:00+00:00,15.79,77.85,43.0,0.0,43.0,342.15,5.31,235.0,99430.0
1990-02-21 18:00:00+00:00,15.12,77.8,0.0,0.0,0.0,329.0,4.9,238.0,99500.0
1990-02-21 19:00:00+00:00,13.43,86.35,0.0,0.0,0.0,327.65,4.76,236.0,99620.0
1990-02-21 20:00:00+00:00,13.44,86.35,0.0,0.0,0.0,342.15,4.14,228.0,99710.0
1990-02-21 21:00:00+00:00,13.23,89.4,0.0,0.0,0.0,342.55,4.41,229.0,99750.0
1990-02-21 22:00:00+00:00,13.17,89.4,0.0,0.0,0.0,330.75,3.79,224.0,99780.0
1990-02-21 23:00:00+00:00,13.5,89.45,0.0,0.0,0.0,354.35,3.79,218.0,99780.0
1990-02-22 00:00:00+00:00,13.57,89.45,0.0,0.0,0.0,353.55,4.0,215.0,99760.0
1990-02-22 01:00:00+00:00,13.22,92.65,0.0,0.0,0.0,350.8,4.14,214.0,99740.0
1990-02-22 02:00:00+00:00,13.43,89.45,0.0,0.0,0.0,372.35,4.14,206.0,99700.0
1990-02-22 03:00:00+00:00,13.45,89.45,0.0,0.0,0.0,375.45,4.21,204.0,99650.0
1990-02-22 04:00:00+00:00,13.6,89.45,0.0,0.0,0.0,377.0,4.48,202.0,99560.0
1990-02-22 05:00:00+00:00,13.68,92.65,0.0,0.0,0.0,376.8,4.69,204.0,99540.0
1990-02-22 06:00:00+00:00,13.66,92.65,0.0,0.0,0.0,373.9,4.9,206.0,99540.0
1990-02-22 07:00:00+00:00,14.15,92.7,0.0,0.0,0.0,380.65,5.79,213.0,99430.0
1990-02-22 08:00:00+00:00,14.28,92.7,107.0,121.15,83.0,380.65,6.28,228.0,99480.0
1990-02-22 09:00:00+00:00,13.91,86.4,255.0,227.29,170.0,381.25,6.76,242.0,99580.0
1990-02-22 10:00:00+00:00,14.36,89.5,427.0,411.96,214.0,365.75,4.76,238.0,99660.0
1990-02-22 11:00:00+00:00,15.64,86.5,115.0,0.0,115.0,360.55,4.48,233.0,99720.0
1990-02-22 12:00:00+00:00,17.06,78.1,514.0,290.14,320.0,347.75,5.03,231.0,99740.0
1990-02-22 13:00:00+00:00,17.68,78.1,613.0,566.86,235.0,347.2,5.72,231.0,99750.0
1990-02-22 14:00:00+00:00,18.2,75.45,558.0,561.85,214.0,341.95,6.21,230.0,99710.0
1990-02-22 15:00:00+00:00,16.46,75.3,144.0,0.0,144.0,345.05,6.62,234.0,99690.0
1990-02-22 16:00:00+00:00,17.34,70.3,283.0,382.9,144.0,330.55,6.97,235.0,99730.0
1990-02-22 17:00:00+00:00,15.94,75.25,136.0,410.06,60.0,327.65,5.59,238.0,99830.0
1990-02-22 18:00:00+00:00,14.92,83.45,0.0,0.0,0.0,341.55,5.1,237.0,99900.0
1990-02-22 19:00:00+00:00,14.44,86.45,0.0,0.0,0.0,341.75,4.97,234.0,99920.0
1990-02-22 20:00:00+00:00,13.97,86.4,0.0,0.0,0.0,343.7,5.17,238.0,99990.0
1990-02-22 21:00:00+00:00,13.67,89.45,0.0,0.0,0.0,337.5,4.48,233.0,100030.0
1990-02-22 22:00:00+00:00,13.72,89.45,0.0,0.0,0.0,358.8,4.62,233.0,100050.0
1990-02-22 23:00:00+00:00,13.44,89.45,0.0,0.0,0.0,364.2,4.14,227.0,100070.0
1990-02-23 00:00:00+00:00,13.38,92.65,0.0,0.0,0.0,371.75,4.14,226.0,100090.0
1990-02-23 01:00:00+00:00,13.31,95.95,0.0,0.0,0.0,376.15,4.0,224.0,100090.0
1990-02-23 02:00:00+00:00,13.54,92.65,0.0,0.0,0.0,378.55,3.72,222.0,100060.0
1990-02-23 03:00:00+00:00,13.76,92.65,0.0,0.0,0.0,379.5,4.14,228.0,100020.0
1990-02-23 04:00:00+00:00,13.72,92.65,0.0,0.0,0.0,378.35,4.41,228.0,99980.0
1990-02-23 05:00:00+00:00,13.56,89.45,0.0,0.0,0.0,378.95,4.69,232.0,99990.0
1990-02-23 06:00:00+00:00,13.36,92.65,0.0,0.0,0.0,371.4,4.48,235.0,100070.0
1990-02-23 07:00:00+00:00,12.77,92.6,0.0,0.0,0.0,364.0,4.83,251.0,100120.0
1990-02-23 08:00:00+00:00,13.03,89.4,137.0,291.2,78.0,329.55,3.24,247.0,100210.0
1990-02-23 09:00:00+00:00,14.26,86.4,258.0,221.85,174.0,321.45,3.17,237.0,100300.0
1990-02-23 10:00:00+00:00,15.19,80.6,522.0,801.08,104.0,315.45,3.79,232.0,100350.0
1990-02-23 11:00:00+00:00,16.45,75.3,633.0,816.29,125.0,332.65,4.34,230.0,100390.0
1990-02-23 12:00:00+00:00,16.31,72.65,452.0,164.84,341.0,331.3,5.66,239.0,100400.0
1990-02-23 13:00:00+00:00,17.38,67.85,647.0,661.23,203.0,336.55,5.86,235.0,100410.0
1990-02-23 14:00:00+00:00,17.96,61.05,578.0,616.13,198.0,325.9,6.41,235.0,100360.0
1990-02-23 15:00:00+00:00,17.12,58.8,333.0,159.87,251.0,340.8,7.17,236.0,100310.0
1990-02-23 16:00:00+00:00,17.09,60.95,275.0,326.91,155.0,333.65,6.69,237.0,100380.0
1990-02-23 17:00:00+00:00,16.82,65.35,20.0,0.0,20.0,333.25,6.28,239.0,100430.0
1990-02-23 18:00:00+00:00,15.93,70.0,0.0,0.0,0.0,333.25,5.79,241.0,100460.0
1990-02-23 19:00:00+00:00,15.02,77.8,0.0,0.0,0.0,318.75,5.45,233.0,100510.0
1990-02-23 20:00:00+00:00,14.57,80.55,0.0,0.0,0.0,323.2,5.45,236.0,100580.0
1990-02-23 21:00:00+00:00,14.11,83.4,0.0,0.0,0.0,321.85,5.1,237.0,100630.0
1990-02-23 22:00:00+00:00,13.71,86.35,0.0,0.0,0.0,325.5,4.76,236.0,100710.0
1990-02-23 23:00:00+00:00,13.44,86.35,0.0,0.0,0.0,334.8,4.69,235.0,100740.0
1990-02-24 00:00:00+00:00,13.53,86.35,0.0,0.0,0.0,330.75,4.76,236.0,100790.0
1990-02-24 01:00:00+00:00,13.34,89.4,0.0,0.0,0.0,329.9,4.55,238.0,100830.0
1990-02-24 02:00:00+00:00,13.5,86.35,0.0,0.0,0.0,337.3,4.0,236.0,100850.0
1990-02-24 03:00:00+00:00,13.28,89.4,0.0,0.0,0.0,336.15,3.66,238.0,100820.0
1990-02-24 04:00:00+00:00,12.98,89.4,0.0,0.0,0.0,326.5,3.1,234.0,100840.0
1990-02-24 05:00:00+00:00,12.75,92.6,0.0,0.0,0.0,323.75,2.76,228.0,100890.0
1990-02-24 06:00:00+00:00,12.47,92.6,0.0,0.0,0.0,321.45,2.55,221.0,100930.0
1990-02-24 07:00:00+00:00,12.11,92.6,0.0,0.0,0.0,305.75,2.55,228.0,100990.0
1990-02-24 08:00:00+00:00,12.33,92.6,170.0,540.58,58.0,295.1,2.14,223.0,101050.0
1990-02-24 09:00:00+00:00,14.23,86.4,355.0,665.19,100.0,296.1,2.14,221.0,101130.0
1990-02-24 10:00:00+00:00,16.03,72.65,407.0,313.34,242.0,302.65,3.59,237.0,101160.0
1990-02-24 11:00:00+00:00,17.13,63.2,553.0,483.15,250.0,307.5,4.62,240.0,101160.0
1990-02-24 12:00:00+00:00,18.09,61.05,614.0,519.07,262.0,325.7,5.24,240.0,101150.0
1990-02-24 13:00:00+00:00,18.27,61.05,588.0,449.62,284.0,323.55,5.17,240.0,101130.0
1990-02-24 14:00:00+00:00,18.48,59.05,484.0,304.24,295.0,333.25,5.52,242.0,101090.0
1990-02-24 15:00:00+00:00,18.46,61.2,485.0,638.06,155.0,338.3,5.31,242.0,101040.0
1990-02-24 16:00:00+00:00,18.11,63.3,334.0,617.07,105.0,323.4,4.69,239.0,101010.0
1990-02-24 17:00:00+00:00,17.39,67.85,131.0,295.45,74.0,329.4,3.79,231.0,101000.0
1990-02-24 18:00:00+00:00,16.24,75.25,0.0,0.0,0.0,323.75,3.59,224.0,101010.0
1990-02-24 19:00:00+00:00,15.1,80.6,0.0,0.0,0.0,321.25,3.24,221.0,100970.0
1990-02-24 20:00:00+00:00,14.39,89.5,0.0,0.0,0.0,320.65,2.76,213.0,100970.0
1990-02-24 21:00:00+00:00,13.85,92.65,0.0,0.0,0.0,323.0,2.48,201.0,100920.0
1990-02-24 22:00:00+00:00,13.3,95.95,0.0,0.0,0.0,311.0,2.41,196.0,100920.0
1990-02-24 23:00:00+00:00,13.39,95.95,0.0,0.0,0.0,334.2,2.62,195.0,100880.0
1990-02-25 00:00:00+00:00,13.96,92.7,0.0,0.0,0.0,379.7,3.24,194.0,100840.0
1990-02-25 01:00:00+00:00,14.1,92.7,0.0,0.0,0.0,374.95,3.31,197.0,100800.0
1990-02-25 02:00:00+00:00,14.02,92.7,0.0,0.0,0.0,367.7,2.97,203.0,100800.0
1990-02-25 03:00:00+00:00,13.89,95.95,0.0,0.0,0.0,368.65,3.1,190.0,100680.0
1990-02-25 04:00:00+00:00,13.83,92.65,0.0,0.0,0.0,371.55,3.45,193.0,100600.0
1990-02-25 05:00:00+00:00,13.85,92.65,0.0,0.0,0.0,369.85,3.79,194.0,100540.0
1990-02-25 06:00:00+00:00,13.92,89.5,0.0,0.0,0.0,364.8,3.93,193.0,100510.0
1990-02-25 07:00:00+00:00,14.37,92.7,0.0,0.0,0.0,364.2,4.48,200.0,100420.0
1990-02-25 08:00:00+00:00,14.67,89.5,87.0,33.05,80.0,359.75,5.1,205.0,100470.0
1990-02-25 09:00:00+00:00,15.28,89.55,166.0,25.77,156.0,361.3,5.52,203.0,100450.0
1990-02-25 10:00:00+00:00,15.72,86.5,117.0,0.0,117.0,374.65,6.34,211.0,100490.0
1990-02-25 11:00:00+00:00,16.69,83.65,115.0,0.0,115.0,375.65,6.55,212.0,100470.0
1990-02-25 12:00:00+00:00,16.79,83.65,106.0,0.0,106.0,386.3,6.48,212.0,100450.0
1990-02-25 13:00:00+00:00,16.82,83.65,123.0,0.0,123.0,385.1,6.28,215.0,100410.0
1990-02-25 14:00:00+00:00,16.65,83.65,127.0,0.0,127.0,390.35,6.28,223.0,100340.0
1990-02-25 15:00:00+00:00,16.51,86.6,155.0,0.0,155.0,386.65,6.07,230.0,100360.0
1990-02-25 16:00:00+00:00,16.14,86.55,154.0,18.66,147.0,390.95,6.21,234.0,100310.0
1990-02-25 17:00:00+00:00,15.87,89.6,92.0,66.09,79.0,386.45,5.1,238.0,100390.0
1990-02-25 18:00:00+00:00,15.34,92.75,0.0,0.0,0.0,385.3,4.97,242.0,100430.0
1990-02-25 19:00:00+00:00,15.06,89.55,0.0,0.0,0.0,386.85,5.72,235.0,100370.0
1990-02-25 20:00:00+00:00,14.99,89.55,0.0,0.0,0.0,379.1,5.17,235.0,100420.0
1990-02-25 21:00:00+00:00,14.97,89.55,0.0,0.0,0.0,378.55,4.62,236.0,100460.0
1990-02-25 22:00:00+00:00,14.77,89.5,0.0,0.0,0.0,380.3,4.0,233.0,100490.0
1990-02-25 23:00:00+00:00,14.57,89.5,0.0,0.0,0.0,372.95,3.72,231.0,100510.0
1990-02-26 00:00:00+00:00,14.41,92.7,0.0,0.0,0.0,372.35,3.45,236.0,100540.0
1990-02-26 01:00:00+00:00,14.05,92.7,0.0,0.0,0.0,372.65,3.17,237.0,100560.0
1990-02-26 02:00:00+00:00,13.97,92.7,0.0,0.0,0.0,372.55,2.48,231.0,100520.0
1990-02-26 03:00:00+00:00,13.92,92.7,0.0,0.0,0.0,372.15,2.0,226.0,100490.0
1990-02-26 04:00:00+00:00,13.8,95.95,0.0,0.0,0.0,369.05,1.79,220.0,100460.0
1990-02-26 05:00:00+00:00,13.7,95.95,0.0,0.0,0.0,368.85,1.59,215.0,100440.0
1990-02-26 06:00:00+00:00,13.59,95.95,0.0,0.0,0.0,365.55,1.45,207.0,100470.0
1990-02-26 07:00:00+00:00,13.39,95.95,0.0,0.0,0.0,366.55,0.9,212.0,100550.0
1990-02-26 08:00:00+00:00,13.36,95.95,87.0,27.71,81.0,363.85,0.9,207.0,100610.0
1990-02-26 09:00:00+00:00,14.06,92.7,152.0,12.73,147.0,366.15,0.69,196.0,100650.0
1990-02-26 10:00:00+00:00,14.46,89.5,171.0,1.86,170.0,369.65,0.97,192.0,100660.0
1990-02-26 11:00:00+00:00,14.71,89.5,138.0,0.0,138.0,368.85,0.76,184.0,100630.0
1990-02-26 12:00:00+00:00,15.39,86.5,122.0,0.0,122.0,368.1,1.1,195.0,100610.0
1990-02-26 13:00:00+00:00,16.09,80.75,210.0,0.0,210.0,373.5,1.03,200.0,100550.0
1990-02-26 14:00:00+00:00,16.62,78.0,376.0,106.32,309.0,379.9,1.1,207.0,100470.0
1990-02-26 15:00:00+00:00,16.81,78.0,339.0,161.69,254.0,377.95,1.38,200.0,100390.0
1990-02-26 16:00:00+00:00,17.04,78.1,106.0,0.0,106.0,377.2,1.66,200.0,100380.0
1990-02-26 17:00:00+00:00,16.77,80.8,64.0,9.98,62.0,377.0,0.9,187.0,100340.0
1990-02-26 18:00:00+00:00,16.33,86.55,0.0,0.0,0.0,367.1,0.76,153.0,100300.0
1990-02-26 19:00:00+00:00,15.01,89.55,0.0,0.0,0.0,356.85,1.17,102.0,100290.0
1990-02-26 20:00:00+00:00,14.1,92.7,0.0,0.0,0.0,343.1,1.79,80.0,100250.0
1990-02-26 21:00:00+00:00,13.55,92.65,0.0,0.0,0.0,338.85,1.93,67.0,100200.0
1990-02-26 22:00:00+00:00,13.22,92.65,0.0,0.0,0.0,331.5,2.14,63.0,100150.0
1990-02-26 23:00:00+00:00,12.71,92.6,0.0,0.0,0.0,317.75,2.14,71.0,100060.0
1990-02-27 00:00:00+00:00,12.54,92.6,0.0,0.0,0.0,329.2,1.79,79.0,99980.0
1990-02-27 01:00:00+00:00,12.57,92.6,0.0,0.0,0.0,344.0,1.45,47.0,99940.0
1990-02-27 02:00:00+00:00,12.31,95.95,0.0,0.0,0.0,342.35,1.59,24.0,99860.0
1990-02-27 03:00:00+00:00,11.98,95.95,0.0,0.0,0.0,335.95,1.86,41.0,99710.0
1990-02-27 04:00:00+00:00,11.8,95.9,0.0,0.0,0.0,322.05,2.0,48.0,99580.0
1990-02-27 05:00:00+00:00,11.96,92.6,0.0,0.0,0.0,324.95,1.93,66.0,99460.0
1990-02-27 06:00:00+00:00,12.02,89.35,0.0,0.0,0.0,309.45,2.07,88.0,99380.0
1990-02-27 07:00:00+00:00,12.28,86.2,0.0,0.0,0.0,310.6,1.72,108.0,99240.0
1990-02-27 08:00:00+00:00,13.68,80.4,149.0,280.27,87.0,327.25,2.41,136.0,99130.0
1990-02-27 09:00:00+00:00,16.77,70.2,354.0,595.89,117.0,326.5,2.28,163.0,99120.0
1990-02-27 10:00:00+00:00,20.15,65.95,361.0,179.26,264.0,324.55,1.79,210.0,99120.0
1990-02-27 11:00:00+00:00,22.17,57.75,284.0,18.7,272.0,338.65,3.03,210.0,99110.0
1990-02-27 12:00:00+00:00,22.51,57.9,150.0,0.0,150.0,363.45,3.79,185.0,99020.0
1990-02-27 13:00:00+00:00,23.09,54.1,111.0,0.0,111.0,366.15,4.69,177.0,98950.0
1990-02-27 14:00:00+00:00,22.97,54.0,132.0,0.0,132.0,364.4,6.34,188.0,98920.0
1990-02-27 15:00:00+00:00,21.68,55.65,76.0,0.0,76.0,362.65,7.24,195.0,98960.0
1990-02-27 16:00:00+00:00,20.38,65.95,63.0,0.0,63.0,368.65,8.28,206.0,99030.0
1990-02-27 17:00:00+00:00,18.81,81.0,59.0,4.9,58.0,391.1,8.21,226.0,99140.0
1990-02-27 18:00:00+00:00,17.0,78.1,0.0,0.0,0.0,382.6,7.17,237.0,99310.0
1990-02-27 19:00:00+00:00,15.12,77.8,0.0,0.0,0.0,363.65,6.07,227.0,99590.0
1990-02-27 20:00:00+00:00,14.78,75.0,0.0,0.0,0.0,368.85,5.31,229.0,99760.0
1990-02-27 21:00:00+00:00,14.49,69.85,0.0,0.0,0.0,358.6,4.62,235.0,99880.0
1990-02-27 22:00:00+00:00,14.14,69.75,0.0,0.0,0.0,353.0,3.79,238.0,99970.0
1990-02-27 23:00:00+00:00,13.53,72.2,0.0,0.0,0.0,329.2,3.24,240.0,100040.0
1990-02-28 00:00:00+00:00,13.06,74.75,0.0,0.0,0.0,328.6,2.83,246.0,100080.0
1990-02-28 01:00:00+00:00,12.51,77.45,0.0,0.0,0.0,325.8,2.34,249.0,100100.0
1990-02-28 02:00:00+00:00,11.85,83.1,0.0,0.0,0.0,313.3,2.07,249.0,100130.0
1990-02-28 03:00:00+00:00,11.39,83.1,0.0,0.0,0.0,317.4,1.66,252.0,100130.0
1990-02-28 04:00:00+00:00,10.79,89.25,0.0,0.0,0.0,311.4,1.38,253.0,100130.0
1990-02-28 05:00:00+00:00,10.01,92.5,0.0,0.0,0.0,310.05,1.17,256.0,100150.0
1990-02-28 06:00:00+00:00,9.8,92.45,0.0,0.0,0.0,311.2,0.97,271.0,100180.0
1990-02-28 07:00:00+00:00,10.15,89.2,5.0,0.0,5.0,316.05,0.21,122.0,100220.0
1990-02-28 08:00:00+00:00,10.13,92.5,139.0,185.85,97.0,318.55,0.48,126.0,100250.0
1990-02-28 09:00:00+00:00,11.78,80.15,263.0,181.33,190.0,313.7,0.83,116.0,100280.0
1990-02-28 10:00:00+00:00,12.91,72.1,539.0,756.38,126.0,310.4,0.83,130.0,100320.0
1990-02-28 11:00:00+00:00,13.97,67.25,615.0,632.63,206.0,308.3,0.62,153.0,100310.0
1990-02-28 12:00:00+00:00,15.03,60.5,367.0,48.77,333.0,307.5,0.83,202.0,100310.0
1990-02-28 13:00:00+00:00,15.93,56.35,593.0,420.36,301.0,323.0,1.79,216.0,100250.0
1990-02-28 14:00:00+00:00,16.2,52.5,570.0,505.47,247.0,327.25,2.83,216.0,100160.0
1990-02-28 15:00:00+00:00,16.32,50.6,380.0,228.42,258.0,334.2,3.59,216.0,100090.0
1990-02-28 16:00:00+00:00,13.53,73.32,215.0,93.01,179.0,329.5,4.32,220.0,100100.0
1990-02-28 17:00:00+00:00,13.33,75.3,34.0,0.0,34.0,329.93,4.11,224.0,100150.0
1990-02-28 18:00:00+00:00,13.13,77.29,0.0,0.0,0.0,330.36,3.9,234.0,100240.0
1990-02-28 19:00:00+00:00,12.93,79.28,0.0,0.0,0.0,330.78,3.68,222.0,100230.0
1990-02-28 20:00:00+00:00,12.73,81.27,0.0,0.0,0.0,331.21,3.47,215.0,100260.0
1990-02-28 21:00:00+00:00,12.53,83.26,0.0,0.0,0.0,331.64,3.26,211.0,100340.0
1990-02-28 22:00:00+00:00,12.33,85.25,0.0,0.0,0.0,332.06,3.04,231.0,100470.0
1990-02-28 23:00:00+00:00,12.13,87.24,0.0,0.0,0.0,332.49,2.83,230.0,100560.0
1990-03-01 00:00:00+00:00,11.93,89.23,0.0,0.0,0.0,332.92,2.62,237.0,101540.0
1990-03-01 01:00:00+00:00,11.72,91.22,0.0,0.0,0.0,333.34,2.4,244.0,101530.0
1990-03-01 02:00:00+00:00,11.52,93.21,0.0,0.0,0.0,333.77,2.19,248.0,101490.0
1990-03-01 03:00:00+00:00,11.32,95.2,0.0,0.0,0.0,334.2,1.98,239.0,101450.0
1990-03-01 04:00:00+00:00,11.12,97.19,0.0,0.0,0.0,334.62,1.76,243.0,101400.0
1990-03-01 05:00:00+00:00,10.92,99.17,0.0,0.0,0.0,335.05,1.55,252.0,101400.0
1990-03-01 06:00:00+00:00,10.72,100.0,0.0,0.0,0.0,335.48,1.34,254.0,101450.0
1990-03-01 07:00:00+00:00,10.52,100.0,6.0,0.0,6.0,335.9,1.13,253.0,101440.0
1990-03-01 08:00:00+00:00,12.92,95.95,192.0,528.57,70.0,346.2,1.45,251.0,101490.0
1990-03-01 09:00:00+00:00,14.94,86.5,379.0,662.59,109.0,341.95,1.79,261.0,101580.0
1990-03-01 10:00:00+00:00,15.94,75.25,532.0,691.55,151.0,336.15,2.0,262.0,101620.0
1990-03-01 11:00:00+00:00,16.8,70.2,577.0,489.73,258.0,329.55,2.14,247.0,101630.0
1990-03-01 12:00:00+00:00,17.78,65.45,658.0,585.51,247.0,337.7,2.34,244.0,101600.0
1990-03-01 13:00:00+00:00,18.42,61.05,718.0,803.73,156.0,325.7,2.69,249.0,101560.0
1990-03-01 14:00:00+00:00,18.93,56.95,654.0,792.65,144.0,316.4,2.97,257.0,101490.0
1990-03-01 15:00:00+00:00,19.25,53.15,525.0,724.55,135.0,308.65,3.03,265.0,101450.0
1990-03-01 16:00:00+00:00,19.15,51.25,359.0,647.09,106.0,306.35,2.76,264.0,101440.0
1990-03-01 17:00:00+00:00,18.58,53.0,164.0,453.72,68.0,305.2,2.34,244.0,101430.0
1990-03-01 18:00:00+00:00,16.84,60.85,0.0,0.0,0.0,300.15,2.62,232.0,101450.0
1990-03-01 19:00:00+00:00,15.47,67.55,0.0,0.0,0.0,298.6,2.62,236.0,101510.0
1990-03-01 20:00:00+00:00,14.21,77.65,0.0,0.0,0.0,294.75,2.48,240.0,101550.0
1990-03-01 21:00:00+00:00,13.21,83.25,0.0,0.0,0.0,291.25,2.14,247.0,101590.0
1990-03-01 22:00:00+00:00,12.13,86.2,0.0,0.0,0.0,288.15,1.72,258.0,101620.0
1990-03-01 23:00:00+00:00,10.87,86.1,0.0,0.0,0.0,285.25,1.38,275.0,101640.0
1990-03-02 00:00:00+00:00,10.34,89.2,0.0,0.0,0.0,282.75,1.24,300.0,101650.0
1990-03-02 01:00:00+00:00,10.02,82.95,0.0,0.0,0.0,283.05,1.31,329.0,101640.0
1990-03-02 02:00:00+00:00,9.73,85.95,0.0,0.0,0.0,284.1,1.24,355.0,101610.0
1990-03-02 03:00:00+00:00,9.99,82.95,0.0,0.0,0.0,284.85,0.97,16.0,101580.0
1990-03-02 04:00:00+00:00,9.04,85.95,0.0,0.0,0.0,277.5,1.1,8.0,101550.0
1990-03-02 05:00:00+00:00,7.23,95.8,0.0,0.0,0.0,272.1,1.52,3.0,101570.0
1990-03-02 06:00:00+00:00,6.58,95.8,0.0,0.0,0.0,270.35,1.52,8.0,101610.0
1990-03-02 07:00:00+00:00,7.3,92.35,10.0,0.0,10.0,269.0,1.31,4.0,101670.0
1990-03-02 08:00:00+00:00,8.82,92.4,186.0,445.54,81.0,269.4,0.97,10.0,101740.0
1990-03-02 09:00:00+00:00,12.3,80.2,374.0,591.63,130.0,273.25,0.97,20.0,101800.0
1990-03-02 10:00:00+00:00,14.46,67.35,555.0,753.77,136.0,278.5,1.45,37.0,101820.0
1990-03-02 11:00:00+00:00,15.98,60.75,669.0,772.57,162.0,286.2,1.24,44.0,101820.0
1990-03-02 12:00:00+00:00,17.2,58.7,713.0,734.38,194.0,292.8,0.83,38.0,101760.0
1990-03-02 13:00:00+00:00,18.2,54.85,718.0,761.55,182.0,297.85,0.41,5.0,101690.0
1990-03-02 14:00:00+00:00,18.9,53.0,527.0,345.79,303.0,304.6,0.55,304.0,101590.0
1990-03-02 15:00:00+00:00,19.35,51.25,509.0,613.92,176.0,310.6,1.1,294.0,101550.0
1990-03-02 16:00:00+00:00,19.36,53.15,354.0,577.38,126.0,315.65,1.45,291.0,101540.0
1990-03-02 17:00:00+00:00,18.92,56.95,170.0,464.57,70.0,321.45,1.24,270.0,101540.0
1990-03-02 18:00:00+00:00,17.64,63.2,0.0,0.0,0.0,315.45,1.52,240.0,101540.0
1990-03-02 19:00:00+00:00,16.01,67.65,0.0,0.0,0.0,311.55,2.14,245.0,101600.0
1990-03-02 20:00:00+00:00,14.73,75.0,0.0,0.0,0.0,306.75,2.14,250.0,101690.0
1990-03-02 21:00:00+00:00,13.37,83.25,0.0,0.0,0.0,302.3,1.72,254.0,101700.0
1990-03-02 22:00:00+00:00,12.54,86.25,0.0,0.0,0.0,300.15,1.17,255.0,101720.0
1990-03-02 23:00:00+00:00,12.81,83.25,0.0,0.0,0.0,297.25,0.62,271.0,101700.0
1990-03-03 00:00:00+00:00,12.13,83.15,0.0,0.0,0.0,294.75,0.69,354.0,101680.0
1990-03-03 01:00:00+00:00,9.47,92.45,0.0,0.0,0.0,292.15,1.59,23.0,101620.0
1990-03-03 02:00:00+00:00,8.62,95.85,0.0,0.0,0.0,290.1,1.79,33.0,101580.0
1990-03-03 03:00:00+00:00,8.29,95.8,0.0,0.0,0.0,288.15,1.86,41.0,101520.0
1990-03-03 04:00:00+00:00,8.03,95.8,0.0,0.0,0.0,286.2,1.93,39.0,101470.0
1990-03-03 05:00:00+00:00,7.91,92.4,0.0,0.0,0.0,284.85,2.07,31.0,101480.0
1990-03-03 06:00:00+00:00,7.92,92.4,0.0,0.0,0.0,283.9,2.14,30.0,101520.0
1990-03-03 07:00:00+00:00,7.77,95.8,16.0,117.77,11.0,283.9,2.0,28.0,101560.0
1990-03-03 08:00:00+00:00,9.19,95.85,198.0,507.13,76.0,283.7,1.59,33.0,101620.0
1990-03-03 09:00:00+00:00,13.73,80.4,393.0,673.26,112.0,287.75,1.72,37.0,101640.0
1990-03-03 10:00:00+00:00,16.35,72.65,564.0,773.87,130.0,294.35,2.0,42.0,101650.0
1990-03-03 11:00:00+00:00,18.43,65.55,679.0,798.64,151.0,302.5,2.0,48.0,101590.0
1990-03-03 12:00:00+00:00,20.14,59.35,728.0,774.46,177.0,309.45,1.86,49.0,101540.0
1990-03-03 13:00:00+00:00,21.49,53.75,736.0,818.74,156.0,315.05,1.59,42.0,101460.0
1990-03-03 14:00:00+00:00,22.43,52.0,671.0,808.09,144.0,319.7,1.38,29.0,101360.0
1990-03-03 15:00:00+00:00,22.94,48.55,537.0,728.22,139.0,322.2,1.1,16.0,101310.0
1990-03-03 16:00:00+00:00,23.03,47.0,375.0,674.58,106.0,323.75,0.83,355.0,101270.0
1990-03-03 17:00:00+00:00,22.66,52.1,174.0,479.67,69.0,323.4,0.69,311.0,101270.0
1990-03-03 18:00:00+00:00,20.81,63.8,0.0,0.0,0.0,320.1,1.31,267.0,101270.0
1990-03-03 19:00:00+00:00,17.85,75.4,0.0,0.0,0.0,314.1,1.66,269.0,101260.0
1990-03-03 20:00:00+00:00,15.94,77.95,0.0,0.0,0.0,310.2,1.66,266.0,101280.0
1990-03-03 21:00:00+00:00,14.61,83.45,0.0,0.0,0.0,307.9,1.52,260.0,101290.0
1990-03-03 22:00:00+00:00,13.66,86.35,0.0,0.0,0.0,305.75,1.38,248.0,101300.0
1990-03-03 23:00:00+00:00,12.96,86.3,0.0,0.0,0.0,304.8,1.17,226.0,101280.0
1990-03-04 00:00:00+00:00,12.25,92.6,0.0,0.0,0.0,302.3,1.1,200.0,101260.0
1990-03-04 01:00:00+00:00,11.46,92.55,0.0,0.0,0.0,299.9,1.1,179.0,101180.0
1990-03-04 02:00:00+00:00,10.77,95.9,0.0,0.0,0.0,295.7,1.24,165.0,101130.0
1990-03-04 03:00:00+00:00,10.27,99.4,0.0,0.0,0.0,296.5,1.1,156.0,101060.0
1990-03-04 04:00:00+00:00,10.65,99.4,0.0,0.0,0.0,302.1,0.62,158.0,101020.0
1990-03-04 05:00:00+00:00,10.14,99.4,0.0,0.0,0.0,300.95,0.28,213.0,101020.0
1990-03-04 06:00:00+00:00,9.75,99.4,0.0,0.0,0.0,294.15,0.76,232.0,101070.0
1990-03-04 07:00:00+00:00,8.2,100.0,14.0,42.29,12.0,305.0,1.45,211.0,101200.0
1990-03-04 08:00:00+00:00,9.71,99.4,97.0,24.44,91.0,306.35,1.45,208.0,101280.0
1990-03-04 09:00:00+00:00,11.85,99.4,260.0,134.96,203.0,321.25,1.59,210.0,101320.0
1990-03-04 10:00:00+00:00,13.29,95.95,321.0,81.3,275.0,342.95,2.0,214.0,101370.0
1990-03-04 11:00:00+00:00,15.02,80.6,227.0,1.5,226.0,365.55,2.97,225.0,101380.0
1990-03-04 12:00:00+00:00,16.9,70.2,653.0,515.21,284.0,315.05,3.24,229.0,101350.0
1990-03-04 13:00:00+00:00,17.8,67.85,662.0,549.82,270.0,301.3,3.66,231.0,101300.0
1990-03-04 14:00:00+00:00,18.24,63.3,600.0,533.14,250.0,310.6,4.07,233.0,101220.0
1990-03-04 15:00:00+00:00,18.27,61.05,498.0,543.01,199.0,317.2,4.28,235.0,101180.0
1990-03-04 16:00:00+00:00,17.89,63.2,306.0,320.4,177.0,310.05,4.21,236.0,101160.0
1990-03-04 17:00:00+00:00,17.24,63.05,123.0,121.33,96.0,312.75,4.0,238.0,101230.0
1990-03-04 18:00:00+00:00,16.07,65.25,0.0,0.0,0.0,318.95,3.24,222.0,101260.0
1990-03-04 19:00:00+00:00,14.83,75.0,0.0,0.0,0.0,326.85,3.17,217.0,101310.0
1990-03-04 20:00:00+00:00,14.35,80.45,0.0,0.0,0.0,339.45,2.97,221.0,101380.0
1990-03-04 21:00:00+00:00,14.21,83.4,0.0,0.0,0.0,349.5,2.55,225.0,101420.0
1990-03-04 22:00:00+00:00,14.38,83.4,0.0,0.0,0.0,366.55,1.93,245.0,101480.0
1990-03-04 23:00:00+00:00,14.3,83.4,0.0,0.0,0.0,365.95,1.17,265.0,101520.0
1990-03-05 00:00:00+00:00,13.85,86.35,0.0,0.0,0.0,359.4,1.1,293.0,101510.0
1990-03-05 01:00:00+00:00,13.02,83.25,0.0,0.0,0.0,339.35,1.38,308.0,101540.0
1990-03-05 02:00:00+00:00,12.44,77.45,0.0,0.0,0.0,331.3,1.86,322.0,101540.0
1990-03-05 03:00:00+00:00,11.44,74.55,0.0,0.0,0.0,290.5,2.48,333.0,101580.0
1990-03-05 04:00:00+00:00,10.58,74.4,0.0,0.0,0.0,275.75,2.55,343.0,101660.0
1990-03-05 05:00:00+00:00,9.71,77.0,0.0,0.0,0.0,268.6,2.34,360.0,101650.0
1990-03-05 06:00:00+00:00,8.98,76.95,0.0,0.0,0.0,265.9,2.34,14.0,101690.0
1990-03-05 07:00:00+00:00,8.19,79.7,22.0,134.19,15.0,261.25,2.21,2.0,101800.0
1990-03-05 08:00:00+00:00,8.84,79.75,169.0,243.54,108.0,272.1,1.93,22.0,101870.0
1990-03-05 09:00:00+00:00,10.74,69.1,301.0,226.98,204.0,281.0,2.76,29.0,101870.0
1990-03-05 10:00:00+00:00,12.42,57.75,505.0,481.82,230.0,278.1,3.38,23.0,101890.0
1990-03-05 11:00:00+00:00,14.22,52.0,693.0,790.0,163.0,276.55,3.1,25.0,101890.0
1990-03-05 12:00:00+00:00,15.69,45.15,720.0,693.54,220.0,275.95,2.62,38.0,101850.0
1990-03-05 13:00:00+00:00,16.71,40.6,741.0,777.7,183.0,284.65,2.48,45.0,101790.0
1990-03-05 14:00:00+00:00,17.28,40.6,676.0,770.28,167.0,287.4,2.21,43.0,101720.0
1990-03-05 15:00:00+00:00,17.63,39.25,565.0,787.8,128.0,287.0,2.07,42.0,101680.0
1990-03-05 16:00:00+00:00,17.68,37.8,392.0,711.04,103.0,287.2,1.86,29.0,101670.0
1990-03-05 17:00:00+00:00,17.33,40.6,163.0,327.25,89.0,285.85,1.38,25.0,101660.0
1990-03-05 18:00:00+00:00,15.86,62.85,0.0,0.0,0.0,286.6,0.9,3.0,101640.0
1990-03-05 19:00:00+00:00,13.59,60.2,0.0,0.0,0.0,287.0,1.45,325.0,101670.0
1990-03-05 20:00:00+00:00,11.97,62.1,0.0,0.0,0.0,278.65,1.66,326.0,101690.0
1990-03-05 21:00:00+00:00,11.75,64.35,0.0,0.0,0.0,292.2,1.31,343.0,101690.0
1990-03-05 22:00:00+00:00,10.8,69.1,0.0,0.0,0.0,295.3,1.38,355.0,101690.0
1990-03-05 23:00:00+00:00,9.93,71.6,0.0,0.0,0.0,303.25,1.52,4.0,101710.0
1990-03-06 00:00:00+00:00,9.07,74.15,0.0,0.0,0.0,287.2,1.59,22.0,101670.0
1990-03-06 01:00:00+00:00,8.05,79.7,0.0,0.0,0.0,279.75,1.72,19.0,101640.0
1990-03-06 02:00:00+00:00,7.21,82.6,0.0,0.0,0.0,275.4,1.86,12.0,101620.0
1990-03-06 03:00:00+00:00,6.68,85.7,0.0,0.0,0.0,273.45,1.79,14.0,101590.0
1990-03-06 04:00:00+00:00,6.41,82.55,0.0,0.0,0.0,275.0,1.66,23.0,101530.0
1990-03-06 05:00:00+00:00,5.94,82.55,0.0,0.0,0.0,274.05,1.66,10.0,101530.0
1990-03-06 06:00:00+00:00,5.55,85.65,0.0,0.0,0.0,270.95,1.59,6.0,101570.0
1990-03-06 07:00:00+00:00,5.96,82.55,27.0,175.18,17.0,266.1,1.38,356.0,101650.0
1990-03-06 08:00:00+00:00,7.65,85.8,204.0,457.96,87.0,268.4,0.9,350.0,101740.0
1990-03-06 09:00:00+00:00,11.13,74.45,300.0,219.71,205.0,271.9,0.48,359.0,101750.0
1990-03-06 10:00:00+00:00,13.93,60.3,354.0,118.11,286.0,277.3,0.14,12.0,101740.0
1990-03-06 11:00:00+00:00,15.81,52.4,622.0,547.53,252.0,286.6,0.55,239.0,101710.0
1990-03-06 12:00:00+00:00,17.24,47.15,743.0,777.23,179.0,288.55,1.72,258.0,101720.0
1990-03-06 13:00:00+00:00,18.13,44.05,734.0,761.76,184.0,291.05,2.62,251.0,101650.0
1990-03-06 14:00:00+00:00,18.61,42.6,670.0,753.28,169.0,294.35,3.38,249.0,101550.0
1990-03-06 15:00:00+00:00,18.64,42.6,493.0,497.54,215.0,299.55,4.0,254.0,101530.0
1990-03-06 16:00:00+00:00,18.2,44.05,345.0,465.57,154.0,304.6,4.07,261.0,101540.0
1990-03-06 17:00:00+00:00,17.38,50.75,117.0,87.07,97.0,309.45,3.31,255.0,101580.0
1990-03-06 18:00:00+00:00,16.2,54.45,5.0,0.0,5.0,332.3,2.69,243.0,101630.0
1990-03-06 19:00:00+00:00,14.73,64.95,0.0,0.0,0.0,340.8,2.97,223.0,101540.0
1990-03-06 20:00:00+00:00,14.29,69.75,0.0,0.0,0.0,356.5,2.83,220.0,101620.0
1990-03-06 21:00:00+00:00,13.87,74.85,0.0,0.0,0.0,350.85,2.62,222.0,101640.0
1990-03-06 22:00:00+00:00,13.88,77.6,0.0,0.0,0.0,363.25,2.41,225.0,101680.0
1990-03-06 23:00:00+00:00,13.83,77.6,0.0,0.0,0.0,363.85,2.41,231.0,101710.0
1990-03-07 00:00:00+00:00,13.87,77.6,0.0,0.0,0.0,368.3,2.55,233.0,101670.0
1990-03-07 01:00:00+00:00,13.95,77.65,0.0,0.0,0.0,374.0,2.76,235.0,101630.0
1990-03-07 02:00:00+00:00,13.99,80.45,0.0,0.0,0.0,375.25,2.83,238.0,101580.0
1990-03-07 03:00:00+00:00,14.09,80.45,0.0,0.0,0.0,376.2,2.76,245.0,101560.0
1990-03-07 04:00:00+00:00,13.99,86.4,0.0,0.0,0.0,376.8,2.62,249.0,101550.0
1990-03-07 05:00:00+00:00,14.06,89.5,0.0,0.0,0.0,377.0,2.62,249.0,101520.0
1990-03-07 06:00:00+00:00,14.13,89.5,0.0,0.0,0.0,372.75,2.76,250.0,101520.0
1990-03-07 07:00:00+00:00,14.69,92.7,14.0,0.0,14.0,379.7,3.45,253.0,101490.0
1990-03-07 08:00:00+00:00,15.21,92.75,79.0,3.84,78.0,383.2,3.79,253.0,101520.0
1990-03-07 09:00:00+00:00,15.76,89.6,122.0,0.0,122.0,385.1,4.14,247.0,101520.0
1990-03-07 10:00:00+00:00,16.61,83.65,280.0,36.16,259.0,374.65,6.07,256.0,101540.0
1990-03-07 11:00:00+00:00,16.9,83.65,379.0,70.52,331.0,383.95,5.59,263.0,101560.0
1990-03-07 12:00:00+00:00,18.08,75.45,719.0,695.55,211.0,377.0,6.41,273.0,101510.0
1990-03-07 13:00:00+00:00,19.76,65.85,739.0,780.44,172.0,353.75,6.28,272.0,101410.0
1990-03-07 14:00:00+00:00,20.7,55.45,689.0,821.7,139.0,343.9,6.48,271.0,101320.0
1990-03-07 15:00:00+00:00,20.67,49.8,487.0,478.0,218.0,350.85,6.48,276.0,101270.0
1990-03-07 16:00:00+00:00,20.4,43.0,360.0,538.62,137.0,322.8,6.34,284.0,101270.0
1990-03-07 17:00:00+00:00,19.36,42.7,177.0,411.55,81.0,313.9,5.45,287.0,101300.0
1990-03-07 18:00:00+00:00,17.67,42.3,7.0,0.0,7.0,303.65,5.45,298.0,101380.0
1990-03-07 19:00:00+00:00,16.56,40.6,0.0,0.0,0.0,296.5,5.03,301.0,101470.0
1990-03-07 20:00:00+00:00,15.17,41.75,0.0,0.0,0.0,287.6,4.48,305.0,101580.0
1990-03-07 21:00:00+00:00,13.9,44.75,0.0,0.0,0.0,279.85,3.86,300.0,101690.0
1990-03-07 22:00:00+00:00,12.82,51.65,0.0,0.0,0.0,274.8,3.52,297.0,101800.0
1990-03-07 23:00:00+00:00,11.88,53.5,0.0,0.0,0.0,272.3,3.03,292.0,101890.0
1990-03-08 00:00:00+00:00,11.01,57.4,0.0,0.0,0.0,270.35,2.83,285.0,101920.0
1990-03-08 01:00:00+00:00,10.27,61.65,0.0,0.0,0.0,268.7,2.69,280.0,101950.0
1990-03-08 02:00:00+00:00,9.67,63.9,0.0,0.0,0.0,266.65,2.69,282.0,101930.0
1990-03-08 03:00:00+00:00,9.16,68.8,0.0,0.0,0.0,264.95,2.69,286.0,101890.0
1990-03-08 04:00:00+00:00,8.79,68.7,0.0,0.0,0.0,262.8,2.76,295.0,101870.0
1990-03-08 05:00:00+00:00,8.57,68.7,0.0,0.0,0.0,260.85,2.83,307.0,101890.0
1990-03-08 06:00:00+00:00,8.4,66.15,0.0,0.0,0.0,259.7,2.83,320.0,101890.0
1990-03-08 07:00:00+00:00,8.34,71.25,27.0,89.5,21.0,259.7,2.55,330.0,101970.0
1990-03-08 08:00:00+00:00,9.22,68.8,224.0,527.17,84.0,260.3,2.14,336.0,101980.0
1990-03-08 09:00:00+00:00,11.48,57.55,420.0,668.97,124.0,264.15,2.9,346.0,102020.0
1990-03-08 10:00:00+00:00,13.22,51.75,595.0,776.85,140.0,268.6,3.66,357.0,102060.0
1990-03-08 11:00:00+00:00,14.8,48.4,712.0,808.18,158.0,274.2,3.72,1.0,102040.0
1990-03-08 12:00:00+00:00,16.18,43.65,760.0,780.91,186.0,280.4,3.31,1.0,102010.0
1990-03-08 13:00:00+00:00,17.27,42.15,772.0,841.34,157.0,285.25,2.97,360.0,101970.0
1990-03-08 14:00:00+00:00,18.09,39.4,705.0,831.39,145.0,289.5,2.9,355.0,101930.0
1990-03-08 15:00:00+00:00,18.59,38.1,571.0,767.54,136.0,292.05,3.03,356.0,101890.0
1990-03-08 16:00:00+00:00,18.69,38.1,400.0,696.56,109.0,293.2,3.17,0.0,101890.0
1990-03-08 17:00:00+00:00,18.23,40.9,204.0,570.12,69.0,293.95,2.69,5.0,101920.0
1990-03-08 18:00:00+00:00,16.79,45.45,8.0,0.0,8.0,292.6,2.14,4.0,101970.0
1990-03-08 19:00:00+00:00,15.36,48.55,0.0,0.0,0.0,289.7,2.28,357.0,102000.0
1990-03-08 20:00:00+00:00,14.03,52.0,0.0,0.0,0.0,287.4,2.34,357.0,102090.0
1990-03-08 21:00:00+00:00,12.86,55.65,0.0,0.0,0.0,284.65,2.28,356.0,102140.0
1990-03-08 22:00:00+00:00,11.82,59.7,0.0,0.0,0.0,281.95,2.34,355.0,102180.0
1990-03-08 23:00:00+00:00,10.96,61.85,0.0,0.0,0.0,279.45,2.34,358.0,102220.0
1990-03-09 00:00:00+00:00,10.32,66.45,0.0,0.0,0.0,276.55,2.41,1.0,102220.0
1990-03-09 01:00:00+00:00,9.75,66.35,0.0,0.0,0.0,274.35,2.34,6.0,102220.0
1990-03-09 02:00:00+00:00,9.08,68.8,0.0,0.0,0.0,271.5,2.21,14.0,102160.0
1990-03-09 03:00:00+00:00,8.37,71.35,0.0,0.0,0.0,269.0,2.14,19.0,102130.0
1990-03-09 04:00:00+00:00,7.8,76.7,0.0,0.0,0.0,266.3,2.21,22.0,102130.0
1990-03-09 05:00:00+00:00,7.47,76.7,0.0,0.0,0.0,263.95,2.41,29.0,102140.0
1990-03-09 06:00:00+00:00,7.44,76.7,0.0,0.0,0.0,262.4,2.62,39.0,102170.0
1990-03-09 07:00:00+00:00,7.02,79.55,38.0,208.13,23.0,261.65,2.34,49.0,102190.0
1990-03-09 08:00:00+00:00,8.74,74.05,230.0,546.83,82.0,262.05,2.14,53.0,102250.0
1990-03-09 09:00:00+00:00,12.2,59.85,424.0,665.86,126.0,266.1,2.48,55.0,102270.0
1990-03-09 10:00:00+00:00,14.5,46.6,601.0,787.22,136.0,272.3,3.31,59.0,102300.0
1990-03-09 11:00:00+00:00,16.03,40.5,715.0,805.4,159.0,277.7,3.86,58.0,102270.0
1990-03-09 12:00:00+00:00,17.32,39.15,762.0,777.34,187.0,282.75,3.93,52.0,102270.0
1990-03-09 13:00:00+00:00,18.39,37.95,770.0,822.66,165.0,287.0,3.86,47.0,102200.0
1990-03-09 14:00:00+00:00,19.21,35.45,683.0,739.19,182.0,290.65,3.66,42.0,102110.0
1990-03-09 15:00:00+00:00,19.77,34.3,583.0,797.28,128.0,294.15,3.38,39.0,102050.0
1990-03-09 16:00:00+00:00,20.03,33.15,398.0,673.82,114.0,297.65,3.03,39.0,102020.0
1990-03-09 17:00:00+00:00,19.69,38.35,181.0,378.69,90.0,300.15,2.07,46.0,102020.0
1990-03-09 18:00:00+00:00,18.26,44.05,9.0,0.0,9.0,301.3,1.79,55.0,102030.0
1990-03-09 19:00:00+00:00,16.19,48.8,0.0,0.0,0.0,298.2,1.93,53.0,102050.0
1990-03-09 20:00:00+00:00,14.25,56.0,0.0,0.0,0.0,299.0,2.07,38.0,102060.0
1990-03-09 21:00:00+00:00,13.05,57.9,0.0,0.0,0.0,299.2,2.28,18.0,102110.0
1990-03-09 22:00:00+00:00,12.66,59.95,0.0,0.0,0.0,298.8,2.62,11.0,102070.0
1990-03-09 23:00:00+00:00,12.76,62.2,0.0,0.0,0.0,297.85,2.9,16.0,102090.0
1990-03-10 00:00:00+00:00,13.01,60.05,0.0,0.0,0.0,298.05,3.1,24.0,102090.0
1990-03-10 01:00:00+00:00,13.35,62.3,0.0,0.0,0.0,298.5,3.52,31.0,102050.0
1990-03-10 02:00:00+00:00,13.7,60.2,0.0,0.0,0.0,298.6,4.21,39.0,102020.0
1990-03-10 03:00:00+00:00,13.78,60.2,0.0,0.0,0.0,295.3,4.55,46.0,101990.0
1990-03-10 04:00:00+00:00,13.47,58.0,0.0,0.0,0.0,290.3,4.69,48.0,101980.0
1990-03-10 05:00:00+00:00,13.09,57.9,0.0,0.0,0.0,284.3,4.97,48.0,102010.0
1990-03-10 06:00:00+00:00,12.66,57.75,0.0,0.0,0.0,279.65,5.1,48.0,102050.0
1990-03-10 07:00:00+00:00,12.55,57.75,43.0,246.32,24.0,277.5,4.97,49.0,102070.0
1990-03-10 08:00:00+00:00,12.97,55.75,238.0,562.1,83.0,275.4,5.24,52.0,102140.0
1990-03-10 09:00:00+00:00,14.15,52.0,438.0,704.79,119.0,275.4,5.38,53.0,102180.0
1990-03-10 10:00:00+00:00,15.72,45.15,595.0,728.58,161.0,277.5,5.59,57.0,102200.0
1990-03-10 11:00:00+00:00,17.48,42.3,726.0,815.62,159.0,280.4,5.24,58.0,102190.0
1990-03-10 12:00:00+00:00,19.07,38.2,774.0,787.26,188.0,283.9,4.9,57.0,102160.0
1990-03-10 13:00:00+00:00,20.31,33.15,781.0,832.62,165.0,287.6,4.62,54.0,102110.0
1990-03-10 14:00:00+00:00,21.09,29.9,714.0,825.59,151.0,291.45,4.34,50.0,102010.0
1990-03-10 15:00:00+00:00,21.49,27.85,576.0,744.86,148.0,294.15,4.14,48.0,101940.0
1990-03-10 16:00:00+00:00,21.47,26.8,410.0,707.97,109.0,294.95,3.72,47.0,101900.0
1990-03-10 17:00:00+00:00,20.76,32.1,204.0,525.06,76.0,294.75,2.62,45.0,101890.0
1990-03-10 18:00:00+00:00,18.87,36.7,12.0,46.7,10.0,290.65,2.41,42.0,101870.0
1990-03-10 19:00:00+00:00,17.3,40.6,0.0,0.0,0.0,286.4,2.48,29.0,101880.0
1990-03-10 20:00:00+00:00,15.69,41.9,0.0,0.0,0.0,281.6,2.62,20.0,101860.0
1990-03-10 21:00:00+00:00,14.64,43.25,0.0,0.0,0.0,277.3,2.9,19.0,101880.0
1990-03-10 22:00:00+00:00,14.07,41.5,0.0,0.0,0.0,273.65,3.17,24.0,101880.0
1990-03-10 23:00:00+00:00,13.67,41.35,0.0,0.0,0.0,271.7,3.31,30.0,101910.0
1990-03-11 00:00:00+00:00,13.3,41.2,0.0,0.0,0.0,270.15,3.38,34.0,101880.0
1990-03-11 01:00:00+00:00,12.97,39.65,0.0,0.0,0.0,269.1,3.59,37.0,101860.0
1990-03-11 02:00:00+00:00,12.71,41.1,0.0,0.0,0.0,267.45,3.79,39.0,101840.0
1990-03-11 03:00:00+00:00,12.36,40.95,0.0,0.0,0.0,265.1,3.93,41.0,101790.0
1990-03-11 04:00:00+00:00,11.83,39.25,0.0,0.0,0.0,262.2,4.0,44.0,101750.0
1990-03-11 05:00:00+00:00,11.16,37.6,0.0,0.0,0.0,260.1,3.93,47.0,101760.0
1990-03-11 06:00:00+00:00,10.45,36.0,0.0,0.0,0.0,259.15,3.72,49.0,101780.0
1990-03-11 07:00:00+00:00,10.17,40.4,49.0,279.71,26.0,256.05,3.66,49.0,101810.0
1990-03-11 08:00:00+00:00,10.61,43.8,249.0,587.45,84.0,255.65,3.66,50.0,101870.0
1990-03-11 09:00:00+00:00,12.3,40.95,452.0,727.55,119.0,258.35,3.93,53.0,101920.0
1990-03-11 10:00:00+00:00,14.21,38.45,625.0,807.45,140.0,263.95,3.86,58.0,101950.0
1990-03-11 11:00:00+00:00,16.04,36.15,744.0,835.71,159.0,270.55,3.1,62.0,101930.0
1990-03-11 12:00:00+00:00,17.46,36.4,791.0,806.44,187.0,276.95,2.21,65.0,101890.0
1990-03-11 13:00:00+00:00,18.43,35.2,799.0,851.9,165.0,282.15,1.86,68.0,101840.0
1990-03-11 14:00:00+00:00,18.98,32.9,730.0,845.4,150.0,286.2,1.66,67.0,101760.0
1990-03-11 15:00:00+00:00,19.23,32.9,597.0,795.17,137.0,288.95,1.45,61.0,101700.0
1990-03-11 16:00:00+00:00,19.14,32.9,420.0,720.59,111.0,295.3,1.24,53.0,101680.0
1990-03-11 17:00:00+00:00,18.76,34.05,213.0,562.22,74.0,291.85,1.1,58.0,101710.0
1990-03-11 18:00:00+00:00,17.46,52.75,20.0,173.42,12.0,286.8,0.62,79.0,101740.0
1990-03-11 19:00:00+00:00,17.14,39.15,0.0,0.0,0.0,283.1,0.55,122.0,101690.0
1990-03-11 20:00:00+00:00,12.83,59.95,0.0,0.0,0.0,278.65,1.59,168.0,101740.0
1990-03-11 21:00:00+00:00,10.83,66.55,0.0,0.0,0.0,276.15,1.72,178.0,101750.0
1990-03-11 22:00:00+00:00,9.98,66.45,0.0,0.0,0.0,273.85,1.59,194.0,101790.0
1990-03-11 23:00:00+00:00,10.25,66.45,0.0,0.0,0.0,271.9,1.17,220.0,101800.0
1990-03-12 00:00:00+00:00,11.05,59.6,0.0,0.0,0.0,269.6,0.62,248.0,101770.0
1990-03-12 01:00:00+00:00,10.4,61.75,0.0,0.0,0.0,267.55,0.34,62.0,101730.0
1990-03-12 02:00:00+00:00,8.96,68.8,0.0,0.0,0.0,265.3,1.03,52.0,101640.0
1990-03-12 03:00:00+00:00,7.14,79.55,0.0,0.0,0.0,263.2,1.24,20.0,101600.0
1990-03-12 04:00:00+00:00,6.03,82.55,0.0,0.0,0.0,262.4,1.45,31.0,101550.0
1990-03-12 05:00:00+00:00,5.25,85.6,0.0,0.0,0.0,261.05,1.59,58.0,101520.0
1990-03-12 06:00:00+00:00,4.74,85.55,0.0,0.0,0.0,259.3,1.72,65.0,101520.0
1990-03-12 07:00:00+00:00,4.43,85.55,52.0,274.76,28.0,257.6,1.52,52.0,101570.0
1990-03-12 08:00:00+00:00,6.92,82.6,250.0,566.41,88.0,258.95,1.17,62.0,101590.0
1990-03-12 09:00:00+00:00,11.99,59.85,453.0,717.39,121.0,263.0,1.38,71.0,101580.0
1990-03-12 10:00:00+00:00,14.65,50.25,610.0,738.07,163.0,270.55,1.59,71.0,101580.0
1990-03-12 11:00:00+00:00,16.73,43.8,733.0,793.12,174.0,280.2,1.52,67.0,101540.0
1990-03-12 12:00:00+00:00,18.24,39.4,807.0,859.91,159.0,287.6,1.38,64.0,101490.0
1990-03-12 13:00:00+00:00,19.22,35.45,800.0,857.64,158.0,294.55,1.31,64.0,101420.0
1990-03-12 14:00:00+00:00,19.78,34.3,687.0,686.79,213.0,308.5,1.45,57.0,101310.0
1990-03-12 15:00:00+00:00,19.91,33.05,575.0,698.9,168.0,320.1,1.59,49.0,101230.0
1990-03-12 16:00:00+00:00,19.79,33.05,402.0,619.75,134.0,320.3,1.72,40.0,101200.0
1990-03-12 17:00:00+00:00,19.19,36.8,163.0,211.44,110.0,323.2,1.52,24.0,101200.0
1990-03-12 18:00:00+00:00,17.71,40.75,18.0,80.94,14.0,318.15,2.0,16.0,101210.0
1990-03-12 19:00:00+00:00,16.28,42.05,0.0,0.0,0.0,315.25,2.14,24.0,101220.0
1990-03-12 20:00:00+00:00,15.26,43.4,0.0,0.0,0.0,320.1,2.21,35.0,101260.0
1990-03-12 21:00:00+00:00,14.3,46.5,0.0,0.0,0.0,319.7,2.14,57.0,101280.0
1990-03-12 22:00:00+00:00,13.29,49.85,0.0,0.0,0.0,315.05,2.14,89.0,101320.0
1990-03-12 23:00:00+00:00,12.55,51.65,0.0,0.0,0.0,311.0,2.28,109.0,101360.0
1990-03-13 00:00:00+00:00,12.03,49.6,0.0,0.0,0.0,306.55,2.34,112.0,101340.0
1990-03-13 01:00:00+00:00,11.49,47.6,0.0,0.0,0.0,296.6,2.28,100.0,101340.0
1990-03-13 02:00:00+00:00,10.86,45.7,0.0,0.0,0.0,286.4,2.34,78.0,101290.0
1990-03-13 03:00:00+00:00,10.36,45.4,0.0,0.0,0.0,281.6,2.48,66.0,101270.0
1990-03-13 04:00:00+00:00,9.93,43.7,0.0,0.0,0.0,275.2,2.55,59.0,101270.0
1990-03-13 05:00:00+00:00,9.78,47.05,0.0,0.0,0.0,278.3,2.69,53.0,101250.0
1990-03-13 06:00:00+00:00,9.82,48.95,0.0,0.0,0.0,282.55,2.9,48.0,101290.0
1990-03-13 07:00:00+00:00,10.47,51.1,55.0,270.28,30.0,299.75,3.17,50.0,101370.0
1990-03-13 08:00:00+00:00,11.4,53.35,213.0,305.67,124.0,302.1,3.31,52.0,101430.0
1990-03-13 09:00:00+00:00,13.1,51.75,352.0,286.4,218.0,303.25,3.38,52.0,101470.0
1990-03-13 10:00:00+00:00,14.96,45.05,588.0,640.36,197.0,310.2,4.21,58.0,101500.0
1990-03-13 11:00:00+00:00,16.62,40.6,714.0,717.31,205.0,314.5,4.55,67.0,101490.0
1990-03-13 12:00:00+00:00,17.98,37.95,772.0,733.38,216.0,315.45,4.55,74.0,101480.0
1990-03-13 13:00:00+00:00,19.09,34.15,673.0,463.55,324.0,315.05,4.34,80.0,101450.0
1990-03-13 14:00:00+00:00,19.79,31.8,712.0,767.76,179.0,308.85,4.14,83.0,101360.0
1990-03-13 15:00:00+00:00,20.11,29.6,625.0,883.73,107.0,309.05,4.0,87.0,101320.0
1990-03-13 16:00:00+00:00,20.04,28.5,420.0,704.09,113.0,300.75,3.79,90.0,101290.0
1990-03-13 17:00:00+00:00,19.43,31.65,217.0,551.04,77.0,300.35,2.83,94.0,101310.0
1990-03-13 18:00:00+00:00,17.7,36.4,26.0,227.76,14.0,300.75,2.28,99.0,101360.0
1990-03-13 19:00:00+00:00,15.85,38.85,0.0,0.0,0.0,297.25,2.34,103.0,101370.0
1990-03-13 20:00:00+00:00,14.48,40.1,0.0,0.0,0.0,296.5,2.28,102.0,101390.0
1990-03-13 21:00:00+00:00,13.15,46.2,0.0,0.0,0.0,286.2,2.21,96.0,101440.0
1990-03-13 22:00:00+00:00,11.86,53.35,0.0,0.0,0.0,281.95,2.14,84.0,101450.0
1990-03-13 23:00:00+00:00,10.58,59.5,0.0,0.0,0.0,277.1,2.14,64.0,101480.0
1990-03-14 00:00:00+00:00,9.7,66.35,0.0,0.0,0.0,276.95,2.21,49.0,101460.0
1990-03-14 01:00:00+00:00,9.37,66.35,0.0,0.0,0.0,278.0,2.41,41.0,101470.0
1990-03-14 02:00:00+00:00,9.2,66.25,0.0,0.0,0.0,273.65,2.69,39.0,101440.0
1990-03-14 03:00:00+00:00,9.28,66.25,0.0,0.0,0.0,272.65,2.9,41.0,101380.0
1990-03-14 04:00:00+00:00,9.35,66.25,0.0,0.0,0.0,269.0,3.17,43.0,101360.0
1990-03-14 05:00:00+00:00,9.43,66.35,0.0,0.0,0.0,269.95,3.31,46.0,101340.0
1990-03-14 06:00:00+00:00,9.45,66.35,0.0,0.0,0.0,269.95,3.31,49.0,101340.0
1990-03-14 07:00:00+00:00,9.71,68.9,49.0,143.35,35.0,277.5,3.24,51.0,101450.0
1990-03-14 08:00:00+00:00,11.0,66.65,224.0,350.97,120.0,279.05,3.03,52.0,101480.0
1990-03-14 09:00:00+00:00,13.55,58.0,436.0,598.36,153.0,290.85,3.45,55.0,101520.0
1990-03-14 10:00:00+00:00,15.74,48.65,611.0,716.43,170.0,299.95,3.72,61.0,101530.0
1990-03-14 11:00:00+00:00,17.37,42.15,745.0,817.51,161.0,308.1,3.52,70.0,101510.0
1990-03-14 12:00:00+00:00,18.63,38.1,805.0,835.23,168.0,319.5,3.31,81.0,101470.0
1990-03-14 13:00:00+00:00,19.46,35.6,762.0,713.18,222.0,317.55,2.9,92.0,101450.0
1990-03-14 14:00:00+00:00,19.85,35.6,681.0,653.05,225.0,324.55,2.55,98.0,101360.0
1990-03-14 15:00:00+00:00,20.07,34.45,512.0,452.6,245.0,327.05,2.34,99.0,101310.0
1990-03-14 16:00:00+00:00,19.83,35.6,375.0,470.91,168.0,333.05,2.21,96.0,101290.0
1990-03-14 17:00:00+00:00,19.14,41.15,165.0,201.99,113.0,326.3,1.45,101.0,101320.0
1990-03-14 18:00:00+00:00,17.74,49.05,23.0,107.26,17.0,325.5,1.38,118.0,101330.0
1990-03-14 19:00:00+00:00,15.9,50.5,0.0,0.0,0.0,321.25,2.21,145.0,101360.0
1990-03-14 20:00:00+00:00,14.71,52.15,0.0,0.0,0.0,319.7,2.0,144.0,101390.0
1990-03-14 21:00:00+00:00,13.56,58.0,0.0,0.0,0.0,318.55,1.72,141.0,101430.0
1990-03-14 22:00:00+00:00,12.8,64.55,0.0,0.0,0.0,309.25,1.1,122.0,101450.0
1990-03-14 23:00:00+00:00,11.91,64.45,0.0,0.0,0.0,305.75,1.24,49.0,101470.0
1990-03-15 00:00:00+00:00,10.37,71.7,0.0,0.0,0.0,305.95,1.79,27.0,101460.0
1990-03-15 01:00:00+00:00,9.47,74.2,0.0,0.0,0.0,293.3,1.86,29.0,101450.0
1990-03-15 02:00:00+00:00,9.0,74.15,0.0,0.0,0.0,289.9,2.07,36.0,101410.0
1990-03-15 03:00:00+00:00,8.63,76.85,0.0,0.0,0.0,284.3,2.21,40.0,101330.0
1990-03-15 04:00:00+00:00,8.3,76.8,0.0,0.0,0.0,278.3,2.28,43.0,101320.0
1990-03-15 05:00:00+00:00,8.33,76.8,0.0,0.0,0.0,287.4,2.28,46.0,101310.0
1990-03-15 06:00:00+00:00,8.2,76.8,0.0,0.0,0.0,282.55,2.28,47.0,101340.0
1990-03-15 07:00:00+00:00,8.08,82.7,59.0,233.36,35.0,282.15,2.14,53.0,101400.0
1990-03-15 08:00:00+00:00,10.04,77.1,246.0,467.68,105.0,286.4,1.86,51.0,101480.0
1990-03-15 09:00:00+00:00,13.26,67.05,434.0,577.35,158.0,291.25,2.07,52.0,101470.0
1990-03-15 10:00:00+00:00,15.98,56.5,597.0,654.32,191.0,302.85,2.21,54.0,101500.0
1990-03-15 11:00:00+00:00,18.13,47.4,706.0,677.23,219.0,306.15,2.14,58.0,101450.0
1990-03-15 12:00:00+00:00,19.67,39.8,806.0,840.75,161.0,315.85,2.07,65.0,101400.0
1990-03-15 13:00:00+00:00,20.65,37.25,790.0,807.7,175.0,315.85,1.93,66.0,101330.0
1990-03-15 14:00:00+00:00,21.22,36.0,734.0,840.16,144.0,316.4,1.72,63.0,101230.0
1990-03-15 15:00:00+00:00,21.52,34.85,569.0,656.93,179.0,317.75,1.66,58.0,101180.0
1990-03-15 16:00:00+00:00,21.54,34.85,409.0,627.4,131.0,319.3,1.59,52.0,101110.0
1990-03-15 17:00:00+00:00,21.23,37.35,214.0,502.31,83.0,315.65,1.38,44.0,101070.0
1990-03-15 18:00:00+00:00,19.91,59.25,25.0,118.29,18.0,312.55,0.9,8.0,101120.0
1990-03-15 19:00:00+00:00,19.95,41.45,0.0,0.0,0.0,305.75,0.41,290.0,101080.0
1990-03-15 20:00:00+00:00,15.61,58.45,0.0,0.0,0.0,300.95,1.52,227.0,101120.0
1990-03-15 21:00:00+00:00,13.12,69.55,0.0,0.0,0.0,299.2,1.72,215.0,101200.0
1990-03-15 22:00:00+00:00,11.57,74.55,0.0,0.0,0.0,296.65,1.93,215.0,101260.0
1990-03-15 23:00:00+00:00,10.64,83.0,0.0,0.0,0.0,294.55,2.0,219.0,101300.0
1990-03-16 00:00:00+00:00,9.99,86.0,0.0,0.0,0.0,291.65,1.72,230.0,101290.0
1990-03-16 01:00:00+00:00,10.39,80.05,0.0,0.0,0.0,287.3,1.24,248.0,101280.0
1990-03-16 02:00:00+00:00,11.02,80.1,0.0,0.0,0.0,285.25,0.83,289.0,101240.0
1990-03-16 03:00:00+00:00,10.35,86.0,0.0,0.0,0.0,283.3,0.97,356.0,101200.0
1990-03-16 04:00:00+00:00,8.22,92.4,0.0,0.0,0.0,282.55,1.38,27.0,101170.0
1990-03-16 05:00:00+00:00,7.34,92.35,0.0,0.0,0.0,281.2,1.52,44.0,101170.0
1990-03-16 06:00:00+00:00,6.93,92.35,0.0,0.0,0.0,278.65,1.45,51.0,101220.0
1990-03-16 07:00:00+00:00,6.92,89.0,68.0,296.16,36.0,278.3,1.59,49.0,101260.0
1990-03-16 08:00:00+00:00,9.73,85.95,263.0,554.35,93.0,279.65,1.38,46.0,101330.0
1990-03-16 09:00:00+00:00,13.75,67.15,465.0,712.03,121.0,284.85,1.66,52.0,101320.0
1990-03-16 10:00:00+00:00,16.3,58.6,638.0,801.07,137.0,291.85,1.72,59.0,101370.0
1990-03-16 11:00:00+00:00,18.42,51.0,762.0,856.57,142.0,299.95,1.45,63.0,101360.0
1990-03-16 12:00:00+00:00,19.96,43.0,835.0,912.33,131.0,306.35,1.03,63.0,101330.0
1990-03-16 13:00:00+00:00,20.92,41.55,818.0,885.53,140.0,311.4,0.55,42.0,101270.0
1990-03-16 14:00:00+00:00,21.5,37.5,744.0,859.53,137.0,315.05,0.55,352.0,101200.0
1990-03-16 15:00:00+00:00,21.73,36.15,610.0,806.86,128.0,316.6,0.9,336.0,101150.0
1990-03-16 16:00:00+00:00,21.67,34.85,425.0,696.39,114.0,317.2,1.17,329.0,101130.0
1990-03-16 17:00:00+00:00,21.34,34.7,224.0,552.78,78.0,316.05,1.03,323.0,101110.0
1990-03-16 18:00:00+00:00,19.76,47.8,32.0,208.36,19.0,317.2,1.03,262.0,101140.0
1990-03-16 19:00:00+00:00,18.09,45.7,0.0,0.0,0.0,319.5,2.14,247.0,101160.0
1990-03-16 20:00:00+00:00,16.19,52.5,0.0,0.0,0.0,304.6,2.69,239.0,101260.0
1990-03-16 21:00:00+00:00,14.89,62.65,0.0,0.0,0.0,299.95,2.83,231.0,101340.0
1990-03-16 22:00:00+00:00,13.8,69.65,0.0,0.0,0.0,296.85,2.76,220.0,101420.0
1990-03-16 23:00:00+00:00,12.9,74.75,0.0,0.0,0.0,292.4,2.69,219.0,101440.0
1990-03-17 00:00:00+00:00,12.16,77.35,0.0,0.0,0.0,287.2,2.48,220.0,101460.0
1990-03-17 01:00:00+00:00,11.41,77.3,0.0,0.0,0.0,285.0,2.0,223.0,101470.0
1990-03-17 02:00:00+00:00,10.49,83.0,0.0,0.0,0.0,283.5,1.17,232.0,101460.0
1990-03-17 03:00:00+00:00,11.43,74.55,0.0,0.0,0.0,282.15,0.55,343.0,101440.0
1990-03-17 04:00:00+00:00,8.35,89.1,0.0,0.0,0.0,281.4,1.66,42.0,101440.0
1990-03-17 05:00:00+00:00,7.58,92.35,0.0,0.0,0.0,281.6,1.66,49.0,101460.0
1990-03-17 06:00:00+00:00,7.24,92.35,0.0,0.0,0.0,281.95,1.66,48.0,101500.0
1990-03-17 07:00:00+00:00,7.07,92.35,75.0,344.33,36.0,279.05,1.79,46.0,101540.0
1990-03-17 08:00:00+00:00,10.25,79.95,274.0,593.25,89.0,281.2,1.59,48.0,101600.0
1990-03-17 09:00:00+00:00,13.69,64.75,470.0,710.78,123.0,286.2,1.93,52.0,101670.0
1990-03-17 10:00:00+00:00,16.21,54.45,645.0,810.71,134.0,293.55,2.21,59.0,101680.0
1990-03-17 11:00:00+00:00,18.03,51.0,766.0,855.17,143.0,301.1,2.14,65.0,101690.0
1990-03-17 12:00:00+00:00,19.28,47.65,842.0,922.57,126.0,306.95,1.66,70.0,101670.0
1990-03-17 13:00:00+00:00,20.06,43.0,830.0,908.01,131.0,312.95,1.24,67.0,101620.0
1990-03-17 14:00:00+00:00,20.59,41.55,747.0,859.02,137.0,319.5,1.03,52.0,101530.0
1990-03-17 15:00:00+00:00,20.83,40.1,576.0,665.51,176.0,317.0,1.17,41.0,101490.0
1990-03-17 16:00:00+00:00,20.95,38.65,383.0,479.95,167.0,322.2,1.31,53.0,101460.0
1990-03-17 17:00:00+00:00,19.3,44.3,70.0,0.0,70.0,330.95,2.34,109.0,101490.0
1990-03-17 18:00:00+00:00,17.8,52.75,26.0,91.48,20.0,324.35,2.48,139.0,101520.0
1990-03-17 19:00:00+00:00,16.41,60.75,0.0,0.0,0.0,325.7,1.03,183.0,101570.0
1990-03-17 20:00:00+00:00,15.36,67.45,0.0,0.0,0.0,305.55,0.62,223.0,101630.0
1990-03-17 21:00:00+00:00,14.91,65.05,0.0,0.0,0.0,296.1,0.48,261.0,101680.0
1990-03-17 22:00:00+00:00,14.01,69.75,0.0,0.0,0.0,291.45,0.14,312.0,101700.0
1990-03-17 23:00:00+00:00,13.24,74.75,0.0,0.0,0.0,289.7,0.48,88.0,101730.0
1990-03-18 00:00:00+00:00,11.04,83.05,0.0,0.0,0.0,287.6,1.17,92.0,101710.0
1990-03-18 01:00:00+00:00,9.2,89.1,0.0,0.0,0.0,284.6,1.52,76.0,101690.0
1990-03-18 02:00:00+00:00,8.13,92.4,0.0,0.0,0.0,282.15,1.72,56.0,101640.0
1990-03-18 03:00:00+00:00,7.7,92.35,0.0,0.0,0.0,279.65,1.93,51.0,101580.0
1990-03-18 04:00:00+00:00,7.45,89.0,0.0,0.0,0.0,277.1,2.07,54.0,101560.0
1990-03-18 05:00:00+00:00,7.24,89.0,0.0,0.0,0.0,274.8,2.14,51.0,101570.0
1990-03-18 06:00:00+00:00,7.1,89.0,0.0,0.0,0.0,273.05,2.21,46.0,101570.0
1990-03-18 07:00:00+00:00,7.24,92.35,76.0,303.82,40.0,274.6,2.14,45.0,101640.0
1990-03-18 08:00:00+00:00,10.08,82.95,275.0,567.8,95.0,275.4,1.93,48.0,101680.0
1990-03-18 09:00:00+00:00,13.14,69.55,479.0,721.74,123.0,278.3,2.34,55.0,101690.0
1990-03-18 10:00:00+00:00,15.56,60.65,651.0,809.2,137.0,284.5,2.34,56.0,101690.0
1990-03-18 11:00:00+00:00,17.7,52.75,780.0,875.65,138.0,292.05,2.21,57.0,101660.0
1990-03-18 12:00:00+00:00,19.24,44.3,848.0,918.65,131.0,298.4,2.0,61.0,101600.0
1990-03-18 13:00:00+00:00,20.3,38.5,831.0,891.53,141.0,304.6,1.59,55.0,101510.0
1990-03-18 14:00:00+00:00,20.98,34.7,752.0,855.77,141.0,308.5,1.31,37.0,101410.0
1990-03-18 15:00:00+00:00,21.33,33.45,611.0,782.24,138.0,309.25,1.17,10.0,101330.0
1990-03-18 16:00:00+00:00,21.38,33.45,437.0,714.49,113.0,310.05,1.31,348.0,101300.0
1990-03-18 17:00:00+00:00,21.09,33.45,228.0,543.06,81.0,314.3,0.97,327.0,101250.0
1990-03-18 18:00:00+00:00,19.93,42.85,34.0,189.02,21.0,313.9,1.31,224.0,101220.0
1990-03-18 19:00:00+00:00,17.35,48.9,0.0,0.0,0.0,303.65,2.69,240.0,101190.0
1990-03-18 20:00:00+00:00,15.83,56.35,0.0,0.0,0.0,299.75,2.83,249.0,101220.0
1990-03-18 21:00:00+00:00,14.68,64.95,0.0,0.0,0.0,296.1,2.76,253.0,101240.0
1990-03-18 22:00:00+00:00,13.78,74.85,0.0,0.0,0.0,293.2,2.48,253.0,101280.0
1990-03-18 23:00:00+00:00,12.93,77.5,0.0,0.0,0.0,290.1,2.14,246.0,101270.0
1990-03-19 00:00:00+00:00,12.03,83.15,0.0,0.0,0.0,287.4,2.0,232.0,101190.0
1990-03-19 01:00:00+00:00,11.07,86.1,0.0,0.0,0.0,284.4,1.86,233.0,101110.0
1990-03-19 02:00:00+00:00,9.98,89.2,0.0,0.0,0.0,281.95,1.72,241.0,101040.0
1990-03-19 03:00:00+00:00,9.13,89.1,0.0,0.0,0.0,280.4,1.79,250.0,100960.0
1990-03-19 04:00:00+00:00,8.61,85.9,0.0,0.0,0.0,278.3,2.0,262.0,100920.0
1990-03-19 05:00:00+00:00,8.12,79.7,0.0,0.0,0.0,274.05,2.07,262.0,100890.0
1990-03-19 06:00:00+00:00,7.71,79.65,0.0,0.0,0.0,270.15,2.28,264.0,100880.0
1990-03-19 07:00:00+00:00,7.81,82.65,84.0,347.55,41.0,267.25,2.41,266.0,100900.0
1990-03-19 08:00:00+00:00,10.65,74.4,288.0,611.44,91.0,273.25,2.48,268.0,100930.0
1990-03-19 09:00:00+00:00,13.01,69.55,488.0,732.49,123.0,299.95,3.38,283.0,100920.0
1990-03-19 10:00:00+00:00,14.87,62.65,654.0,793.68,146.0,297.45,4.0,285.0,100890.0
1990-03-19 11:00:00+00:00,16.22,54.45,773.0,834.92,157.0,308.1,4.28,286.0,100850.0
1990-03-19 12:00:00+00:00,17.35,47.15,836.0,867.66,155.0,308.1,4.62,290.0,100770.0
1990-03-19 13:00:00+00:00,18.21,39.4,828.0,864.99,155.0,300.15,4.9,293.0,100700.0
1990-03-19 14:00:00+00:00,18.7,36.7,757.0,852.59,145.0,297.65,5.1,296.0,100560.0
1990-03-19 15:00:00+00:00,18.76,36.7,615.0,779.27,141.0,294.95,5.24,299.0,100480.0
1990-03-19 16:00:00+00:00,18.4,37.95,439.0,704.81,117.0,294.35,5.31,303.0,100440.0
1990-03-19 17:00:00+00:00,17.51,39.25,236.0,569.48,80.0,292.8,5.17,307.0,100440.0
1990-03-19 18:00:00+00:00,16.22,40.5,37.0,208.51,22.0,290.5,4.48,308.0,100460.0
1990-03-19 19:00:00+00:00,14.47,44.9,0.0,0.0,0.0,292.05,4.14,308.0,100520.0
1990-03-19 20:00:00+00:00,13.32,48.0,0.0,0.0,0.0,282.95,3.79,311.0,100570.0
1990-03-19 21:00:00+00:00,12.41,49.7,0.0,0.0,0.0,280.4,3.38,310.0,100610.0
1990-03-19 22:00:00+00:00,11.66,53.35,0.0,0.0,0.0,281.95,2.97,305.0,100650.0
1990-03-19 23:00:00+00:00,10.89,55.3,0.0,0.0,0.0,277.3,2.9,301.0,100650.0
1990-03-20 00:00:00+00:00,10.25,57.15,0.0,0.0,0.0,269.95,2.97,306.0,100640.0
1990-03-20 01:00:00+00:00,9.74,57.05,0.0,0.0,0.0,264.25,3.17,321.0,100630.0
1990-03-20 02:00:00+00:00,9.37,52.85,0.0,0.0,0.0,263.0,3.31,337.0,100620.0
1990-03-20 03:00:00+00:00,8.86,46.95,0.0,0.0,0.0,255.65,3.38,347.0,100610.0
1990-03-20 04:00:00+00:00,8.38,43.25,0.0,0.0,0.0,252.95,3.45,356.0,100630.0
1990-03-20 05:00:00+00:00,7.9,43.1,0.0,0.0,0.0,251.0,3.38,4.0,100670.0
1990-03-20 06:00:00+00:00,7.45,44.75,0.0,0.0,0.0,247.7,3.24,12.0,100750.0
1990-03-20 07:00:00+00:00,6.96,48.25,92.0,395.46,41.0,243.45,3.17,8.0,100820.0
1990-03-20 08:00:00+00:00,7.95,48.55,299.0,626.23,94.0,240.15,3.1,12.0,100850.0
1990-03-20 09:00:00+00:00,9.66,43.55,509.0,774.84,119.0,240.95,3.38,16.0,100870.0
1990-03-20 10:00:00+00:00,11.51,34.9,679.0,835.8,140.0,245.0,3.31,18.0,100880.0
1990-03-20 11:00:00+00:00,13.05,29.0,797.0,863.42,156.0,249.85,3.17,16.0,100850.0
1990-03-20 12:00:00+00:00,14.32,26.0,860.0,894.58,154.0,254.5,3.03,6.0,100800.0
1990-03-20 13:00:00+00:00,15.34,24.25,851.0,892.47,153.0,258.35,3.03,354.0,100730.0
1990-03-20 14:00:00+00:00,16.03,21.75,779.0,881.37,143.0,261.45,3.17,346.0,100600.0
1990-03-20 15:00:00+00:00,16.39,21.75,638.0,820.51,136.0,262.6,3.52,343.0,100530.0
1990-03-20 16:00:00+00:00,16.3,20.9,457.0,747.47,113.0,263.75,3.86,344.0,100470.0
1990-03-20 17:00:00+00:00,15.79,22.5,246.0,595.34,81.0,264.35,4.07,348.0,100490.0
1990-03-20 18:00:00+00:00,14.82,24.1,41.0,239.72,23.0,265.1,3.17,349.0,100510.0
1990-03-20 19:00:00+00:00,13.11,26.75,0.0,0.0,0.0,263.0,2.55,334.0,100540.0
1990-03-20 20:00:00+00:00,11.91,29.9,0.0,0.0,0.0,261.05,2.41,326.0,100570.0
1990-03-20 21:00:00+00:00,10.86,34.6,0.0,0.0,0.0,258.35,2.34,324.0,100620.0
1990-03-20 22:00:00+00:00,9.84,37.2,0.0,0.0,0.0,255.85,2.41,326.0,100610.0
1990-03-20 23:00:00+00:00,8.98,38.55,0.0,0.0,0.0,253.5,2.48,331.0,100630.0
1990-03-21 00:00:00+00:00,8.34,38.4,0.0,0.0,0.0,251.4,2.62,337.0,100600.0
1990-03-21 01:00:00+00:00,7.94,39.85,0.0,0.0,0.0,249.15,2.83,342.0,100580.0
1990-03-21 02:00:00+00:00,7.65,41.3,0.0,0.0,0.0,247.15,3.17,347.0,100550.0
1990-03-21 03:00:00+00:00,7.3,44.6,0.0,0.0,0.0,245.4,3.24,352.0,100490.0
1990-03-21 04:00:00+00:00,6.89,44.6,0.0,0.0,0.0,243.25,3.31,358.0,100440.0
1990-03-21 05:00:00+00:00,6.55,46.25,0.0,0.0,0.0,241.5,3.45,5.0,100460.0
1990-03-21 06:00:00+00:00,6.26,46.25,0.0,0.0,0.0,240.95,3.52,11.0,100490.0
1990-03-21 07:00:00+00:00,5.96,50.05,98.0,409.83,43.0,241.7,3.17,10.0,100510.0
1990-03-21 08:00:00+00:00,7.35,50.35,305.0,631.55,95.0,242.65,3.31,11.0,100540.0
1990-03-21 09:00:00+00:00,9.28,45.15,509.0,753.43,126.0,245.75,4.14,14.0,100550.0
1990-03-21 10:00:00+00:00,11.05,37.6,681.0,823.46,146.0,249.85,4.28,19.0,100570.0
1990-03-21 11:00:00+00:00,12.43,32.5,802.0,863.5,157.0,254.1,4.21,16.0,100530.0
1990-03-21 12:00:00+00:00,13.64,29.15,860.0,880.92,161.0,257.6,4.34,8.0,100490.0
1990-03-21 13:00:00+00:00,14.62,24.1,846.0,861.2,169.0,271.3,5.17,3.0,100440.0
1990-03-21 14:00:00+00:00,15.27,22.4,779.0,869.93,148.0,283.9,5.79,2.0,100370.0
1990-03-21 15:00:00+00:00,15.14,21.5,635.0,793.08,147.0,291.65,6.0,3.0,100380.0
1990-03-21 16:00:00+00:00,14.5,22.25,430.0,597.57,153.0,310.6,5.66,4.0,100400.0
1990-03-21 17:00:00+00:00,14.15,22.1,245.0,570.72,85.0,282.95,5.1,2.0,100460.0
1990-03-21 18:00:00+00:00,13.55,22.9,44.0,255.68,24.0,286.05,3.66,355.0,100500.0
1990-03-21 19:00:00+00:00,11.97,25.45,0.0,0.0,0.0,258.95,2.76,353.0,100640.0
1990-03-21 20:00:00+00:00,10.79,28.3,0.0,0.0,0.0,256.05,2.48,341.0,100740.0
1990-03-21 21:00:00+00:00,9.82,30.4,0.0,0.0,0.0,253.1,2.62,331.0,100790.0
1990-03-21 22:00:00+00:00,9.08,31.55,0.0,0.0,0.0,251.6,2.76,326.0,100840.0
1990-03-21 23:00:00+00:00,8.5,32.7,0.0,0.0,0.0,249.65,2.76,326.0,100880.0
1990-03-22 00:00:00+00:00,8.01,35.3,0.0,0.0,0.0,248.65,2.76,326.0,100940.0
1990-03-22 01:00:00+00:00,7.56,38.1,0.0,0.0,0.0,247.05,2.97,329.0,100980.0
1990-03-22 02:00:00+00:00,7.2,41.15,0.0,0.0,0.0,245.2,3.03,339.0,101030.0
1990-03-22 03:00:00+00:00,6.76,41.0,0.0,0.0,0.0,244.05,2.97,354.0,101040.0
1990-03-22 04:00:00+00:00,6.22,39.4,0.0,0.0,0.0,241.9,2.83,6.0,101080.0
1990-03-22 05:00:00+00:00,5.69,40.9,0.0,0.0,0.0,239.0,2.83,15.0,101160.0
1990-03-22 06:00:00+00:00,5.25,42.45,0.0,0.0,0.0,236.1,2.9,24.0,101270.0
1990-03-22 07:00:00+00:00,4.67,51.7,103.0,423.11,44.0,233.6,2.28,28.0,101350.0
1990-03-22 08:00:00+00:00,6.27,48.15,313.0,651.54,93.0,232.2,2.21,33.0,101450.0
1990-03-22 09:00:00+00:00,8.25,36.75,517.0,759.75,127.0,234.15,3.38,45.0,101510.0
1990-03-22 10:00:00+00:00,9.93,29.35,689.0,829.67,146.0,236.85,3.72,49.0,101540.0
1990-03-22 11:00:00+00:00,11.45,26.35,805.0,852.98,164.0,241.15,3.79,48.0,101540.0
1990-03-22 12:00:00+00:00,12.73,24.55,873.0,901.3,154.0,245.4,3.45,46.0,101540.0
1990-03-22 13:00:00+00:00,13.7,22.9,863.0,897.37,154.0,249.85,2.97,40.0,101470.0
1990-03-22 14:00:00+00:00,14.46,22.25,790.0,886.08,144.0,253.7,2.55,28.0,101430.0
1990-03-22 15:00:00+00:00,14.93,21.5,648.0,827.41,136.0,257.0,2.28,16.0,101360.0
1990-03-22 16:00:00+00:00,15.13,21.5,468.0,764.73,111.0,259.3,2.07,6.0,101320.0
1990-03-22 17:00:00+00:00,15.01,21.5,253.0,606.67,81.0,260.65,1.72,359.0,101290.0
1990-03-22 18:00:00+00:00,14.37,32.95,48.0,282.77,25.0,261.05,0.69,347.0,101290.0
1990-03-22 19:00:00+00:00,13.72,24.85,0.0,0.0,0.0,259.9,0.69,216.0,101280.0
1990-03-22 20:00:00+00:00,10.51,40.55,0.0,0.0,0.0,260.5,1.31,232.0,101320.0
1990-03-22 21:00:00+00:00,9.23,45.15,0.0,0.0,0.0,260.65,1.31,249.0,101340.0
1990-03-22 22:00:00+00:00,8.33,48.55,0.0,0.0,0.0,260.3,1.31,267.0,101340.0
1990-03-22 23:00:00+00:00,8.23,50.45,0.0,0.0,0.0,259.1,1.1,285.0,101320.0
1990-03-23 00:00:00+00:00,7.75,52.35,0.0,0.0,0.0,258.55,0.9,316.0,101300.0
1990-03-23 01:00:00+00:00,7.09,54.3,0.0,0.0,0.0,258.25,0.9,357.0,101250.0
1990-03-23 02:00:00+00:00,6.38,56.3,0.0,0.0,0.0,258.35,1.03,20.0,101190.0
1990-03-23 03:00:00+00:00,5.48,60.75,0.0,0.0,0.0,257.95,1.1,22.0,101110.0
1990-03-23 04:00:00+00:00,5.07,63.05,0.0,0.0,0.0,257.4,1.1,17.0,101050.0
1990-03-23 05:00:00+00:00,4.76,65.4,0.0,0.0,0.0,257.75,1.03,14.0,101030.0
1990-03-23 06:00:00+00:00,4.54,68.0,0.0,0.0,0.0,257.75,1.03,14.0,101020.0
1990-03-23 07:00:00+00:00,4.65,70.7,105.0,407.79,46.0,258.75,0.83,15.0,101050.0
1990-03-23 08:00:00+00:00,7.04,73.8,310.0,624.28,96.0,262.05,0.62,17.0,101070.0
1990-03-23 09:00:00+00:00,10.87,53.25,515.0,756.33,123.0,267.45,0.76,19.0,101060.0
1990-03-23 10:00:00+00:00,13.25,51.75,685.0,829.77,138.0,274.8,0.83,24.0,101090.0
1990-03-23 11:00:00+00:00,15.1,46.75,805.0,870.41,147.0,282.55,0.41,10.0,101040.0
1990-03-23 12:00:00+00:00,16.61,43.8,881.0,936.48,130.0,288.75,0.62,286.0,101000.0
1990-03-23 13:00:00+00:00,17.59,43.9,862.0,909.31,140.0,302.85,1.24,280.0,100930.0
1990-03-23 14:00:00+00:00,18.46,41.05,784.0,884.39,136.0,316.8,1.52,279.0,100830.0
1990-03-23 15:00:00+00:00,18.85,39.55,640.0,811.6,135.0,327.05,1.52,271.0,100760.0
1990-03-23 16:00:00+00:00,19.01,36.8,460.0,736.03,114.0,326.3,1.52,262.0,100690.0
1990-03-23 17:00:00+00:00,19.08,35.45,241.0,519.78,92.0,315.25,1.72,249.0,100670.0
1990-03-23 18:00:00+00:00,17.92,40.75,46.0,225.02,27.0,298.05,2.0,226.0,100670.0
1990-03-23 19:00:00+00:00,15.69,48.65,0.0,0.0,0.0,305.75,2.97,224.0,100700.0
1990-03-23 20:00:00+00:00,14.18,58.1,0.0,0.0,0.0,301.5,3.03,231.0,100720.0
1990-03-23 21:00:00+00:00,12.99,67.05,0.0,0.0,0.0,291.45,2.62,235.0,100740.0
1990-03-23 22:00:00+00:00,11.93,71.95,0.0,0.0,0.0,283.9,2.07,238.0,100750.0
1990-03-23 23:00:00+00:00,10.72,83.0,0.0,0.0,0.0,287.0,1.45,233.0,100740.0
1990-03-24 00:00:00+00:00,9.69,85.95,0.0,0.0,0.0,278.1,1.1,214.0,100730.0
1990-03-24 01:00:00+00:00,9.71,82.9,0.0,0.0,0.0,275.5,0.83,186.0,100700.0
1990-03-24 02:00:00+00:00,9.62,82.9,0.0,0.0,0.0,273.05,0.41,143.0,100660.0
1990-03-24 03:00:00+00:00,9.07,85.95,0.0,0.0,0.0,270.95,0.55,69.0,100620.0
1990-03-24 04:00:00+00:00,7.77,92.35,0.0,0.0,0.0,268.6,0.97,56.0,100560.0
1990-03-24 05:00:00+00:00,6.48,92.3,0.0,0.0,0.0,266.85,1.17,56.0,100550.0
1990-03-24 06:00:00+00:00,5.28,92.25,0.0,0.0,0.0,265.3,1.45,47.0,100540.0
1990-03-24 07:00:00+00:00,5.05,92.25,110.0,413.58,48.0,263.95,1.52,50.0,100560.0
1990-03-24 08:00:00+00:00,9.08,85.95,317.0,638.09,95.0,266.5,1.1,45.0,100550.0
1990-03-24 09:00:00+00:00,12.78,69.45,518.0,751.1,125.0,272.65,1.24,49.0,100560.0
1990-03-24 10:00:00+00:00,15.35,58.35,692.0,832.92,139.0,282.35,0.9,55.0,100560.0
1990-03-24 11:00:00+00:00,17.46,47.3,798.0,831.13,166.0,293.0,0.34,32.0,100530.0
1990-03-24 12:00:00+00:00,18.92,39.55,896.0,963.9,119.0,299.4,0.69,298.0,100490.0
1990-03-24 13:00:00+00:00,19.74,34.3,863.0,898.62,146.0,302.3,1.31,284.0,100420.0
1990-03-24 14:00:00+00:00,20.2,33.15,789.0,886.83,136.0,306.55,1.86,277.0,100320.0
1990-03-24 15:00:00+00:00,20.42,33.15,641.0,802.4,139.0,308.5,2.21,271.0,100270.0
1990-03-24 16:00:00+00:00,20.29,33.15,464.0,739.47,114.0,311.55,2.41,260.0,100200.0
1990-03-24 17:00:00+00:00,19.75,34.3,253.0,583.21,84.0,303.45,2.97,241.0,100190.0
1990-03-24 18:00:00+00:00,18.13,40.9,50.0,251.37,28.0,298.8,3.52,227.0,100210.0
1990-03-24 19:00:00+00:00,15.77,50.5,0.0,0.0,0.0,295.5,4.0,230.0,100220.0
1990-03-24 20:00:00+00:00,14.21,60.3,0.0,0.0,0.0,291.65,3.66,233.0,100260.0
1990-03-24 21:00:00+00:00,13.22,67.05,0.0,0.0,0.0,291.45,3.17,229.0,100290.0
1990-03-24 22:00:00+00:00,12.42,72.05,0.0,0.0,0.0,289.5,2.76,222.0,100300.0
1990-03-24 23:00:00+00:00,11.64,80.15,0.0,0.0,0.0,283.1,2.34,216.0,100290.0
1990-03-25 00:00:00+00:00,10.92,80.1,0.0,0.0,0.0,282.35,2.0,213.0,100280.0
1990-03-25 01:00:00+00:00,10.02,86.0,0.0,0.0,0.0,279.35,1.79,215.0,100300.0
1990-03-25 02:00:00+00:00,8.94,89.1,0.0,0.0,0.0,278.5,1.59,216.0,100280.0
1990-03-25 03:00:00+00:00,8.17,92.4,0.0,0.0,0.0,275.95,1.45,217.0,100250.0
1990-03-25 04:00:00+00:00,7.46,92.35,0.0,0.0,0.0,275.4,1.45,220.0,100260.0
1990-03-25 05:00:00+00:00,7.09,92.35,0.0,0.0,0.0,275.95,1.38,225.0,100260.0
1990-03-25 06:00:00+00:00,6.7,95.8,0.0,0.0,0.0,274.4,1.31,222.0,100280.0
1990-03-25 07:00:00+00:00,7.37,92.35,107.0,341.64,54.0,275.2,0.9,207.0,100380.0
1990-03-25 08:00:00+00:00,9.88,86.0,318.0,623.21,98.0,279.05,1.03,203.0,100400.0
1990-03-25 09:00:00+00:00,12.34,71.95,525.0,764.94,121.0,281.2,1.72,212.0,100430.0
1990-03-25 10:00:00+00:00,14.44,60.4,688.0,813.63,144.0,283.5,2.62,223.0,100470.0
1990-03-25 11:00:00+00:00,16.13,52.5,810.0,865.57,148.0,293.6,3.38,234.0,100430.0
1990-03-25 12:00:00+00:00,17.24,47.15,902.0,977.52,110.0,297.45,3.59,236.0,100430.0
1990-03-25 13:00:00+00:00,17.81,42.3,874.0,928.01,130.0,298.8,3.66,237.0,100360.0
1990-03-25 14:00:00+00:00,18.25,37.95,762.0,798.76,171.0,305.4,3.72,241.0,100310.0
1990-03-25 15:00:00+00:00,18.48,36.7,657.0,850.59,122.0,301.5,3.79,245.0,100260.0
1990-03-25 16:00:00+00:00,18.44,37.95,456.0,700.95,122.0,293.75,3.79,245.0,100230.0
1990-03-25 17:00:00+00:00,17.82,39.25,237.0,457.55,103.0,298.05,4.14,234.0,100220.0
1990-03-25 18:00:00+00:00,16.12,48.8,51.0,242.85,29.0,299.95,4.41,223.0,100270.0
1990-03-25 19:00:00+00:00,14.44,60.4,0.0,0.0,0.0,298.4,4.07,232.0,100320.0
1990-03-25 20:00:00+00:00,13.34,74.75,0.0,0.0,0.0,298.05,3.52,233.0,100360.0
1990-03-25 21:00:00+00:00,12.57,77.45,0.0,0.0,0.0,296.85,2.83,229.0,100380.0
1990-03-25 22:00:00+00:00,11.84,86.15,0.0,0.0,0.0,293.6,2.28,220.0,100420.0
1990-03-25 23:00:00+00:00,11.3,89.3,0.0,0.0,0.0,300.35,2.0,209.0,100390.0
1990-03-26 00:00:00+00:00,10.8,92.5,0.0,0.0,0.0,299.6,1.79,198.0,100390.0
1990-03-26 01:00:00+00:00,10.61,92.5,0.0,0.0,0.0,314.8,1.66,189.0,100370.0
1990-03-26 02:00:00+00:00,10.32,92.5,0.0,0.0,0.0,314.5,1.66,175.0,100340.0
1990-03-26 03:00:00+00:00,10.02,92.5,0.0,0.0,0.0,314.5,1.86,180.0,100290.0
1990-03-26 04:00:00+00:00,10.08,95.9,0.0,0.0,0.0,335.95,1.86,191.0,100270.0
1990-03-26 05:00:00+00:00,10.28,95.9,0.0,0.0,0.0,351.45,1.66,190.0,100280.0
1990-03-26 06:00:00+00:00,10.18,95.9,0.0,0.0,0.0,341.55,1.52,174.0,100290.0
1990-03-26 07:00:00+00:00,10.32,95.9,79.0,106.02,62.0,324.95,1.38,157.0,100280.0
1990-03-26 08:00:00+00:00,11.23,92.55,256.0,284.84,154.0,335.2,1.52,161.0,100300.0
1990-03-26 09:00:00+00:00,12.11,92.6,261.0,43.15,238.0,343.5,1.93,170.0,100320.0
1990-03-26 10:00:00+00:00,12.45,92.6,181.0,0.0,181.0,356.85,2.07,165.0,100370.0
1990-03-26 11:00:00+00:00,12.75,92.6,429.0,68.91,376.0,354.95,2.28,164.0,100340.0
1990-03-26 12:00:00+00:00,13.17,92.65,281.0,1.23,280.0,349.3,2.69,158.0,100330.0
1990-03-26 13:00:00+00:00,13.11,86.3,363.0,19.86,347.0,347.75,3.03,158.0,100290.0
1990-03-26 14:00:00+00:00,13.57,80.4,285.0,5.38,281.0,350.65,2.97,161.0,100220.0
1990-03-26 15:00:00+00:00,13.73,80.4,165.0,0.0,165.0,353.0,2.76,165.0,100190.0
1990-03-26 16:00:00+00:00,13.79,80.4,166.0,4.17,164.0,348.75,2.55,171.0,100200.0
1990-03-26 17:00:00+00:00,13.58,77.6,109.0,13.52,105.0,336.95,2.14,178.0,100180.0
1990-03-26 18:00:00+00:00,12.46,83.25,39.0,74.75,32.0,335.4,1.38,185.0,100250.0
1990-03-26 19:00:00+00:00,11.25,89.3,0.0,0.0,0.0,339.05,1.31,173.0,100270.0
1990-03-26 20:00:00+00:00,10.63,92.5,0.0,0.0,0.0,330.55,1.17,194.0,100330.0
1990-03-26 21:00:00+00:00,10.3,95.9,0.0,0.0,0.0,334.8,0.97,185.0,100390.0
1990-03-26 22:00:00+00:00,10.14,95.9,0.0,0.0,0.0,337.3,0.97,157.0,100440.0
1990-03-26 23:00:00+00:00,9.43,95.85,0.0,0.0,0.0,310.2,1.31,144.0,100450.0
1990-03-27 00:00:00+00:00,8.96,95.85,0.0,0.0,0.0,306.35,1.31,142.0,100470.0
1990-03-27 01:00:00+00:00,8.73,99.4,0.0,0.0,0.0,306.05,0.83,121.0,100440.0
1990-03-27 02:00:00+00:00,9.17,95.85,0.0,0.0,0.0,319.1,0.48,79.0,100430.0
1990-03-27 03:00:00+00:00,8.85,92.45,0.0,0.0,0.0,306.75,0.55,64.0,100380.0
1990-03-27 04:00:00+00:00,8.8,95.85,0.0,0.0,0.0,314.85,0.41,48.0,100380.0
1990-03-27 05:00:00+00:00,8.66,95.85,0.0,0.0,0.0,319.3,0.21,35.0,100390.0
1990-03-27 06:00:00+00:00,8.53,95.85,0.0,0.0,0.0,318.15,0.07,28.0,100430.0
1990-03-27 07:00:00+00:00,8.34,100.0,71.0,54.37,62.0,322.6,0.83,249.0,100440.0
1990-03-27 08:00:00+00:00,10.51,92.5,221.0,148.7,167.0,319.9,1.24,266.0,100510.0
1990-03-27 09:00:00+00:00,11.59,86.15,535.0,769.69,121.0,303.25,1.38,286.0,100520.0
1990-03-27 10:00:00+00:00,13.24,74.75,708.0,852.71,130.0,307.9,1.79,293.0,100570.0
1990-03-27 11:00:00+00:00,14.55,64.95,836.0,919.21,125.0,303.85,2.0,290.0,100530.0
1990-03-27 12:00:00+00:00,15.82,54.35,653.0,314.06,396.0,304.6,2.21,284.0,100490.0
1990-03-27 13:00:00+00:00,16.74,47.15,691.0,406.55,362.0,304.4,2.55,279.0,100430.0
1990-03-27 14:00:00+00:00,17.49,42.3,444.0,92.38,375.0,316.4,2.9,281.0,100370.0
1990-03-27 15:00:00+00:00,17.81,37.8,582.0,564.86,223.0,320.5,2.97,286.0,100340.0
1990-03-27 16:00:00+00:00,18.06,32.65,256.0,68.35,223.0,316.6,3.1,298.0,100320.0
1990-03-27 17:00:00+00:00,18.02,31.4,142.0,53.52,126.0,311.75,2.9,304.0,100310.0
1990-03-27 18:00:00+00:00,17.02,34.9,53.0,206.87,33.0,308.3,2.07,288.0,100330.0
1990-03-27 19:00:00+00:00,15.15,41.75,0.0,0.0,0.0,308.85,1.66,292.0,100400.0
1990-03-27 20:00:00+00:00,13.43,48.15,0.0,0.0,0.0,297.65,1.79,273.0,100450.0
1990-03-27 21:00:00+00:00,12.04,51.5,0.0,0.0,0.0,292.8,2.21,270.0,100470.0
1990-03-27 22:00:00+00:00,11.39,51.35,0.0,0.0,0.0,282.95,2.9,278.0,100530.0
1990-03-27 23:00:00+00:00,11.26,55.3,0.0,0.0,0.0,286.05,3.45,291.0,100560.0
1990-03-28 00:00:00+00:00,10.88,55.3,0.0,0.0,0.0,283.5,3.24,298.0,100540.0
1990-03-28 01:00:00+00:00,10.12,61.65,0.0,0.0,0.0,274.7,2.76,294.0,100520.0
1990-03-28 02:00:00+00:00,9.5,63.9,0.0,0.0,0.0,283.3,2.34,278.0,100470.0
1990-03-28 03:00:00+00:00,8.68,71.35,0.0,0.0,0.0,274.05,2.14,264.0,100400.0
1990-03-28 04:00:00+00:00,8.04,73.95,0.0,0.0,0.0,270.15,2.28,261.0,100380.0
1990-03-28 05:00:00+00:00,7.78,76.7,0.0,0.0,0.0,279.05,2.21,262.0,100380.0
1990-03-28 06:00:00+00:00,7.7,76.7,0.0,0.0,0.0,296.65,2.21,261.0,100390.0
1990-03-28 07:00:00+00:00,7.56,82.65,103.0,205.01,68.0,279.05,1.79,276.0,100370.0
1990-03-28 08:00:00+00:00,9.17,76.95,349.0,706.19,89.0,285.65,1.59,291.0,100400.0
1990-03-28 09:00:00+00:00,10.86,71.7,519.0,679.94,150.0,285.45,1.93,320.0,100430.0
1990-03-28 10:00:00+00:00,12.38,62.2,712.0,848.48,133.0,288.35,2.0,338.0,100450.0
1990-03-28 11:00:00+00:00,14.07,56.0,831.0,888.45,140.0,291.05,2.14,341.0,100410.0
1990-03-28 12:00:00+00:00,15.59,46.9,578.0,186.07,425.0,303.25,2.97,349.0,100370.0
1990-03-28 13:00:00+00:00,16.58,42.15,543.0,150.07,421.0,310.4,3.1,339.0,100340.0
1990-03-28 14:00:00+00:00,17.37,40.6,292.0,6.66,287.0,303.65,3.59,329.0,100310.0
1990-03-28 15:00:00+00:00,17.75,39.25,356.0,73.58,309.0,307.3,3.93,322.0,100300.0
1990-03-28 16:00:00+00:00,17.91,37.8,114.0,0.0,114.0,301.9,4.34,318.0,100300.0
1990-03-28 17:00:00+00:00,17.49,36.4,203.0,235.1,132.0,300.95,4.07,320.0,100310.0
1990-03-28 18:00:00+00:00,15.98,42.05,30.0,20.06,28.0,298.4,2.97,320.0,100400.0
1990-03-28 19:00:00+00:00,14.66,44.9,0.0,0.0,0.0,295.9,2.55,304.0,100450.0
1990-03-28 20:00:00+00:00,13.57,46.35,0.0,0.0,0.0,295.7,2.48,299.0,100520.0
1990-03-28 21:00:00+00:00,12.59,49.7,0.0,0.0,0.0,289.5,2.69,299.0,100600.0
1990-03-28 22:00:00+00:00,12.01,51.5,0.0,0.0,0.0,297.25,3.03,307.0,100650.0
1990-03-28 23:00:00+00:00,11.11,59.6,0.0,0.0,0.0,292.6,2.83,306.0,100700.0
1990-03-29 00:00:00+00:00,10.43,61.75,0.0,0.0,0.0,298.8,2.48,301.0,100700.0
1990-03-29 01:00:00+00:00,9.85,71.5,0.0,0.0,0.0,301.25,2.21,296.0,100690.0
1990-03-29 02:00:00+00:00,9.15,76.95,0.0,0.0,0.0,286.6,2.07,294.0,100680.0
1990-03-29 03:00:00+00:00,8.76,82.75,0.0,0.0,0.0,295.3,1.93,298.0,100670.0
1990-03-29 04:00:00+00:00,8.29,85.85,0.0,0.0,0.0,288.95,1.93,306.0,100670.0
1990-03-29 05:00:00+00:00,7.9,85.85,0.0,0.0,0.0,283.9,1.93,315.0,100720.0
1990-03-29 06:00:00+00:00,7.48,89.0,0.0,0.0,0.0,275.75,2.07,323.0,100800.0
1990-03-29 07:00:00+00:00,7.44,89.0,132.0,432.1,56.0,265.5,2.0,338.0,100860.0
1990-03-29 08:00:00+00:00,9.69,82.9,343.0,651.18,100.0,267.45,2.0,356.0,100940.0
1990-03-29 09:00:00+00:00,12.06,69.35,551.0,790.91,118.0,271.7,2.34,11.0,101030.0
1990-03-29 10:00:00+00:00,14.4,56.15,726.0,873.48,126.0,279.45,2.55,20.0,101050.0
1990-03-29 11:00:00+00:00,16.28,45.3,845.0,914.34,130.0,286.6,3.1,25.0,101090.0
1990-03-29 12:00:00+00:00,17.67,39.25,911.0,957.39,120.0,295.9,3.52,16.0,101080.0
1990-03-29 13:00:00+00:00,18.27,36.55,719.0,451.89,350.0,327.45,3.1,4.0,101060.0
1990-03-29 14:00:00+00:00,18.61,35.35,762.0,753.58,194.0,346.8,2.9,356.0,101010.0
1990-03-29 15:00:00+00:00,18.94,34.05,481.0,264.8,311.0,349.1,2.69,352.0,101000.0
1990-03-29 16:00:00+00:00,19.08,32.9,476.0,734.27,117.0,352.8,2.41,347.0,101000.0
1990-03-29 17:00:00+00:00,18.77,36.7,234.0,383.62,117.0,348.95,1.59,343.0,101010.0
1990-03-29 18:00:00+00:00,17.72,56.75,57.0,214.19,35.0,349.1,0.97,320.0,101070.0
1990-03-29 19:00:00+00:00,17.16,43.8,0.0,0.0,0.0,329.95,0.55,195.0,101140.0
1990-03-29 20:00:00+00:00,14.24,58.1,0.0,0.0,0.0,318.75,1.45,206.0,101190.0
1990-03-29 21:00:00+00:00,12.79,66.95,0.0,0.0,0.0,324.55,1.45,216.0,101240.0
1990-03-29 22:00:00+00:00,11.49,69.25,0.0,0.0,0.0,294.55,1.45,218.0,101280.0
1990-03-29 23:00:00+00:00,10.67,77.15,0.0,0.0,0.0,283.9,1.31,208.0,101300.0
1990-03-30 00:00:00+00:00,10.16,79.95,0.0,0.0,0.0,279.65,1.17,197.0,101310.0
1990-03-30 01:00:00+00:00,9.89,79.95,0.0,0.0,0.0,278.0,1.03,196.0,101320.0
1990-03-30 02:00:00+00:00,9.83,82.9,0.0,0.0,0.0,275.4,0.76,214.0,101300.0
1990-03-30 03:00:00+00:00,9.59,82.9,0.0,0.0,0.0,273.45,0.55,205.0,101270.0
1990-03-30 04:00:00+00:00,9.13,85.95,0.0,0.0,0.0,271.3,0.41,175.0,101230.0
1990-03-30 05:00:00+00:00,8.74,89.1,0.0,0.0,0.0,269.4,0.41,174.0,101230.0
1990-03-30 06:00:00+00:00,8.4,89.1,0.0,0.0,0.0,267.85,0.34,225.0,101240.0
1990-03-30 07:00:00+00:00,8.03,92.4,139.0,458.5,56.0,267.85,0.41,250.0,101330.0
1990-03-30 08:00:00+00:00,9.88,86.0,349.0,661.13,99.0,272.85,0.48,226.0,101370.0
1990-03-30 09:00:00+00:00,12.84,74.7,556.0,787.74,121.0,276.95,1.03,226.0,101360.0
1990-03-30 10:00:00+00:00,15.31,62.75,729.0,867.83,129.0,282.95,1.59,228.0,101390.0
1990-03-30 11:00:00+00:00,17.36,52.65,853.0,919.67,130.0,290.85,2.14,235.0,101340.0
1990-03-30 12:00:00+00:00,18.69,41.05,926.0,983.04,110.0,295.9,3.17,245.0,101280.0
1990-03-30 13:00:00+00:00,19.34,38.2,896.0,932.74,131.0,299.0,3.86,251.0,101200.0
1990-03-30 14:00:00+00:00,19.59,35.6,811.0,895.54,133.0,303.05,4.14,253.0,101120.0
1990-03-30 15:00:00+00:00,19.52,34.3,665.0,823.09,134.0,302.85,4.14,253.0,101020.0
1990-03-30 16:00:00+00:00,19.3,35.45,486.0,760.25,112.0,297.45,4.07,254.0,100980.0
1990-03-30 17:00:00+00:00,18.69,36.7,272.0,603.98,86.0,296.5,4.0,246.0,100970.0
1990-03-30 18:00:00+00:00,17.21,43.8,66.0,312.18,33.0,293.6,3.79,228.0,100960.0
1990-03-30 19:00:00+00:00,14.93,56.25,0.0,0.0,0.0,293.75,3.79,220.0,100990.0
1990-03-30 20:00:00+00:00,13.52,64.75,0.0,0.0,0.0,293.4,3.66,217.0,101010.0
1990-03-30 21:00:00+00:00,12.54,72.05,0.0,0.0,0.0,288.55,3.1,215.0,101040.0
1990-03-30 22:00:00+00:00,11.84,80.15,0.0,0.0,0.0,287.4,2.62,217.0,101050.0
1990-03-30 23:00:00+00:00,11.24,83.05,0.0,0.0,0.0,284.65,2.14,235.0,101030.0
1990-03-31 00:00:00+00:00,10.64,80.05,0.0,0.0,0.0,281.4,2.07,263.0,101050.0
1990-03-31 01:00:00+00:00,10.03,77.1,0.0,0.0,0.0,282.85,2.07,280.0,101000.0
1990-03-31 02:00:00+00:00,9.16,79.85,0.0,0.0,0.0,276.35,1.93,281.0,100970.0
1990-03-31 03:00:00+00:00,8.2,85.85,0.0,0.0,0.0,271.9,1.79,266.0,100910.0
1990-03-31 04:00:00+00:00,7.45,85.8,0.0,0.0,0.0,273.25,1.79,240.0,100860.0
1990-03-31 05:00:00+00:00,7.32,89.0,0.0,0.0,0.0,284.5,1.93,226.0,100850.0
1990-03-31 06:00:00+00:00,8.07,85.85,0.0,0.0,0.0,318.75,1.86,220.0,100830.0
1990-03-31 07:00:00+00:00,9.26,85.95,97.0,112.82,76.0,338.85,1.93,213.0,100820.0
1990-03-31 08:00:00+00:00,10.37,80.05,252.0,201.01,175.0,346.0,2.14,206.0,100830.0
1990-03-31 09:00:00+00:00,11.14,83.05,182.0,1.8,181.0,350.5,2.21,202.0,100800.0
1990-03-31 10:00:00+00:00,11.47,89.3,226.0,1.44,225.0,358.6,2.14,196.0,100820.0
1990-03-31 11:00:00+00:00,12.06,89.35,214.0,0.0,214.0,361.3,2.34,193.0,100760.0
1990-03-31 12:00:00+00:00,12.71,92.6,123.0,0.0,123.0,364.2,2.62,196.0,100690.0
1990-03-31 13:00:00+00:00,12.82,92.6,105.0,0.0,105.0,366.35,3.93,214.0,100590.0
1990-03-31 14:00:00+00:00,12.93,92.65,385.0,42.08,353.0,368.85,4.28,225.0,100500.0
1990-03-31 15:00:00+00:00,13.68,92.65,490.0,282.3,307.0,364.8,3.66,226.0,100450.0
1990-03-31 16:00:00+00:00,13.26,82.46,455.0,634.43,141.0,328.25,3.68,221.0,100390.0
1990-03-31 17:00:00+00:00,13.1,83.51,185.0,151.17,138.0,325.17,3.44,216.0,100340.0
1990-03-31 18:00:00+00:00,12.95,84.56,59.0,184.01,39.0,322.08,3.21,222.0,100360.0
1990-03-31 19:00:00+00:00,12.8,85.61,0.0,0.0,0.0,319.0,2.97,226.0,100330.0
1990-03-31 20:00:00+00:00,12.64,86.67,0.0,0.0,0.0,315.92,2.73,228.0,100360.0
1990-03-31 21:00:00+00:00,12.49,87.72,0.0,0.0,0.0,312.83,2.49,239.0,100380.0
1990-03-31 22:00:00+00:00,12.34,88.77,0.0,0.0,0.0,309.75,2.26,248.0,100390.0
1990-03-31 23:00:00+00:00,12.18,89.82,0.0,0.0,0.0,306.66,2.02,250.0,100390.0
1990-04-01 00:00:00+00:00,12.03,90.88,0.0,0.0,0.0,303.58,1.78,214.0,101030.0
1990-04-01 01:00:00+00:00,11.87,91.93,0.0,0.0,0.0,300.5,1.54,211.0,100990.0
1990-04-01 02:00:00+00:00,11.72,92.98,0.0,0.0,0.0,297.41,1.31,214.0,100980.0
1990-04-01 03:00:00+00:00,11.57,94.03,0.0,0.0,0.0,294.33,1.07,221.0,100940.0
1990-04-01 04:00:00+00:00,11.41,95.09,0.0,0.0,0.0,291.24,0.83,218.0,100950.0
1990-04-01 05:00:00+00:00,11.26,96.14,0.0,0.0,0.0,288.16,0.6,216.0,100990.0
1990-04-01 06:00:00+00:00,11.11,97.19,0.0,0.0,0.0,285.07,0.36,160.0,101020.0
1990-04-01 07:00:00+00:00,10.95,98.24,95.0,94.13,77.0,281.99,0.12,162.0,101080.0
1990-04-01 08:00:00+00:00,13.18,92.65,246.0,170.12,180.0,307.7,0.34,189.0,101130.0
1990-04-01 09:00:00+00:00,15.5,86.5,390.0,211.91,271.0,318.55,0.62,184.0,101180.0
1990-04-01 10:00:00+00:00,17.68,75.45,690.0,719.83,186.0,317.95,0.83,183.0,101200.0
1990-04-01 11:00:00+00:00,19.48,70.65,498.0,117.08,405.0,326.5,1.03,211.0,101190.0
1990-04-01 12:00:00+00:00,21.0,66.05,856.0,780.74,202.0,324.15,1.45,236.0,101160.0
1990-04-01 13:00:00+00:00,22.08,59.7,527.0,124.52,424.0,334.2,1.79,243.0,101120.0
1990-04-01 14:00:00+00:00,22.64,54.0,764.0,742.5,197.0,352.6,2.14,245.0,101050.0
1990-04-01 15:00:00+00:00,22.86,54.0,487.0,267.15,313.0,350.1,2.34,246.0,101030.0
1990-04-01 16:00:00+00:00,22.64,52.1,426.0,484.04,185.0,351.45,2.55,248.0,101030.0
1990-04-01 17:00:00+00:00,22.0,57.65,127.0,22.31,120.0,352.8,2.48,244.0,101040.0
1990-04-01 18:00:00+00:00,20.7,63.8,56.0,143.29,40.0,344.5,2.41,238.0,101050.0
1990-04-01 19:00:00+00:00,18.72,68.1,0.0,0.0,0.0,333.25,2.48,241.0,101100.0
1990-04-01 20:00:00+00:00,17.38,75.4,0.0,0.0,0.0,327.25,2.34,244.0,101170.0
1990-04-01 21:00:00+00:00,16.47,77.95,0.0,0.0,0.0,328.8,2.0,247.0,101200.0
1990-04-01 22:00:00+00:00,15.56,83.5,0.0,0.0,0.0,325.1,1.59,247.0,101210.0
1990-04-01 23:00:00+00:00,14.49,89.5,0.0,0.0,0.0,324.15,1.1,247.0,101210.0
1990-04-02 00:00:00+00:00,14.65,80.55,0.0,0.0,0.0,324.75,0.76,259.0,101190.0
1990-04-02 01:00:00+00:00,14.47,80.45,0.0,0.0,0.0,320.2,0.76,292.0,101200.0
1990-04-02 02:00:00+00:00,13.77,80.4,0.0,0.0,0.0,322.4,0.97,344.0,101160.0
1990-04-02 03:00:00+00:00,12.38,86.2,0.0,0.0,0.0,322.4,1.59,2.0,101140.0
1990-04-02 04:00:00+00:00,12.14,80.2,0.0,0.0,0.0,320.65,2.0,5.0,101140.0
1990-04-02 05:00:00+00:00,12.0,77.3,0.0,0.0,0.0,311.55,2.21,9.0,101180.0
1990-04-02 06:00:00+00:00,11.88,77.3,0.0,0.0,0.0,303.45,2.34,17.0,101200.0
1990-04-02 07:00:00+00:00,12.89,74.7,138.0,336.25,72.0,313.7,2.48,27.0,101220.0
1990-04-02 08:00:00+00:00,14.78,69.85,338.0,529.49,130.0,317.75,2.34,32.0,101250.0
1990-04-02 09:00:00+00:00,16.71,60.85,461.0,388.57,241.0,327.85,2.83,36.0,101300.0
1990-04-02 10:00:00+00:00,18.61,55.05,680.0,668.57,209.0,332.85,3.24,41.0,101320.0
1990-04-02 11:00:00+00:00,20.49,49.7,824.0,815.42,173.0,324.95,3.31,47.0,101320.0
1990-04-02 12:00:00+00:00,22.02,43.4,842.0,724.99,232.0,319.9,3.24,47.0,101260.0
1990-04-02 13:00:00+00:00,23.16,37.9,725.0,444.24,356.0,322.0,3.1,46.0,101200.0
1990-04-02 14:00:00+00:00,23.97,36.7,795.0,835.9,154.0,323.0,2.9,45.0,101140.0
1990-04-02 15:00:00+00:00,24.4,34.25,421.0,145.18,326.0,324.95,2.76,44.0,101070.0
1990-04-02 16:00:00+00:00,24.43,34.25,465.0,646.94,141.0,327.45,2.76,43.0,101010.0
1990-04-02 17:00:00+00:00,23.87,38.05,191.0,154.71,142.0,333.65,2.28,36.0,101000.0
1990-04-02 18:00:00+00:00,22.29,43.5,69.0,261.75,39.0,336.15,2.28,27.0,101000.0
1990-04-02 19:00:00+00:00,20.81,46.35,0.0,0.0,0.0,339.65,2.62,28.0,100990.0
1990-04-02 20:00:00+00:00,19.65,46.2,0.0,0.0,0.0,335.75,2.76,35.0,101010.0
1990-04-02 21:00:00+00:00,18.83,47.65,0.0,0.0,0.0,335.75,2.83,44.0,101000.0
1990-04-02 22:00:00+00:00,18.21,47.55,0.0,0.0,0.0,333.85,2.83,45.0,101000.0
1990-04-02 23:00:00+00:00,17.66,49.15,0.0,0.0,0.0,329.95,2.9,44.0,100980.0
1990-04-03 00:00:00+00:00,17.09,49.05,0.0,0.0,0.0,317.55,3.03,48.0,100960.0
1990-04-03 01:00:00+00:00,16.88,50.75,0.0,0.0,0.0,326.2,3.1,53.0,100870.0
1990-04-03 02:00:00+00:00,16.66,50.75,0.0,0.0,0.0,332.85,2.9,54.0,100820.0
1990-04-03 03:00:00+00:00,16.37,52.5,0.0,0.0,0.0,337.3,2.69,47.0,100750.0
1990-04-03 04:00:00+00:00,16.13,52.5,0.0,0.0,0.0,343.7,2.62,39.0,100730.0
1990-04-03 05:00:00+00:00,15.89,56.35,0.0,0.0,0.0,342.15,2.69,43.0,100700.0
1990-04-03 06:00:00+00:00,15.63,58.45,0.0,0.0,0.0,334.8,2.9,51.0,100690.0
1990-04-03 07:00:00+00:00,15.79,65.15,58.0,4.97,57.0,340.8,2.48,44.0,100700.0
1990-04-03 08:00:00+00:00,16.88,67.75,235.0,125.74,185.0,335.4,2.28,34.0,100730.0
1990-04-03 09:00:00+00:00,19.23,61.4,358.0,136.67,280.0,332.3,2.55,33.0,100740.0
1990-04-03 10:00:00+00:00,21.45,55.55,719.0,795.75,155.0,333.25,2.83,36.0,100770.0
1990-04-03 11:00:00+00:00,23.48,48.7,822.0,798.93,181.0,344.85,2.76,44.0,100760.0
1990-04-03 12:00:00+00:00,25.28,44.3,859.0,765.63,212.0,347.55,2.34,61.0,100720.0
1990-04-03 13:00:00+00:00,26.72,40.25,870.0,840.5,169.0,350.5,2.07,88.0,100630.0
1990-04-03 14:00:00+00:00,27.82,37.75,757.0,701.3,217.0,353.2,1.93,117.0,100540.0
1990-04-03 15:00:00+00:00,28.39,35.3,646.0,730.22,166.0,351.45,2.0,142.0,100480.0
1990-04-03 16:00:00+00:00,28.16,36.45,426.0,464.55,192.0,359.0,2.07,161.0,100420.0
1990-04-03 17:00:00+00:00,27.04,44.7,191.0,150.18,143.0,356.5,1.79,181.0,100400.0
1990-04-03 18:00:00+00:00,25.06,50.8,58.0,127.6,43.0,346.0,1.86,190.0,100400.0
1990-04-03 19:00:00+00:00,22.26,52.0,0.0,0.0,0.0,336.55,2.0,188.0,100410.0
1990-04-03 20:00:00+00:00,19.95,59.35,0.0,0.0,0.0,329.4,1.52,174.0,100430.0
1990-04-03 21:00:00+00:00,19.37,53.25,0.0,0.0,0.0,326.65,1.1,136.0,100430.0
1990-04-03 22:00:00+00:00,17.73,56.85,0.0,0.0,0.0,324.55,1.38,81.0,100430.0
1990-04-03 23:00:00+00:00,15.98,62.85,0.0,0.0,0.0,323.95,1.93,53.0,100390.0
1990-04-04 00:00:00+00:00,14.87,64.95,0.0,0.0,0.0,311.75,2.07,28.0,100360.0
1990-04-04 01:00:00+00:00,13.72,69.65,0.0,0.0,0.0,303.55,2.14,4.0,100290.0
1990-04-04 02:00:00+00:00,12.37,77.35,0.0,0.0,0.0,295.7,1.86,355.0,100250.0
1990-04-04 03:00:00+00:00,11.61,80.15,0.0,0.0,0.0,292.8,1.72,355.0,100200.0
1990-04-04 04:00:00+00:00,11.03,80.1,0.0,0.0,0.0,290.5,1.66,359.0,100160.0
1990-04-04 05:00:00+00:00,10.44,86.0,0.0,0.0,0.0,288.95,1.72,352.0,100160.0
1990-04-04 06:00:00+00:00,10.06,86.0,0.0,0.0,0.0,288.55,1.66,347.0,100170.0
1990-04-04 07:00:00+00:00,12.0,83.1,158.0,445.96,66.0,291.45,1.1,322.0,100210.0
1990-04-04 08:00:00+00:00,15.85,70.0,365.0,621.23,115.0,295.1,1.03,308.0,100240.0
1990-04-04 09:00:00+00:00,18.83,53.15,564.0,733.6,142.0,301.9,1.52,279.0,100240.0
1990-04-04 10:00:00+00:00,20.84,48.05,735.0,823.31,148.0,311.55,2.21,244.0,100250.0
1990-04-04 11:00:00+00:00,22.54,48.45,848.0,858.31,156.0,320.1,3.66,229.0,100240.0
1990-04-04 12:00:00+00:00,23.48,50.45,880.0,807.16,195.0,330.35,5.24,221.0,100220.0
1990-04-04 13:00:00+00:00,23.43,54.1,775.0,542.18,321.0,335.95,5.93,219.0,100170.0
1990-04-04 14:00:00+00:00,23.04,57.9,807.0,845.93,153.0,343.7,5.86,220.0,100150.0
1990-04-04 15:00:00+00:00,22.39,57.75,656.0,742.1,166.0,337.9,5.52,222.0,100120.0
1990-04-04 16:00:00+00:00,21.64,55.65,468.0,621.81,153.0,335.4,5.24,225.0,100100.0
1990-04-04 17:00:00+00:00,20.34,59.35,288.0,629.53,85.0,326.85,4.83,227.0,100110.0
1990-04-04 18:00:00+00:00,18.67,61.3,79.0,340.29,38.0,313.5,4.14,227.0,100120.0
1990-04-04 19:00:00+00:00,15.98,65.15,0.0,0.0,0.0,292.6,4.0,227.0,100210.0
1990-04-04 20:00:00+00:00,14.8,72.4,0.0,0.0,0.0,287.95,3.59,226.0,100250.0
1990-04-04 21:00:00+00:00,14.08,80.45,0.0,0.0,0.0,289.9,3.24,224.0,100300.0
1990-04-04 22:00:00+00:00,13.56,83.35,0.0,0.0,0.0,291.45,2.9,223.0,100320.0
1990-04-04 23:00:00+00:00,13.23,89.4,0.0,0.0,0.0,300.75,2.55,220.0,100320.0
1990-04-05 00:00:00+00:00,12.99,92.6,0.0,0.0,0.0,306.95,2.21,213.0,100310.0
1990-04-05 01:00:00+00:00,12.55,92.6,0.0,0.0,0.0,302.6,1.93,200.0,100280.0
1990-04-05 02:00:00+00:00,12.48,95.95,0.0,0.0,0.0,321.65,1.72,191.0,100220.0
1990-04-05 03:00:00+00:00,12.16,92.6,0.0,0.0,0.0,313.1,1.72,178.0,100180.0
1990-04-05 04:00:00+00:00,12.19,92.6,0.0,0.0,0.0,327.45,1.79,169.0,100160.0
1990-04-05 05:00:00+00:00,12.23,92.6,0.0,0.0,0.0,330.55,1.93,162.0,100140.0
1990-04-05 06:00:00+00:00,12.57,89.4,0.0,0.0,0.0,349.1,2.0,166.0,100150.0
1990-04-05 07:00:00+00:00,13.44,89.4,117.0,137.28,88.0,361.9,2.07,182.0,100160.0
1990-04-05 08:00:00+00:00,14.24,86.4,182.0,31.93,169.0,367.1,2.69,189.0,100190.0
1990-04-05 09:00:00+00:00,15.14,80.6,268.0,29.32,251.0,369.85,3.38,196.0,100150.0
1990-04-05 10:00:00+00:00,15.71,77.85,286.0,8.37,280.0,368.85,4.0,209.0,100180.0
1990-04-05 11:00:00+00:00,16.48,75.25,130.0,0.0,130.0,351.45,4.55,221.0,100180.0
1990-04-05 12:00:00+00:00,17.3,72.8,230.0,0.0,230.0,363.85,4.83,226.0,100170.0
1990-04-05 13:00:00+00:00,18.23,72.95,250.0,0.0,250.0,351.45,4.83,221.0,100150.0
1990-04-05 14:00:00+00:00,19.12,68.2,734.0,617.13,255.0,354.95,5.17,217.0,100090.0
1990-04-05 15:00:00+00:00,19.16,65.85,317.0,33.17,295.0,349.9,5.93,217.0,100040.0
1990-04-05 16:00:00+00:00,18.47,61.2,456.0,573.21,164.0,344.3,6.55,226.0,100050.0
1990-04-05 17:00:00+00:00,17.66,61.05,257.0,430.37,117.0,345.65,5.1,228.0,100060.0
1990-04-05 18:00:00+00:00,16.84,65.35,49.0,48.62,43.0,350.65,4.97,229.0,100080.0
1990-04-05 19:00:00+00:00,15.87,70.0,0.0,0.0,0.0,352.4,4.14,228.0,100090.0
1990-04-05 20:00:00+00:00,15.02,77.75,0.0,0.0,0.0,333.45,3.45,220.0,100120.0
1990-04-05 21:00:00+00:00,14.33,83.4,0.0,0.0,0.0,337.9,3.17,216.0,100170.0
1990-04-05 22:00:00+00:00,13.95,89.45,0.0,0.0,0.0,342.15,3.03,213.0,100190.0
1990-04-05 23:00:00+00:00,13.68,89.45,0.0,0.0,0.0,347.0,3.1,219.0,100220.0
1990-04-06 00:00:00+00:00,13.82,92.65,0.0,0.0,0.0,361.7,2.9,218.0,100220.0
1990-04-06 01:00:00+00:00,13.65,92.65,0.0,0.0,0.0,351.75,2.83,217.0,100190.0
1990-04-06 02:00:00+00:00,13.38,95.95,0.0,0.0,0.0,338.65,2.62,218.0,100130.0
1990-04-06 03:00:00+00:00,13.28,95.95,0.0,0.0,0.0,341.75,2.41,216.0,100080.0
1990-04-06 04:00:00+00:00,13.02,99.4,0.0,0.0,0.0,330.55,2.28,215.0,100090.0
1990-04-06 05:00:00+00:00,13.02,95.95,0.0,0.0,0.0,343.7,2.21,216.0,100100.0
1990-04-06 06:00:00+00:00,12.73,95.95,0.0,0.0,0.0,331.9,2.28,219.0,100140.0
1990-04-06 07:00:00+00:00,12.9,95.95,77.0,13.88,74.0,335.95,1.93,206.0,100220.0
1990-04-06 08:00:00+00:00,14.14,89.5,374.0,643.44,109.0,337.3,2.48,208.0,100290.0
1990-04-06 09:00:00+00:00,15.33,83.5,226.0,8.56,221.0,335.55,2.97,218.0,100340.0
1990-04-06 10:00:00+00:00,16.6,72.7,134.0,0.0,134.0,334.4,3.72,224.0,100370.0
1990-04-06 11:00:00+00:00,17.3,72.8,426.0,49.15,386.0,346.2,4.21,224.0,100390.0
1990-04-06 12:00:00+00:00,18.01,70.35,99.0,0.0,99.0,353.4,4.76,222.0,100390.0
1990-04-06 13:00:00+00:00,18.1,68.05,846.0,744.18,218.0,351.25,4.97,224.0,100360.0
1990-04-06 14:00:00+00:00,18.72,63.5,814.0,866.28,139.0,353.95,5.45,227.0,100340.0
1990-04-06 15:00:00+00:00,18.56,61.2,669.0,797.21,138.0,349.7,5.93,229.0,100320.0
1990-04-06 16:00:00+00:00,18.18,59.05,457.0,570.07,165.0,353.0,5.86,230.0,100310.0
1990-04-06 17:00:00+00:00,17.67,61.05,274.0,524.21,102.0,338.85,5.79,230.0,100340.0
1990-04-06 18:00:00+00:00,16.93,67.75,81.0,324.6,40.0,346.0,4.97,231.0,100400.0
1990-04-06 19:00:00+00:00,15.92,70.0,0.0,0.0,0.0,338.85,4.0,230.0,100470.0
1990-04-06 20:00:00+00:00,15.28,75.1,0.0,0.0,0.0,332.65,3.31,227.0,100530.0
1990-04-06 21:00:00+00:00,14.78,77.75,0.0,0.0,0.0,332.65,2.83,221.0,100580.0
1990-04-06 22:00:00+00:00,14.16,83.4,0.0,0.0,0.0,320.85,2.55,215.0,100620.0
1990-04-06 23:00:00+00:00,13.67,86.35,0.0,0.0,0.0,321.65,2.34,209.0,100620.0
1990-04-07 00:00:00+00:00,13.33,89.4,0.0,0.0,0.0,322.4,2.34,204.0,100650.0
1990-04-07 01:00:00+00:00,12.94,92.6,0.0,0.0,0.0,317.9,2.28,205.0,100620.0
1990-04-07 02:00:00+00:00,12.77,92.6,0.0,0.0,0.0,324.75,2.14,208.0,100600.0
1990-04-07 03:00:00+00:00,12.32,95.95,0.0,0.0,0.0,310.4,1.93,213.0,100560.0
1990-04-07 04:00:00+00:00,12.23,95.95,0.0,0.0,0.0,327.25,1.59,215.0,100590.0
1990-04-07 05:00:00+00:00,11.48,99.35,0.0,0.0,0.0,304.4,1.31,215.0,100590.0
1990-04-07 06:00:00+00:00,11.18,99.35,0.0,0.0,0.0,323.75,0.97,209.0,100640.0
1990-04-07 07:00:00+00:00,12.17,95.95,125.0,149.3,92.0,331.1,0.97,224.0,100700.0
1990-04-07 08:00:00+00:00,13.87,89.45,259.0,156.07,194.0,340.8,1.38,273.0,100760.0
1990-04-07 09:00:00+00:00,15.22,77.8,396.0,186.92,286.0,329.75,1.1,284.0,100770.0
1990-04-07 10:00:00+00:00,16.59,65.35,476.0,153.04,365.0,335.95,1.24,272.0,100810.0
1990-04-07 11:00:00+00:00,17.65,58.9,465.0,74.61,404.0,359.95,1.66,256.0,100810.0
1990-04-07 12:00:00+00:00,18.4,56.95,241.0,0.0,241.0,358.8,2.0,250.0,100810.0
1990-04-07 13:00:00+00:00,19.06,53.15,648.0,272.71,417.0,363.45,2.14,250.0,100760.0
1990-04-07 14:00:00+00:00,19.64,47.9,594.0,273.6,380.0,364.6,2.07,254.0,100710.0
1990-04-07 15:00:00+00:00,19.6,47.8,501.0,273.58,318.0,380.1,1.86,256.0,100680.0
1990-04-07 16:00:00+00:00,19.6,47.8,364.0,240.78,240.0,365.55,1.66,256.0,100660.0
1990-04-07 17:00:00+00:00,19.34,47.8,230.0,271.98,140.0,373.1,1.59,260.0,100640.0
1990-04-07 18:00:00+00:00,18.68,53.15,64.0,123.84,48.0,354.95,1.45,259.0,100650.0
1990-04-07 19:00:00+00:00,17.18,58.8,0.0,0.0,0.0,324.15,2.28,255.0,100660.0
1990-04-07 20:00:00+00:00,15.64,67.55,0.0,0.0,0.0,311.75,2.48,262.0,100710.0
1990-04-07 21:00:00+00:00,14.57,75.0,0.0,0.0,0.0,311.2,2.28,271.0,100730.0
1990-04-07 22:00:00+00:00,13.68,80.4,0.0,0.0,0.0,301.3,1.86,281.0,100740.0
1990-04-07 23:00:00+00:00,12.81,89.4,0.0,0.0,0.0,304.8,1.24,288.0,100700.0
1990-04-08 00:00:00+00:00,13.45,83.25,0.0,0.0,0.0,294.95,0.14,279.0,100690.0
1990-04-08 01:00:00+00:00,12.77,86.25,0.0,0.0,0.0,292.5,0.62,123.0,100630.0
1990-04-08 02:00:00+00:00,11.66,89.3,0.0,0.0,0.0,290.65,0.9,125.0,100580.0
1990-04-08 03:00:00+00:00,11.48,92.55,0.0,0.0,0.0,288.35,0.62,108.0,100530.0
1990-04-08 04:00:00+00:00,10.89,95.9,0.0,0.0,0.0,286.6,0.69,50.0,100510.0
1990-04-08 05:00:00+00:00,8.67,95.85,0.0,0.0,0.0,284.85,1.38,28.0,100510.0
1990-04-08 06:00:00+00:00,7.86,95.8,0.0,0.0,0.0,283.3,1.72,34.0,100490.0
1990-04-08 07:00:00+00:00,9.29,92.45,180.0,495.87,68.0,284.65,1.59,46.0,100570.0
1990-04-08 08:00:00+00:00,14.01,80.4,391.0,676.85,106.0,287.2,1.79,50.0,100560.0
1990-04-08 09:00:00+00:00,16.57,70.1,587.0,764.2,134.0,295.1,2.28,58.0,100570.0
1990-04-08 10:00:00+00:00,18.74,59.15,758.0,848.77,139.0,302.65,2.28,67.0,100560.0
1990-04-08 11:00:00+00:00,20.43,53.35,866.0,870.57,151.0,310.05,1.52,84.0,100540.0
1990-04-08 12:00:00+00:00,21.64,46.6,917.0,884.6,154.0,317.0,0.69,137.0,100480.0
1990-04-08 13:00:00+00:00,22.57,45.1,911.0,904.51,142.0,321.25,1.1,202.0,100420.0
1990-04-08 14:00:00+00:00,23.16,43.75,826.0,868.68,144.0,323.95,1.59,220.0,100360.0
1990-04-08 15:00:00+00:00,23.42,43.75,676.0,783.08,150.0,325.5,1.86,228.0,100300.0
1990-04-08 16:00:00+00:00,23.33,43.75,490.0,683.75,136.0,326.3,2.0,232.0,100250.0
1990-04-08 17:00:00+00:00,22.89,45.25,274.0,479.5,114.0,326.85,2.0,237.0,100230.0
1990-04-08 18:00:00+00:00,21.72,53.75,83.0,287.7,45.0,325.7,1.66,260.0,100200.0
1990-04-08 19:00:00+00:00,19.82,57.3,0.0,0.0,0.0,321.85,2.34,272.0,100170.0
1990-04-08 20:00:00+00:00,18.04,65.55,0.0,0.0,0.0,317.4,2.48,271.0,100200.0
1990-04-08 21:00:00+00:00,16.75,72.7,0.0,0.0,0.0,313.7,2.28,268.0,100250.0
1990-04-08 22:00:00+00:00,15.63,75.15,0.0,0.0,0.0,309.25,2.07,261.0,100260.0
1990-04-08 23:00:00+00:00,14.56,80.55,0.0,0.0,0.0,305.75,1.86,254.0,100230.0
1990-04-09 00:00:00+00:00,13.36,89.4,0.0,0.0,0.0,303.25,1.59,250.0,100220.0
1990-04-09 01:00:00+00:00,12.81,89.4,0.0,0.0,0.0,300.45,1.24,248.0,100170.0
1990-04-09 02:00:00+00:00,13.38,86.3,0.0,0.0,0.0,298.8,0.69,260.0,100100.0
1990-04-09 03:00:00+00:00,13.26,86.3,0.0,0.0,0.0,297.85,0.28,359.0,100050.0
1990-04-09 04:00:00+00:00,12.48,89.35,0.0,0.0,0.0,294.15,0.76,48.0,100030.0
1990-04-09 05:00:00+00:00,11.08,92.55,0.0,0.0,0.0,294.55,0.97,51.0,100010.0
1990-04-09 06:00:00+00:00,10.36,99.4,0.0,0.0,0.0,299.95,0.97,53.0,100010.0
1990-04-09 07:00:00+00:00,11.06,95.9,169.0,368.53,84.0,300.15,0.9,35.0,100020.0
1990-04-09 08:00:00+00:00,14.26,83.4,371.0,547.46,138.0,306.75,0.97,29.0,100000.0
1990-04-09 09:00:00+00:00,16.38,75.25,415.0,209.37,290.0,312.55,1.1,358.0,100020.0
1990-04-09 10:00:00+00:00,18.23,63.4,661.0,523.72,277.0,321.25,1.17,315.0,100060.0
1990-04-09 11:00:00+00:00,19.46,57.2,754.0,532.18,315.0,329.2,1.52,271.0,100080.0
1990-04-09 12:00:00+00:00,20.64,53.5,737.0,406.53,385.0,344.65,2.14,245.0,100070.0
1990-04-09 13:00:00+00:00,21.19,51.75,749.0,457.07,359.0,349.5,2.55,234.0,100020.0
1990-04-09 14:00:00+00:00,21.71,51.9,768.0,677.68,234.0,352.4,3.03,231.0,99970.0
1990-04-09 15:00:00+00:00,22.07,51.9,613.0,554.51,239.0,339.85,3.31,228.0,99920.0
1990-04-09 16:00:00+00:00,21.71,51.9,198.0,7.69,194.0,343.3,3.45,230.0,99910.0
1990-04-09 17:00:00+00:00,20.68,57.45,175.0,80.25,148.0,347.55,3.24,236.0,99920.0
1990-04-09 18:00:00+00:00,19.35,65.85,73.0,170.43,50.0,351.25,2.9,242.0,99940.0
1990-04-09 19:00:00+00:00,17.57,75.4,0.0,0.0,0.0,343.5,2.83,243.0,100000.0
1990-04-09 20:00:00+00:00,16.35,80.75,0.0,0.0,0.0,335.75,2.41,241.0,100070.0
1990-04-09 21:00:00+00:00,15.45,86.5,0.0,0.0,0.0,333.85,2.14,236.0,100140.0
1990-04-09 22:00:00+00:00,14.77,86.45,0.0,0.0,0.0,332.85,1.79,226.0,100220.0
1990-04-09 23:00:00+00:00,14.17,89.5,0.0,0.0,0.0,328.05,1.72,214.0,100220.0
1990-04-10 00:00:00+00:00,13.76,92.65,0.0,0.0,0.0,330.75,1.59,205.0,100240.0
1990-04-10 01:00:00+00:00,13.25,95.95,0.0,0.0,0.0,329.9,1.24,198.0,100210.0
1990-04-10 02:00:00+00:00,12.69,95.95,0.0,0.0,0.0,331.7,1.24,189.0,100180.0
1990-04-10 03:00:00+00:00,12.1,95.95,0.0,0.0,0.0,324.55,1.17,173.0,100170.0
1990-04-10 04:00:00+00:00,11.53,99.4,0.0,0.0,0.0,318.35,1.17,157.0,100180.0
1990-04-10 05:00:00+00:00,11.61,99.4,0.0,0.0,0.0,321.45,0.83,145.0,100200.0
1990-04-10 06:00:00+00:00,11.43,100.0,4.0,0.0,4.0,310.05,0.83,95.0,100230.0
1990-04-10 07:00:00+00:00,11.78,99.4,142.0,182.68,99.0,340.0,0.62,60.0,100270.0
1990-04-10 08:00:00+00:00,13.87,92.65,93.0,0.0,93.0,351.45,1.03,51.0,100280.0
1990-04-10 09:00:00+00:00,15.81,83.55,363.0,114.77,294.0,342.15,1.1,50.0,100280.0
1990-04-10 10:00:00+00:00,17.71,70.35,745.0,786.88,165.0,338.85,1.45,49.0,100340.0
1990-04-10 11:00:00+00:00,19.67,61.5,844.0,786.99,192.0,332.65,1.59,46.0,100330.0
1990-04-10 12:00:00+00:00,21.2,55.55,923.0,890.55,149.0,335.95,1.66,35.0,100320.0
1990-04-10 13:00:00+00:00,22.31,52.0,912.0,898.07,143.0,335.95,1.45,24.0,100280.0
1990-04-10 14:00:00+00:00,23.02,48.55,768.0,675.25,234.0,335.55,1.24,3.0,100230.0
1990-04-10 15:00:00+00:00,23.41,43.75,685.0,806.28,139.0,339.65,1.24,340.0,100210.0
1990-04-10 16:00:00+00:00,23.53,42.25,509.0,751.24,116.0,339.65,1.31,326.0,100200.0
1990-04-10 17:00:00+00:00,23.25,40.75,306.0,651.6,85.0,328.6,1.24,315.0,100210.0
1990-04-10 18:00:00+00:00,22.39,48.45,94.0,370.07,43.0,325.1,1.31,282.0,100220.0
1990-04-10 19:00:00+00:00,20.78,53.5,0.0,0.0,0.0,322.05,2.0,286.0,100230.0
1990-04-10 20:00:00+00:00,18.88,57.1,0.0,0.0,0.0,316.6,2.21,277.0,100270.0
1990-04-10 21:00:00+00:00,17.49,63.2,0.0,0.0,0.0,316.05,2.21,279.0,100330.0
1990-04-10 22:00:00+00:00,16.06,72.55,0.0,0.0,0.0,309.65,2.0,281.0,100380.0
1990-04-10 23:00:00+00:00,14.66,77.75,0.0,0.0,0.0,307.7,1.79,284.0,100400.0
1990-04-11 00:00:00+00:00,13.78,83.35,0.0,0.0,0.0,305.75,1.45,288.0,100410.0
1990-04-11 01:00:00+00:00,14.18,77.65,0.0,0.0,0.0,303.75,0.97,289.0,100400.0
1990-04-11 02:00:00+00:00,14.48,77.65,0.0,0.0,0.0,302.1,0.28,291.0,100400.0
1990-04-11 03:00:00+00:00,13.95,80.4,0.0,0.0,0.0,300.75,0.21,121.0,100400.0
1990-04-11 04:00:00+00:00,13.52,83.25,0.0,0.0,0.0,299.0,0.55,96.0,100430.0
1990-04-11 05:00:00+00:00,12.94,86.25,0.0,0.0,0.0,297.85,0.83,80.0,100470.0
1990-04-11 06:00:00+00:00,11.14,89.3,7.0,0.0,7.0,297.65,1.17,71.0,100550.0
1990-04-11 07:00:00+00:00,12.57,86.25,156.0,241.6,98.0,295.9,0.69,85.0,100680.0
1990-04-11 08:00:00+00:00,15.47,77.8,377.0,545.45,140.0,302.65,0.62,126.0,100760.0
1990-04-11 09:00:00+00:00,17.77,70.35,546.0,563.33,205.0,312.95,1.24,176.0,100810.0
1990-04-11 10:00:00+00:00,19.72,61.5,722.0,699.15,204.0,320.5,2.14,196.0,100870.0
1990-04-11 11:00:00+00:00,21.26,55.55,765.0,552.9,305.0,325.1,2.83,198.0,100880.0
1990-04-11 12:00:00+00:00,21.81,51.9,689.0,308.37,420.0,356.65,2.76,201.0,100870.0
1990-04-11 13:00:00+00:00,22.44,48.45,579.0,162.93,439.0,353.55,2.83,206.0,100860.0
1990-04-11 14:00:00+00:00,22.53,48.45,693.0,463.71,325.0,371.95,2.9,210.0,100820.0
1990-04-11 15:00:00+00:00,22.35,46.75,626.0,586.88,227.0,367.1,2.69,216.0,100810.0
1990-04-11 16:00:00+00:00,22.04,50.05,411.0,351.85,226.0,364.6,2.55,221.0,100780.0
1990-04-11 17:00:00+00:00,21.61,51.75,277.0,465.08,118.0,344.85,2.28,232.0,100770.0
1990-04-11 18:00:00+00:00,20.4,59.35,14.0,0.0,14.0,350.1,2.34,264.0,100800.0
1990-04-11 19:00:00+00:00,18.39,65.65,0.0,0.0,0.0,340.2,2.28,285.0,100890.0
1990-04-11 20:00:00+00:00,16.97,75.3,0.0,0.0,0.0,337.1,1.93,288.0,100940.0
1990-04-11 21:00:00+00:00,16.17,77.95,0.0,0.0,0.0,337.5,1.86,284.0,101040.0
1990-04-11 22:00:00+00:00,15.48,86.5,0.0,0.0,0.0,334.2,1.93,275.0,101070.0
1990-04-11 23:00:00+00:00,14.74,89.5,0.0,0.0,0.0,318.95,1.86,265.0,101060.0
1990-04-12 00:00:00+00:00,14.24,92.7,0.0,0.0,0.0,323.55,1.72,258.0,101080.0
1990-04-12 01:00:00+00:00,13.55,92.65,0.0,0.0,0.0,320.8,1.52,257.0,101040.0
1990-04-12 02:00:00+00:00,12.96,99.4,0.0,0.0,0.0,321.45,1.24,263.0,101020.0
1990-04-12 03:00:00+00:00,12.47,99.4,0.0,0.0,0.0,313.7,1.03,271.0,100980.0
1990-04-12 04:00:00+00:00,12.63,99.4,0.0,0.0,0.0,325.7,0.83,270.0,100950.0
1990-04-12 05:00:00+00:00,12.33,99.4,0.0,0.0,0.0,327.85,0.83,259.0,100960.0
1990-04-12 06:00:00+00:00,12.21,99.4,9.0,24.94,8.0,334.2,0.83,252.0,101000.0
1990-04-12 07:00:00+00:00,13.39,95.95,112.0,57.21,98.0,336.15,0.62,279.0,101050.0
1990-04-12 08:00:00+00:00,15.26,86.5,200.0,36.46,184.0,341.75,1.03,263.0,101080.0
1990-04-12 09:00:00+00:00,16.5,80.75,262.0,19.69,250.0,321.65,1.45,258.0,101110.0
1990-04-12 10:00:00+00:00,17.93,72.9,750.0,793.67,159.0,339.05,2.0,263.0,101130.0
1990-04-12 11:00:00+00:00,18.99,70.55,807.0,665.54,251.0,343.7,1.86,269.0,101110.0
1990-04-12 12:00:00+00:00,20.13,63.7,812.0,569.97,313.0,347.95,2.07,268.0,101060.0
1990-04-12 13:00:00+00:00,21.11,59.5,891.0,833.94,172.0,341.95,2.34,268.0,100990.0
1990-04-12 14:00:00+00:00,21.54,55.55,816.0,827.53,157.0,338.1,2.69,268.0,100920.0
1990-04-12 15:00:00+00:00,21.69,53.75,676.0,769.22,151.0,348.95,2.83,260.0,100850.0
1990-04-12 16:00:00+00:00,21.2,55.55,199.0,7.57,195.0,352.2,3.1,258.0,100810.0
1990-04-12 17:00:00+00:00,20.06,61.5,135.0,17.41,129.0,356.5,2.83,281.0,100800.0
1990-04-12 18:00:00+00:00,18.16,72.95,100.0,390.25,44.0,359.95,1.66,308.0,100860.0
1990-04-12 19:00:00+00:00,18.17,70.45,0.0,0.0,0.0,338.85,1.72,263.0,100800.0
1990-04-12 20:00:00+00:00,17.14,75.4,0.0,0.0,0.0,331.1,1.66,233.0,100860.0
1990-04-12 21:00:00+00:00,16.16,83.6,0.0,0.0,0.0,329.55,1.86,217.0,100920.0
1990-04-12 22:00:00+00:00,15.27,89.55,0.0,0.0,0.0,322.6,1.93,217.0,100960.0
1990-04-12 23:00:00+00:00,14.67,92.7,0.0,0.0,0.0,327.45,1.72,222.0,100950.0
1990-04-13 00:00:00+00:00,13.78,95.95,0.0,0.0,0.0,324.15,1.17,231.0,100930.0
1990-04-13 01:00:00+00:00,14.22,92.7,0.0,0.0,0.0,315.75,0.62,236.0,100930.0
1990-04-13 02:00:00+00:00,13.86,92.65,0.0,0.0,0.0,306.95,0.07,211.0,100880.0
1990-04-13 03:00:00+00:00,13.35,95.95,0.0,0.0,0.0,303.65,0.28,88.0,100830.0
1990-04-13 04:00:00+00:00,12.87,99.4,0.0,0.0,0.0,300.95,0.55,72.0,100840.0
1990-04-13 05:00:00+00:00,11.74,99.4,0.0,0.0,0.0,299.4,0.97,53.0,100840.0
1990-04-13 06:00:00+00:00,10.22,99.4,14.0,66.83,11.0,297.85,1.38,46.0,100870.0
1990-04-13 07:00:00+00:00,11.51,100.0,196.0,473.39,78.0,329.0,1.59,54.0,100950.0
1990-04-13 08:00:00+00:00,14.09,92.7,412.0,685.96,108.0,335.4,2.14,55.0,100950.0
1990-04-13 09:00:00+00:00,16.62,80.8,606.0,772.75,132.0,318.35,2.55,54.0,100950.0
1990-04-13 10:00:00+00:00,19.12,65.85,775.0,853.9,136.0,314.65,3.03,55.0,100950.0
1990-04-13 11:00:00+00:00,21.3,57.55,886.0,887.0,142.0,323.2,3.24,60.0,100900.0
1990-04-13 12:00:00+00:00,22.96,48.55,935.0,900.31,144.0,330.55,2.9,75.0,100830.0
1990-04-13 13:00:00+00:00,24.08,43.9,834.0,650.84,271.0,337.7,2.21,101.0,100760.0
1990-04-13 14:00:00+00:00,24.9,38.3,621.0,299.11,382.0,342.55,2.21,130.0,100680.0
1990-04-13 15:00:00+00:00,25.02,36.95,473.0,197.05,338.0,348.95,2.41,140.0,100600.0
1990-04-13 16:00:00+00:00,24.77,36.95,507.0,717.49,126.0,352.6,2.48,142.0,100550.0
1990-04-13 17:00:00+00:00,24.23,38.15,303.0,601.88,94.0,359.55,2.48,143.0,100540.0
1990-04-13 18:00:00+00:00,23.1,45.25,104.0,403.21,45.0,346.4,2.14,143.0,100530.0
1990-04-13 19:00:00+00:00,21.11,51.65,0.0,0.0,0.0,321.25,2.14,139.0,100490.0
1990-04-13 20:00:00+00:00,19.04,55.05,0.0,0.0,0.0,313.9,2.28,134.0,100550.0
1990-04-13 21:00:00+00:00,17.47,63.2,0.0,0.0,0.0,315.05,1.93,127.0,100640.0
1990-04-13 22:00:00+00:00,15.94,70.0,0.0,0.0,0.0,306.55,1.79,89.0,100640.0
1990-04-13 23:00:00+00:00,14.85,72.4,0.0,0.0,0.0,310.2,2.07,54.0,100600.0
1990-04-14 00:00:00+00:00,14.13,74.95,0.0,0.0,0.0,302.85,2.28,42.0,100570.0
1990-04-14 01:00:00+00:00,13.93,74.85,0.0,0.0,0.0,311.7,2.34,37.0,100510.0
1990-04-14 02:00:00+00:00,14.01,74.85,0.0,0.0,0.0,329.0,2.14,33.0,100450.0
1990-04-14 03:00:00+00:00,13.88,74.85,0.0,0.0,0.0,330.55,2.0,27.0,100420.0
1990-04-14 04:00:00+00:00,13.72,74.85,0.0,0.0,0.0,329.4,2.14,30.0,100340.0
1990-04-14 05:00:00+00:00,13.34,77.5,0.0,0.0,0.0,320.85,1.79,24.0,100310.0
1990-04-14 06:00:00+00:00,12.7,83.25,11.0,0.0,11.0,318.75,1.59,0.0,100360.0
1990-04-14 07:00:00+00:00,14.5,80.45,84.0,7.88,82.0,337.9,1.03,3.0,100390.0
1990-04-14 08:00:00+00:00,16.95,67.75,244.0,89.4,204.0,342.95,0.76,7.0,100440.0
1990-04-14 09:00:00+00:00,18.51,56.95,542.0,529.7,215.0,344.5,0.28,14.0,100480.0
1990-04-14 10:00:00+00:00,20.15,51.5,398.0,58.51,354.0,353.75,1.17,166.0,100500.0
1990-04-14 11:00:00+00:00,21.67,48.3,810.0,672.14,244.0,365.95,2.41,163.0,100460.0
1990-04-14 12:00:00+00:00,22.44,46.75,746.0,416.28,379.0,372.55,2.76,177.0,100450.0
1990-04-14 13:00:00+00:00,22.89,48.55,389.0,19.59,372.0,377.0,2.9,198.0,100420.0
1990-04-14 14:00:00+00:00,22.24,52.0,676.0,422.85,337.0,385.3,2.55,224.0,100400.0
1990-04-14 15:00:00+00:00,21.47,57.55,483.0,219.58,332.0,392.1,1.86,262.0,100360.0
1990-04-14 16:00:00+00:00,21.24,59.6,148.0,0.0,148.0,381.85,2.21,288.0,100320.0
1990-04-14 17:00:00+00:00,20.49,68.3,214.0,168.62,155.0,374.3,2.69,287.0,100320.0
1990-04-14 18:00:00+00:00,19.27,75.7,36.0,0.0,36.0,364.0,2.76,264.0,100380.0
1990-04-14 19:00:00+00:00,18.06,72.9,0.0,0.0,0.0,380.45,2.97,198.0,100450.0
1990-04-14 20:00:00+00:00,16.42,86.55,0.0,0.0,0.0,381.65,3.45,187.0,100490.0
1990-04-14 21:00:00+00:00,15.67,86.5,0.0,0.0,0.0,377.95,3.45,171.0,100540.0
1990-04-14 22:00:00+00:00,15.28,89.55,0.0,0.0,0.0,373.3,3.24,167.0,100550.0
1990-04-14 23:00:00+00:00,15.07,86.5,0.0,0.0,0.0,369.45,2.9,172.0,100540.0
1990-04-15 00:00:00+00:00,14.91,89.5,0.0,0.0,0.0,365.55,2.76,182.0,100590.0
1990-04-15 01:00:00+00:00,14.64,89.5,0.0,0.0,0.0,365.3,2.41,188.0,100580.0
1990-04-15 02:00:00+00:00,14.52,89.5,0.0,0.0,0.0,369.05,2.14,200.0,100540.0
1990-04-15 03:00:00+00:00,14.52,89.5,0.0,0.0,0.0,366.75,2.14,204.0,100520.0
1990-04-15 04:00:00+00:00,14.6,89.5,0.0,0.0,0.0,371.95,2.55,200.0,100530.0
1990-04-15 05:00:00+00:00,14.63,89.5,0.0,0.0,0.0,374.3,2.76,198.0,100550.0
1990-04-15 06:00:00+00:00,14.78,89.5,17.0,55.22,14.0,378.35,2.69,197.0,100620.0
1990-04-15 07:00:00+00:00,15.19,89.55,68.0,0.0,68.0,378.15,3.1,200.0,100690.0
1990-04-15 08:00:00+00:00,15.68,89.6,66.0,0.0,66.0,373.3,2.83,201.0,100720.0
1990-04-15 09:00:00+00:00,16.73,83.65,502.0,383.13,264.0,373.1,2.9,206.0,100780.0
1990-04-15 10:00:00+00:00,18.06,78.15,642.0,431.5,316.0,361.7,2.97,214.0,100830.0
1990-04-15 11:00:00+00:00,19.39,70.65,799.0,615.14,279.0,355.3,3.17,228.0,100860.0
1990-04-15 12:00:00+00:00,19.86,68.3,737.0,382.09,399.0,348.55,3.24,240.0,100850.0
1990-04-15 13:00:00+00:00,20.7,68.4,767.0,474.38,354.0,343.7,3.31,249.0,100850.0
1990-04-15 14:00:00+00:00,21.07,61.6,798.0,739.77,203.0,338.65,3.59,250.0,100840.0
1990-04-15 15:00:00+00:00,21.14,53.6,693.0,801.19,140.0,356.5,3.72,249.0,100830.0
1990-04-15 16:00:00+00:00,21.1,53.5,521.0,755.4,116.0,337.1,3.45,249.0,100820.0
1990-04-15 17:00:00+00:00,20.57,55.3,315.0,643.9,88.0,334.4,3.45,249.0,100850.0
1990-04-15 18:00:00+00:00,19.51,59.25,100.0,322.48,51.0,329.4,3.1,247.0,100910.0
1990-04-15 19:00:00+00:00,17.83,65.55,0.0,0.0,0.0,315.25,2.55,237.0,100990.0
1990-04-15 20:00:00+00:00,16.41,75.25,0.0,0.0,0.0,310.05,2.34,231.0,101040.0
1990-04-15 21:00:00+00:00,15.36,80.6,0.0,0.0,0.0,306.75,2.21,232.0,101080.0
1990-04-15 22:00:00+00:00,14.57,86.45,0.0,0.0,0.0,307.1,1.93,232.0,101100.0
1990-04-15 23:00:00+00:00,13.83,92.65,0.0,0.0,0.0,306.55,1.72,223.0,101080.0
1990-04-16 00:00:00+00:00,12.88,95.95,0.0,0.0,0.0,306.75,1.52,208.0,101050.0
1990-04-16 01:00:00+00:00,12.04,95.95,0.0,0.0,0.0,305.7,1.45,203.0,101030.0
1990-04-16 02:00:00+00:00,11.79,95.9,0.0,0.0,0.0,305.2,1.17,207.0,100970.0
1990-04-16 03:00:00+00:00,12.7,95.95,0.0,0.0,0.0,295.9,0.55,210.0,100910.0
1990-04-16 04:00:00+00:00,12.25,99.4,0.0,0.0,0.0,291.65,0.21,136.0,100890.0
1990-04-16 05:00:00+00:00,11.87,99.4,0.0,0.0,0.0,293.95,0.28,113.0,100890.0
1990-04-16 06:00:00+00:00,11.56,99.4,2.0,0.0,2.0,297.65,0.0,4.0,100930.0
1990-04-16 07:00:00+00:00,12.32,95.95,128.0,68.53,110.0,310.2,0.34,1.0,101010.0
1990-04-16 08:00:00+00:00,14.06,86.4,223.0,48.28,201.0,314.5,0.07,71.0,101020.0
1990-04-16 09:00:00+00:00,16.2,77.95,366.0,99.2,304.0,319.5,0.07,213.0,101030.0
1990-04-16 10:00:00+00:00,18.16,68.05,699.0,563.91,271.0,322.4,0.41,272.0,101030.0
1990-04-16 11:00:00+00:00,19.37,57.2,670.0,307.59,409.0,346.0,1.17,275.0,101000.0
1990-04-16 12:00:00+00:00,20.34,51.5,306.0,1.13,305.0,345.25,1.93,272.0,100960.0
1990-04-16 13:00:00+00:00,21.01,48.05,853.0,671.01,267.0,345.05,2.55,271.0,100910.0
1990-04-16 14:00:00+00:00,21.33,44.85,819.0,780.79,189.0,352.2,2.97,269.0,100840.0
1990-04-16 15:00:00+00:00,21.33,43.25,596.0,456.17,280.0,349.9,3.24,268.0,100830.0
1990-04-16 16:00:00+00:00,21.27,41.7,459.0,475.26,203.0,358.2,3.52,271.0,100790.0
1990-04-16 17:00:00+00:00,20.76,41.55,302.0,540.6,110.0,357.05,3.45,267.0,100770.0
1990-04-16 18:00:00+00:00,19.64,46.2,108.0,387.75,48.0,339.85,3.03,250.0,100790.0
1990-04-16 19:00:00+00:00,18.05,56.85,0.0,0.0,0.0,346.6,3.24,248.0,100830.0
1990-04-16 20:00:00+00:00,16.78,63.05,0.0,0.0,0.0,322.0,2.69,253.0,100850.0
1990-04-16 21:00:00+00:00,15.96,65.15,0.0,0.0,0.0,319.7,2.48,273.0,100880.0
1990-04-16 22:00:00+00:00,15.28,62.75,0.0,0.0,0.0,314.1,2.83,293.0,100920.0
1990-04-16 23:00:00+00:00,14.78,62.65,0.0,0.0,0.0,319.3,3.03,301.0,100900.0
1990-04-17 00:00:00+00:00,13.94,67.15,0.0,0.0,0.0,302.5,2.76,301.0,100900.0
1990-04-17 01:00:00+00:00,13.14,67.05,0.0,0.0,0.0,295.6,2.28,295.0,100900.0
1990-04-17 02:00:00+00:00,12.32,71.95,0.0,0.0,0.0,292.2,2.21,285.0,100860.0
1990-04-17 03:00:00+00:00,11.72,71.85,0.0,0.0,0.0,294.35,2.28,283.0,100850.0
1990-04-17 04:00:00+00:00,11.1,74.45,0.0,0.0,0.0,286.4,2.28,281.0,100860.0
1990-04-17 05:00:00+00:00,10.56,74.4,0.0,0.0,0.0,282.35,2.21,279.0,100880.0
1990-04-17 06:00:00+00:00,10.04,79.95,22.0,47.21,19.0,278.85,2.14,277.0,100890.0
1990-04-17 07:00:00+00:00,11.04,80.1,225.0,565.57,74.0,280.4,1.86,276.0,100940.0
1990-04-17 08:00:00+00:00,12.68,74.7,433.0,700.36,111.0,282.75,2.48,292.0,100920.0
1990-04-17 09:00:00+00:00,14.22,67.25,630.0,790.47,133.0,294.15,2.62,294.0,100890.0
1990-04-17 10:00:00+00:00,15.72,56.35,545.0,215.11,381.0,299.2,3.38,294.0,100870.0
1990-04-17 11:00:00+00:00,16.94,48.9,441.0,44.62,403.0,306.15,4.0,293.0,100850.0
1990-04-17 12:00:00+00:00,17.88,44.05,910.0,778.32,217.0,329.95,4.41,297.0,100830.0
1990-04-17 13:00:00+00:00,18.44,41.05,591.0,158.68,452.0,317.55,4.41,303.0,100780.0
1990-04-17 14:00:00+00:00,19.19,36.95,690.0,417.6,352.0,326.3,4.69,307.0,100740.0
1990-04-17 15:00:00+00:00,19.67,34.45,670.0,676.07,200.0,328.2,4.76,312.0,100690.0
1990-04-17 16:00:00+00:00,19.84,33.15,523.0,733.62,126.0,326.3,4.55,316.0,100660.0
1990-04-17 17:00:00+00:00,19.71,34.45,323.0,651.27,90.0,344.85,3.38,313.0,100650.0
1990-04-17 18:00:00+00:00,19.05,39.65,93.0,203.14,61.0,347.0,2.28,297.0,100650.0
1990-04-17 19:00:00+00:00,17.49,45.55,0.0,0.0,0.0,331.3,2.21,286.0,100710.0
1990-04-17 20:00:00+00:00,16.28,48.8,0.0,0.0,0.0,320.1,2.14,279.0,100720.0
1990-04-17 21:00:00+00:00,15.02,54.1,0.0,0.0,0.0,299.95,2.0,276.0,100820.0
1990-04-17 22:00:00+00:00,13.87,60.2,0.0,0.0,0.0,300.55,2.0,272.0,100850.0
1990-04-17 23:00:00+00:00,12.73,64.55,0.0,0.0,0.0,293.75,1.93,282.0,100850.0
1990-04-18 00:00:00+00:00,11.88,69.25,0.0,0.0,0.0,293.2,1.86,311.0,100850.0
1990-04-18 01:00:00+00:00,11.35,71.75,0.0,0.0,0.0,291.55,2.07,340.0,100790.0
1990-04-18 02:00:00+00:00,11.19,71.75,0.0,0.0,0.0,298.2,2.14,359.0,100720.0
1990-04-18 03:00:00+00:00,10.76,74.4,0.0,0.0,0.0,289.5,2.07,16.0,100680.0
1990-04-18 04:00:00+00:00,10.49,77.1,0.0,0.0,0.0,289.1,2.21,32.0,100650.0
1990-04-18 05:00:00+00:00,10.44,77.1,0.0,0.0,0.0,293.0,2.34,40.0,100650.0
1990-04-18 06:00:00+00:00,10.71,74.4,31.0,146.91,21.0,302.65,2.41,45.0,100660.0
1990-04-18 07:00:00+00:00,11.86,77.3,177.0,228.56,115.0,302.3,2.14,46.0,100760.0
1990-04-18 08:00:00+00:00,14.19,67.25,397.0,502.43,164.0,307.9,2.48,45.0,100770.0
1990-04-18 09:00:00+00:00,16.14,60.75,561.0,520.23,232.0,314.1,3.24,48.0,100780.0
1990-04-18 10:00:00+00:00,17.79,52.9,716.0,592.88,262.0,320.85,3.59,50.0,100780.0
1990-04-18 11:00:00+00:00,19.04,49.45,804.0,588.51,301.0,321.65,3.38,52.0,100770.0
1990-04-18 12:00:00+00:00,20.35,44.6,923.0,809.47,200.0,327.65,3.17,52.0,100720.0
1990-04-18 13:00:00+00:00,21.21,41.7,865.0,688.62,260.0,335.2,2.62,50.0,100660.0
1990-04-18 14:00:00+00:00,21.7,40.35,766.0,603.55,276.0,344.65,2.07,44.0,100580.0
1990-04-18 15:00:00+00:00,21.96,38.9,637.0,561.91,245.0,346.6,1.72,34.0,100520.0
1990-04-18 16:00:00+00:00,21.91,38.9,405.0,286.97,249.0,353.2,1.66,20.0,100470.0
1990-04-18 17:00:00+00:00,21.59,41.7,219.0,152.63,164.0,353.4,1.66,2.0,100440.0
1990-04-18 18:00:00+00:00,20.73,46.35,47.0,6.24,46.0,348.35,1.59,342.0,100430.0
1990-04-18 19:00:00+00:00,19.44,49.55,0.0,0.0,0.0,346.4,1.52,318.0,100470.0
1990-04-18 20:00:00+00:00,17.83,61.05,0.0,0.0,0.0,334.4,1.17,296.0,100490.0
1990-04-18 21:00:00+00:00,16.61,63.05,0.0,0.0,0.0,338.1,1.1,227.0,100530.0
1990-04-18 22:00:00+00:00,15.04,75.0,0.0,0.0,0.0,335.4,1.17,205.0,100540.0
1990-04-18 23:00:00+00:00,14.13,74.95,0.0,0.0,0.0,331.1,1.31,211.0,100550.0
1990-04-19 00:00:00+00:00,13.31,80.35,0.0,0.0,0.0,327.25,1.45,220.0,100550.0
1990-04-19 01:00:00+00:00,12.85,83.25,0.0,0.0,0.0,327.75,1.59,222.0,100580.0
1990-04-19 02:00:00+00:00,12.32,89.35,0.0,0.0,0.0,320.5,1.59,224.0,100530.0
1990-04-19 03:00:00+00:00,11.98,92.55,0.0,0.0,0.0,321.65,1.52,232.0,100530.0
1990-04-19 04:00:00+00:00,11.85,89.3,0.0,0.0,0.0,318.55,1.38,246.0,100550.0
1990-04-19 05:00:00+00:00,12.15,89.35,0.0,0.0,0.0,316.4,1.1,252.0,100560.0
1990-04-19 06:00:00+00:00,13.23,83.25,39.0,234.37,22.0,305.0,0.62,238.0,100620.0
1990-04-19 07:00:00+00:00,13.49,86.3,224.0,504.59,85.0,301.5,0.41,161.0,100700.0
1990-04-19 08:00:00+00:00,15.61,77.85,442.0,707.78,111.0,308.3,0.48,187.0,100730.0
1990-04-19 09:00:00+00:00,17.61,67.95,639.0,800.31,130.0,320.5,0.48,209.0,100750.0
1990-04-19 10:00:00+00:00,19.34,61.4,807.0,877.72,132.0,319.3,0.34,220.0,100750.0
1990-04-19 11:00:00+00:00,20.86,55.45,922.0,922.24,131.0,329.75,0.34,229.0,100770.0
1990-04-19 12:00:00+00:00,21.89,46.6,970.0,935.35,132.0,338.1,0.69,258.0,100730.0
1990-04-19 13:00:00+00:00,22.69,40.6,900.0,786.5,207.0,348.35,1.45,271.0,100690.0
1990-04-19 14:00:00+00:00,23.1,39.15,844.0,844.9,156.0,352.2,1.93,271.0,100620.0
1990-04-19 15:00:00+00:00,23.19,36.55,649.0,595.7,232.0,361.7,2.21,267.0,100610.0
1990-04-19 16:00:00+00:00,23.05,37.75,483.0,542.07,187.0,372.15,2.34,261.0,100580.0
1990-04-19 17:00:00+00:00,22.85,37.75,313.0,567.63,107.0,355.9,2.62,253.0,100590.0
1990-04-19 18:00:00+00:00,21.73,43.4,114.0,380.23,52.0,329.4,2.83,240.0,100600.0
1990-04-19 19:00:00+00:00,19.65,49.7,0.0,0.0,0.0,333.25,3.45,242.0,100650.0
1990-04-19 20:00:00+00:00,18.23,54.95,0.0,0.0,0.0,319.3,3.1,249.0,100710.0
1990-04-19 21:00:00+00:00,17.11,54.7,0.0,0.0,0.0,308.1,2.62,264.0,100790.0
1990-04-19 22:00:00+00:00,16.19,54.45,0.0,0.0,0.0,302.65,2.41,286.0,100860.0
1990-04-19 23:00:00+00:00,15.31,56.25,0.0,0.0,0.0,300.15,2.34,301.0,100860.0
1990-04-20 00:00:00+00:00,14.36,60.3,0.0,0.0,0.0,297.45,2.21,309.0,100890.0
1990-04-20 01:00:00+00:00,13.31,67.05,0.0,0.0,0.0,294.45,2.0,312.0,100880.0
1990-04-20 02:00:00+00:00,12.34,71.95,0.0,0.0,0.0,291.05,1.79,310.0,100850.0
1990-04-20 03:00:00+00:00,11.55,74.55,0.0,0.0,0.0,288.15,1.66,306.0,100810.0
1990-04-20 04:00:00+00:00,10.8,80.05,0.0,0.0,0.0,285.85,1.52,306.0,100810.0
1990-04-20 05:00:00+00:00,10.14,82.95,0.0,0.0,0.0,284.5,1.45,310.0,100820.0
1990-04-20 06:00:00+00:00,9.93,85.95,41.0,233.96,23.0,283.9,1.31,314.0,100850.0
1990-04-20 07:00:00+00:00,11.87,80.15,236.0,561.49,79.0,285.65,0.76,314.0,100950.0
1990-04-20 08:00:00+00:00,14.52,69.75,448.0,714.74,111.0,290.1,0.97,339.0,100970.0
1990-04-20 09:00:00+00:00,16.16,62.95,645.0,805.27,130.0,295.9,0.69,332.0,100980.0
1990-04-20 10:00:00+00:00,17.87,58.9,813.0,883.13,131.0,303.45,0.83,292.0,100970.0
1990-04-20 11:00:00+00:00,19.5,53.25,923.0,914.46,136.0,310.8,1.38,277.0,100970.0
1990-04-20 12:00:00+00:00,20.99,48.05,976.0,939.24,132.0,317.55,2.28,283.0,100900.0
1990-04-20 13:00:00+00:00,22.06,43.4,915.0,821.62,189.0,341.55,2.9,286.0,100870.0
1990-04-20 14:00:00+00:00,22.58,40.5,817.0,742.02,211.0,362.85,3.17,285.0,100810.0
1990-04-20 15:00:00+00:00,22.66,37.75,723.0,841.43,132.0,373.3,3.31,281.0,100780.0
1990-04-20 16:00:00+00:00,22.64,36.4,536.0,758.47,120.0,364.4,3.38,277.0,100740.0
1990-04-20 17:00:00+00:00,22.26,37.65,304.0,498.0,122.0,347.55,3.38,271.0,100720.0
1990-04-20 18:00:00+00:00,21.1,46.35,119.0,410.1,51.0,324.15,2.97,256.0,100700.0
1990-04-20 19:00:00+00:00,18.94,61.3,0.0,0.0,0.0,323.2,3.24,249.0,100760.0
1990-04-20 20:00:00+00:00,17.51,67.85,0.0,0.0,0.0,314.5,2.76,251.0,100800.0
1990-04-20 21:00:00+00:00,16.64,70.2,0.0,0.0,0.0,317.4,2.34,258.0,100850.0
1990-04-20 22:00:00+00:00,15.86,75.15,0.0,0.0,0.0,311.2,2.21,272.0,100880.0
1990-04-20 23:00:00+00:00,15.18,77.8,0.0,0.0,0.0,313.5,2.0,279.0,100850.0
1990-04-21 00:00:00+00:00,14.31,83.4,0.0,0.0,0.0,310.4,1.72,273.0,100810.0
1990-04-21 01:00:00+00:00,13.34,89.4,0.0,0.0,0.0,308.4,1.52,256.0,100780.0
1990-04-21 02:00:00+00:00,12.53,92.6,0.0,0.0,0.0,309.85,1.59,247.0,100710.0
1990-04-21 03:00:00+00:00,12.03,95.9,0.0,0.0,0.0,309.45,1.66,244.0,100650.0
1990-04-21 04:00:00+00:00,11.85,95.9,0.0,0.0,0.0,315.05,1.72,241.0,100640.0
1990-04-21 05:00:00+00:00,11.63,95.9,0.0,0.0,0.0,312.95,1.72,242.0,100630.0
1990-04-21 06:00:00+00:00,11.43,99.35,43.0,221.47,25.0,313.7,1.66,237.0,100620.0
1990-04-21 07:00:00+00:00,13.53,92.65,234.0,539.33,81.0,351.25,2.07,238.0,100720.0
1990-04-21 08:00:00+00:00,14.32,86.4,405.0,511.28,162.0,351.65,2.41,244.0,100700.0
1990-04-21 09:00:00+00:00,15.75,75.15,489.0,304.83,293.0,341.4,2.76,238.0,100690.0
1990-04-21 10:00:00+00:00,17.04,70.2,619.0,344.34,352.0,370.8,3.17,236.0,100670.0
1990-04-21 11:00:00+00:00,17.61,65.55,561.0,143.61,437.0,381.65,3.38,235.0,100640.0
1990-04-21 12:00:00+00:00,18.54,65.65,112.0,0.0,112.0,380.45,3.86,234.0,100580.0
1990-04-21 13:00:00+00:00,18.92,65.75,608.0,179.44,449.0,376.4,4.41,229.0,100510.0
1990-04-21 14:00:00+00:00,18.88,65.75,477.0,89.13,404.0,362.1,5.52,224.0,100380.0
1990-04-21 15:00:00+00:00,19.6,63.7,200.0,0.0,200.0,360.95,5.66,231.0,100350.0
1990-04-21 16:00:00+00:00,17.86,70.35,270.0,47.2,244.0,352.2,5.03,241.0,100300.0
1990-04-21 17:00:00+00:00,17.54,75.4,198.0,92.39,164.0,358.2,4.14,253.0,100320.0
1990-04-21 18:00:00+00:00,17.13,72.8,120.0,403.43,52.0,344.3,2.83,258.0,100280.0
1990-04-21 19:00:00+00:00,15.97,80.65,0.0,0.0,0.0,341.75,2.28,245.0,100300.0
1990-04-21 20:00:00+00:00,15.28,83.5,0.0,0.0,0.0,344.85,1.93,227.0,100340.0
1990-04-21 21:00:00+00:00,14.81,83.45,0.0,0.0,0.0,338.85,2.0,218.0,100390.0
1990-04-21 22:00:00+00:00,13.92,86.35,0.0,0.0,0.0,312.35,2.07,222.0,100380.0
1990-04-21 23:00:00+00:00,13.39,83.25,0.0,0.0,0.0,318.35,2.0,237.0,100360.0
1990-04-22 00:00:00+00:00,13.0,80.3,0.0,0.0,0.0,325.5,2.0,255.0,100360.0
1990-04-22 01:00:00+00:00,12.16,74.6,0.0,0.0,0.0,307.05,2.0,267.0,100310.0
1990-04-22 02:00:00+00:00,11.62,71.85,0.0,0.0,0.0,312.75,1.86,268.0,100260.0
1990-04-22 03:00:00+00:00,11.05,71.75,0.0,0.0,0.0,308.85,1.72,262.0,100210.0
1990-04-22 04:00:00+00:00,10.47,77.1,0.0,0.0,0.0,301.1,1.66,249.0,100210.0
1990-04-22 05:00:00+00:00,10.52,74.4,0.0,0.0,0.0,325.9,1.59,233.0,100240.0
1990-04-22 06:00:00+00:00,9.95,82.9,49.0,268.86,26.0,297.45,1.72,219.0,100250.0
1990-04-22 07:00:00+00:00,11.09,80.1,251.0,608.3,76.0,301.7,1.31,199.0,100330.0
1990-04-22 08:00:00+00:00,12.82,72.05,464.0,745.34,107.0,308.65,1.66,182.0,100350.0
1990-04-22 09:00:00+00:00,14.65,58.25,659.0,823.05,127.0,305.75,2.21,182.0,100340.0
1990-04-22 10:00:00+00:00,15.98,50.5,625.0,336.56,363.0,305.0,2.41,190.0,100340.0
1990-04-22 11:00:00+00:00,17.05,45.45,367.0,11.54,357.0,345.65,2.48,189.0,100310.0
1990-04-22 12:00:00+00:00,17.49,45.55,195.0,0.0,195.0,348.75,2.55,193.0,100280.0
1990-04-22 13:00:00+00:00,18.03,44.05,626.0,191.34,456.0,350.3,2.76,200.0,100220.0
1990-04-22 14:00:00+00:00,17.94,45.7,735.0,497.96,326.0,362.85,3.03,209.0,100190.0
1990-04-22 15:00:00+00:00,17.65,45.7,120.0,0.0,120.0,360.95,3.24,217.0,100140.0
1990-04-22 16:00:00+00:00,17.4,47.3,558.0,818.83,105.0,354.95,3.38,226.0,100110.0
1990-04-22 17:00:00+00:00,16.89,50.75,249.0,224.02,166.0,342.55,3.31,236.0,100100.0
1990-04-22 18:00:00+00:00,16.31,52.5,95.0,157.63,68.0,319.7,2.76,238.0,100110.0
1990-04-22 19:00:00+00:00,15.43,60.5,0.0,0.0,0.0,312.55,2.14,251.0,100160.0
1990-04-22 20:00:00+00:00,14.27,67.25,0.0,0.0,0.0,303.25,1.45,274.0,100210.0
1990-04-22 21:00:00+00:00,12.94,80.3,0.0,0.0,0.0,303.65,1.17,322.0,100260.0
1990-04-22 22:00:00+00:00,12.01,83.1,0.0,0.0,0.0,304.2,1.24,341.0,100290.0
1990-04-22 23:00:00+00:00,11.22,86.1,0.0,0.0,0.0,303.25,1.31,348.0,100260.0
1990-04-23 00:00:00+00:00,10.89,89.25,0.0,0.0,0.0,307.1,1.24,4.0,100250.0
1990-04-23 01:00:00+00:00,10.86,86.05,0.0,0.0,0.0,302.0,1.1,11.0,100200.0
1990-04-23 02:00:00+00:00,10.47,89.2,0.0,0.0,0.0,306.35,1.1,22.0,100120.0
1990-04-23 03:00:00+00:00,10.18,89.2,0.0,0.0,0.0,305.75,1.1,25.0,100050.0
1990-04-23 04:00:00+00:00,9.77,92.45,0.0,0.0,0.0,308.85,1.24,43.0,100060.0
1990-04-23 05:00:00+00:00,9.61,92.45,0.0,0.0,0.0,321.65,1.45,40.0,100050.0
1990-04-23 06:00:00+00:00,10.25,92.5,16.0,0.0,16.0,341.55,1.31,39.0,100070.0
1990-04-23 07:00:00+00:00,11.59,89.3,22.0,0.0,22.0,353.0,1.1,9.0,100160.0
1990-04-23 08:00:00+00:00,12.57,86.25,76.0,0.0,76.0,349.9,1.24,3.0,100190.0
1990-04-23 09:00:00+00:00,13.48,83.25,130.0,0.0,130.0,333.45,1.66,357.0,100130.0
1990-04-23 10:00:00+00:00,14.61,75.0,80.0,0.0,80.0,332.3,2.21,348.0,100070.0
1990-04-23 11:00:00+00:00,16.28,70.1,429.0,35.67,398.0,335.75,2.62,354.0,100010.0
1990-04-23 12:00:00+00:00,18.1,59.05,787.0,453.49,376.0,359.95,3.1,14.0,99970.0
1990-04-23 13:00:00+00:00,19.41,55.2,536.0,99.91,447.0,371.55,3.17,42.0,99900.0
1990-04-23 14:00:00+00:00,20.07,55.3,208.0,0.0,208.0,387.85,2.0,55.0,99830.0
1990-04-23 15:00:00+00:00,21.21,51.75,326.0,26.79,307.0,388.6,1.24,39.0,99740.0
1990-04-23 16:00:00+00:00,21.8,51.9,161.0,0.0,161.0,379.1,1.17,295.0,99690.0
1990-04-23 17:00:00+00:00,21.91,51.9,120.0,2.68,119.0,365.75,2.21,268.0,99690.0
1990-04-23 18:00:00+00:00,21.05,57.45,57.0,17.24,54.0,352.4,2.69,256.0,99650.0
1990-04-23 19:00:00+00:00,16.51,86.55,0.0,0.0,0.0,358.0,2.9,254.0,99790.0
1990-04-23 20:00:00+00:00,15.49,89.55,0.0,0.0,0.0,352.4,2.97,261.0,99770.0
1990-04-23 21:00:00+00:00,14.79,92.7,0.0,0.0,0.0,337.1,2.48,231.0,99830.0
1990-04-23 22:00:00+00:00,14.36,96.0,0.0,0.0,0.0,343.3,2.34,213.0,99830.0
1990-04-23 23:00:00+00:00,14.07,92.7,0.0,0.0,0.0,345.45,2.21,206.0,99830.0
1990-04-24 00:00:00+00:00,13.75,95.95,0.0,0.0,0.0,342.15,1.93,207.0,99820.0
1990-04-24 01:00:00+00:00,13.52,99.4,0.0,0.0,0.0,342.85,1.38,210.0,99780.0
1990-04-24 02:00:00+00:00,12.9,99.4,0.0,0.0,0.0,329.95,1.03,205.0,99740.0
1990-04-24 03:00:00+00:00,12.52,100.0,0.0,0.0,0.0,322.05,0.48,238.0,99670.0
1990-04-24 04:00:00+00:00,12.08,99.4,0.0,0.0,0.0,330.35,0.41,31.0,99650.0
1990-04-24 05:00:00+00:00,11.33,99.35,0.0,0.0,0.0,329.95,0.83,48.0,99670.0
1990-04-24 06:00:00+00:00,11.01,99.4,43.0,117.16,32.0,334.8,0.9,38.0,99710.0
1990-04-24 07:00:00+00:00,13.13,95.95,194.0,240.29,123.0,331.9,0.28,308.0,99890.0
1990-04-24 08:00:00+00:00,14.64,86.45,233.0,45.25,211.0,335.75,0.55,25.0,99950.0
1990-04-24 09:00:00+00:00,15.85,80.65,398.0,124.06,317.0,349.3,0.76,55.0,99970.0
1990-04-24 10:00:00+00:00,17.36,72.8,413.0,56.09,369.0,352.0,0.69,85.0,99990.0
1990-04-24 11:00:00+00:00,18.68,65.75,661.0,276.48,420.0,349.1,0.48,124.0,99990.0
1990-04-24 12:00:00+00:00,20.15,61.5,812.0,508.39,350.0,355.5,0.34,145.0,100000.0
1990-04-24 13:00:00+00:00,21.5,57.55,840.0,615.83,290.0,360.95,0.28,107.0,99990.0
1990-04-24 14:00:00+00:00,21.95,53.75,735.0,514.63,310.0,384.15,0.48,205.0,99980.0
1990-04-24 15:00:00+00:00,22.23,52.0,639.0,556.58,243.0,393.25,1.38,231.0,99950.0
1990-04-24 16:00:00+00:00,22.68,52.1,492.0,562.84,178.0,363.65,2.41,228.0,99910.0
1990-04-24 17:00:00+00:00,22.46,53.85,108.0,0.0,108.0,349.5,2.97,237.0,99910.0
1990-04-24 18:00:00+00:00,21.58,61.7,58.0,16.98,55.0,345.45,2.83,245.0,99970.0
1990-04-24 19:00:00+00:00,19.8,63.7,0.0,0.0,0.0,353.75,2.14,248.0,100120.0
1990-04-24 20:00:00+00:00,18.34,72.95,0.0,0.0,0.0,352.6,2.28,240.0,100240.0
1990-04-24 21:00:00+00:00,17.3,80.85,0.0,0.0,0.0,352.8,2.62,261.0,100230.0
1990-04-24 22:00:00+00:00,16.38,86.55,0.0,0.0,0.0,332.65,2.14,260.0,100250.0
1990-04-24 23:00:00+00:00,15.55,89.55,0.0,0.0,0.0,324.35,2.0,231.0,100250.0
1990-04-25 00:00:00+00:00,14.85,92.7,0.0,0.0,0.0,321.45,2.28,213.0,100260.0
1990-04-25 01:00:00+00:00,14.28,92.7,0.0,0.0,0.0,318.25,2.14,206.0,100230.0
1990-04-25 02:00:00+00:00,13.73,95.95,0.0,0.0,0.0,315.65,1.79,194.0,100230.0
1990-04-25 03:00:00+00:00,13.12,95.95,0.0,0.0,0.0,313.3,1.45,172.0,100240.0
1990-04-25 04:00:00+00:00,12.36,99.4,0.0,0.0,0.0,309.25,1.38,151.0,100250.0
1990-04-25 05:00:00+00:00,11.73,99.4,0.0,0.0,0.0,312.35,1.17,133.0,100290.0
1990-04-25 06:00:00+00:00,12.11,99.4,30.0,20.42,28.0,322.4,0.83,104.0,100360.0
1990-04-25 07:00:00+00:00,13.73,99.4,158.0,96.9,129.0,359.4,0.97,114.0,100520.0
1990-04-25 08:00:00+00:00,15.31,89.55,258.0,73.52,222.0,354.55,1.17,76.0,100580.0
1990-04-25 09:00:00+00:00,17.34,80.85,426.0,161.56,320.0,343.9,1.59,64.0,100580.0
1990-04-25 10:00:00+00:00,19.4,70.65,741.0,631.28,244.0,342.15,1.93,65.0,100590.0
1990-04-25 11:00:00+00:00,21.23,61.7,916.0,883.02,144.0,339.85,2.0,68.0,100590.0
1990-04-25 12:00:00+00:00,22.84,54.0,987.0,955.95,116.0,332.1,1.93,70.0,100600.0
1990-04-25 13:00:00+00:00,24.02,48.8,967.0,950.46,116.0,338.3,1.45,61.0,100530.0
1990-04-25 14:00:00+00:00,25.05,44.15,873.0,902.16,126.0,340.6,1.1,44.0,100510.0
1990-04-25 15:00:00+00:00,25.72,38.55,721.0,822.49,134.0,346.6,0.83,32.0,100470.0
1990-04-25 16:00:00+00:00,26.04,37.2,534.0,728.34,126.0,354.35,0.28,13.0,100450.0
1990-04-25 17:00:00+00:00,26.18,36.05,329.0,600.62,102.0,353.95,0.62,219.0,100470.0
1990-04-25 18:00:00+00:00,24.98,45.75,120.0,328.86,61.0,346.4,2.14,220.0,100490.0
1990-04-25 19:00:00+00:00,20.95,70.8,0.0,0.0,0.0,339.65,3.66,234.0,100620.0
1990-04-25 20:00:00+00:00,18.81,78.3,0.0,0.0,0.0,332.85,3.31,236.0,100710.0
1990-04-25 21:00:00+00:00,17.46,86.65,0.0,0.0,0.0,327.05,2.83,241.0,100810.0
1990-04-25 22:00:00+00:00,16.5,89.65,0.0,0.0,0.0,323.55,2.48,240.0,100860.0
1990-04-25 23:00:00+00:00,15.76,92.75,0.0,0.0,0.0,321.65,2.41,230.0,100890.0
1990-04-26 00:00:00+00:00,15.17,92.75,0.0,0.0,0.0,319.5,2.28,223.0,100890.0
1990-04-26 01:00:00+00:00,14.7,96.0,0.0,0.0,0.0,317.3,2.07,216.0,100860.0
1990-04-26 02:00:00+00:00,14.47,99.35,0.0,0.0,0.0,329.0,1.86,204.0,100860.0
1990-04-26 03:00:00+00:00,14.15,96.0,0.0,0.0,0.0,326.65,1.79,192.0,100840.0
1990-04-26 04:00:00+00:00,14.16,96.0,0.0,0.0,0.0,342.15,1.59,186.0,100840.0
1990-04-26 05:00:00+00:00,14.18,96.0,0.0,0.0,0.0,355.1,1.24,178.0,100860.0
1990-04-26 06:00:00+00:00,14.17,96.0,39.0,49.04,34.0,360.15,0.9,161.0,100890.0
1990-04-26 07:00:00+00:00,14.72,96.0,119.0,23.1,112.0,358.4,0.76,168.0,100990.0
1990-04-26 08:00:00+00:00,15.83,89.6,176.0,6.08,173.0,365.0,0.14,147.0,101030.0
1990-04-26 09:00:00+00:00,17.43,83.7,218.0,1.52,217.0,371.4,0.28,20.0,101050.0
1990-04-26 10:00:00+00:00,19.63,75.75,257.0,1.27,256.0,360.55,0.14,358.0,101060.0
1990-04-26 11:00:00+00:00,21.67,71.0,426.0,33.07,397.0,342.75,0.34,249.0,101030.0
1990-04-26 12:00:00+00:00,23.63,66.55,800.0,474.02,367.0,344.5,0.76,242.0,100980.0
1990-04-26 13:00:00+00:00,25.1,60.35,950.0,909.13,134.0,351.65,1.24,247.0,100920.0
1990-04-26 14:00:00+00:00,26.05,56.6,867.0,885.38,132.0,361.5,1.72,256.0,100890.0
1990-04-26 15:00:00+00:00,26.58,54.8,716.0,806.03,139.0,368.85,2.14,256.0,100850.0
1990-04-26 16:00:00+00:00,26.52,54.8,531.0,712.96,130.0,374.65,2.48,249.0,100830.0
1990-04-26 17:00:00+00:00,26.07,58.55,218.0,126.19,170.0,372.15,2.83,242.0,100810.0
1990-04-26 18:00:00+00:00,24.84,64.6,124.0,345.99,61.0,373.1,2.69,231.0,100830.0
1990-04-26 19:00:00+00:00,22.36,73.55,0.0,0.0,0.0,370.8,2.83,230.0,100880.0
1990-04-26 20:00:00+00:00,20.7,78.5,0.0,0.0,0.0,364.0,2.83,222.0,100930.0
1990-04-26 21:00:00+00:00,19.26,83.9,0.0,0.0,0.0,352.2,2.55,219.0,100980.0
1990-04-26 22:00:00+00:00,18.28,89.75,0.0,0.0,0.0,353.75,2.41,215.0,101010.0
1990-04-26 23:00:00+00:00,17.45,92.85,0.0,0.0,0.0,347.2,2.28,212.0,100990.0
1990-04-27 00:00:00+00:00,16.85,96.05,0.0,0.0,0.0,344.1,2.21,212.0,100960.0
1990-04-27 01:00:00+00:00,16.42,96.05,0.0,0.0,0.0,342.85,2.14,217.0,100940.0
1990-04-27 02:00:00+00:00,16.06,99.4,0.0,0.0,0.0,342.55,2.07,220.0,100890.0
1990-04-27 03:00:00+00:00,15.89,99.4,0.0,0.0,0.0,348.35,1.86,224.0,100860.0
1990-04-27 04:00:00+00:00,15.87,99.4,0.0,0.0,0.0,363.65,1.52,224.0,100870.0
1990-04-27 05:00:00+00:00,15.74,96.0,0.0,0.0,0.0,362.5,1.31,224.0,100890.0
1990-04-27 06:00:00+00:00,15.79,96.0,33.0,18.89,31.0,369.45,1.03,228.0,100920.0
1990-04-27 07:00:00+00:00,15.97,99.4,112.0,13.05,108.0,382.2,1.79,211.0,100970.0
1990-04-27 08:00:00+00:00,16.79,92.8,172.0,4.03,170.0,381.65,2.14,218.0,100990.0
1990-04-27 09:00:00+00:00,18.72,81.05,225.0,3.02,223.0,381.65,1.66,224.0,101000.0
1990-04-27 10:00:00+00:00,20.32,78.45,356.0,22.7,338.0,381.05,1.45,226.0,100980.0
1990-04-27 11:00:00+00:00,22.12,73.45,679.0,300.24,415.0,384.55,1.59,230.0,100960.0
1990-04-27 12:00:00+00:00,23.88,64.4,974.0,922.74,129.0,376.4,1.86,230.0,100880.0
1990-04-27 13:00:00+00:00,25.39,60.45,953.0,916.97,128.0,367.7,2.48,235.0,100800.0
1990-04-27 14:00:00+00:00,26.13,58.55,861.0,868.73,138.0,371.75,3.17,241.0,100740.0
1990-04-27 15:00:00+00:00,26.51,54.8,711.0,791.1,143.0,369.85,3.66,244.0,100670.0
1990-04-27 16:00:00+00:00,26.23,54.8,522.0,669.39,144.0,366.95,4.0,242.0,100610.0
1990-04-27 17:00:00+00:00,25.16,58.35,328.0,582.52,105.0,365.2,3.93,236.0,100560.0
1990-04-27 18:00:00+00:00,23.72,60.15,125.0,335.57,63.0,367.5,3.24,227.0,100550.0
1990-04-27 19:00:00+00:00,21.54,66.15,0.0,0.0,0.0,360.75,3.17,221.0,100560.0
1990-04-27 20:00:00+00:00,19.79,68.3,0.0,0.0,0.0,340.8,2.97,215.0,100560.0
1990-04-27 21:00:00+00:00,18.53,75.55,0.0,0.0,0.0,333.65,2.69,211.0,100610.0
1990-04-27 22:00:00+00:00,17.59,78.15,0.0,0.0,0.0,330.15,2.48,206.0,100610.0
1990-04-27 23:00:00+00:00,16.87,83.65,0.0,0.0,0.0,329.4,2.41,201.0,100580.0
1990-04-28 00:00:00+00:00,16.31,89.65,0.0,0.0,0.0,326.85,2.34,197.0,100530.0
1990-04-28 01:00:00+00:00,15.82,92.75,0.0,0.0,0.0,324.65,2.28,196.0,100480.0
1990-04-28 02:00:00+00:00,15.38,96.0,0.0,0.0,0.0,320.5,2.14,199.0,100420.0
1990-04-28 03:00:00+00:00,14.99,96.0,0.0,0.0,0.0,317.55,1.93,202.0,100370.0
1990-04-28 04:00:00+00:00,14.64,96.0,0.0,0.0,0.0,316.6,1.59,202.0,100370.0
1990-04-28 05:00:00+00:00,14.2,99.35,0.0,0.0,0.0,315.65,1.52,197.0,100350.0
1990-04-28 06:00:00+00:00,14.03,100.0,41.0,45.57,36.0,323.0,1.45,191.0,100360.0
1990-04-28 07:00:00+00:00,15.48,96.0,146.0,58.03,128.0,364.8,2.0,201.0,100430.0
1990-04-28 08:00:00+00:00,17.13,86.65,177.0,6.0,174.0,371.2,1.45,208.0,100450.0
1990-04-28 09:00:00+00:00,18.98,78.3,134.0,0.0,134.0,369.85,0.62,211.0,100470.0
1990-04-28 10:00:00+00:00,20.7,70.8,174.0,0.0,174.0,357.45,0.41,206.0,100500.0
1990-04-28 11:00:00+00:00,22.21,64.1,250.0,0.0,250.0,366.55,0.55,240.0,100470.0
1990-04-28 12:00:00+00:00,23.8,58.1,742.0,345.33,425.0,356.5,0.9,270.0,100440.0
1990-04-28 13:00:00+00:00,24.65,54.35,925.0,823.9,182.0,359.55,1.17,290.0,100370.0
1990-04-28 14:00:00+00:00,25.45,47.5,873.0,883.36,136.0,352.6,1.24,298.0,100290.0
1990-04-28 15:00:00+00:00,25.91,42.9,730.0,827.68,134.0,365.4,1.31,285.0,100240.0
1990-04-28 16:00:00+00:00,25.84,42.9,540.0,723.21,130.0,366.55,1.79,254.0,100190.0
1990-04-28 17:00:00+00:00,25.08,49.05,338.0,610.02,103.0,360.35,2.9,234.0,100180.0
1990-04-28 18:00:00+00:00,23.06,59.95,130.0,362.83,62.0,350.85,3.72,224.0,100190.0
1990-04-28 19:00:00+00:00,19.89,70.7,0.0,0.0,0.0,347.95,3.52,235.0,100300.0
1990-04-28 20:00:00+00:00,18.27,75.55,0.0,0.0,0.0,339.65,3.03,238.0,100340.0
1990-04-28 21:00:00+00:00,17.17,80.85,0.0,0.0,0.0,328.2,2.48,232.0,100430.0
1990-04-28 22:00:00+00:00,16.34,83.6,0.0,0.0,0.0,324.35,2.07,226.0,100450.0
1990-04-28 23:00:00+00:00,15.75,86.5,0.0,0.0,0.0,328.05,1.93,224.0,100460.0
1990-04-29 00:00:00+00:00,15.3,89.55,0.0,0.0,0.0,333.25,1.93,224.0,100450.0
1990-04-29 01:00:00+00:00,15.09,86.5,0.0,0.0,0.0,344.0,1.86,224.0,100430.0
1990-04-29 02:00:00+00:00,14.91,89.5,0.0,0.0,0.0,349.7,1.79,226.0,100400.0
1990-04-29 03:00:00+00:00,14.84,89.5,0.0,0.0,0.0,364.2,1.38,227.0,100350.0
1990-04-29 04:00:00+00:00,14.6,89.5,0.0,0.0,0.0,363.65,0.97,224.0,100360.0
1990-04-29 05:00:00+00:00,14.42,92.7,0.0,0.0,0.0,372.35,0.41,209.0,100350.0
1990-04-29 06:00:00+00:00,14.21,92.7,41.0,35.25,37.0,372.15,0.28,108.0,100380.0
1990-04-29 07:00:00+00:00,14.97,89.5,111.0,9.56,108.0,377.4,0.76,195.0,100450.0
1990-04-29 08:00:00+00:00,16.02,80.65,162.0,1.99,161.0,352.0,0.62,170.0,100470.0
1990-04-29 09:00:00+00:00,17.29,72.8,213.0,1.5,212.0,347.4,0.69,136.0,100470.0
1990-04-29 10:00:00+00:00,18.92,68.1,197.0,0.0,197.0,351.05,0.62,155.0,100460.0
1990-04-29 11:00:00+00:00,20.46,63.7,316.0,2.26,314.0,370.8,0.69,197.0,100430.0
1990-04-29 12:00:00+00:00,22.21,55.8,738.0,329.3,435.0,344.85,0.97,228.0,100370.0
1990-04-29 13:00:00+00:00,23.45,52.25,939.0,847.48,173.0,349.1,1.17,249.0,100330.0
1990-04-29 14:00:00+00:00,24.24,47.25,886.0,903.94,130.0,358.4,1.38,264.0,100280.0
1990-04-29 15:00:00+00:00,24.64,45.6,734.0,825.3,138.0,354.35,1.59,272.0,100230.0
1990-04-29 16:00:00+00:00,24.73,42.65,550.0,745.02,126.0,359.4,1.79,272.0,100210.0
1990-04-29 17:00:00+00:00,24.38,45.6,349.0,650.11,97.0,350.5,2.07,261.0,100190.0
1990-04-29 18:00:00+00:00,23.51,52.25,138.0,415.65,59.0,348.75,2.21,246.0,100200.0
1990-04-29 19:00:00+00:00,21.54,61.7,0.0,0.0,0.0,338.3,2.48,239.0,100190.0
1990-04-29 20:00:00+00:00,19.67,68.3,0.0,0.0,0.0,329.0,2.55,243.0,100240.0
1990-04-29 21:00:00+00:00,18.26,78.25,0.0,0.0,0.0,324.35,2.21,253.0,100280.0
1990-04-29 22:00:00+00:00,17.23,83.7,0.0,0.0,0.0,321.05,1.86,259.0,100300.0
1990-04-29 23:00:00+00:00,16.39,89.65,0.0,0.0,0.0,317.75,1.59,248.0,100290.0
1990-04-30 00:00:00+00:00,15.46,96.0,0.0,0.0,0.0,315.45,1.59,226.0,100280.0
1990-04-30 01:00:00+00:00,14.62,96.0,0.0,0.0,0.0,314.8,1.52,211.0,100270.0
1990-04-30 02:00:00+00:00,13.85,99.4,0.0,0.0,0.0,313.1,1.52,199.0,100220.0
1990-04-30 03:00:00+00:00,13.16,99.4,0.0,0.0,0.0,310.8,1.45,188.0,100170.0
1990-04-30 04:00:00+00:00,12.85,99.4,0.0,0.0,0.0,308.5,1.31,176.0,100150.0
1990-04-30 05:00:00+00:00,12.99,100.0,0.0,0.0,0.0,312.35,1.1,162.0,100150.0
1990-04-30 06:00:00+00:00,13.46,99.4,68.0,230.42,41.0,324.35,0.76,143.0,100150.0
1990-04-30 07:00:00+00:00,14.67,96.0,239.0,375.33,120.0,360.95,0.48,129.0,100200.0
1990-04-30 08:00:00+00:00,16.17,89.65,473.0,679.99,129.0,372.15,0.34,72.0,100230.0
1990-04-30 09:00:00+00:00,17.93,80.9,669.0,787.12,141.0,364.6,0.28,57.0,100230.0
1990-04-30 10:00:00+00:00,19.97,70.7,837.0,873.14,138.0,364.6,0.07,336.0,100240.0
1990-04-30 11:00:00+00:00,21.91,64.0,947.0,915.02,136.0,352.0,0.48,249.0,100200.0
1990-04-30 12:00:00+00:00,23.51,56.0,1002.0,950.95,125.0,351.45,1.03,234.0,100180.0
1990-04-30 13:00:00+00:00,24.61,48.95,982.0,944.95,126.0,365.95,1.59,235.0,100120.0
1990-04-30 14:00:00+00:00,25.18,41.25,892.0,910.15,129.0,355.1,1.93,246.0,100080.0
1990-04-30 15:00:00+00:00,25.45,41.25,743.0,842.31,133.0,354.35,2.21,253.0,100050.0
1990-04-30 16:00:00+00:00,25.21,52.75,558.0,761.44,123.0,355.69,2.49,259.0,100010.0
1990-04-30 17:00:00+00:00,23.79,55.75,351.0,648.72,98.0,349.03,2.38,259.0,100000.0
1990-04-30 18:00:00+00:00,22.36,58.75,141.0,415.16,61.0,342.36,2.27,255.0,99980.0
1990-04-30 19:00:00+00:00,20.94,61.76,0.0,0.0,0.0,335.7,2.16,262.0,99930.0
1990-04-30 20:00:00+00:00,19.51,64.76,0.0,0.0,0.0,329.04,2.05,263.0,99980.0
1990-04-30 21:00:00+00:00,18.09,67.76,0.0,0.0,0.0,322.38,1.94,260.0,100030.0
1990-04-30 22:00:00+00:00,16.66,70.76,0.0,0.0,0.0,315.72,1.83,244.0,100080.0
1990-04-30 23:00:00+00:00,15.24,73.77,0.0,0.0,0.0,309.06,1.72,222.0,100080.0
1990-05-01 00:00:00+00:00,13.81,76.77,0.0,0.0,0.0,302.39,1.61,240.0,100690.0
1990-05-01 01:00:00+00:00,12.39,79.77,0.0,0.0,0.0,295.73,1.5,207.0,100650.0
1990-05-01 02:00:00+00:00,10.96,82.78,0.0,0.0,0.0,289.07,1.4,155.0,100610.0
1990-05-01 03:00:00+00:00,9.54,85.78,0.0,0.0,0.0,282.41,1.29,137.0,100590.0
1990-05-01 04:00:00+00:00,8.12,88.78,0.0,0.0,0.0,275.75,1.18,129.0,100610.0
1990-05-01 05:00:00+00:00,6.69,91.78,0.0,0.0,0.0,269.09,1.07,110.0,100610.0
1990-05-01 06:00:00+00:00,5.27,94.79,68.0,198.69,44.0,262.42,0.96,85.0,100680.0
1990-05-01 07:00:00+00:00,3.84,97.79,274.0,564.96,93.0,255.76,0.85,84.0,100800.0
1990-05-01 08:00:00+00:00,12.81,69.45,488.0,721.16,121.0,280.8,1.38,80.0,100800.0
1990-05-01 09:00:00+00:00,14.89,60.4,682.0,806.22,139.0,287.75,1.66,78.0,100820.0
1990-05-01 10:00:00+00:00,16.54,54.45,831.0,835.61,160.0,292.6,1.72,76.0,100810.0
1990-05-01 11:00:00+00:00,17.63,47.3,909.0,787.81,209.0,302.3,1.79,81.0,100810.0
1990-05-01 12:00:00+00:00,18.59,44.2,755.0,345.13,436.0,309.25,1.52,83.0,100780.0
1990-05-01 13:00:00+00:00,19.28,38.35,796.0,453.83,384.0,326.85,1.03,71.0,100720.0
1990-05-01 14:00:00+00:00,19.82,35.75,608.0,222.55,421.0,345.05,0.9,54.0,100670.0
1990-05-01 15:00:00+00:00,19.95,34.45,413.0,81.24,354.0,361.1,0.83,36.0,100630.0
1990-05-01 16:00:00+00:00,19.82,34.45,438.0,313.9,258.0,367.7,0.9,14.0,100620.0
1990-05-01 17:00:00+00:00,19.82,35.75,171.0,30.58,159.0,362.85,1.03,5.0,100620.0
1990-05-01 18:00:00+00:00,19.39,41.3,96.0,92.16,78.0,352.8,1.1,352.0,100630.0
1990-05-01 19:00:00+00:00,17.83,45.7,0.0,0.0,0.0,333.25,1.79,324.0,100660.0
1990-05-01 20:00:00+00:00,16.24,50.6,0.0,0.0,0.0,320.5,1.86,317.0,100690.0
1990-05-01 21:00:00+00:00,14.54,62.55,0.0,0.0,0.0,307.9,1.52,309.0,100750.0
1990-05-01 22:00:00+00:00,14.13,62.45,0.0,0.0,0.0,295.5,1.03,290.0,100780.0
1990-05-01 23:00:00+00:00,13.78,60.2,0.0,0.0,0.0,294.75,0.62,294.0,100750.0
1990-05-02 00:00:00+00:00,13.44,62.3,0.0,0.0,0.0,291.65,0.41,9.0,100760.0
1990-05-02 01:00:00+00:00,11.5,69.25,0.0,0.0,0.0,289.45,1.1,45.0,100730.0
1990-05-02 02:00:00+00:00,9.55,79.9,0.0,0.0,0.0,285.65,1.59,49.0,100690.0
1990-05-02 03:00:00+00:00,8.74,82.85,0.0,0.0,0.0,284.5,1.66,46.0,100670.0
1990-05-02 04:00:00+00:00,8.35,85.9,0.0,0.0,0.0,283.1,1.59,42.0,100660.0
1990-05-02 05:00:00+00:00,8.05,89.05,0.0,0.0,0.0,282.55,1.52,38.0,100680.0
1990-05-02 06:00:00+00:00,8.03,89.05,71.0,209.13,45.0,284.1,1.52,34.0,100700.0
1990-05-02 07:00:00+00:00,11.12,77.3,276.0,559.3,95.0,284.5,1.52,39.0,100800.0
1990-05-02 08:00:00+00:00,15.14,60.5,489.0,713.11,124.0,291.45,2.0,42.0,100840.0
1990-05-02 09:00:00+00:00,17.32,52.75,682.0,797.15,143.0,297.05,2.41,51.0,100860.0
1990-05-02 10:00:00+00:00,19.11,45.95,0.0,0.0,0.0,303.25,2.34,56.0,100860.0
1990-05-02 11:00:00+00:00,20.54,40.1,927.0,835.31,183.0,309.45,2.28,54.0,100850.0
1990-05-02 12:00:00+00:00,21.53,36.15,938.0,754.63,239.0,317.55,2.07,49.0,100830.0
1990-05-02 13:00:00+00:00,22.13,35.0,898.0,691.41,269.0,322.6,1.79,45.0,100780.0
1990-05-02 14:00:00+00:00,22.48,35.0,782.0,569.96,302.0,336.75,1.45,43.0,100720.0
1990-05-02 15:00:00+00:00,22.54,35.0,646.0,506.73,277.0,339.25,0.97,46.0,100690.0
1990-05-02 16:00:00+00:00,22.58,35.0,437.0,305.78,261.0,346.0,0.62,59.0,100680.0
1990-05-02 17:00:00+00:00,22.57,35.0,257.0,195.08,180.0,350.3,0.21,87.0,100670.0
1990-05-02 18:00:00+00:00,21.95,43.5,115.0,176.84,80.0,352.8,0.76,224.0,100680.0
1990-05-02 19:00:00+00:00,20.36,43.1,0.0,0.0,0.0,342.35,1.86,242.0,100690.0
1990-05-02 20:00:00+00:00,18.41,47.55,0.0,0.0,0.0,331.7,2.41,249.0,100710.0
1990-05-02 21:00:00+00:00,17.01,54.6,0.0,0.0,0.0,325.9,2.41,249.0,100770.0
1990-05-02 22:00:00+00:00,15.83,62.85,0.0,0.0,0.0,320.65,2.07,233.0,100800.0
1990-05-02 23:00:00+00:00,14.8,69.85,0.0,0.0,0.0,316.05,2.07,205.0,100790.0
1990-05-03 00:00:00+00:00,14.1,77.6,0.0,0.0,0.0,316.05,2.34,189.0,100800.0
1990-05-03 01:00:00+00:00,13.48,83.25,0.0,0.0,0.0,306.85,2.21,188.0,100770.0
1990-05-03 02:00:00+00:00,13.0,86.25,0.0,0.0,0.0,310.4,1.86,190.0,100730.0
1990-05-03 03:00:00+00:00,12.06,92.55,0.0,0.0,0.0,304.6,1.31,182.0,100710.0
1990-05-03 04:00:00+00:00,12.29,86.2,0.0,0.0,0.0,300.55,0.9,126.0,100700.0
1990-05-03 05:00:00+00:00,10.83,89.3,0.0,0.0,0.0,302.85,1.45,64.0,100720.0
1990-05-03 06:00:00+00:00,10.28,89.25,71.0,187.82,47.0,299.75,1.38,39.0,100770.0
1990-05-03 07:00:00+00:00,13.35,86.3,272.0,520.23,102.0,299.2,0.97,47.0,100840.0
1990-05-03 08:00:00+00:00,16.51,70.1,488.0,705.27,125.0,304.8,1.38,59.0,100890.0
1990-05-03 09:00:00+00:00,18.46,61.2,680.0,789.72,144.0,311.75,1.66,71.0,100910.0
1990-05-03 10:00:00+00:00,20.16,55.3,830.0,829.54,160.0,324.35,1.59,76.0,100900.0
1990-05-03 11:00:00+00:00,21.38,48.3,938.0,870.31,161.0,334.8,1.1,82.0,100900.0
1990-05-03 12:00:00+00:00,22.57,46.75,966.0,839.23,187.0,340.8,0.69,99.0,100850.0
1990-05-03 13:00:00+00:00,23.15,42.1,924.0,771.17,221.0,349.5,0.28,62.0,100790.0
1990-05-03 14:00:00+00:00,23.18,40.6,716.0,418.23,363.0,356.5,0.55,352.0,100760.0
1990-05-03 15:00:00+00:00,23.44,37.9,345.0,31.5,322.0,347.55,0.76,334.0,100720.0
1990-05-03 16:00:00+00:00,23.2,37.75,246.0,19.04,235.0,355.5,0.76,315.0,100690.0
1990-05-03 17:00:00+00:00,22.91,36.4,249.0,171.27,181.0,352.4,0.97,237.0,100720.0
1990-05-03 18:00:00+00:00,22.02,41.95,147.0,408.97,65.0,346.0,1.86,217.0,100730.0
1990-05-03 19:00:00+00:00,20.67,46.35,0.0,0.0,0.0,341.75,2.69,210.0,100680.0
1990-05-03 20:00:00+00:00,19.19,53.25,0.0,0.0,0.0,344.5,2.9,210.0,100750.0
1990-05-03 21:00:00+00:00,18.04,61.05,0.0,0.0,0.0,341.75,2.76,211.0,100820.0
1990-05-03 22:00:00+00:00,17.12,67.75,0.0,0.0,0.0,339.25,2.55,214.0,100910.0
1990-05-03 23:00:00+00:00,16.13,72.55,0.0,0.0,0.0,325.7,2.41,221.0,100900.0
1990-05-04 00:00:00+00:00,15.33,75.1,0.0,0.0,0.0,318.35,2.28,225.0,100940.0
1990-05-04 01:00:00+00:00,14.61,80.45,0.0,0.0,0.0,311.5,2.14,222.0,100920.0
1990-05-04 02:00:00+00:00,13.87,80.4,0.0,0.0,0.0,308.1,1.79,216.0,100860.0
1990-05-04 03:00:00+00:00,12.9,86.25,0.0,0.0,0.0,304.8,1.24,203.0,100840.0
1990-05-04 04:00:00+00:00,13.63,80.4,0.0,0.0,0.0,311.2,0.55,182.0,100860.0
1990-05-04 05:00:00+00:00,13.43,83.25,0.0,0.0,0.0,309.25,0.34,62.0,100910.0
1990-05-04 06:00:00+00:00,11.85,89.3,69.0,152.49,49.0,311.95,0.97,32.0,100960.0
1990-05-04 07:00:00+00:00,14.26,83.4,279.0,551.75,97.0,310.2,0.76,21.0,101030.0
1990-05-04 08:00:00+00:00,16.74,70.2,493.0,715.01,123.0,315.85,0.83,2.0,101060.0
1990-05-04 09:00:00+00:00,18.38,63.4,689.0,810.32,137.0,321.45,0.69,352.0,101090.0
1990-05-04 10:00:00+00:00,20.15,55.3,836.0,840.83,155.0,323.95,0.55,316.0,101090.0
1990-05-04 11:00:00+00:00,21.64,50.05,945.0,881.75,156.0,326.65,0.76,297.0,101080.0
1990-05-04 12:00:00+00:00,22.62,46.75,988.0,893.44,157.0,336.35,0.9,304.0,101040.0
1990-05-04 13:00:00+00:00,23.16,42.1,967.0,886.77,157.0,353.0,1.03,318.0,100970.0
1990-05-04 14:00:00+00:00,23.59,39.3,874.0,840.55,163.0,357.05,0.9,330.0,100940.0
1990-05-04 15:00:00+00:00,24.09,36.7,737.0,797.74,153.0,352.6,0.62,352.0,100910.0
1990-05-04 16:00:00+00:00,24.31,34.25,558.0,727.89,136.0,340.0,0.28,57.0,100870.0
1990-05-04 17:00:00+00:00,24.13,35.4,321.0,440.74,145.0,352.4,0.69,143.0,100880.0
1990-05-04 18:00:00+00:00,23.55,39.3,145.0,374.24,69.0,343.7,1.17,168.0,100910.0
1990-05-04 19:00:00+00:00,21.86,41.95,0.0,0.0,0.0,338.85,2.83,228.0,100900.0
1990-05-04 20:00:00+00:00,19.96,51.5,0.0,0.0,0.0,333.65,3.17,234.0,100980.0
1990-05-04 21:00:00+00:00,18.57,59.05,0.0,0.0,0.0,330.55,3.1,232.0,101090.0
1990-05-04 22:00:00+00:00,17.3,65.45,0.0,0.0,0.0,316.2,2.83,230.0,101140.0
1990-05-04 23:00:00+00:00,16.37,70.1,0.0,0.0,0.0,312.35,2.55,228.0,101160.0
1990-05-05 00:00:00+00:00,15.57,77.8,0.0,0.0,0.0,309.85,2.21,224.0,101140.0
1990-05-05 01:00:00+00:00,14.78,80.55,0.0,0.0,0.0,306.85,1.86,219.0,101110.0
1990-05-05 02:00:00+00:00,13.69,86.35,0.0,0.0,0.0,303.85,1.45,216.0,101060.0
1990-05-05 03:00:00+00:00,13.18,89.4,0.0,0.0,0.0,300.55,1.03,213.0,101020.0
1990-05-05 04:00:00+00:00,13.52,89.4,0.0,0.0,0.0,298.05,0.55,243.0,101030.0
1990-05-05 05:00:00+00:00,13.04,92.6,0.0,0.0,0.0,296.85,0.69,314.0,101060.0
1990-05-05 06:00:00+00:00,12.63,89.4,79.0,223.14,49.0,295.9,0.83,342.0,101130.0
1990-05-05 07:00:00+00:00,13.96,92.65,286.0,570.82,96.0,298.4,0.55,6.0,101190.0
1990-05-05 08:00:00+00:00,16.87,75.3,499.0,722.84,123.0,304.05,0.62,15.0,101240.0
1990-05-05 09:00:00+00:00,18.95,63.5,692.0,807.46,140.0,311.75,0.28,45.0,101250.0
1990-05-05 10:00:00+00:00,20.89,55.55,838.0,834.9,160.0,319.7,0.07,75.0,101280.0
1990-05-05 11:00:00+00:00,22.52,52.0,946.0,875.36,161.0,327.45,0.07,207.0,101250.0
1990-05-05 12:00:00+00:00,23.94,47.15,984.0,874.51,169.0,334.4,0.34,246.0,101210.0
1990-05-05 13:00:00+00:00,25.06,39.7,963.0,868.66,168.0,343.3,0.62,252.0,101140.0
1990-05-05 14:00:00+00:00,25.57,34.5,876.0,832.87,170.0,351.65,0.69,253.0,101090.0
1990-05-05 15:00:00+00:00,25.72,33.3,743.0,803.86,153.0,362.85,0.69,256.0,101070.0
1990-05-05 16:00:00+00:00,25.81,31.1,563.0,733.91,136.0,360.95,0.69,250.0,101010.0
1990-05-05 17:00:00+00:00,25.61,32.1,361.0,632.44,107.0,353.0,0.76,226.0,101010.0
1990-05-05 18:00:00+00:00,24.96,38.3,152.0,413.36,67.0,345.45,0.97,210.0,101020.0
1990-05-05 19:00:00+00:00,23.34,40.75,0.0,0.0,0.0,333.25,1.86,229.0,100960.0
1990-05-05 20:00:00+00:00,21.22,41.85,0.0,0.0,0.0,327.05,2.62,239.0,101030.0
1990-05-05 21:00:00+00:00,19.58,49.55,0.0,0.0,0.0,323.2,2.76,243.0,101110.0
1990-05-05 22:00:00+00:00,18.27,54.95,0.0,0.0,0.0,318.95,2.62,235.0,101170.0
1990-05-05 23:00:00+00:00,17.26,60.95,0.0,0.0,0.0,314.85,2.34,221.0,101200.0
1990-05-06 00:00:00+00:00,16.42,67.65,0.0,0.0,0.0,314.5,2.21,203.0,101200.0
1990-05-06 01:00:00+00:00,15.59,75.1,0.0,0.0,0.0,311.7,2.0,192.0,101160.0
1990-05-06 02:00:00+00:00,14.5,83.4,0.0,0.0,0.0,308.1,1.59,187.0,101090.0
1990-05-06 03:00:00+00:00,14.37,83.4,0.0,0.0,0.0,307.7,0.97,188.0,101080.0
1990-05-06 04:00:00+00:00,14.75,77.75,0.0,0.0,0.0,315.65,0.83,163.0,101090.0
1990-05-06 05:00:00+00:00,14.83,77.75,0.0,0.0,0.0,314.3,0.76,130.0,101130.0
1990-05-06 06:00:00+00:00,13.79,83.35,93.0,348.71,45.0,310.05,0.97,94.0,101180.0
1990-05-06 07:00:00+00:00,15.22,86.5,283.0,545.02,100.0,322.05,0.62,65.0,101190.0
1990-05-06 08:00:00+00:00,18.61,68.05,492.0,696.27,128.0,320.5,0.69,46.0,101240.0
1990-05-06 09:00:00+00:00,20.93,55.55,685.0,787.22,145.0,318.75,0.76,31.0,101270.0
1990-05-06 10:00:00+00:00,22.9,48.55,816.0,767.65,191.0,325.9,0.55,62.0,101270.0
1990-05-06 11:00:00+00:00,24.67,44.05,905.0,763.34,219.0,333.45,0.48,122.0,101230.0
1990-05-06 12:00:00+00:00,26.11,37.2,963.0,820.36,197.0,340.6,0.48,204.0,101220.0
1990-05-06 13:00:00+00:00,26.96,32.5,926.0,768.87,221.0,347.2,1.03,243.0,101160.0
1990-05-06 14:00:00+00:00,27.46,30.35,866.0,808.78,179.0,351.25,1.24,247.0,101120.0
1990-05-06 15:00:00+00:00,27.69,29.3,731.0,767.85,166.0,349.1,1.1,243.0,101050.0
1990-05-06 16:00:00+00:00,27.7,28.25,463.0,369.95,247.0,344.1,1.03,235.0,101010.0
1990-05-06 17:00:00+00:00,27.39,29.3,233.0,123.8,183.0,344.1,1.38,232.0,101000.0
1990-05-06 18:00:00+00:00,26.47,34.8,116.0,153.72,84.0,343.5,1.72,233.0,101050.0
1990-05-06 19:00:00+00:00,24.3,36.8,0.0,0.0,0.0,355.1,2.76,243.0,101050.0
1990-05-06 20:00:00+00:00,22.65,41.95,0.0,0.0,0.0,358.6,2.9,247.0,101090.0
1990-05-06 21:00:00+00:00,21.45,41.85,0.0,0.0,0.0,358.4,2.55,249.0,101180.0
1990-05-06 22:00:00+00:00,20.46,44.7,0.0,0.0,0.0,353.55,2.14,248.0,101180.0
1990-05-06 23:00:00+00:00,19.41,51.4,0.0,0.0,0.0,348.75,1.52,241.0,101190.0
1990-05-07 00:00:00+00:00,18.6,59.05,0.0,0.0,0.0,347.55,0.97,228.0,101160.0
1990-05-07 01:00:00+00:00,19.43,47.8,0.0,0.0,0.0,346.5,0.28,214.0,101100.0
1990-05-07 02:00:00+00:00,19.0,49.45,0.0,0.0,0.0,348.75,0.48,129.0,101030.0
1990-05-07 03:00:00+00:00,16.56,70.1,0.0,0.0,0.0,356.1,1.31,116.0,100960.0
1990-05-07 04:00:00+00:00,15.86,72.55,0.0,0.0,0.0,342.55,1.38,114.0,100930.0
1990-05-07 05:00:00+00:00,15.79,70.0,0.0,0.0,0.0,317.55,1.1,114.0,100960.0
1990-05-07 06:00:00+00:00,16.66,63.05,69.0,113.66,53.0,320.65,0.69,70.0,101020.0
1990-05-07 07:00:00+00:00,16.92,78.0,198.0,144.71,149.0,334.6,0.83,37.0,101030.0
1990-05-07 08:00:00+00:00,20.38,57.45,298.0,100.89,245.0,356.3,1.1,24.0,101080.0
1990-05-07 09:00:00+00:00,21.96,50.2,525.0,309.49,312.0,377.0,1.31,19.0,101100.0
1990-05-07 10:00:00+00:00,23.84,43.9,674.0,394.51,352.0,369.65,1.38,34.0,101100.0
1990-05-07 11:00:00+00:00,25.75,38.55,933.0,855.06,163.0,362.3,1.24,44.0,101080.0
1990-05-07 12:00:00+00:00,27.43,35.05,975.0,865.88,165.0,353.75,0.62,47.0,101050.0
1990-05-07 13:00:00+00:00,28.26,32.75,784.0,432.17,387.0,360.75,0.07,266.0,101010.0
1990-05-07 14:00:00+00:00,28.76,31.75,872.0,837.69,159.0,373.7,0.28,187.0,100940.0
1990-05-07 15:00:00+00:00,29.1,29.7,542.0,261.64,349.0,366.75,0.62,175.0,100870.0
1990-05-07 16:00:00+00:00,29.19,30.75,333.0,97.29,276.0,363.65,0.97,187.0,100810.0
1990-05-07 17:00:00+00:00,29.01,30.75,357.0,608.18,110.0,358.2,1.03,207.0,100800.0
1990-05-07 18:00:00+00:00,28.02,44.95,159.0,446.15,65.0,359.4,1.03,234.0,100790.0
1990-05-07 19:00:00+00:00,25.97,35.9,0.0,0.0,0.0,349.3,2.28,239.0,100740.0
1990-05-07 20:00:00+00:00,23.85,39.45,0.0,0.0,0.0,340.4,2.48,243.0,100780.0
1990-05-07 21:00:00+00:00,22.15,43.5,0.0,0.0,0.0,335.2,2.48,252.0,100840.0
1990-05-07 22:00:00+00:00,20.82,44.85,0.0,0.0,0.0,333.05,2.28,259.0,100880.0
1990-05-07 23:00:00+00:00,19.45,53.25,0.0,0.0,0.0,334.2,1.72,252.0,100880.0
1990-05-08 00:00:00+00:00,18.4,63.4,0.0,0.0,0.0,343.9,1.31,208.0,100850.0
1990-05-08 01:00:00+00:00,17.36,67.85,0.0,0.0,0.0,341.1,1.45,190.0,100790.0
1990-05-08 02:00:00+00:00,16.72,70.2,0.0,0.0,0.0,342.95,1.52,190.0,100740.0
1990-05-08 03:00:00+00:00,16.04,72.55,0.0,0.0,0.0,327.05,1.52,182.0,100720.0
1990-05-08 04:00:00+00:00,15.8,72.55,0.0,0.0,0.0,314.3,1.31,177.0,100710.0
1990-05-08 05:00:00+00:00,15.77,72.55,0.0,0.0,0.0,315.65,1.17,166.0,100720.0
1990-05-08 06:00:00+00:00,16.01,72.55,90.0,278.14,50.0,311.0,0.97,128.0,100750.0
1990-05-08 07:00:00+00:00,18.01,67.95,247.0,325.18,136.0,339.85,0.14,199.0,100800.0
1990-05-08 08:00:00+00:00,20.21,59.5,470.0,589.26,159.0,335.75,0.14,79.0,100830.0
1990-05-08 09:00:00+00:00,22.45,53.85,542.0,343.28,305.0,339.05,0.28,114.0,100810.0
1990-05-08 10:00:00+00:00,24.41,45.6,820.0,787.14,176.0,362.1,0.41,191.0,100830.0
1990-05-08 11:00:00+00:00,25.62,42.75,894.0,738.11,228.0,378.75,1.03,218.0,100830.0
1990-05-08 12:00:00+00:00,26.32,40.1,661.0,202.75,471.0,381.45,1.24,235.0,100790.0
1990-05-08 13:00:00+00:00,27.45,36.3,663.0,222.76,458.0,381.25,1.1,255.0,100730.0
1990-05-08 14:00:00+00:00,28.69,32.9,714.0,410.39,364.0,356.65,0.97,240.0,100670.0
1990-05-08 15:00:00+00:00,29.06,29.7,651.0,513.88,271.0,373.7,1.66,229.0,100610.0
1990-05-08 16:00:00+00:00,29.02,29.7,286.0,45.93,259.0,374.65,2.21,232.0,100600.0
1990-05-08 17:00:00+00:00,28.6,29.55,305.0,345.28,164.0,364.8,2.76,234.0,100590.0
1990-05-08 18:00:00+00:00,27.42,33.8,158.0,422.15,68.0,358.4,2.76,228.0,100600.0
1990-05-08 19:00:00+00:00,25.56,38.45,0.0,0.0,0.0,366.35,2.83,229.0,100630.0
1990-05-08 20:00:00+00:00,24.01,42.35,0.0,0.0,0.0,372.55,2.97,231.0,100670.0
1990-05-08 21:00:00+00:00,22.83,42.1,0.0,0.0,0.0,361.3,2.55,234.0,100740.0
1990-05-08 22:00:00+00:00,21.7,44.95,0.0,0.0,0.0,351.65,2.07,230.0,100750.0
1990-05-08 23:00:00+00:00,20.34,51.65,0.0,0.0,0.0,347.2,1.59,232.0,100760.0
1990-05-09 00:00:00+00:00,19.17,61.3,0.0,0.0,0.0,340.8,1.17,233.0,100750.0
1990-05-09 01:00:00+00:00,19.04,57.1,0.0,0.0,0.0,338.2,0.97,231.0,100750.0
1990-05-09 02:00:00+00:00,18.54,59.05,0.0,0.0,0.0,335.0,0.97,213.0,100670.0
1990-05-09 03:00:00+00:00,17.42,63.2,0.0,0.0,0.0,332.5,1.1,204.0,100650.0
1990-05-09 04:00:00+00:00,16.89,65.35,0.0,0.0,0.0,330.95,1.1,210.0,100640.0
1990-05-09 05:00:00+00:00,16.47,70.1,0.0,0.0,0.0,329.2,1.1,213.0,100670.0
1990-05-09 06:00:00+00:00,16.29,70.1,94.0,299.79,50.0,328.2,0.97,203.0,100740.0
1990-05-09 07:00:00+00:00,17.93,72.9,220.0,209.3,148.0,330.95,0.62,176.0,100790.0
1990-05-09 08:00:00+00:00,20.47,59.5,401.0,333.87,224.0,334.6,0.62,204.0,100840.0
1990-05-09 09:00:00+00:00,22.7,52.0,674.0,755.21,151.0,337.1,0.76,236.0,100870.0
1990-05-09 10:00:00+00:00,24.78,41.15,828.0,817.03,158.0,342.75,0.97,262.0,100890.0
1990-05-09 11:00:00+00:00,26.44,33.55,933.0,857.27,158.0,349.3,1.38,264.0,100870.0
1990-05-09 12:00:00+00:00,27.77,30.5,970.0,856.45,166.0,355.1,1.86,258.0,100850.0
1990-05-09 13:00:00+00:00,28.81,26.65,954.0,862.38,159.0,359.4,2.55,255.0,100800.0
1990-05-09 14:00:00+00:00,29.48,25.8,863.0,816.85,165.0,362.3,2.9,253.0,100750.0
1990-05-09 15:00:00+00:00,29.78,24.9,733.0,783.81,152.0,363.05,3.31,250.0,100720.0
1990-05-09 16:00:00+00:00,29.6,23.15,554.0,703.59,139.0,362.1,3.66,249.0,100680.0
1990-05-09 17:00:00+00:00,28.91,23.0,357.0,599.17,111.0,359.75,3.86,245.0,100690.0
1990-05-09 18:00:00+00:00,27.43,26.25,163.0,449.74,66.0,361.5,3.66,236.0,100710.0
1990-05-09 19:00:00+00:00,25.1,29.7,0.0,0.0,0.0,357.65,3.59,234.0,100740.0
1990-05-09 20:00:00+00:00,23.33,32.75,0.0,0.0,0.0,354.35,3.17,232.0,100810.0
1990-05-09 21:00:00+00:00,22.12,37.65,0.0,0.0,0.0,352.8,2.62,227.0,100870.0
1990-05-09 22:00:00+00:00,21.29,40.35,0.0,0.0,0.0,353.0,2.28,224.0,100920.0
1990-05-09 23:00:00+00:00,20.51,46.35,0.0,0.0,0.0,352.0,1.72,226.0,100900.0
1990-05-10 00:00:00+00:00,19.33,59.25,0.0,0.0,0.0,347.2,1.24,234.0,100880.0
1990-05-10 01:00:00+00:00,19.16,57.1,0.0,0.0,0.0,344.95,0.97,263.0,100850.0
1990-05-10 02:00:00+00:00,19.32,51.4,0.0,0.0,0.0,335.95,0.83,303.0,100820.0
1990-05-10 03:00:00+00:00,18.63,56.95,0.0,0.0,0.0,332.65,0.9,321.0,100810.0
1990-05-10 04:00:00+00:00,18.19,56.95,0.0,0.0,0.0,333.25,0.9,340.0,100830.0
1990-05-10 05:00:00+00:00,17.63,63.2,0.0,0.0,0.0,338.85,1.03,358.0,100830.0
1990-05-10 06:00:00+00:00,16.61,72.65,91.0,240.59,55.0,337.3,1.24,2.0,100870.0
1990-05-10 07:00:00+00:00,18.87,68.1,293.0,551.09,102.0,336.55,1.24,13.0,100950.0
1990-05-10 08:00:00+00:00,21.36,57.65,498.0,691.15,130.0,341.95,2.0,28.0,100990.0
1990-05-10 09:00:00+00:00,23.1,54.0,525.0,295.15,320.0,349.5,2.21,40.0,100980.0
1990-05-10 10:00:00+00:00,24.66,48.95,749.0,562.14,287.0,361.3,1.59,45.0,100990.0
1990-05-10 11:00:00+00:00,25.66,44.3,385.0,13.25,373.0,374.1,0.76,33.0,100980.0
1990-05-10 12:00:00+00:00,26.59,40.1,750.0,329.67,440.0,381.05,0.62,323.0,100950.0
1990-05-10 13:00:00+00:00,27.31,36.3,271.0,0.0,271.0,388.0,1.24,286.0,100900.0
1990-05-10 14:00:00+00:00,28.12,35.2,885.0,853.85,154.0,390.55,1.86,271.0,100850.0
1990-05-10 15:00:00+00:00,28.56,32.9,740.0,788.7,154.0,371.95,2.14,264.0,100830.0
1990-05-10 16:00:00+00:00,28.88,30.75,567.0,730.0,135.0,363.25,2.34,260.0,100770.0
1990-05-10 17:00:00+00:00,28.63,30.65,363.0,610.53,111.0,359.75,2.62,254.0,100730.0
1990-05-10 18:00:00+00:00,27.81,31.6,161.0,412.57,71.0,354.35,2.55,243.0,100730.0
1990-05-10 19:00:00+00:00,25.69,35.8,0.0,0.0,0.0,344.3,2.83,238.0,100750.0
1990-05-10 20:00:00+00:00,23.71,43.75,0.0,0.0,0.0,338.65,2.9,236.0,100820.0
1990-05-10 21:00:00+00:00,22.3,50.2,0.0,0.0,0.0,334.4,2.62,237.0,100890.0
1990-05-10 22:00:00+00:00,21.16,55.55,0.0,0.0,0.0,330.15,2.14,246.0,100920.0
1990-05-10 23:00:00+00:00,19.92,59.35,0.0,0.0,0.0,331.1,1.66,263.0,100920.0
1990-05-11 00:00:00+00:00,18.87,63.5,0.0,0.0,0.0,329.0,1.31,288.0,100910.0
1990-05-11 01:00:00+00:00,18.4,59.05,0.0,0.0,0.0,322.5,1.31,317.0,100870.0
1990-05-11 02:00:00+00:00,17.75,58.9,0.0,0.0,0.0,318.35,1.45,344.0,100830.0
1990-05-11 03:00:00+00:00,16.63,62.95,0.0,0.0,0.0,316.05,1.59,359.0,100820.0
1990-05-11 04:00:00+00:00,15.86,65.15,0.0,0.0,0.0,314.1,1.59,4.0,100810.0
1990-05-11 05:00:00+00:00,15.27,67.45,0.0,0.0,0.0,312.15,1.66,5.0,100840.0
1990-05-11 06:00:00+00:00,15.21,69.9,94.0,249.32,56.0,310.4,1.52,8.0,100890.0
1990-05-11 07:00:00+00:00,17.69,70.35,299.0,564.34,102.0,310.6,0.9,21.0,100970.0
1990-05-11 08:00:00+00:00,21.26,48.3,512.0,720.08,127.0,315.65,1.24,32.0,100990.0
1990-05-11 09:00:00+00:00,23.29,42.25,701.0,798.26,145.0,323.2,1.24,41.0,101010.0
1990-05-11 10:00:00+00:00,25.06,38.3,850.0,836.55,161.0,330.95,1.1,44.0,100990.0
1990-05-11 11:00:00+00:00,26.33,33.55,935.0,817.81,193.0,337.5,0.69,12.0,100970.0
1990-05-11 12:00:00+00:00,27.32,29.3,982.0,844.08,187.0,352.4,0.76,337.0,100940.0
1990-05-11 13:00:00+00:00,28.01,27.35,961.0,838.97,185.0,356.3,0.9,318.0,100870.0
1990-05-11 14:00:00+00:00,28.57,26.5,822.0,644.74,269.0,359.55,0.83,299.0,100810.0
1990-05-11 15:00:00+00:00,28.82,24.75,585.0,326.3,342.0,364.6,0.97,277.0,100760.0
1990-05-11 16:00:00+00:00,28.81,24.75,525.0,538.99,205.0,369.25,1.24,252.0,100720.0
1990-05-11 17:00:00+00:00,28.53,25.55,277.0,216.91,187.0,366.95,1.66,236.0,100720.0
1990-05-11 18:00:00+00:00,27.57,29.3,151.0,312.8,82.0,363.45,1.93,224.0,100700.0
1990-05-11 19:00:00+00:00,25.73,29.85,0.0,0.0,0.0,357.05,2.83,228.0,100770.0
1990-05-11 20:00:00+00:00,24.11,32.9,0.0,0.0,0.0,357.65,3.03,228.0,100810.0
1990-05-11 21:00:00+00:00,23.06,36.4,0.0,0.0,0.0,359.95,2.62,230.0,100850.0
1990-05-11 22:00:00+00:00,22.19,39.05,0.0,0.0,0.0,359.4,1.86,243.0,100880.0
1990-05-11 23:00:00+00:00,20.63,53.5,0.0,0.0,0.0,344.85,1.24,267.0,100870.0
1990-05-12 00:00:00+00:00,20.42,41.55,0.0,0.0,0.0,321.45,0.97,308.0,100870.0
1990-05-12 01:00:00+00:00,20.08,39.95,0.0,0.0,0.0,314.6,0.76,317.0,100840.0
1990-05-12 02:00:00+00:00,19.86,38.5,0.0,0.0,0.0,311.4,0.41,319.0,100790.0
1990-05-12 03:00:00+00:00,19.11,41.15,0.0,0.0,0.0,308.85,0.07,270.0,100780.0
1990-05-12 04:00:00+00:00,18.43,44.2,0.0,0.0,0.0,306.55,0.21,167.0,100780.0
1990-05-12 05:00:00+00:00,17.73,45.7,0.0,0.0,0.0,303.65,0.34,164.0,100780.0
1990-05-12 06:00:00+00:00,17.07,52.65,96.0,244.99,58.0,302.5,0.41,173.0,100820.0
1990-05-12 07:00:00+00:00,16.86,78.0,303.0,569.01,103.0,305.75,0.41,163.0,100920.0
1990-05-12 08:00:00+00:00,20.36,53.5,513.0,715.36,129.0,314.85,0.69,178.0,100970.0
1990-05-12 09:00:00+00:00,22.32,48.45,702.0,791.8,149.0,319.7,0.97,192.0,100970.0
1990-05-12 10:00:00+00:00,24.05,43.9,849.0,826.36,167.0,328.8,1.1,202.0,100960.0
1990-05-12 11:00:00+00:00,25.65,39.85,956.0,868.13,167.0,336.75,1.31,214.0,100950.0
1990-05-12 12:00:00+00:00,26.99,36.2,1003.0,890.46,163.0,343.7,1.52,229.0,100910.0
1990-05-12 13:00:00+00:00,27.94,32.75,982.0,885.13,162.0,349.3,1.59,235.0,100850.0
1990-05-12 14:00:00+00:00,28.49,30.65,889.0,836.77,170.0,353.2,1.72,238.0,100780.0
1990-05-12 15:00:00+00:00,28.72,30.65,732.0,722.12,193.0,356.5,2.0,242.0,100750.0
1990-05-12 16:00:00+00:00,28.57,30.65,551.0,626.26,178.0,359.2,2.21,247.0,100700.0
1990-05-12 17:00:00+00:00,28.14,32.75,361.0,556.26,129.0,351.25,2.48,253.0,100720.0
1990-05-12 18:00:00+00:00,27.02,36.2,74.0,8.97,72.0,348.95,3.03,256.0,100730.0
1990-05-12 19:00:00+00:00,24.72,48.95,0.0,0.0,0.0,347.2,3.66,254.0,100790.0
1990-05-12 20:00:00+00:00,22.59,57.75,0.0,0.0,0.0,342.55,3.45,254.0,100860.0
1990-05-12 21:00:00+00:00,21.27,61.85,0.0,0.0,0.0,345.05,2.62,255.0,100920.0
1990-05-12 22:00:00+00:00,20.44,66.05,0.0,0.0,0.0,350.85,2.14,258.0,100960.0
1990-05-12 23:00:00+00:00,19.84,68.3,0.0,0.0,0.0,355.1,1.93,264.0,100950.0
1990-05-13 00:00:00+00:00,19.3,70.65,0.0,0.0,0.0,354.55,1.72,262.0,100950.0
1990-05-13 01:00:00+00:00,18.55,75.55,0.0,0.0,0.0,344.95,1.59,258.0,100930.0
1990-05-13 02:00:00+00:00,17.57,83.7,0.0,0.0,0.0,338.5,1.24,272.0,100920.0
1990-05-13 03:00:00+00:00,17.01,83.65,0.0,0.0,0.0,323.2,1.03,309.0,100870.0
1990-05-13 04:00:00+00:00,16.54,86.55,0.0,0.0,0.0,319.9,1.03,347.0,100880.0
1990-05-13 05:00:00+00:00,15.54,89.55,0.0,0.0,0.0,319.1,1.24,11.0,100880.0
1990-05-13 06:00:00+00:00,15.42,89.55,89.0,183.88,60.0,316.8,1.17,32.0,100920.0
1990-05-13 07:00:00+00:00,18.31,81.0,297.0,537.01,107.0,324.95,0.62,25.0,100980.0
1990-05-13 08:00:00+00:00,20.38,68.4,472.0,551.17,175.0,331.1,0.76,14.0,101000.0
1990-05-13 09:00:00+00:00,22.0,61.95,676.0,716.92,174.0,340.4,0.83,21.0,100990.0
1990-05-13 10:00:00+00:00,23.72,56.0,827.0,776.37,185.0,355.9,0.83,41.0,100960.0
1990-05-13 11:00:00+00:00,25.2,50.8,936.0,834.86,176.0,361.1,0.69,72.0,100900.0
1990-05-13 12:00:00+00:00,26.46,44.55,950.0,766.33,226.0,368.85,0.62,117.0,100830.0
1990-05-13 13:00:00+00:00,27.34,41.8,899.0,677.91,270.0,374.45,0.62,162.0,100760.0
1990-05-13 14:00:00+00:00,28.04,39.1,513.0,99.91,427.0,377.2,0.76,183.0,100670.0
1990-05-13 15:00:00+00:00,28.44,37.9,539.0,240.61,359.0,382.2,0.83,191.0,100600.0
1990-05-13 16:00:00+00:00,28.37,37.9,508.0,483.7,219.0,382.4,0.83,196.0,100520.0
1990-05-13 17:00:00+00:00,28.14,37.75,338.0,448.48,150.0,380.85,0.83,201.0,100460.0
1990-05-13 18:00:00+00:00,27.63,40.35,121.0,128.65,92.0,370.2,1.38,214.0,100450.0
1990-05-13 19:00:00+00:00,26.06,42.9,4.0,0.0,4.0,364.6,2.55,227.0,100490.0
1990-05-13 20:00:00+00:00,24.48,45.6,0.0,0.0,0.0,374.1,2.69,231.0,100520.0
1990-05-13 21:00:00+00:00,23.29,48.7,0.0,0.0,0.0,377.95,2.62,238.0,100580.0
1990-05-13 22:00:00+00:00,22.26,52.0,0.0,0.0,0.0,375.65,2.41,242.0,100620.0
1990-05-13 23:00:00+00:00,21.43,53.75,0.0,0.0,0.0,374.45,2.28,250.0,100600.0
1990-05-14 00:00:00+00:00,20.59,57.45,0.0,0.0,0.0,364.0,2.21,274.0,100560.0
1990-05-14 01:00:00+00:00,19.77,61.5,0.0,0.0,0.0,353.5,1.86,269.0,100500.0
1990-05-14 02:00:00+00:00,18.72,73.05,0.0,0.0,0.0,346.4,1.03,238.0,100430.0
1990-05-14 03:00:00+00:00,17.98,75.45,0.0,0.0,0.0,343.7,0.97,270.0,100360.0
1990-05-14 04:00:00+00:00,17.32,75.4,0.0,0.0,0.0,350.5,1.66,281.0,100350.0
1990-05-14 05:00:00+00:00,16.71,80.8,0.0,0.0,0.0,343.9,1.45,251.0,100330.0
1990-05-14 06:00:00+00:00,16.47,86.55,96.0,230.91,59.0,329.55,1.1,262.0,100380.0
1990-05-14 07:00:00+00:00,19.07,73.05,297.0,536.44,106.0,340.8,1.86,245.0,100410.0
1990-05-14 08:00:00+00:00,20.52,59.5,455.0,488.14,191.0,345.65,2.0,251.0,100400.0
1990-05-14 09:00:00+00:00,22.24,50.2,689.0,772.12,147.0,340.8,1.79,245.0,100420.0
1990-05-14 10:00:00+00:00,23.6,47.0,825.0,782.15,177.0,350.3,1.66,226.0,100370.0
1990-05-14 11:00:00+00:00,24.58,44.05,913.0,777.61,204.0,358.4,2.21,210.0,100360.0
1990-05-14 12:00:00+00:00,25.57,41.25,947.0,772.62,216.0,366.15,3.03,211.0,100280.0
1990-05-14 13:00:00+00:00,26.11,41.4,866.0,602.64,306.0,365.4,3.31,220.0,100200.0
1990-05-14 14:00:00+00:00,26.65,40.1,873.0,821.1,165.0,357.85,3.86,228.0,100070.0
1990-05-14 15:00:00+00:00,24.08,50.55,735.0,765.61,161.0,363.85,4.41,225.0,100070.0
1990-05-14 16:00:00+00:00,24.67,48.95,559.0,685.77,148.0,362.5,3.72,221.0,99940.0
1990-05-14 17:00:00+00:00,24.74,47.4,363.0,581.53,118.0,356.5,4.21,236.0,99900.0
1990-05-14 18:00:00+00:00,23.59,52.25,158.0,338.04,81.0,356.5,3.79,262.0,99900.0
1990-05-14 19:00:00+00:00,22.17,57.75,6.0,0.0,6.0,363.05,2.76,242.0,99980.0
1990-05-14 20:00:00+00:00,21.17,63.9,0.0,0.0,0.0,351.65,2.62,214.0,99920.0
1990-05-14 21:00:00+00:00,20.16,70.7,0.0,0.0,0.0,350.3,3.17,207.0,99940.0
1990-05-14 22:00:00+00:00,18.98,75.65,0.0,0.0,0.0,335.75,3.31,209.0,99940.0
1990-05-14 23:00:00+00:00,18.09,83.75,0.0,0.0,0.0,333.05,3.24,208.0,99910.0
1990-05-15 00:00:00+00:00,17.55,86.65,0.0,0.0,0.0,332.5,2.83,212.0,99870.0
1990-05-15 01:00:00+00:00,17.11,86.6,0.0,0.0,0.0,325.6,2.28,227.0,99790.0
1990-05-15 02:00:00+00:00,16.57,80.75,0.0,0.0,0.0,323.0,2.07,259.0,99710.0
1990-05-15 03:00:00+00:00,15.85,70.0,0.0,0.0,0.0,320.3,2.28,284.0,99670.0
1990-05-15 04:00:00+00:00,14.91,64.95,0.0,0.0,0.0,306.35,2.76,291.0,99670.0
1990-05-15 05:00:00+00:00,14.02,64.75,0.0,0.0,0.0,296.65,3.1,295.0,99690.0
1990-05-15 06:00:00+00:00,13.49,67.05,90.0,165.99,63.0,286.4,2.76,289.0,99740.0
1990-05-15 07:00:00+00:00,14.09,64.75,305.0,552.76,107.0,288.35,3.03,292.0,99810.0
1990-05-15 08:00:00+00:00,15.31,58.35,416.0,333.51,235.0,289.7,3.03,282.0,99790.0
1990-05-15 09:00:00+00:00,16.89,50.75,299.0,17.05,287.0,306.95,3.45,273.0,99790.0
1990-05-15 10:00:00+00:00,18.52,44.2,245.0,0.0,245.0,318.95,4.14,277.0,99760.0
1990-05-15 11:00:00+00:00,18.7,44.3,724.0,320.87,431.0,367.3,4.48,272.0,99710.0
1990-05-15 12:00:00+00:00,18.34,47.55,616.0,139.32,484.0,375.65,4.83,265.0,99690.0
1990-05-15 13:00:00+00:00,17.36,54.7,379.0,8.6,371.0,376.8,4.69,253.0,99670.0
1990-05-15 14:00:00+00:00,16.45,65.25,123.0,0.0,123.0,379.7,4.07,251.0,99650.0
1990-05-15 15:00:00+00:00,16.21,72.65,177.0,0.0,177.0,373.3,3.24,251.0,99600.0
1990-05-15 16:00:00+00:00,17.73,65.55,197.0,1.66,196.0,369.45,2.97,260.0,99540.0
1990-05-15 17:00:00+00:00,18.16,61.05,117.0,0.0,117.0,337.7,2.76,271.0,99500.0
1990-05-15 18:00:00+00:00,18.36,53.0,157.0,308.51,86.0,333.85,2.62,273.0,99460.0
1990-05-15 19:00:00+00:00,17.88,54.85,5.0,0.0,5.0,330.15,2.14,228.0,99520.0
1990-05-15 20:00:00+00:00,16.91,58.7,0.0,0.0,0.0,324.15,2.21,207.0,99530.0
1990-05-15 21:00:00+00:00,16.03,60.65,0.0,0.0,0.0,310.6,2.07,214.0,99600.0
1990-05-15 22:00:00+00:00,15.5,60.5,0.0,0.0,0.0,323.95,1.59,240.0,99640.0
1990-05-15 23:00:00+00:00,14.45,58.1,0.0,0.0,0.0,301.3,1.86,280.0,99620.0
1990-05-16 00:00:00+00:00,13.84,58.0,0.0,0.0,0.0,301.3,2.28,292.0,99620.0
1990-05-16 01:00:00+00:00,13.46,55.75,0.0,0.0,0.0,295.45,2.69,296.0,99610.0
1990-05-16 02:00:00+00:00,12.92,57.75,0.0,0.0,0.0,286.6,2.83,301.0,99560.0
1990-05-16 03:00:00+00:00,12.39,59.85,0.0,0.0,0.0,285.05,2.83,304.0,99560.0
1990-05-16 04:00:00+00:00,11.83,62.0,0.0,0.0,0.0,281.2,2.55,306.0,99550.0
1990-05-16 05:00:00+00:00,11.32,64.35,0.0,0.0,0.0,281.95,2.07,299.0,99570.0
1990-05-16 06:00:00+00:00,10.83,71.75,110.0,309.08,59.0,276.35,1.66,284.0,99640.0
1990-05-16 07:00:00+00:00,12.71,64.55,312.0,569.01,107.0,279.65,1.66,275.0,99750.0
1990-05-16 08:00:00+00:00,14.49,58.1,526.0,732.74,127.0,282.55,1.86,277.0,99820.0
1990-05-16 09:00:00+00:00,16.31,50.6,719.0,819.6,141.0,287.95,2.07,270.0,99860.0
1990-05-16 10:00:00+00:00,17.97,44.05,844.0,785.42,191.0,299.2,3.1,266.0,99850.0
1990-05-16 11:00:00+00:00,18.91,38.2,875.0,624.41,304.0,325.7,3.93,267.0,99840.0
1990-05-16 12:00:00+00:00,19.85,31.95,488.0,42.16,448.0,320.1,4.55,268.0,99810.0
1990-05-16 13:00:00+00:00,20.43,26.55,947.0,767.23,232.0,310.2,5.24,268.0,99750.0
1990-05-16 14:00:00+00:00,20.76,22.9,775.0,501.66,341.0,304.6,5.66,270.0,99740.0
1990-05-16 15:00:00+00:00,21.25,19.7,637.0,425.01,317.0,307.3,6.07,268.0,99710.0
1990-05-16 16:00:00+00:00,20.9,22.0,244.0,13.27,236.0,322.6,6.48,263.0,99670.0
1990-05-16 17:00:00+00:00,19.6,28.4,64.0,0.0,64.0,347.4,6.21,265.0,99700.0
1990-05-16 18:00:00+00:00,18.62,32.75,49.0,0.0,49.0,348.95,5.66,276.0,99720.0
1990-05-16 19:00:00+00:00,17.53,39.25,6.0,0.0,6.0,342.95,4.69,264.0,99780.0
1990-05-16 20:00:00+00:00,16.67,42.15,0.0,0.0,0.0,332.5,4.21,264.0,99810.0
1990-05-16 21:00:00+00:00,15.88,46.9,0.0,0.0,0.0,315.65,4.07,267.0,99880.0
1990-05-16 22:00:00+00:00,15.07,52.15,0.0,0.0,0.0,305.55,3.93,264.0,99910.0
1990-05-16 23:00:00+00:00,14.32,56.0,0.0,0.0,0.0,299.95,3.79,258.0,99910.0
1990-05-17 00:00:00+00:00,13.78,60.2,0.0,0.0,0.0,299.2,3.72,254.0,99910.0
1990-05-17 01:00:00+00:00,13.47,64.65,0.0,0.0,0.0,306.05,3.59,250.0,99870.0
1990-05-17 02:00:00+00:00,13.48,67.05,0.0,0.0,0.0,329.4,3.59,246.0,99780.0
1990-05-17 03:00:00+00:00,13.27,69.55,0.0,0.0,0.0,342.75,3.59,242.0,99720.0
1990-05-17 04:00:00+00:00,13.11,77.45,0.0,0.0,0.0,354.15,3.1,241.0,99690.0
1990-05-17 05:00:00+00:00,13.01,77.45,0.0,0.0,0.0,353.75,3.45,262.0,99700.0
1990-05-17 06:00:00+00:00,12.87,74.7,81.0,95.66,65.0,339.05,2.9,264.0,99700.0
1990-05-17 07:00:00+00:00,13.26,64.65,314.0,587.98,101.0,339.85,3.45,252.0,99720.0
1990-05-17 08:00:00+00:00,14.09,62.45,513.0,684.64,139.0,331.3,4.21,245.0,99690.0
1990-05-17 09:00:00+00:00,15.78,52.4,677.0,686.24,192.0,310.05,6.07,250.0,99680.0
1990-05-17 10:00:00+00:00,16.42,50.6,669.0,345.84,381.0,346.0,6.48,246.0,99670.0
1990-05-17 11:00:00+00:00,16.04,56.35,191.0,0.0,191.0,365.75,6.69,246.0,99630.0
1990-05-17 12:00:00+00:00,15.66,65.15,128.0,0.0,128.0,355.1,6.48,242.0,99640.0
1990-05-17 13:00:00+00:00,15.42,72.45,552.0,91.08,467.0,361.3,5.66,248.0,99600.0
1990-05-17 14:00:00+00:00,16.09,67.55,391.0,20.77,373.0,351.65,4.76,256.0,99590.0
1990-05-17 15:00:00+00:00,16.48,58.6,308.0,11.93,299.0,362.85,4.9,251.0,99580.0
1990-05-17 16:00:00+00:00,16.82,50.75,227.0,8.27,222.0,348.55,5.31,248.0,99560.0
1990-05-17 17:00:00+00:00,17.02,47.15,395.0,685.43,102.0,324.15,5.66,246.0,99560.0
1990-05-17 18:00:00+00:00,16.74,43.8,109.0,63.89,94.0,320.5,5.52,256.0,99620.0
1990-05-17 19:00:00+00:00,15.36,50.35,10.0,0.0,10.0,312.75,3.93,269.0,99690.0
1990-05-17 20:00:00+00:00,14.82,44.9,0.0,0.0,0.0,308.65,3.66,272.0,99780.0
1990-05-17 21:00:00+00:00,14.0,46.35,0.0,0.0,0.0,288.95,3.72,272.0,99890.0
1990-05-17 22:00:00+00:00,13.24,48.0,0.0,0.0,0.0,286.4,3.72,270.0,99970.0
1990-05-17 23:00:00+00:00,12.52,53.5,0.0,0.0,0.0,283.9,3.52,266.0,100020.0
1990-05-18 00:00:00+00:00,11.84,57.55,0.0,0.0,0.0,278.85,3.38,262.0,100070.0
1990-05-18 01:00:00+00:00,11.19,59.7,0.0,0.0,0.0,275.1,3.17,259.0,100070.0
1990-05-18 02:00:00+00:00,10.64,64.25,0.0,0.0,0.0,272.1,2.97,257.0,100070.0
1990-05-18 03:00:00+00:00,10.27,69.1,0.0,0.0,0.0,274.8,2.83,254.0,100100.0
1990-05-18 04:00:00+00:00,10.42,71.7,0.0,0.0,0.0,302.3,2.83,258.0,100150.0
1990-05-18 05:00:00+00:00,10.48,74.4,0.0,0.0,0.0,310.4,2.83,262.0,100200.0
1990-05-18 06:00:00+00:00,10.66,71.75,121.0,383.65,56.0,305.95,2.62,262.0,100290.0
1990-05-18 07:00:00+00:00,11.55,69.25,321.0,598.64,103.0,291.25,4.07,275.0,100430.0
1990-05-18 08:00:00+00:00,12.71,59.95,531.0,737.32,127.0,305.55,4.76,287.0,100520.0
1990-05-18 09:00:00+00:00,13.96,53.85,701.0,744.14,174.0,306.35,4.76,288.0,100580.0
1990-05-18 10:00:00+00:00,15.38,45.05,650.0,299.74,400.0,304.05,4.76,289.0,100620.0
1990-05-18 11:00:00+00:00,16.88,39.15,858.0,574.74,331.0,304.4,4.76,283.0,100630.0
1990-05-18 12:00:00+00:00,18.16,36.55,956.0,731.72,260.0,313.7,4.83,273.0,100660.0
1990-05-18 13:00:00+00:00,19.0,35.45,887.0,603.57,323.0,297.65,5.24,266.0,100660.0
1990-05-18 14:00:00+00:00,19.59,36.95,804.0,563.44,315.0,310.6,5.59,260.0,100650.0
1990-05-18 15:00:00+00:00,19.44,36.95,721.0,649.46,230.0,324.95,5.79,256.0,100660.0
1990-05-18 16:00:00+00:00,19.03,38.2,595.0,753.52,138.0,328.6,5.79,255.0,100670.0
1990-05-18 17:00:00+00:00,18.44,39.55,317.0,307.35,185.0,330.15,5.72,256.0,100700.0
1990-05-18 18:00:00+00:00,17.72,39.4,187.0,480.92,73.0,319.7,5.31,254.0,100760.0
1990-05-18 19:00:00+00:00,16.88,40.6,13.0,47.27,11.0,309.25,4.07,250.0,100880.0
1990-05-18 20:00:00+00:00,15.87,43.5,0.0,0.0,0.0,305.0,3.38,249.0,100940.0
1990-05-18 21:00:00+00:00,14.99,46.6,0.0,0.0,0.0,299.0,2.9,262.0,101020.0
1990-05-18 22:00:00+00:00,14.26,48.25,0.0,0.0,0.0,302.5,2.9,276.0,101070.0
1990-05-18 23:00:00+00:00,13.51,51.75,0.0,0.0,0.0,294.95,2.97,280.0,101110.0
1990-05-19 00:00:00+00:00,12.76,53.6,0.0,0.0,0.0,288.75,2.83,277.0,101150.0
1990-05-19 01:00:00+00:00,11.94,59.7,0.0,0.0,0.0,279.35,2.69,273.0,101130.0
1990-05-19 02:00:00+00:00,11.25,62.0,0.0,0.0,0.0,276.35,2.55,272.0,101130.0
1990-05-19 03:00:00+00:00,10.61,66.65,0.0,0.0,0.0,273.45,2.34,272.0,101130.0
1990-05-19 04:00:00+00:00,10.01,71.6,0.0,0.0,0.0,271.3,2.14,271.0,101150.0
1990-05-19 05:00:00+00:00,9.38,77.0,0.0,0.0,0.0,269.0,1.93,269.0,101160.0
1990-05-19 06:00:00+00:00,9.06,82.85,113.0,285.71,64.0,267.05,1.66,265.0,101200.0
1990-05-19 07:00:00+00:00,11.26,69.25,324.0,606.6,102.0,268.6,1.79,277.0,101300.0
1990-05-19 08:00:00+00:00,12.72,62.2,532.0,735.2,128.0,271.9,1.79,285.0,101310.0
1990-05-19 09:00:00+00:00,14.27,53.95,709.0,772.28,161.0,277.7,1.86,276.0,101310.0
1990-05-19 10:00:00+00:00,16.01,45.15,731.0,463.3,344.0,283.9,2.62,279.0,101280.0
1990-05-19 11:00:00+00:00,17.27,36.4,773.0,392.11,413.0,296.5,3.03,274.0,101250.0
1990-05-19 12:00:00+00:00,17.57,35.05,306.0,0.0,306.0,341.2,3.31,265.0,101180.0
1990-05-19 13:00:00+00:00,17.9,33.9,363.0,5.34,358.0,350.65,3.52,263.0,101140.0
1990-05-19 14:00:00+00:00,18.54,32.75,489.0,71.33,427.0,322.2,3.79,260.0,101080.0
1990-05-19 15:00:00+00:00,18.42,34.05,604.0,339.26,347.0,330.75,4.21,258.0,101040.0
1990-05-19 16:00:00+00:00,17.78,36.55,66.0,0.0,66.0,330.35,4.48,255.0,101030.0
1990-05-19 17:00:00+00:00,17.06,40.6,94.0,0.0,94.0,337.5,4.28,249.0,101050.0
1990-05-19 18:00:00+00:00,15.45,54.25,173.0,359.39,87.0,341.55,3.31,229.0,101030.0
1990-05-19 19:00:00+00:00,14.73,56.15,2.0,0.0,2.0,308.85,3.1,225.0,101070.0
1990-05-19 20:00:00+00:00,13.81,62.45,0.0,0.0,0.0,316.4,2.34,219.0,101070.0
1990-05-19 21:00:00+00:00,13.27,67.05,0.0,0.0,0.0,325.3,1.72,217.0,101130.0
1990-05-19 22:00:00+00:00,12.67,69.45,0.0,0.0,0.0,317.55,1.45,216.0,101140.0
1990-05-19 23:00:00+00:00,11.99,74.55,0.0,0.0,0.0,312.75,1.31,231.0,101140.0
1990-05-20 00:00:00+00:00,10.81,77.2,0.0,0.0,0.0,293.0,1.38,259.0,101110.0
1990-05-20 01:00:00+00:00,9.82,77.1,0.0,0.0,0.0,284.6,1.38,275.0,101060.0
1990-05-20 02:00:00+00:00,9.43,79.9,0.0,0.0,0.0,287.75,1.38,283.0,101030.0
1990-05-20 03:00:00+00:00,9.26,79.9,0.0,0.0,0.0,291.25,1.24,283.0,100980.0
1990-05-20 04:00:00+00:00,8.85,79.85,0.0,0.0,0.0,278.5,1.24,284.0,100960.0
1990-05-20 05:00:00+00:00,9.11,77.0,0.0,0.0,0.0,279.05,1.03,297.0,100930.0
1990-05-20 06:00:00+00:00,9.26,77.0,90.0,121.04,69.0,273.05,0.76,313.0,100940.0
1990-05-20 07:00:00+00:00,11.14,77.3,286.0,394.33,141.0,280.05,0.83,35.0,100980.0
1990-05-20 08:00:00+00:00,13.27,64.65,513.0,655.16,152.0,285.85,1.66,50.0,101020.0
1990-05-20 09:00:00+00:00,14.65,56.15,488.0,194.12,350.0,292.8,1.31,57.0,101000.0
1990-05-20 10:00:00+00:00,15.85,46.9,382.0,22.71,363.0,316.6,0.83,46.0,100990.0
1990-05-20 11:00:00+00:00,16.6,43.65,396.0,14.14,383.0,329.0,0.55,43.0,100960.0
1990-05-20 12:00:00+00:00,17.34,40.75,623.0,140.55,489.0,331.3,0.21,349.0,100940.0
1990-05-20 13:00:00+00:00,17.44,40.75,888.0,610.58,316.0,332.85,1.03,258.0,100910.0
1990-05-20 14:00:00+00:00,17.64,40.75,884.0,789.2,197.0,335.55,1.72,252.0,100850.0
1990-05-20 15:00:00+00:00,17.29,43.9,727.0,669.3,219.0,343.9,1.86,245.0,100830.0
1990-05-20 16:00:00+00:00,17.01,48.9,371.0,124.61,295.0,333.05,2.0,226.0,100800.0
1990-05-20 17:00:00+00:00,16.66,48.9,247.0,110.75,199.0,333.85,2.41,213.0,100770.0
1990-05-20 18:00:00+00:00,16.0,52.4,63.0,0.0,63.0,340.2,2.9,206.0,100760.0
1990-05-20 19:00:00+00:00,17.34,42.3,9.0,0.0,9.0,348.15,1.31,237.0,100740.0
1990-05-20 20:00:00+00:00,15.5,50.35,0.0,0.0,0.0,315.65,1.66,247.0,100780.0
1990-05-20 21:00:00+00:00,14.15,56.0,0.0,0.0,0.0,309.25,1.66,263.0,100840.0
1990-05-20 22:00:00+00:00,13.27,64.65,0.0,0.0,0.0,322.2,1.24,269.0,100850.0
1990-05-20 23:00:00+00:00,13.15,64.65,0.0,0.0,0.0,323.55,0.9,276.0,100830.0
1990-05-21 00:00:00+00:00,13.2,62.3,0.0,0.0,0.0,314.1,0.69,284.0,100820.0
1990-05-21 01:00:00+00:00,12.26,66.85,0.0,0.0,0.0,302.4,0.9,321.0,100750.0
1990-05-21 02:00:00+00:00,11.69,69.25,0.0,0.0,0.0,299.2,1.03,341.0,100700.0
1990-05-21 03:00:00+00:00,11.47,69.25,0.0,0.0,0.0,296.5,0.9,350.0,100670.0
1990-05-21 04:00:00+00:00,10.95,71.75,0.0,0.0,0.0,295.5,1.03,353.0,100660.0
1990-05-21 05:00:00+00:00,10.02,77.1,0.0,0.0,0.0,292.4,1.24,347.0,100660.0
1990-05-21 06:00:00+00:00,10.3,74.4,128.0,404.81,57.0,289.5,1.1,355.0,100710.0
1990-05-21 07:00:00+00:00,12.92,72.05,339.0,674.14,90.0,287.75,1.66,7.0,100780.0
1990-05-21 08:00:00+00:00,15.26,56.25,427.0,340.31,239.0,292.4,2.34,18.0,100830.0
1990-05-21 09:00:00+00:00,17.1,50.75,690.0,707.72,186.0,297.65,2.21,31.0,100850.0
1990-05-21 10:00:00+00:00,18.56,44.2,869.0,851.24,156.0,308.65,2.0,30.0,100840.0
1990-05-21 11:00:00+00:00,19.68,41.3,975.0,889.96,156.0,314.1,1.86,28.0,100820.0
1990-05-21 12:00:00+00:00,20.67,38.65,1017.0,899.96,158.0,314.65,2.0,32.0,100800.0
1990-05-21 13:00:00+00:00,21.19,37.35,872.0,571.46,336.0,329.2,1.79,30.0,100770.0
1990-05-21 14:00:00+00:00,21.56,36.15,904.0,848.86,164.0,323.2,1.38,24.0,100740.0
1990-05-21 15:00:00+00:00,22.19,35.0,431.0,81.53,369.0,335.95,1.03,9.0,100700.0
1990-05-21 16:00:00+00:00,22.37,35.0,212.0,3.27,210.0,329.0,0.83,342.0,100710.0
1990-05-21 17:00:00+00:00,22.25,35.0,197.0,36.75,181.0,327.65,0.9,327.0,100720.0
1990-05-21 18:00:00+00:00,21.82,33.7,79.0,8.21,77.0,327.65,0.55,281.0,100750.0
1990-05-21 19:00:00+00:00,20.28,37.25,4.0,0.0,4.0,322.8,2.21,222.0,100830.0
1990-05-21 20:00:00+00:00,18.47,45.85,0.0,0.0,0.0,327.05,2.83,210.0,100890.0
1990-05-21 21:00:00+00:00,17.2,52.75,0.0,0.0,0.0,326.85,2.83,198.0,100980.0
1990-05-21 22:00:00+00:00,16.44,60.75,0.0,0.0,0.0,337.9,2.62,188.0,101020.0
1990-05-21 23:00:00+00:00,15.53,67.45,0.0,0.0,0.0,321.05,2.55,181.0,101050.0
1990-05-22 00:00:00+00:00,14.67,69.85,0.0,0.0,0.0,307.1,2.34,183.0,101050.0
1990-05-22 01:00:00+00:00,13.95,74.85,0.0,0.0,0.0,302.2,2.0,195.0,101020.0
1990-05-22 02:00:00+00:00,13.12,83.25,0.0,0.0,0.0,297.45,1.66,209.0,100980.0
1990-05-22 03:00:00+00:00,11.93,89.3,0.0,0.0,0.0,293.55,1.38,208.0,100960.0
1990-05-22 04:00:00+00:00,11.28,89.3,0.0,0.0,0.0,289.9,1.24,204.0,100940.0
1990-05-22 05:00:00+00:00,11.42,89.3,0.0,0.0,0.0,288.75,1.03,190.0,100940.0
1990-05-22 06:00:00+00:00,12.03,92.55,116.0,287.81,65.0,288.35,0.83,162.0,101000.0
1990-05-22 07:00:00+00:00,13.89,86.35,324.0,593.11,104.0,291.85,0.62,152.0,101040.0
1990-05-22 08:00:00+00:00,16.47,72.65,515.0,660.91,149.0,297.85,0.48,178.0,101070.0
1990-05-22 09:00:00+00:00,18.8,59.15,719.0,808.89,142.0,306.15,0.34,217.0,101090.0
1990-05-22 10:00:00+00:00,20.87,48.2,870.0,856.12,152.0,316.05,0.34,285.0,101080.0
1990-05-22 11:00:00+00:00,22.5,40.5,971.0,883.57,157.0,328.8,0.69,308.0,101080.0
1990-05-22 12:00:00+00:00,23.67,35.25,1029.0,931.45,139.0,332.3,1.1,318.0,101050.0
1990-05-22 13:00:00+00:00,24.76,30.8,981.0,864.72,169.0,340.0,1.45,343.0,100980.0
1990-05-22 14:00:00+00:00,25.5,28.75,876.0,767.48,206.0,369.45,1.17,349.0,100900.0
1990-05-22 15:00:00+00:00,25.28,28.75,771.0,815.1,150.0,390.75,0.55,252.0,100870.0
1990-05-22 16:00:00+00:00,24.97,29.7,593.0,738.69,140.0,385.3,2.28,225.0,100850.0
1990-05-22 17:00:00+00:00,24.01,34.1,391.0,626.65,117.0,377.55,3.72,225.0,100830.0
1990-05-22 18:00:00+00:00,22.73,39.15,191.0,467.75,76.0,363.85,3.86,222.0,100850.0
1990-05-22 19:00:00+00:00,21.32,43.4,21.0,115.09,15.0,361.3,3.31,213.0,100810.0
1990-05-22 20:00:00+00:00,19.59,49.55,0.0,0.0,0.0,331.3,2.83,200.0,100840.0
1990-05-22 21:00:00+00:00,18.46,53.0,0.0,0.0,0.0,335.0,2.76,192.0,100890.0
1990-05-22 22:00:00+00:00,17.28,58.8,0.0,0.0,0.0,316.8,2.62,186.0,100900.0
1990-05-22 23:00:00+00:00,16.44,65.25,0.0,0.0,0.0,312.95,2.34,185.0,100900.0
1990-05-23 00:00:00+00:00,15.71,67.55,0.0,0.0,0.0,312.15,1.93,192.0,100880.0
1990-05-23 01:00:00+00:00,14.68,77.75,0.0,0.0,0.0,310.35,1.38,189.0,100850.0
1990-05-23 02:00:00+00:00,13.74,83.35,0.0,0.0,0.0,309.45,1.24,169.0,100790.0
1990-05-23 03:00:00+00:00,13.03,86.25,0.0,0.0,0.0,308.1,1.31,170.0,100740.0
1990-05-23 04:00:00+00:00,12.82,86.25,0.0,0.0,0.0,309.85,1.24,184.0,100750.0
1990-05-23 05:00:00+00:00,13.15,83.25,0.0,0.0,0.0,307.3,0.97,196.0,100740.0
1990-05-23 06:00:00+00:00,13.89,83.35,113.0,257.1,67.0,307.1,0.69,195.0,100790.0
1990-05-23 07:00:00+00:00,15.64,80.6,313.0,537.05,113.0,310.2,0.34,184.0,100850.0
1990-05-23 08:00:00+00:00,18.23,65.65,526.0,718.84,127.0,318.15,0.48,178.0,100900.0
1990-05-23 09:00:00+00:00,20.61,57.45,712.0,795.04,144.0,326.85,0.69,185.0,100880.0
1990-05-23 10:00:00+00:00,22.79,50.3,861.0,843.2,153.0,337.5,0.97,204.0,100890.0
1990-05-23 11:00:00+00:00,24.76,44.15,966.0,882.65,152.0,345.45,1.45,225.0,100860.0
1990-05-23 12:00:00+00:00,26.46,38.7,1024.0,929.46,135.0,352.0,1.93,258.0,100810.0
1990-05-23 13:00:00+00:00,27.03,34.9,987.0,888.21,152.0,381.85,2.34,261.0,100760.0
1990-05-23 14:00:00+00:00,27.42,33.8,901.0,854.5,154.0,384.35,2.9,251.0,100700.0
1990-05-23 15:00:00+00:00,27.65,32.65,759.0,791.34,155.0,370.6,3.86,241.0,100670.0
1990-05-23 16:00:00+00:00,27.08,32.5,587.0,726.98,140.0,368.85,4.83,236.0,100650.0
1990-05-23 17:00:00+00:00,25.35,34.5,390.0,623.98,116.0,376.4,4.76,238.0,100650.0
1990-05-23 18:00:00+00:00,24.01,38.05,187.0,431.48,80.0,380.85,4.21,231.0,100670.0
1990-05-23 19:00:00+00:00,21.75,41.95,21.0,91.74,16.0,364.6,3.79,227.0,100690.0
1990-05-23 20:00:00+00:00,20.15,49.7,0.0,0.0,0.0,346.8,3.1,224.0,100720.0
1990-05-23 21:00:00+00:00,18.89,57.1,0.0,0.0,0.0,341.4,2.76,211.0,100780.0
1990-05-23 22:00:00+00:00,17.87,63.3,0.0,0.0,0.0,335.95,2.62,198.0,100800.0
1990-05-23 23:00:00+00:00,16.97,72.7,0.0,0.0,0.0,326.65,2.55,192.0,100760.0
1990-05-24 00:00:00+00:00,16.31,75.25,0.0,0.0,0.0,322.4,2.34,192.0,100760.0
1990-05-24 01:00:00+00:00,15.76,80.65,0.0,0.0,0.0,319.6,2.21,192.0,100700.0
1990-05-24 02:00:00+00:00,15.25,83.5,0.0,0.0,0.0,317.4,2.07,196.0,100660.0
1990-05-24 03:00:00+00:00,14.81,86.45,0.0,0.0,0.0,316.05,2.0,198.0,100620.0
1990-05-24 04:00:00+00:00,14.39,89.5,0.0,0.0,0.0,314.85,1.93,198.0,100620.0
1990-05-24 05:00:00+00:00,14.02,95.95,0.0,0.0,0.0,314.5,1.86,197.0,100620.0
1990-05-24 06:00:00+00:00,14.24,92.7,62.0,16.62,59.0,312.75,1.93,198.0,100660.0
1990-05-24 07:00:00+00:00,15.74,86.5,114.0,2.68,113.0,349.9,2.83,223.0,100800.0
1990-05-24 08:00:00+00:00,17.59,78.1,157.0,0.0,157.0,344.1,2.62,225.0,100800.0
1990-05-24 09:00:00+00:00,19.46,68.2,174.0,0.0,174.0,351.25,2.28,221.0,100840.0
1990-05-24 10:00:00+00:00,21.35,57.65,356.0,14.28,344.0,344.65,2.28,223.0,100840.0
1990-05-24 11:00:00+00:00,23.44,50.45,955.0,851.46,169.0,341.0,2.48,225.0,100800.0
1990-05-24 12:00:00+00:00,25.1,44.15,1007.0,885.73,159.0,344.5,2.83,227.0,100770.0
1990-05-24 13:00:00+00:00,26.19,39.95,986.0,879.81,158.0,348.75,3.38,228.0,100710.0
1990-05-24 14:00:00+00:00,26.57,37.35,906.0,857.93,155.0,351.45,4.0,229.0,100660.0
1990-05-24 15:00:00+00:00,26.22,38.55,768.0,806.92,151.0,349.7,4.55,229.0,100650.0
1990-05-24 16:00:00+00:00,25.24,39.85,591.0,731.59,140.0,346.8,4.69,230.0,100650.0
1990-05-24 17:00:00+00:00,23.95,43.9,391.0,619.1,118.0,343.1,4.69,229.0,100670.0
1990-05-24 18:00:00+00:00,22.32,48.45,191.0,447.86,79.0,339.05,4.34,225.0,100690.0
1990-05-24 19:00:00+00:00,20.47,51.65,23.0,123.18,16.0,324.35,3.45,224.0,100750.0
1990-05-24 20:00:00+00:00,18.87,59.15,0.0,0.0,0.0,318.75,3.03,221.0,100800.0
1990-05-24 21:00:00+00:00,17.54,67.85,0.0,0.0,0.0,312.75,2.76,219.0,100880.0
1990-05-24 22:00:00+00:00,16.47,75.25,0.0,0.0,0.0,309.45,2.62,219.0,100940.0
1990-05-24 23:00:00+00:00,15.62,83.5,0.0,0.0,0.0,307.7,2.41,221.0,100930.0
1990-05-25 00:00:00+00:00,14.95,89.5,0.0,0.0,0.0,306.15,2.21,221.0,100940.0
1990-05-25 01:00:00+00:00,14.48,92.7,0.0,0.0,0.0,303.95,2.14,215.0,100910.0
1990-05-25 02:00:00+00:00,14.09,95.95,0.0,0.0,0.0,305.0,2.07,210.0,100870.0
1990-05-25 03:00:00+00:00,14.0,95.95,0.0,0.0,0.0,314.85,2.0,204.0,100830.0
1990-05-25 04:00:00+00:00,14.23,96.0,0.0,0.0,0.0,338.85,2.07,204.0,100830.0
1990-05-25 05:00:00+00:00,14.49,96.0,0.0,0.0,0.0,356.1,2.07,205.0,100860.0
1990-05-25 06:00:00+00:00,15.02,92.7,66.0,21.97,62.0,364.6,2.55,207.0,100880.0
1990-05-25 07:00:00+00:00,15.21,83.5,160.0,29.32,149.0,367.3,2.14,218.0,100980.0
1990-05-25 08:00:00+00:00,16.32,75.25,223.0,14.35,215.0,372.95,1.93,220.0,101020.0
1990-05-25 09:00:00+00:00,18.13,67.95,293.0,12.56,284.0,365.4,1.66,225.0,101010.0
1990-05-25 10:00:00+00:00,20.16,61.5,322.0,5.94,317.0,345.05,1.72,224.0,101020.0
1990-05-25 11:00:00+00:00,22.1,55.8,914.0,722.96,246.0,335.2,2.07,225.0,100960.0
1990-05-25 12:00:00+00:00,23.98,50.55,953.0,731.51,252.0,338.65,2.62,227.0,100920.0
1990-05-25 13:00:00+00:00,25.31,45.9,982.0,862.96,169.0,345.05,3.24,229.0,100860.0
1990-05-25 14:00:00+00:00,25.82,44.45,907.0,853.39,159.0,353.95,3.86,231.0,100790.0
1990-05-25 15:00:00+00:00,25.7,44.3,770.0,802.9,155.0,353.95,4.34,232.0,100760.0
1990-05-25 16:00:00+00:00,24.93,45.75,593.0,726.5,144.0,353.75,4.55,233.0,100750.0
1990-05-25 17:00:00+00:00,23.86,47.15,398.0,639.15,115.0,352.6,4.48,233.0,100760.0
1990-05-25 18:00:00+00:00,22.59,52.0,194.0,448.17,81.0,348.95,4.14,230.0,100750.0
1990-05-25 19:00:00+00:00,21.13,51.75,26.0,135.33,18.0,334.4,3.17,226.0,100770.0
1990-05-25 20:00:00+00:00,19.37,57.2,0.0,0.0,0.0,322.4,2.97,221.0,100770.0
1990-05-25 21:00:00+00:00,17.95,65.55,0.0,0.0,0.0,317.95,2.76,223.0,100840.0
1990-05-25 22:00:00+00:00,16.87,72.7,0.0,0.0,0.0,318.35,2.41,230.0,100850.0
1990-05-25 23:00:00+00:00,16.0,77.85,0.0,0.0,0.0,316.05,2.21,231.0,100860.0
1990-05-26 00:00:00+00:00,15.27,83.5,0.0,0.0,0.0,311.4,2.0,222.0,100830.0
1990-05-26 01:00:00+00:00,14.61,89.5,0.0,0.0,0.0,309.55,1.86,216.0,100780.0
1990-05-26 02:00:00+00:00,14.1,92.65,0.0,0.0,0.0,308.3,1.79,211.0,100740.0
1990-05-26 03:00:00+00:00,13.62,95.95,0.0,0.0,0.0,307.5,1.72,206.0,100700.0
1990-05-26 04:00:00+00:00,13.23,95.95,0.0,0.0,0.0,309.25,1.66,201.0,100670.0
1990-05-26 05:00:00+00:00,12.87,99.4,0.0,0.0,0.0,307.9,1.59,195.0,100670.0
1990-05-26 06:00:00+00:00,13.56,99.4,66.0,21.79,62.0,331.1,1.93,197.0,100690.0
1990-05-26 07:00:00+00:00,14.63,86.4,140.0,13.29,135.0,350.5,2.07,217.0,100830.0
1990-05-26 08:00:00+00:00,16.1,77.85,175.0,1.79,174.0,360.55,1.86,219.0,100830.0
1990-05-26 09:00:00+00:00,18.44,65.65,377.0,58.55,335.0,365.75,1.59,221.0,100830.0
1990-05-26 10:00:00+00:00,20.26,57.45,405.0,32.05,378.0,343.1,1.72,224.0,100810.0
1990-05-26 11:00:00+00:00,22.14,53.85,493.0,55.15,442.0,338.1,2.21,222.0,100760.0
1990-05-26 12:00:00+00:00,23.8,47.15,916.0,633.9,308.0,335.95,2.83,221.0,100710.0
1990-05-26 13:00:00+00:00,24.87,44.15,562.0,95.43,472.0,341.4,3.31,224.0,100610.0
1990-05-26 14:00:00+00:00,25.27,41.25,731.0,397.67,382.0,353.55,3.59,226.0,100550.0
1990-05-26 15:00:00+00:00,25.52,39.85,654.0,449.64,309.0,349.3,3.86,226.0,100490.0
1990-05-26 16:00:00+00:00,25.18,41.15,569.0,623.01,183.0,349.3,4.21,225.0,100470.0
1990-05-26 17:00:00+00:00,24.24,42.5,391.0,593.85,127.0,340.0,4.28,225.0,100430.0
1990-05-26 18:00:00+00:00,22.72,50.3,190.0,409.19,86.0,349.3,4.34,219.0,100430.0
1990-05-26 19:00:00+00:00,20.26,55.45,28.0,162.98,18.0,327.85,4.21,221.0,100490.0
1990-05-26 20:00:00+00:00,18.59,63.4,0.0,0.0,0.0,321.45,3.79,220.0,100520.0
1990-05-26 21:00:00+00:00,17.37,67.85,0.0,0.0,0.0,317.55,3.38,219.0,100590.0
1990-05-26 22:00:00+00:00,16.46,72.65,0.0,0.0,0.0,313.3,2.76,216.0,100590.0
1990-05-26 23:00:00+00:00,15.74,77.85,0.0,0.0,0.0,311.75,2.41,208.0,100590.0
1990-05-27 00:00:00+00:00,15.1,83.45,0.0,0.0,0.0,310.6,2.34,202.0,100540.0
1990-05-27 01:00:00+00:00,14.55,86.4,0.0,0.0,0.0,308.6,2.14,200.0,100500.0
1990-05-27 02:00:00+00:00,14.15,89.5,0.0,0.0,0.0,308.5,2.07,198.0,100440.0
1990-05-27 03:00:00+00:00,13.68,92.65,0.0,0.0,0.0,303.65,1.86,203.0,100380.0
1990-05-27 04:00:00+00:00,13.1,95.95,0.0,0.0,0.0,300.55,1.66,218.0,100380.0
1990-05-27 05:00:00+00:00,12.38,92.6,0.0,0.0,0.0,297.65,1.59,238.0,100370.0
1990-05-27 06:00:00+00:00,12.4,89.35,108.0,183.86,74.0,298.2,1.52,261.0,100400.0
1990-05-27 07:00:00+00:00,14.41,64.85,330.0,593.35,106.0,300.15,1.93,294.0,100500.0
1990-05-27 08:00:00+00:00,15.79,54.35,528.0,693.59,140.0,303.05,1.72,291.0,100520.0
1990-05-27 09:00:00+00:00,17.42,47.3,715.0,778.33,156.0,297.05,2.0,271.0,100530.0
1990-05-27 10:00:00+00:00,18.95,41.15,868.0,837.4,162.0,302.85,2.62,262.0,100500.0
1990-05-27 11:00:00+00:00,20.34,34.55,978.0,888.13,156.0,301.7,3.24,261.0,100480.0
1990-05-27 12:00:00+00:00,21.53,31.15,1020.0,897.96,158.0,304.2,3.72,261.0,100440.0
1990-05-27 13:00:00+00:00,22.46,30.15,1000.0,893.03,157.0,307.9,4.07,260.0,100400.0
1990-05-27 14:00:00+00:00,23.07,30.3,919.0,871.74,153.0,311.55,4.48,259.0,100330.0
1990-05-27 15:00:00+00:00,23.31,29.3,772.0,796.29,160.0,315.25,4.83,256.0,100310.0
1990-05-27 16:00:00+00:00,23.1,31.45,606.0,756.74,136.0,317.55,5.03,251.0,100300.0
1990-05-27 17:00:00+00:00,22.34,35.0,407.0,656.49,114.0,318.35,5.24,241.0,100320.0
1990-05-27 18:00:00+00:00,20.88,38.75,205.0,499.71,77.0,318.35,5.38,230.0,100320.0
1990-05-27 19:00:00+00:00,19.09,49.45,31.0,188.8,19.0,314.5,4.97,217.0,100370.0
1990-05-27 20:00:00+00:00,17.61,56.75,0.0,0.0,0.0,313.7,4.48,212.0,100400.0
1990-05-27 21:00:00+00:00,16.82,63.05,0.0,0.0,0.0,312.35,3.86,211.0,100450.0
1990-05-27 22:00:00+00:00,16.41,62.95,0.0,0.0,0.0,307.7,3.24,217.0,100480.0
1990-05-27 23:00:00+00:00,16.15,60.75,0.0,0.0,0.0,307.5,2.76,237.0,100500.0
1990-05-28 00:00:00+00:00,15.7,58.45,0.0,0.0,0.0,306.15,2.55,256.0,100530.0
1990-05-28 01:00:00+00:00,15.04,60.4,0.0,0.0,0.0,304.5,2.34,266.0,100510.0
1990-05-28 02:00:00+00:00,14.36,62.55,0.0,0.0,0.0,302.1,2.14,268.0,100470.0
1990-05-28 03:00:00+00:00,13.72,64.75,0.0,0.0,0.0,301.3,1.93,264.0,100460.0
1990-05-28 04:00:00+00:00,13.13,69.55,0.0,0.0,0.0,300.35,1.86,256.0,100450.0
1990-05-28 05:00:00+00:00,12.64,72.05,0.0,0.0,0.0,300.55,1.93,245.0,100450.0
1990-05-28 06:00:00+00:00,12.78,77.45,114.0,225.55,72.0,299.75,1.86,245.0,100500.0
1990-05-28 07:00:00+00:00,14.28,69.75,325.0,570.54,109.0,307.7,2.34,263.0,100560.0
1990-05-28 08:00:00+00:00,15.4,65.05,374.0,196.32,264.0,322.6,2.34,269.0,100640.0
1990-05-28 09:00:00+00:00,17.3,54.7,511.0,230.88,345.0,340.8,2.48,274.0,100620.0
1990-05-28 10:00:00+00:00,18.15,54.85,326.0,7.11,320.0,349.3,2.62,269.0,100650.0
1990-05-28 11:00:00+00:00,18.69,53.15,564.0,106.88,465.0,371.55,2.76,264.0,100610.0
1990-05-28 12:00:00+00:00,19.31,51.4,620.0,138.44,487.0,383.75,3.03,261.0,100610.0
1990-05-28 13:00:00+00:00,19.85,49.7,471.0,38.1,435.0,386.85,3.38,260.0,100550.0
1990-05-28 14:00:00+00:00,19.65,53.25,400.0,22.73,380.0,389.95,3.79,262.0,100520.0
1990-05-28 15:00:00+00:00,19.31,55.2,653.0,446.86,309.0,386.85,4.34,260.0,100510.0
1990-05-28 16:00:00+00:00,19.56,55.2,598.0,734.05,141.0,384.75,4.34,254.0,100500.0
1990-05-28 17:00:00+00:00,19.82,51.5,401.0,636.12,116.0,379.7,4.07,257.0,100510.0
1990-05-28 18:00:00+00:00,20.17,47.9,199.0,457.19,81.0,369.25,3.59,254.0,100530.0
1990-05-28 19:00:00+00:00,19.14,55.05,30.0,152.16,20.0,334.6,3.38,229.0,100530.0
1990-05-28 20:00:00+00:00,17.55,65.45,0.0,0.0,0.0,318.75,3.66,218.0,100570.0
1990-05-28 21:00:00+00:00,16.32,72.65,0.0,0.0,0.0,304.2,3.59,216.0,100630.0
1990-05-28 22:00:00+00:00,15.53,75.1,0.0,0.0,0.0,300.55,3.24,218.0,100660.0
1990-05-28 23:00:00+00:00,15.03,72.4,0.0,0.0,0.0,296.65,2.55,236.0,100680.0
1990-05-29 00:00:00+00:00,14.62,64.85,0.0,0.0,0.0,293.4,2.28,276.0,100720.0
1990-05-29 01:00:00+00:00,14.07,55.9,0.0,0.0,0.0,290.4,2.41,302.0,100730.0
1990-05-29 02:00:00+00:00,13.32,53.7,0.0,0.0,0.0,287.2,2.28,306.0,100730.0
1990-05-29 03:00:00+00:00,12.41,57.65,0.0,0.0,0.0,284.5,2.07,298.0,100710.0
1990-05-29 04:00:00+00:00,11.58,57.55,0.0,0.0,0.0,282.35,2.07,291.0,100710.0
1990-05-29 05:00:00+00:00,10.91,61.85,0.0,0.0,0.0,280.05,2.14,292.0,100760.0
1990-05-29 06:00:00+00:00,10.88,66.65,125.0,293.48,70.0,278.1,2.0,295.0,100790.0
1990-05-29 07:00:00+00:00,12.95,57.75,335.0,608.56,104.0,277.7,2.48,314.0,100900.0
1990-05-29 08:00:00+00:00,14.69,52.15,541.0,734.21,129.0,281.75,2.76,323.0,100950.0
1990-05-29 09:00:00+00:00,16.57,45.3,730.0,818.39,141.0,287.6,2.83,324.0,100980.0
1990-05-29 10:00:00+00:00,18.37,36.7,876.0,852.61,156.0,294.15,2.9,322.0,100970.0
1990-05-29 11:00:00+00:00,20.0,31.95,982.0,891.12,156.0,300.95,3.1,319.0,100970.0
1990-05-29 12:00:00+00:00,21.38,30.0,1030.0,914.23,151.0,306.75,3.45,317.0,100930.0
1990-05-29 13:00:00+00:00,22.47,30.15,1004.0,896.67,156.0,312.35,3.59,314.0,100890.0
1990-05-29 14:00:00+00:00,23.32,30.4,919.0,864.01,158.0,318.15,3.79,311.0,100830.0
1990-05-29 15:00:00+00:00,23.81,29.45,782.0,813.18,155.0,321.25,4.07,310.0,100780.0
1990-05-29 16:00:00+00:00,23.9,29.45,608.0,751.57,139.0,323.4,4.21,310.0,100760.0
1990-05-29 17:00:00+00:00,23.71,30.4,414.0,671.53,112.0,324.35,4.07,308.0,100750.0
1990-05-29 18:00:00+00:00,23.34,29.3,210.0,507.67,78.0,323.0,3.45,302.0,100750.0
1990-05-29 19:00:00+00:00,22.71,31.3,35.0,206.4,21.0,340.4,3.31,294.0,100760.0
1990-05-29 20:00:00+00:00,20.91,34.7,0.0,0.0,0.0,321.65,3.45,299.0,100800.0
1990-05-29 21:00:00+00:00,19.5,39.8,0.0,0.0,0.0,318.15,4.48,315.0,100890.0
1990-05-29 22:00:00+00:00,18.21,45.85,0.0,0.0,0.0,315.45,4.48,316.0,100960.0
1990-05-29 23:00:00+00:00,17.19,52.75,0.0,0.0,0.0,312.35,3.93,309.0,101000.0
1990-05-30 00:00:00+00:00,16.35,58.6,0.0,0.0,0.0,306.15,3.52,301.0,100980.0
1990-05-30 01:00:00+00:00,15.66,60.65,0.0,0.0,0.0,305.1,3.1,297.0,100960.0
1990-05-30 02:00:00+00:00,14.96,67.35,0.0,0.0,0.0,301.5,2.83,294.0,100900.0
1990-05-30 03:00:00+00:00,14.35,72.3,0.0,0.0,0.0,297.05,2.55,299.0,100860.0
1990-05-30 04:00:00+00:00,13.85,77.6,0.0,0.0,0.0,293.95,2.34,310.0,100830.0
1990-05-30 05:00:00+00:00,13.31,80.35,0.0,0.0,0.0,291.45,2.07,319.0,100870.0
1990-05-30 06:00:00+00:00,13.28,80.35,128.0,307.67,70.0,294.15,1.86,328.0,100910.0
1990-05-30 07:00:00+00:00,15.28,67.45,337.0,607.09,106.0,293.4,2.41,344.0,100960.0
1990-05-30 08:00:00+00:00,16.9,54.6,548.0,751.01,126.0,298.05,2.9,8.0,101000.0
1990-05-30 09:00:00+00:00,18.31,47.55,736.0,824.58,142.0,303.25,2.41,20.0,100980.0
1990-05-30 10:00:00+00:00,19.92,41.45,882.0,859.09,156.0,309.45,1.93,23.0,101000.0
1990-05-30 11:00:00+00:00,21.47,36.15,988.0,898.07,155.0,310.4,1.72,16.0,100990.0
1990-05-30 12:00:00+00:00,22.83,33.85,1030.0,908.38,156.0,315.65,1.66,10.0,100980.0
1990-05-30 13:00:00+00:00,24.0,30.55,1011.0,903.29,156.0,319.5,1.79,7.0,100940.0
1990-05-30 14:00:00+00:00,24.88,27.6,925.0,869.85,158.0,322.4,1.86,4.0,100860.0
1990-05-30 15:00:00+00:00,25.47,25.75,792.0,831.34,150.0,324.15,1.86,3.0,100800.0
1990-05-30 16:00:00+00:00,25.76,24.0,617.0,769.05,136.0,325.3,1.72,3.0,100750.0
1990-05-30 17:00:00+00:00,25.81,24.0,417.0,671.28,114.0,325.1,1.52,3.0,100750.0
1990-05-30 18:00:00+00:00,25.5,23.9,211.0,504.04,79.0,324.15,1.1,357.0,100740.0
1990-05-30 19:00:00+00:00,24.04,32.9,36.0,214.6,21.0,321.05,1.03,246.0,100750.0
1990-05-30 20:00:00+00:00,21.27,36.15,0.0,0.0,0.0,316.8,2.28,235.0,100790.0
1990-05-30 21:00:00+00:00,19.21,46.1,0.0,0.0,0.0,313.3,2.48,227.0,100850.0
1990-05-30 22:00:00+00:00,17.75,52.9,0.0,0.0,0.0,309.25,2.41,216.0,100890.0
1990-05-30 23:00:00+00:00,16.55,60.75,0.0,0.0,0.0,305.95,2.07,210.0,100910.0
1990-05-31 00:00:00+00:00,15.56,65.05,0.0,0.0,0.0,302.85,1.72,197.0,100920.0
1990-05-31 01:00:00+00:00,14.41,72.3,0.0,0.0,0.0,300.25,1.45,180.0,100920.0
1990-05-31 02:00:00+00:00,13.66,74.85,0.0,0.0,0.0,298.05,1.17,167.0,100880.0
1990-05-31 03:00:00+00:00,14.27,72.3,0.0,0.0,0.0,295.9,0.83,164.0,100850.0
1990-05-31 04:00:00+00:00,14.22,72.3,0.0,0.0,0.0,294.55,0.34,178.0,100810.0
1990-05-31 05:00:00+00:00,13.76,74.85,0.0,0.0,0.0,293.55,0.21,248.0,100840.0
1990-05-31 06:00:00+00:00,13.6,77.5,129.0,306.01,71.0,293.4,0.21,278.0,100890.0
1990-05-31 07:00:00+00:00,15.4,72.45,337.0,605.76,106.0,294.35,0.14,291.0,100980.0
1990-05-31 08:00:00+00:00,18.47,56.95,545.0,737.65,130.0,301.5,0.28,326.0,101010.0
1990-05-31 09:00:00+00:00,21.16,43.25,734.0,822.51,141.0,310.4,0.41,352.0,101010.0
1990-05-31 10:00:00+00:00,23.41,35.25,876.0,845.52,161.0,319.7,0.41,335.0,100990.0
1990-05-31 11:00:00+00:00,25.19,29.7,986.0,895.35,155.0,327.25,1.1,320.0,100960.0
1990-05-31 12:00:00+00:00,26.48,26.0,1029.0,905.68,157.0,332.3,1.66,319.0,100920.0
1990-05-31 13:00:00+00:00,27.49,23.5,1009.0,900.43,156.0,335.2,2.0,315.0,100830.0
1990-05-31 14:00:00+00:00,28.34,20.45,924.0,867.76,158.0,336.75,2.28,317.0,100740.0
1990-05-31 15:00:00+00:00,28.95,18.4,791.0,828.79,150.0,337.5,2.55,320.0,100660.0
1990-05-31 16:00:00+00:00,27.16,13.14,614.0,756.17,140.0,318.48,1.92,321.0,100620.0
1990-05-31 17:00:00+00:00,26.35,19.44,415.0,660.05,116.0,320.93,1.89,324.0,100620.0
1990-05-31 18:00:00+00:00,25.54,25.74,213.0,511.91,78.0,323.39,1.86,324.0,100630.0
1990-05-31 19:00:00+00:00,24.72,32.04,38.0,222.49,22.0,325.84,1.82,253.0,100660.0
1990-05-31 20:00:00+00:00,23.91,38.34,0.0,0.0,0.0,328.3,1.79,241.0,100740.0
1990-05-31 21:00:00+00:00,23.1,44.64,0.0,0.0,0.0,330.75,1.76,224.0,100820.0
1990-05-31 22:00:00+00:00,22.29,50.94,0.0,0.0,0.0,333.21,1.73,116.0,100890.0
1990-05-31 23:00:00+00:00,21.48,57.25,0.0,0.0,0.0,335.66,1.69,101.0,100930.0
1990-06-01 00:00:00+00:00,20.67,63.55,0.0,0.0,0.0,338.12,1.66,219.0,100660.0
1990-06-01 01:00:00+00:00,19.86,69.85,0.0,0.0,0.0,340.57,1.63,210.0,100670.0
1990-06-01 02:00:00+00:00,19.05,76.15,0.0,0.0,0.0,343.03,1.59,204.0,100650.0
1990-06-01 03:00:00+00:00,18.24,82.45,0.0,0.0,0.0,345.48,1.56,201.0,100650.0
1990-06-01 04:00:00+00:00,17.43,88.75,0.0,0.0,0.0,347.94,1.53,201.0,100660.0
1990-06-01 05:00:00+00:00,16.62,95.05,0.0,0.0,0.0,350.39,1.5,199.0,100670.0
1990-06-01 06:00:00+00:00,15.81,100.0,137.0,393.76,62.0,352.85,1.46,194.0,100730.0
1990-06-01 07:00:00+00:00,15.0,100.0,289.0,376.87,145.0,355.3,1.43,212.0,100780.0
1990-06-01 08:00:00+00:00,20.49,73.3,303.0,79.9,258.0,359.95,2.14,219.0,100800.0
1990-06-01 09:00:00+00:00,21.99,66.25,560.0,334.03,319.0,381.25,2.28,226.0,100800.0
1990-06-01 10:00:00+00:00,23.51,56.15,740.0,497.55,319.0,389.55,2.21,232.0,100800.0
1990-06-01 11:00:00+00:00,25.05,49.2,922.0,762.39,214.0,388.2,2.34,230.0,100760.0
1990-06-01 12:00:00+00:00,26.18,46.15,968.0,786.77,210.0,404.65,2.9,231.0,100740.0
1990-06-01 13:00:00+00:00,27.3,41.8,897.0,642.35,288.0,410.65,3.66,234.0,100670.0
1990-06-01 14:00:00+00:00,27.59,40.5,869.0,748.02,208.0,396.15,4.21,239.0,100630.0
1990-06-01 15:00:00+00:00,27.53,43.3,756.0,755.27,171.0,385.5,4.48,243.0,100600.0
1990-06-01 16:00:00+00:00,27.03,46.25,582.0,668.57,162.0,390.55,4.69,244.0,100600.0
1990-06-01 17:00:00+00:00,26.31,47.75,406.0,637.96,116.0,374.3,4.69,245.0,100580.0
1990-06-01 18:00:00+00:00,25.12,52.75,209.0,485.86,80.0,370.8,4.48,248.0,100580.0
1990-06-01 19:00:00+00:00,23.7,56.15,37.0,175.95,24.0,362.1,3.45,248.0,100580.0
1990-06-01 20:00:00+00:00,22.36,61.95,0.0,0.0,0.0,352.2,2.9,240.0,100610.0
1990-06-01 21:00:00+00:00,21.18,68.5,0.0,0.0,0.0,344.3,2.62,233.0,100660.0
1990-06-01 22:00:00+00:00,20.2,73.2,0.0,0.0,0.0,341.0,2.41,231.0,100660.0
1990-06-01 23:00:00+00:00,19.4,81.05,0.0,0.0,0.0,337.7,2.28,235.0,100680.0
1990-06-02 00:00:00+00:00,18.7,83.8,0.0,0.0,0.0,334.2,2.21,237.0,100670.0
1990-06-02 01:00:00+00:00,18.09,86.7,0.0,0.0,0.0,331.25,2.0,237.0,100640.0
1990-06-02 02:00:00+00:00,17.62,89.7,0.0,0.0,0.0,329.4,1.79,234.0,100640.0
1990-06-02 03:00:00+00:00,17.1,89.7,0.0,0.0,0.0,324.55,1.72,229.0,100600.0
1990-06-02 04:00:00+00:00,16.69,92.8,0.0,0.0,0.0,322.4,1.66,220.0,100620.0
1990-06-02 05:00:00+00:00,16.29,96.05,0.0,0.0,0.0,323.95,1.52,212.0,100650.0
1990-06-02 06:00:00+00:00,16.47,92.8,135.0,365.87,65.0,331.1,1.24,207.0,100670.0
1990-06-02 07:00:00+00:00,18.56,83.8,332.0,590.42,106.0,342.15,1.86,220.0,100720.0
1990-06-02 08:00:00+00:00,20.28,70.7,468.0,459.4,209.0,334.6,2.21,232.0,100720.0
1990-06-02 09:00:00+00:00,22.08,57.75,652.0,576.2,236.0,345.85,2.69,233.0,100750.0
1990-06-02 10:00:00+00:00,23.63,48.8,828.0,729.98,210.0,355.3,2.69,240.0,100750.0
1990-06-02 11:00:00+00:00,25.05,42.75,795.0,440.18,386.0,351.25,2.69,242.0,100690.0
1990-06-02 12:00:00+00:00,25.89,41.4,667.0,189.83,484.0,362.3,2.9,241.0,100630.0
1990-06-02 13:00:00+00:00,26.71,36.2,507.0,56.91,453.0,375.05,3.17,239.0,100570.0
1990-06-02 14:00:00+00:00,26.95,36.2,827.0,618.38,280.0,390.15,3.72,237.0,100520.0
1990-06-02 15:00:00+00:00,26.64,37.5,525.0,188.22,379.0,398.45,4.0,242.0,100470.0
1990-06-02 16:00:00+00:00,25.75,41.4,585.0,662.39,168.0,397.7,4.41,245.0,100450.0
1990-06-02 17:00:00+00:00,24.83,45.75,294.0,192.93,206.0,373.9,4.48,249.0,100460.0
1990-06-02 18:00:00+00:00,23.79,50.55,213.0,497.65,80.0,368.65,4.28,250.0,100470.0
1990-06-02 19:00:00+00:00,22.55,54.0,39.0,184.69,25.0,349.5,3.86,243.0,100530.0
1990-06-02 20:00:00+00:00,21.11,61.7,0.0,0.0,0.0,335.95,3.45,239.0,100560.0
1990-06-02 21:00:00+00:00,19.99,70.7,0.0,0.0,0.0,330.95,2.97,237.0,100610.0
1990-06-02 22:00:00+00:00,19.15,78.3,0.0,0.0,0.0,330.95,2.62,235.0,100640.0
1990-06-02 23:00:00+00:00,18.5,81.0,0.0,0.0,0.0,331.1,2.28,233.0,100650.0
1990-06-03 00:00:00+00:00,17.88,89.7,0.0,0.0,0.0,326.1,2.0,225.0,100640.0
1990-06-03 01:00:00+00:00,17.38,89.7,0.0,0.0,0.0,326.2,1.72,219.0,100620.0
1990-06-03 02:00:00+00:00,16.89,92.8,0.0,0.0,0.0,324.15,1.66,214.0,100630.0
1990-06-03 03:00:00+00:00,16.27,92.8,0.0,0.0,0.0,322.05,1.45,211.0,100600.0
1990-06-03 04:00:00+00:00,15.63,96.0,0.0,0.0,0.0,322.2,1.31,200.0,100600.0
1990-06-03 05:00:00+00:00,15.25,96.0,0.0,0.0,0.0,323.75,1.24,186.0,100610.0
1990-06-03 06:00:00+00:00,15.56,96.0,130.0,317.56,69.0,323.55,1.03,183.0,100660.0
1990-06-03 07:00:00+00:00,18.26,86.7,317.0,506.02,123.0,347.2,1.1,239.0,100690.0
1990-06-03 08:00:00+00:00,19.98,70.7,381.0,207.35,264.0,344.5,1.17,253.0,100680.0
1990-06-03 09:00:00+00:00,21.66,59.7,627.0,496.96,268.0,343.7,1.59,237.0,100710.0
1990-06-03 10:00:00+00:00,23.06,52.25,678.0,350.65,381.0,354.95,2.14,227.0,100720.0
1990-06-03 11:00:00+00:00,24.35,45.6,812.0,474.39,371.0,368.1,2.69,227.0,100710.0
1990-06-03 12:00:00+00:00,25.12,41.25,621.0,137.89,488.0,375.05,3.03,230.0,100650.0
1990-06-03 13:00:00+00:00,25.65,38.55,599.0,126.38,479.0,391.9,3.45,234.0,100640.0
1990-06-03 14:00:00+00:00,25.6,37.2,811.0,570.34,306.0,396.55,3.72,237.0,100600.0
1990-06-03 15:00:00+00:00,25.53,37.2,741.0,683.62,210.0,402.75,4.14,240.0,100590.0
1990-06-03 16:00:00+00:00,24.99,42.65,605.0,732.37,143.0,388.0,4.55,243.0,100590.0
1990-06-03 17:00:00+00:00,24.25,45.6,414.0,653.36,115.0,387.25,4.83,244.0,100620.0
1990-06-03 18:00:00+00:00,23.28,48.7,216.0,505.65,80.0,382.8,4.76,245.0,100640.0
1990-06-03 19:00:00+00:00,21.73,53.75,41.0,206.01,25.0,343.5,4.14,245.0,100670.0
1990-06-03 20:00:00+00:00,20.34,59.35,0.0,0.0,0.0,330.75,3.66,246.0,100670.0
1990-06-03 21:00:00+00:00,19.23,65.75,0.0,0.0,0.0,323.0,3.24,247.0,100720.0
1990-06-03 22:00:00+00:00,18.36,72.9,0.0,0.0,0.0,318.35,2.76,247.0,100740.0
1990-06-03 23:00:00+00:00,17.64,75.4,0.0,0.0,0.0,315.45,2.28,245.0,100740.0
1990-06-04 00:00:00+00:00,17.05,78.1,0.0,0.0,0.0,313.5,1.86,238.0,100760.0
1990-06-04 01:00:00+00:00,16.4,83.6,0.0,0.0,0.0,312.45,1.59,227.0,100740.0
1990-06-04 02:00:00+00:00,15.55,86.5,0.0,0.0,0.0,312.75,1.52,213.0,100730.0
1990-06-04 03:00:00+00:00,14.89,92.7,0.0,0.0,0.0,316.8,1.45,197.0,100730.0
1990-06-04 04:00:00+00:00,14.45,89.5,0.0,0.0,0.0,317.4,1.45,188.0,100750.0
1990-06-04 05:00:00+00:00,14.36,92.7,0.0,0.0,0.0,324.95,1.31,192.0,100770.0
1990-06-04 06:00:00+00:00,14.99,89.55,143.0,420.18,62.0,324.95,1.1,201.0,100810.0
1990-06-04 07:00:00+00:00,17.6,86.65,333.0,586.07,108.0,341.95,1.1,219.0,100860.0
1990-06-04 08:00:00+00:00,19.45,68.1,517.0,633.98,159.0,354.15,1.52,239.0,100890.0
1990-06-04 09:00:00+00:00,20.8,57.45,675.0,633.68,217.0,366.95,2.28,240.0,100880.0
1990-06-04 10:00:00+00:00,21.85,53.75,654.0,300.93,399.0,361.3,2.97,240.0,100900.0
1990-06-04 11:00:00+00:00,22.78,48.55,334.0,3.23,331.0,372.75,3.45,242.0,100910.0
1990-06-04 12:00:00+00:00,23.65,43.9,728.0,264.23,473.0,387.05,3.72,244.0,100910.0
1990-06-04 13:00:00+00:00,24.23,41.0,843.0,492.55,375.0,381.85,3.72,245.0,100890.0
1990-06-04 14:00:00+00:00,25.49,37.1,757.0,437.78,369.0,365.75,3.93,245.0,100880.0
1990-06-04 15:00:00+00:00,25.58,34.65,763.0,744.41,184.0,378.75,4.0,245.0,100850.0
1990-06-04 16:00:00+00:00,25.63,34.65,613.0,749.89,139.0,365.95,4.0,246.0,100850.0
1990-06-04 17:00:00+00:00,25.26,37.1,419.0,662.16,115.0,345.65,4.07,247.0,100850.0
1990-06-04 18:00:00+00:00,24.23,42.5,219.0,517.33,79.0,343.7,4.07,244.0,100870.0
1990-06-04 19:00:00+00:00,22.5,50.3,42.0,213.89,25.0,336.55,3.52,243.0,100920.0
1990-06-04 20:00:00+00:00,20.93,59.5,0.0,0.0,0.0,333.45,3.24,235.0,100990.0
1990-06-04 21:00:00+00:00,19.65,65.85,0.0,0.0,0.0,330.35,2.9,234.0,101060.0
1990-06-04 22:00:00+00:00,18.7,72.95,0.0,0.0,0.0,327.45,2.48,241.0,101100.0
1990-06-04 23:00:00+00:00,17.96,78.15,0.0,0.0,0.0,324.75,2.07,248.0,101090.0
1990-06-05 00:00:00+00:00,17.41,83.7,0.0,0.0,0.0,322.8,1.66,245.0,101120.0
1990-06-05 01:00:00+00:00,16.74,86.6,0.0,0.0,0.0,322.15,1.45,221.0,101120.0
1990-06-05 02:00:00+00:00,15.95,89.65,0.0,0.0,0.0,321.45,1.52,209.0,101090.0
1990-06-05 03:00:00+00:00,15.33,92.75,0.0,0.0,0.0,320.85,1.24,207.0,101090.0
1990-06-05 04:00:00+00:00,15.4,92.75,0.0,0.0,0.0,318.75,0.9,196.0,101070.0
1990-06-05 05:00:00+00:00,15.55,92.75,0.0,0.0,0.0,316.8,0.76,171.0,101090.0
1990-06-05 06:00:00+00:00,15.96,89.65,146.0,439.56,61.0,315.65,0.55,147.0,101130.0
1990-06-05 07:00:00+00:00,18.03,83.75,342.0,619.19,104.0,321.85,0.21,86.0,101190.0
1990-06-05 08:00:00+00:00,20.65,68.4,541.0,725.62,131.0,328.05,0.62,44.0,101240.0
1990-06-05 09:00:00+00:00,23.17,56.0,722.0,788.31,152.0,336.95,1.38,33.0,101200.0
1990-06-05 10:00:00+00:00,25.49,45.9,874.0,845.84,157.0,344.85,1.86,31.0,101210.0
1990-06-05 11:00:00+00:00,27.2,37.6,969.0,859.86,169.0,351.45,2.0,23.0,101140.0
1990-06-05 12:00:00+00:00,28.61,34.1,1012.0,869.96,172.0,356.3,1.79,14.0,101100.0
1990-06-05 13:00:00+00:00,29.76,30.9,993.0,865.59,170.0,359.55,1.52,358.0,101020.0
1990-06-05 14:00:00+00:00,30.65,28.0,921.0,857.85,160.0,362.3,1.31,338.0,100980.0
1990-06-05 15:00:00+00:00,31.24,26.2,794.0,830.74,147.0,364.0,1.17,319.0,100930.0
1990-06-05 16:00:00+00:00,31.5,25.25,618.0,757.9,138.0,364.2,1.31,307.0,100890.0
1990-06-05 17:00:00+00:00,31.41,24.35,421.0,662.27,116.0,362.5,1.38,294.0,100860.0
1990-06-05 18:00:00+00:00,30.82,25.15,224.0,532.64,79.0,358.6,1.59,267.0,100850.0
1990-06-05 19:00:00+00:00,28.65,36.6,45.0,233.89,26.0,359.55,2.48,250.0,100860.0
1990-06-05 20:00:00+00:00,26.09,44.55,0.0,0.0,0.0,353.2,2.97,250.0,100910.0
1990-06-05 21:00:00+00:00,24.19,54.35,0.0,0.0,0.0,347.55,2.97,257.0,100930.0
1990-06-05 22:00:00+00:00,22.96,59.95,0.0,0.0,0.0,343.7,2.69,261.0,100960.0
1990-06-05 23:00:00+00:00,22.15,61.95,0.0,0.0,0.0,341.0,2.14,258.0,100950.0
1990-06-06 00:00:00+00:00,21.26,66.15,0.0,0.0,0.0,337.9,1.45,247.0,100960.0
1990-06-06 01:00:00+00:00,20.45,70.7,0.0,0.0,0.0,334.9,0.83,224.0,100910.0
1990-06-06 02:00:00+00:00,20.35,70.7,0.0,0.0,0.0,330.55,0.62,176.0,100900.0
1990-06-06 03:00:00+00:00,20.18,70.7,0.0,0.0,0.0,326.85,0.21,153.0,100890.0
1990-06-06 04:00:00+00:00,19.66,73.15,0.0,0.0,0.0,324.35,0.28,336.0,100880.0
1990-06-06 05:00:00+00:00,18.95,75.55,0.0,0.0,0.0,322.4,0.62,347.0,100910.0
1990-06-06 06:00:00+00:00,18.31,78.15,148.0,453.86,60.0,321.85,0.69,0.0,100950.0
1990-06-06 07:00:00+00:00,20.27,70.7,343.0,623.78,103.0,324.95,0.69,12.0,101050.0
1990-06-06 08:00:00+00:00,23.41,54.1,546.0,739.39,128.0,331.5,0.9,29.0,101060.0
1990-06-06 09:00:00+00:00,26.07,41.55,719.0,776.98,157.0,340.0,0.97,40.0,101040.0
1990-06-06 10:00:00+00:00,28.4,37.75,872.0,836.14,163.0,348.75,0.41,28.0,101020.0
1990-06-06 11:00:00+00:00,30.32,31.0,966.0,847.73,177.0,356.65,0.9,298.0,101000.0
1990-06-06 12:00:00+00:00,31.68,24.5,1014.0,872.67,171.0,361.1,1.59,282.0,100970.0
1990-06-06 13:00:00+00:00,32.62,21.45,979.0,821.95,197.0,365.95,1.93,273.0,100930.0
1990-06-06 14:00:00+00:00,33.22,20.05,485.0,63.07,429.0,372.95,2.21,270.0,100880.0
1990-06-06 15:00:00+00:00,33.51,19.3,733.0,629.64,242.0,375.85,2.28,269.0,100840.0
1990-06-06 16:00:00+00:00,33.6,18.6,621.0,759.62,139.0,374.65,2.21,267.0,100790.0
1990-06-06 17:00:00+00:00,33.36,18.6,421.0,655.94,118.0,371.55,2.34,260.0,100750.0
1990-06-06 18:00:00+00:00,32.45,21.3,223.0,518.63,81.0,366.35,2.48,243.0,100740.0
1990-06-06 19:00:00+00:00,30.17,26.9,47.0,241.15,27.0,358.2,3.03,232.0,100760.0
1990-06-06 20:00:00+00:00,27.53,32.65,0.0,0.0,0.0,351.85,3.1,233.0,100810.0
1990-06-06 21:00:00+00:00,25.8,37.2,0.0,0.0,0.0,345.65,2.69,233.0,100870.0
1990-06-06 22:00:00+00:00,24.6,39.7,0.0,0.0,0.0,341.0,2.07,237.0,100920.0
1990-06-06 23:00:00+00:00,23.26,47.0,0.0,0.0,0.0,338.65,1.31,241.0,100920.0
1990-06-07 00:00:00+00:00,23.8,40.9,0.0,0.0,0.0,337.5,0.55,254.0,100940.0
1990-06-07 01:00:00+00:00,23.24,42.25,0.0,0.0,0.0,336.05,0.34,336.0,100910.0
1990-06-07 02:00:00+00:00,21.6,48.3,0.0,0.0,0.0,334.4,1.03,352.0,100890.0
1990-06-07 03:00:00+00:00,20.41,53.35,0.0,0.0,0.0,333.65,1.38,5.0,100870.0
1990-06-07 04:00:00+00:00,20.03,53.35,0.0,0.0,0.0,332.65,1.38,20.0,100840.0
1990-06-07 05:00:00+00:00,19.05,61.3,0.0,0.0,0.0,331.7,1.52,16.0,100850.0
1990-06-07 06:00:00+00:00,18.69,68.05,145.0,427.11,62.0,331.9,1.66,5.0,100910.0
1990-06-07 07:00:00+00:00,21.91,59.7,333.0,589.52,106.0,335.2,1.24,6.0,100960.0
1990-06-07 08:00:00+00:00,24.97,50.8,535.0,716.11,130.0,342.35,1.79,23.0,100980.0
1990-06-07 09:00:00+00:00,27.43,44.8,710.0,769.86,153.0,352.0,1.66,33.0,100950.0
1990-06-07 10:00:00+00:00,29.64,38.15,860.0,826.5,159.0,361.9,1.24,33.0,100940.0
1990-06-07 11:00:00+00:00,31.37,32.4,959.0,853.91,164.0,371.55,0.69,4.0,100910.0
1990-06-07 12:00:00+00:00,32.74,28.5,1002.0,864.02,167.0,378.55,0.9,288.0,100880.0
1990-06-07 13:00:00+00:00,33.79,25.9,984.0,859.27,166.0,383.2,1.72,270.0,100820.0
1990-06-07 14:00:00+00:00,34.43,24.25,907.0,839.48,161.0,386.85,2.21,263.0,100750.0
1990-06-07 15:00:00+00:00,34.74,23.5,779.0,800.49,154.0,388.8,2.62,257.0,100690.0
1990-06-07 16:00:00+00:00,34.65,24.35,613.0,748.8,137.0,389.55,3.17,251.0,100650.0
1990-06-07 17:00:00+00:00,33.86,26.8,413.0,632.44,120.0,389.75,3.79,246.0,100620.0
1990-06-07 18:00:00+00:00,32.18,32.65,219.0,497.62,82.0,387.45,3.93,239.0,100600.0
1990-06-07 19:00:00+00:00,29.6,43.8,45.0,200.99,28.0,386.1,3.86,232.0,100600.0
1990-06-07 20:00:00+00:00,27.62,48.15,0.0,0.0,0.0,380.45,3.45,226.0,100620.0
1990-06-07 21:00:00+00:00,26.37,52.95,0.0,0.0,0.0,375.25,2.97,222.0,100680.0
1990-06-07 22:00:00+00:00,25.59,52.85,0.0,0.0,0.0,370.2,2.41,226.0,100720.0
1990-06-07 23:00:00+00:00,25.03,50.95,0.0,0.0,0.0,364.2,2.0,246.0,100700.0
1990-06-08 00:00:00+00:00,24.52,45.75,0.0,0.0,0.0,358.8,1.93,272.0,100700.0
1990-06-08 01:00:00+00:00,23.73,43.9,0.0,0.0,0.0,354.85,2.0,289.0,100680.0
1990-06-08 02:00:00+00:00,22.9,45.25,0.0,0.0,0.0,352.4,2.14,303.0,100680.0
1990-06-08 03:00:00+00:00,22.25,46.75,0.0,0.0,0.0,349.7,2.34,313.0,100690.0
1990-06-08 04:00:00+00:00,21.56,48.3,0.0,0.0,0.0,346.6,2.14,321.0,100690.0
1990-06-08 05:00:00+00:00,20.76,55.45,0.0,0.0,0.0,342.95,1.79,323.0,100720.0
1990-06-08 06:00:00+00:00,20.59,61.6,143.0,416.06,62.0,341.0,1.31,321.0,100780.0
1990-06-08 07:00:00+00:00,22.46,52.0,334.0,599.54,103.0,342.55,2.28,317.0,100860.0
1990-06-08 08:00:00+00:00,24.16,47.25,500.0,586.87,168.0,352.2,2.21,339.0,100870.0
1990-06-08 09:00:00+00:00,25.92,44.45,701.0,755.89,154.0,362.65,2.0,329.0,100850.0
1990-06-08 10:00:00+00:00,27.87,40.5,832.0,760.32,187.0,368.65,2.48,321.0,100850.0
1990-06-08 11:00:00+00:00,29.61,36.85,709.0,293.15,436.0,377.95,2.69,320.0,100830.0
1990-06-08 12:00:00+00:00,31.15,33.55,874.0,551.31,341.0,385.5,3.03,320.0,100800.0
1990-06-08 13:00:00+00:00,32.32,30.45,968.0,835.69,172.0,389.55,3.24,320.0,100760.0
1990-06-08 14:00:00+00:00,33.12,28.65,888.0,801.69,175.0,394.8,3.45,320.0,100720.0
1990-06-08 15:00:00+00:00,33.58,28.65,741.0,693.36,199.0,397.7,3.38,319.0,100650.0
1990-06-08 16:00:00+00:00,33.89,27.8,583.0,651.68,168.0,398.3,3.24,317.0,100580.0
1990-06-08 17:00:00+00:00,33.9,26.8,420.0,662.95,112.0,398.3,3.1,314.0,100550.0
1990-06-08 18:00:00+00:00,33.42,27.65,202.0,382.98,96.0,396.75,2.55,306.0,100550.0
1990-06-08 19:00:00+00:00,31.8,32.55,44.0,174.08,29.0,394.6,2.55,292.0,100600.0
1990-06-08 20:00:00+00:00,29.92,36.85,0.0,0.0,0.0,389.4,2.97,301.0,100660.0
1990-06-08 21:00:00+00:00,28.68,39.25,0.0,0.0,0.0,385.5,3.79,319.0,100710.0
1990-06-08 22:00:00+00:00,27.59,41.95,0.0,0.0,0.0,383.95,4.21,330.0,100770.0
1990-06-08 23:00:00+00:00,26.54,46.25,0.0,0.0,0.0,380.45,3.72,336.0,100790.0
1990-06-09 00:00:00+00:00,25.61,49.3,0.0,0.0,0.0,377.4,2.97,339.0,100780.0
1990-06-09 01:00:00+00:00,24.75,52.6,0.0,0.0,0.0,374.0,2.48,339.0,100760.0
1990-06-09 02:00:00+00:00,23.97,56.15,0.0,0.0,0.0,368.85,2.41,342.0,100720.0
1990-06-09 03:00:00+00:00,23.28,58.0,0.0,0.0,0.0,363.85,2.34,348.0,100690.0
1990-06-09 04:00:00+00:00,22.68,59.95,0.0,0.0,0.0,360.55,2.28,356.0,100670.0
1990-06-09 05:00:00+00:00,22.16,61.95,0.0,0.0,0.0,357.85,2.14,6.0,100680.0
1990-06-09 06:00:00+00:00,22.16,64.1,141.0,400.08,63.0,356.3,1.79,14.0,100710.0
1990-06-09 07:00:00+00:00,24.0,60.15,330.0,586.31,104.0,358.4,1.93,26.0,100740.0
1990-06-09 08:00:00+00:00,26.05,51.2,526.0,696.34,132.0,364.4,2.41,36.0,100750.0
1990-06-09 09:00:00+00:00,28.26,46.5,698.0,751.66,154.0,372.95,2.48,41.0,100720.0
1990-06-09 10:00:00+00:00,30.43,41.0,843.0,799.1,165.0,382.2,2.41,44.0,100710.0
1990-06-09 11:00:00+00:00,32.18,35.0,940.0,825.57,171.0,390.35,2.14,40.0,100670.0
1990-06-09 12:00:00+00:00,33.58,30.7,988.0,847.86,168.0,397.3,1.79,40.0,100620.0
1990-06-09 13:00:00+00:00,34.68,27.05,981.0,865.67,156.0,402.95,1.24,41.0,100560.0
1990-06-09 14:00:00+00:00,35.47,24.5,900.0,833.64,158.0,407.4,0.83,28.0,100500.0
1990-06-09 15:00:00+00:00,35.99,22.95,769.0,783.29,156.0,410.85,0.69,1.0,100460.0
1990-06-09 16:00:00+00:00,36.2,22.25,602.0,721.12,142.0,412.2,0.76,334.0,100410.0
1990-06-09 17:00:00+00:00,36.07,22.95,408.0,616.06,121.0,411.65,1.03,313.0,100390.0
1990-06-09 18:00:00+00:00,35.57,23.65,216.0,474.49,84.0,409.9,1.52,294.0,100380.0
1990-06-09 19:00:00+00:00,34.17,29.9,46.0,193.86,29.0,410.85,2.41,229.0,100410.0
1990-06-09 20:00:00+00:00,31.51,38.55,0.0,0.0,0.0,405.05,3.17,213.0,100480.0
1990-06-09 21:00:00+00:00,29.36,46.75,0.0,0.0,0.0,399.05,3.45,204.0,100560.0
1990-06-09 22:00:00+00:00,27.72,51.55,0.0,0.0,0.0,392.3,3.24,208.0,100630.0
1990-06-09 23:00:00+00:00,26.53,54.95,0.0,0.0,0.0,387.45,2.83,215.0,100630.0
1990-06-10 00:00:00+00:00,25.74,56.6,0.0,0.0,0.0,384.35,2.28,225.0,100640.0
1990-06-10 01:00:00+00:00,25.05,56.5,0.0,0.0,0.0,378.05,1.79,246.0,100650.0
1990-06-10 02:00:00+00:00,24.29,60.25,0.0,0.0,0.0,373.7,1.45,279.0,100630.0
1990-06-10 03:00:00+00:00,23.51,62.25,0.0,0.0,0.0,371.55,1.38,329.0,100640.0
1990-06-10 04:00:00+00:00,22.94,66.45,0.0,0.0,0.0,371.0,1.59,6.0,100640.0
1990-06-10 05:00:00+00:00,22.57,68.75,0.0,0.0,0.0,371.4,1.72,27.0,100650.0
1990-06-10 06:00:00+00:00,22.8,68.75,130.0,312.57,69.0,371.0,1.59,39.0,100680.0
1990-06-10 07:00:00+00:00,24.96,60.35,319.0,531.7,114.0,370.2,1.59,45.0,100740.0
1990-06-10 08:00:00+00:00,27.41,49.7,519.0,676.85,136.0,374.85,1.59,53.0,100760.0
1990-06-10 09:00:00+00:00,29.68,40.9,694.0,737.8,160.0,383.2,1.24,62.0,100780.0
1990-06-10 10:00:00+00:00,31.7,34.9,842.0,796.66,166.0,389.55,0.97,96.0,100750.0
1990-06-10 11:00:00+00:00,33.37,31.8,945.0,835.07,167.0,397.1,1.1,124.0,100740.0
1990-06-10 12:00:00+00:00,34.7,28.05,992.0,857.92,162.0,402.9,1.17,132.0,100680.0
1990-06-10 13:00:00+00:00,35.73,26.4,970.0,842.16,167.0,407.75,1.1,129.0,100630.0
1990-06-10 14:00:00+00:00,36.47,24.75,895.0,821.79,163.0,410.85,1.1,123.0,100570.0
1990-06-10 15:00:00+00:00,36.92,24.0,764.0,772.22,159.0,412.2,1.1,115.0,100520.0
1990-06-10 16:00:00+00:00,37.02,23.2,592.0,685.5,154.0,412.2,1.1,113.0,100490.0
1990-06-10 17:00:00+00:00,36.79,23.2,400.0,571.63,133.0,410.1,1.24,126.0,100460.0
1990-06-10 18:00:00+00:00,36.17,23.05,204.0,386.32,96.0,406.0,1.93,143.0,100430.0
1990-06-10 19:00:00+00:00,34.29,27.9,41.0,123.38,30.0,397.7,2.41,168.0,100480.0
1990-06-10 20:00:00+00:00,31.76,30.35,0.0,0.0,0.0,391.5,2.34,178.0,100540.0
1990-06-10 21:00:00+00:00,29.86,34.35,0.0,0.0,0.0,383.55,1.79,196.0,100660.0
1990-06-10 22:00:00+00:00,28.38,37.75,0.0,0.0,0.0,377.2,1.38,235.0,100700.0
1990-06-10 23:00:00+00:00,26.97,43.15,0.0,0.0,0.0,371.55,1.66,286.0,100720.0
1990-06-11 00:00:00+00:00,25.65,49.3,0.0,0.0,0.0,367.7,1.66,327.0,100700.0
1990-06-11 01:00:00+00:00,24.82,52.6,0.0,0.0,0.0,364.35,1.93,359.0,100670.0
1990-06-11 02:00:00+00:00,24.06,54.35,0.0,0.0,0.0,360.95,1.86,21.0,100620.0
1990-06-11 03:00:00+00:00,23.47,56.0,0.0,0.0,0.0,357.25,1.93,44.0,100610.0
1990-06-11 04:00:00+00:00,23.1,52.25,0.0,0.0,0.0,353.75,2.21,57.0,100600.0
1990-06-11 05:00:00+00:00,22.89,50.3,0.0,0.0,0.0,350.3,2.48,59.0,100610.0
1990-06-11 06:00:00+00:00,23.26,47.0,137.0,358.48,67.0,347.0,2.48,57.0,100650.0
1990-06-11 07:00:00+00:00,24.96,44.15,327.0,560.2,111.0,347.0,1.93,55.0,100670.0
1990-06-11 08:00:00+00:00,27.77,32.75,528.0,694.55,135.0,351.25,2.0,58.0,100680.0
1990-06-11 09:00:00+00:00,30.32,25.95,700.0,739.2,165.0,359.0,1.59,57.0,100680.0
1990-06-11 10:00:00+00:00,32.46,22.1,849.0,798.98,171.0,367.1,1.24,83.0,100710.0
1990-06-11 11:00:00+00:00,34.25,19.55,947.0,825.29,178.0,375.45,1.38,118.0,100690.0
1990-06-11 12:00:00+00:00,35.83,18.5,995.0,850.44,172.0,383.0,1.79,131.0,100640.0
1990-06-11 13:00:00+00:00,37.09,16.8,973.0,831.28,180.0,388.2,2.07,134.0,100560.0
1990-06-11 14:00:00+00:00,37.93,15.85,899.0,812.23,175.0,391.7,2.21,134.0,100510.0
1990-06-11 15:00:00+00:00,38.35,14.85,764.0,745.9,179.0,393.45,2.14,135.0,100480.0
1990-06-11 16:00:00+00:00,38.31,14.85,589.0,650.03,173.0,393.45,2.0,143.0,100450.0
1990-06-11 17:00:00+00:00,37.95,14.75,388.0,493.31,157.0,391.5,2.07,151.0,100440.0
1990-06-11 18:00:00+00:00,36.97,16.8,196.0,316.87,107.0,387.85,2.34,153.0,100450.0
1990-06-11 19:00:00+00:00,33.99,20.15,40.0,99.38,31.0,385.7,2.34,158.0,100480.0
1990-06-11 20:00:00+00:00,31.65,22.0,0.0,0.0,0.0,376.2,2.0,181.0,100560.0
1990-06-11 21:00:00+00:00,29.78,24.9,0.0,0.0,0.0,370.4,1.66,210.0,100660.0
1990-06-11 22:00:00+00:00,28.41,31.6,0.0,0.0,0.0,360.95,0.69,301.0,100700.0
1990-06-11 23:00:00+00:00,26.36,32.35,0.0,0.0,0.0,357.45,2.0,43.0,100680.0
1990-06-12 00:00:00+00:00,25.66,32.25,0.0,0.0,0.0,364.2,2.28,62.0,100660.0
1990-06-12 01:00:00+00:00,24.89,34.4,0.0,0.0,0.0,360.05,1.93,46.0,100670.0
1990-06-12 02:00:00+00:00,24.29,35.5,0.0,0.0,0.0,361.5,2.34,20.0,100680.0
1990-06-12 03:00:00+00:00,23.91,36.7,0.0,0.0,0.0,357.65,2.62,32.0,100650.0
1990-06-12 04:00:00+00:00,23.49,36.55,0.0,0.0,0.0,344.65,2.97,46.0,100630.0
1990-06-12 05:00:00+00:00,23.25,35.25,0.0,0.0,0.0,341.4,3.03,48.0,100600.0
1990-06-12 06:00:00+00:00,23.51,35.4,136.0,353.29,67.0,341.4,2.69,37.0,100620.0
1990-06-12 07:00:00+00:00,25.53,34.65,320.0,513.57,122.0,351.25,1.59,37.0,100630.0
1990-06-12 08:00:00+00:00,28.64,27.5,519.0,650.46,151.0,356.1,1.52,22.0,100680.0
1990-06-12 09:00:00+00:00,31.23,21.85,696.0,717.16,177.0,359.4,1.31,20.0,100680.0
1990-06-12 10:00:00+00:00,33.56,19.3,839.0,760.1,194.0,368.65,0.62,54.0,100710.0
1990-06-12 11:00:00+00:00,35.59,17.1,947.0,815.54,187.0,378.95,0.28,154.0,100680.0
1990-06-12 12:00:00+00:00,37.02,15.65,995.0,840.92,181.0,388.6,0.62,212.0,100640.0
1990-06-12 13:00:00+00:00,38.46,14.3,978.0,837.2,179.0,392.45,1.17,216.0,100610.0
1990-06-12 14:00:00+00:00,39.37,14.4,904.0,817.28,175.0,395.4,1.66,206.0,100540.0
1990-06-12 15:00:00+00:00,39.82,13.5,777.0,780.81,164.0,396.75,1.86,192.0,100470.0
1990-06-12 16:00:00+00:00,39.98,13.0,604.0,694.29,159.0,395.95,2.07,179.0,100440.0
1990-06-12 17:00:00+00:00,39.71,12.05,403.0,551.77,144.0,393.85,2.28,174.0,100400.0
1990-06-12 18:00:00+00:00,38.67,13.8,206.0,365.09,103.0,389.75,2.21,182.0,100390.0
1990-06-12 19:00:00+00:00,35.67,15.45,43.0,130.58,31.0,384.15,2.48,171.0,100420.0
1990-06-12 20:00:00+00:00,33.02,17.2,0.0,0.0,0.0,383.75,2.07,186.0,100510.0
1990-06-12 21:00:00+00:00,31.0,18.75,0.0,0.0,0.0,369.25,1.72,210.0,100620.0
1990-06-12 22:00:00+00:00,30.5,18.65,0.0,0.0,0.0,375.05,0.28,231.0,100640.0
1990-06-12 23:00:00+00:00,27.4,26.25,0.0,0.0,0.0,364.0,1.45,21.0,100580.0
1990-06-13 00:00:00+00:00,25.8,28.9,0.0,0.0,0.0,359.75,1.93,334.0,100610.0
1990-06-13 01:00:00+00:00,24.37,34.25,0.0,0.0,0.0,348.85,1.93,329.0,100600.0
1990-06-13 02:00:00+00:00,23.27,40.75,0.0,0.0,0.0,347.55,1.45,356.0,100570.0
1990-06-13 03:00:00+00:00,22.23,43.5,0.0,0.0,0.0,343.5,1.59,8.0,100550.0
1990-06-13 04:00:00+00:00,21.48,46.5,0.0,0.0,0.0,342.15,1.66,30.0,100550.0
1990-06-13 05:00:00+00:00,21.09,49.95,0.0,0.0,0.0,343.1,1.59,43.0,100550.0
1990-06-13 06:00:00+00:00,22.47,48.45,103.0,128.03,78.0,342.35,0.83,29.0,100590.0
1990-06-13 07:00:00+00:00,25.3,42.75,294.0,381.4,147.0,351.65,1.03,13.0,100660.0
1990-06-13 08:00:00+00:00,28.37,31.6,420.0,305.86,247.0,359.2,1.45,25.0,100680.0
1990-06-13 09:00:00+00:00,30.81,23.4,483.0,182.43,351.0,366.15,1.59,44.0,100670.0
1990-06-13 10:00:00+00:00,32.98,20.65,638.0,279.31,401.0,375.65,1.17,44.0,100640.0
1990-06-13 11:00:00+00:00,34.91,18.95,851.0,564.4,325.0,387.05,0.62,21.0,100610.0
1990-06-13 12:00:00+00:00,36.6,18.6,982.0,806.65,201.0,392.85,0.34,336.0,100580.0
1990-06-13 13:00:00+00:00,37.88,17.65,944.0,742.59,235.0,398.1,0.28,287.0,100510.0
1990-06-13 14:00:00+00:00,38.82,17.15,853.0,671.1,254.0,402.95,0.48,268.0,100440.0
1990-06-13 15:00:00+00:00,39.41,16.65,721.0,603.17,247.0,406.8,0.97,261.0,100370.0
1990-06-13 16:00:00+00:00,39.59,16.65,587.0,629.4,183.0,405.65,1.38,257.0,100310.0
1990-06-13 17:00:00+00:00,39.37,16.65,314.0,218.92,211.0,403.9,1.59,259.0,100280.0
1990-06-13 18:00:00+00:00,38.73,17.15,167.0,165.89,120.0,401.0,1.72,261.0,100270.0
1990-06-13 19:00:00+00:00,37.61,20.95,30.0,21.47,28.0,403.1,1.86,246.0,100260.0
1990-06-13 20:00:00+00:00,34.5,25.1,0.0,0.0,0.0,392.45,2.48,226.0,100320.0
1990-06-13 21:00:00+00:00,31.89,29.3,0.0,0.0,0.0,387.85,2.69,234.0,100400.0
1990-06-13 22:00:00+00:00,29.71,36.85,0.0,0.0,0.0,382.4,2.83,264.0,100450.0
1990-06-13 23:00:00+00:00,28.09,41.95,0.0,0.0,0.0,375.85,2.48,279.0,100460.0
1990-06-14 00:00:00+00:00,27.05,44.8,0.0,0.0,0.0,370.0,1.86,271.0,100470.0
1990-06-14 01:00:00+00:00,26.06,49.45,0.0,0.0,0.0,365.85,1.45,249.0,100460.0
1990-06-14 02:00:00+00:00,24.88,56.35,0.0,0.0,0.0,362.3,0.97,237.0,100410.0
1990-06-14 03:00:00+00:00,24.51,58.2,0.0,0.0,0.0,359.95,0.9,244.0,100410.0
1990-06-14 04:00:00+00:00,23.15,62.15,0.0,0.0,0.0,358.4,1.24,248.0,100400.0
1990-06-14 05:00:00+00:00,22.33,68.7,0.0,0.0,0.0,357.25,1.59,244.0,100430.0
1990-06-14 06:00:00+00:00,22.67,68.75,111.0,169.1,78.0,356.3,1.66,242.0,100470.0
1990-06-14 07:00:00+00:00,24.82,54.45,273.0,298.51,158.0,355.9,0.62,255.0,100560.0
1990-06-14 08:00:00+00:00,26.72,43.15,476.0,491.67,198.0,363.45,0.76,224.0,100590.0
1990-06-14 09:00:00+00:00,28.84,37.9,654.0,591.64,226.0,372.35,0.55,202.0,100580.0
1990-06-14 10:00:00+00:00,31.11,31.3,821.0,720.14,210.0,380.3,0.83,188.0,100570.0
1990-06-14 11:00:00+00:00,33.26,28.65,927.0,774.68,205.0,388.2,1.38,202.0,100560.0
1990-06-14 12:00:00+00:00,35.05,27.05,969.0,784.81,209.0,393.45,1.86,213.0,100520.0
1990-06-14 13:00:00+00:00,36.43,25.6,943.0,750.69,226.0,401.2,2.28,227.0,100450.0
1990-06-14 14:00:00+00:00,37.32,24.1,852.0,678.53,246.0,406.6,2.55,235.0,100390.0
1990-06-14 15:00:00+00:00,37.73,23.4,708.0,572.1,258.0,411.05,2.76,240.0,100360.0
1990-06-14 16:00:00+00:00,37.57,25.0,534.0,454.28,242.0,411.85,2.97,243.0,100320.0
1990-06-14 17:00:00+00:00,36.77,26.65,296.0,176.03,213.0,410.65,3.24,247.0,100300.0
1990-06-14 18:00:00+00:00,35.35,31.25,159.0,137.1,120.0,407.2,3.24,248.0,100300.0
1990-06-14 19:00:00+00:00,34.54,33.2,28.0,21.19,26.0,405.05,1.93,245.0,100340.0
1990-06-14 20:00:00+00:00,32.01,40.0,0.0,0.0,0.0,407.75,3.03,255.0,100380.0
1990-06-14 21:00:00+00:00,29.73,46.9,0.0,0.0,0.0,400.8,3.03,264.0,100490.0
1990-06-14 22:00:00+00:00,28.23,51.55,0.0,0.0,0.0,395.4,2.48,249.0,100520.0
1990-06-14 23:00:00+00:00,26.93,54.95,0.0,0.0,0.0,384.55,2.48,214.0,100530.0
1990-06-15 00:00:00+00:00,25.81,58.55,0.0,0.0,0.0,375.45,2.48,190.0,100550.0
1990-06-15 01:00:00+00:00,25.17,60.45,0.0,0.0,0.0,377.7,2.07,192.0,100580.0
1990-06-15 02:00:00+00:00,24.75,60.35,0.0,0.0,0.0,381.65,1.72,244.0,100510.0
1990-06-15 03:00:00+00:00,24.36,64.5,0.0,0.0,0.0,381.85,1.24,270.0,100490.0
1990-06-15 04:00:00+00:00,23.75,68.95,0.0,0.0,0.0,376.6,0.76,162.0,100520.0
1990-06-15 05:00:00+00:00,23.52,71.35,0.0,0.0,0.0,387.25,0.9,130.0,100560.0
1990-06-15 06:00:00+00:00,23.67,76.3,105.0,143.62,77.0,384.15,0.62,5.0,100540.0
1990-06-15 07:00:00+00:00,25.07,60.45,286.0,366.23,145.0,379.5,1.52,86.0,100610.0
1990-06-15 08:00:00+00:00,26.93,51.3,475.0,502.5,191.0,390.95,2.21,67.0,100590.0
1990-06-15 09:00:00+00:00,29.47,42.2,661.0,629.15,206.0,390.95,2.76,62.0,100550.0
1990-06-15 10:00:00+00:00,32.57,32.65,635.0,287.63,391.0,392.85,3.17,78.0,100470.0
1990-06-15 11:00:00+00:00,35.09,27.05,871.0,638.41,276.0,396.35,3.03,101.0,100450.0
1990-06-15 12:00:00+00:00,37.18,23.3,922.0,674.21,269.0,406.8,2.76,129.0,100410.0
1990-06-15 13:00:00+00:00,38.52,21.2,907.0,670.89,266.0,412.4,2.41,168.0,100370.0
1990-06-15 14:00:00+00:00,39.03,21.95,833.0,641.21,260.0,421.7,2.83,203.0,100340.0
1990-06-15 15:00:00+00:00,38.7,22.75,659.0,452.2,303.0,433.9,3.38,216.0,100320.0
1990-06-15 16:00:00+00:00,37.32,25.85,557.0,540.68,209.0,434.65,4.28,230.0,100330.0
1990-06-15 17:00:00+00:00,35.11,33.3,304.0,198.94,210.0,434.85,3.93,242.0,100350.0
1990-06-15 18:00:00+00:00,33.45,37.75,214.0,420.23,94.0,424.6,3.17,244.0,100380.0
1990-06-15 19:00:00+00:00,32.82,35.15,37.0,62.81,31.0,407.4,2.34,221.0,100500.0
1990-06-15 20:00:00+00:00,30.79,39.75,0.0,0.0,0.0,405.85,3.31,207.0,100580.0
1990-06-15 21:00:00+00:00,29.09,43.65,0.0,0.0,0.0,396.35,3.79,210.0,100710.0
1990-06-15 22:00:00+00:00,27.34,49.7,0.0,0.0,0.0,394.2,4.28,217.0,100810.0
1990-06-15 23:00:00+00:00,25.95,56.6,0.0,0.0,0.0,389.2,2.34,225.0,100790.0
1990-06-16 00:00:00+00:00,25.2,60.45,0.0,0.0,0.0,392.65,1.79,305.0,100730.0
1990-06-16 01:00:00+00:00,24.64,62.45,0.0,0.0,0.0,389.1,1.79,308.0,100660.0
1990-06-16 02:00:00+00:00,24.0,68.95,0.0,0.0,0.0,379.7,2.0,243.0,100690.0
1990-06-16 03:00:00+00:00,22.96,76.15,0.0,0.0,0.0,374.3,2.62,219.0,100760.0
1990-06-16 04:00:00+00:00,22.23,78.7,0.0,0.0,0.0,372.15,2.34,218.0,100770.0
1990-06-16 05:00:00+00:00,21.74,81.35,0.0,0.0,0.0,369.25,2.14,222.0,100770.0
1990-06-16 06:00:00+00:00,21.67,81.35,101.0,123.27,77.0,364.0,1.72,202.0,100770.0
1990-06-16 07:00:00+00:00,22.35,73.55,196.0,80.58,165.0,370.0,0.62,286.0,100860.0
1990-06-16 08:00:00+00:00,24.12,64.5,444.0,394.78,221.0,382.4,0.76,354.0,100790.0
1990-06-16 09:00:00+00:00,26.44,56.7,605.0,459.23,273.0,382.4,0.55,24.0,100760.0
1990-06-16 10:00:00+00:00,28.75,49.95,772.0,593.05,269.0,388.6,0.07,116.0,100730.0
1990-06-16 11:00:00+00:00,30.62,44.05,928.0,792.94,189.0,399.65,0.83,212.0,100720.0
1990-06-16 12:00:00+00:00,32.25,40.15,981.0,833.1,174.0,401.75,1.86,218.0,100690.0
1990-06-16 13:00:00+00:00,33.44,39.05,950.0,784.72,200.0,409.7,2.48,216.0,100660.0
1990-06-16 14:00:00+00:00,34.49,36.75,868.0,737.05,209.0,411.65,2.69,215.0,100600.0
1990-06-16 15:00:00+00:00,35.15,33.45,743.0,689.15,200.0,413.2,2.9,217.0,100530.0
1990-06-16 16:00:00+00:00,35.72,31.35,532.0,456.21,238.0,410.85,3.17,218.0,100470.0
1990-06-16 17:00:00+00:00,35.13,31.25,357.0,363.29,185.0,408.9,3.52,227.0,100440.0
1990-06-16 18:00:00+00:00,33.3,35.25,184.0,244.25,114.0,402.15,3.86,242.0,100430.0
1990-06-16 19:00:00+00:00,30.2,48.65,43.0,103.52,33.0,400.6,2.83,236.0,100540.0
1990-06-16 20:00:00+00:00,28.2,51.55,0.0,0.0,0.0,389.55,3.52,236.0,100600.0
1990-06-16 21:00:00+00:00,26.12,51.2,0.0,0.0,0.0,381.25,3.31,245.0,100730.0
1990-06-16 22:00:00+00:00,24.78,50.8,0.0,0.0,0.0,373.5,2.55,245.0,100770.0
1990-06-16 23:00:00+00:00,24.01,50.7,0.0,0.0,0.0,365.4,1.86,243.0,100780.0
1990-06-17 00:00:00+00:00,23.51,52.35,0.0,0.0,0.0,362.5,1.52,224.0,100760.0
1990-06-17 01:00:00+00:00,22.77,55.9,0.0,0.0,0.0,358.35,2.0,197.0,100750.0
1990-06-17 02:00:00+00:00,22.11,59.8,0.0,0.0,0.0,357.25,1.93,210.0,100760.0
1990-06-17 03:00:00+00:00,21.61,61.85,0.0,0.0,0.0,356.3,1.52,216.0,100750.0
1990-06-17 04:00:00+00:00,21.12,66.15,0.0,0.0,0.0,353.55,1.24,189.0,100740.0
1990-06-17 05:00:00+00:00,20.61,68.4,0.0,0.0,0.0,353.2,1.31,171.0,100760.0
1990-06-17 06:00:00+00:00,20.86,70.8,143.0,416.76,62.0,352.8,1.31,149.0,100780.0
1990-06-17 07:00:00+00:00,22.66,59.95,272.0,301.84,156.0,360.35,1.24,168.0,100830.0
1990-06-17 08:00:00+00:00,24.56,52.6,441.0,380.87,226.0,367.1,1.38,229.0,100840.0
1990-06-17 09:00:00+00:00,26.58,46.25,548.0,314.12,321.0,373.9,1.03,268.0,100860.0
1990-06-17 10:00:00+00:00,28.83,42.05,753.0,537.76,297.0,379.1,0.69,35.0,100790.0
1990-06-17 11:00:00+00:00,31.13,35.95,861.0,605.21,297.0,387.45,1.1,107.0,100780.0
1990-06-17 12:00:00+00:00,33.09,32.8,912.0,639.99,292.0,397.5,1.52,169.0,100750.0
1990-06-17 13:00:00+00:00,34.71,30.05,871.0,572.16,324.0,406.0,2.14,201.0,100690.0
1990-06-17 14:00:00+00:00,35.79,28.3,845.0,660.66,254.0,409.5,2.9,217.0,100630.0
1990-06-17 15:00:00+00:00,35.94,28.3,652.0,426.1,316.0,414.15,3.45,226.0,100590.0
1990-06-17 16:00:00+00:00,35.22,30.15,589.0,641.64,175.0,411.25,3.66,235.0,100550.0
1990-06-17 17:00:00+00:00,33.84,34.2,390.0,486.99,159.0,404.85,3.93,243.0,100520.0
1990-06-17 18:00:00+00:00,32.0,40.0,197.0,299.07,111.0,397.3,3.72,250.0,100530.0
1990-06-17 19:00:00+00:00,31.71,38.7,45.0,122.95,33.0,393.45,2.48,244.0,100530.0
1990-06-17 20:00:00+00:00,29.55,45.2,0.0,0.0,0.0,387.85,2.55,246.0,100530.0
1990-06-17 21:00:00+00:00,27.67,48.15,0.0,0.0,0.0,377.4,2.83,248.0,100610.0
1990-06-17 22:00:00+00:00,26.17,51.2,0.0,0.0,0.0,371.55,2.76,251.0,100660.0
1990-06-17 23:00:00+00:00,25.12,54.55,0.0,0.0,0.0,366.15,2.55,253.0,100700.0
1990-06-18 00:00:00+00:00,24.44,56.25,0.0,0.0,0.0,362.3,2.34,254.0,100710.0
1990-06-18 01:00:00+00:00,23.93,58.1,0.0,0.0,0.0,361.05,1.86,249.0,100690.0
1990-06-18 02:00:00+00:00,23.43,60.05,0.0,0.0,0.0,362.85,1.52,228.0,100650.0
1990-06-18 03:00:00+00:00,22.7,64.2,0.0,0.0,0.0,356.65,1.66,210.0,100630.0
1990-06-18 04:00:00+00:00,22.06,66.35,0.0,0.0,0.0,355.9,1.66,204.0,100640.0
1990-06-18 05:00:00+00:00,21.59,71.0,0.0,0.0,0.0,361.5,1.45,194.0,100630.0
1990-06-18 06:00:00+00:00,21.92,73.45,99.0,113.43,77.0,367.3,1.38,186.0,100670.0
1990-06-18 07:00:00+00:00,23.66,62.25,289.0,375.12,145.0,361.3,0.76,172.0,100670.0
1990-06-18 08:00:00+00:00,25.37,54.55,499.0,588.56,167.0,375.85,1.31,169.0,100670.0
1990-06-18 09:00:00+00:00,27.22,51.45,678.0,677.01,189.0,381.25,1.93,206.0,100600.0
1990-06-18 10:00:00+00:00,28.87,48.25,833.0,762.05,187.0,377.95,2.62,229.0,100600.0
1990-06-18 11:00:00+00:00,30.33,43.95,941.0,818.84,178.0,388.4,3.03,229.0,100580.0
1990-06-18 12:00:00+00:00,31.38,39.9,995.0,854.64,167.0,399.65,3.86,227.0,100550.0
1990-06-18 13:00:00+00:00,31.86,37.35,969.0,825.08,180.0,399.25,4.48,229.0,100490.0
1990-06-18 14:00:00+00:00,32.14,33.8,892.0,791.08,184.0,397.9,4.76,231.0,100410.0
1990-06-18 15:00:00+00:00,32.03,32.55,756.0,712.18,194.0,396.55,4.97,230.0,100350.0
1990-06-18 16:00:00+00:00,31.42,30.2,582.0,609.96,188.0,390.75,5.24,231.0,100310.0
1990-06-18 17:00:00+00:00,30.15,26.9,381.0,441.94,171.0,381.65,5.45,234.0,100280.0
1990-06-18 18:00:00+00:00,28.35,28.35,205.0,336.26,108.0,369.85,5.1,233.0,100300.0
1990-06-18 19:00:00+00:00,25.06,42.75,51.0,172.53,34.0,354.35,4.62,220.0,100340.0
1990-06-18 20:00:00+00:00,23.29,50.45,0.0,0.0,0.0,339.05,4.07,211.0,100370.0
1990-06-18 21:00:00+00:00,21.99,59.7,0.0,0.0,0.0,326.1,3.86,209.0,100490.0
1990-06-18 22:00:00+00:00,21.04,66.15,0.0,0.0,0.0,324.35,3.59,202.0,100520.0
1990-06-18 23:00:00+00:00,20.38,73.2,0.0,0.0,0.0,326.3,3.45,203.0,100520.0
1990-06-19 00:00:00+00:00,19.92,78.35,0.0,0.0,0.0,327.45,3.31,206.0,100530.0
1990-06-19 01:00:00+00:00,19.52,78.35,0.0,0.0,0.0,328.9,3.03,208.0,100530.0
1990-06-19 02:00:00+00:00,19.14,81.05,0.0,0.0,0.0,327.65,2.69,207.0,100480.0
1990-06-19 03:00:00+00:00,18.78,83.8,0.0,0.0,0.0,327.05,2.48,209.0,100460.0
1990-06-19 04:00:00+00:00,18.44,83.75,0.0,0.0,0.0,324.95,2.34,219.0,100440.0
1990-06-19 05:00:00+00:00,18.22,83.75,0.0,0.0,0.0,328.2,2.14,226.0,100430.0
1990-06-19 06:00:00+00:00,18.58,78.25,140.0,398.01,63.0,334.0,1.86,222.0,100470.0
1990-06-19 07:00:00+00:00,20.16,70.7,328.0,576.45,107.0,347.75,2.48,255.0,100520.0
1990-06-19 08:00:00+00:00,21.34,66.15,456.0,424.04,217.0,354.35,2.28,249.0,100510.0
1990-06-19 09:00:00+00:00,22.86,59.95,362.0,48.48,327.0,375.45,2.69,248.0,100510.0
1990-06-19 10:00:00+00:00,24.21,54.35,685.0,374.07,368.0,382.0,3.1,249.0,100480.0
1990-06-19 11:00:00+00:00,25.52,49.2,775.0,405.72,397.0,396.95,3.66,246.0,100460.0
1990-06-19 12:00:00+00:00,26.75,43.15,952.0,729.72,245.0,386.3,3.86,241.0,100420.0
1990-06-19 13:00:00+00:00,27.78,39.1,980.0,844.76,172.0,369.85,4.0,239.0,100330.0
1990-06-19 14:00:00+00:00,28.26,37.75,916.0,847.7,157.0,365.95,4.14,236.0,100290.0
1990-06-19 15:00:00+00:00,28.36,36.45,790.0,810.46,150.0,367.3,4.34,233.0,100230.0
1990-06-19 16:00:00+00:00,27.83,36.45,623.0,750.04,138.0,367.1,4.62,232.0,100210.0
1990-06-19 17:00:00+00:00,26.79,40.25,428.0,647.11,120.0,363.05,4.69,232.0,100180.0
1990-06-19 18:00:00+00:00,25.46,45.9,232.0,504.64,86.0,357.85,4.83,231.0,100210.0
1990-06-19 19:00:00+00:00,23.69,54.2,58.0,241.46,34.0,354.15,4.28,229.0,100200.0
1990-06-19 20:00:00+00:00,22.02,61.95,0.0,0.0,0.0,347.95,3.79,227.0,100220.0
1990-06-19 21:00:00+00:00,20.88,70.8,0.0,0.0,0.0,343.5,3.45,212.0,100290.0
1990-06-19 22:00:00+00:00,20.16,75.75,0.0,0.0,0.0,340.2,3.45,205.0,100330.0
1990-06-19 23:00:00+00:00,19.76,78.35,0.0,0.0,0.0,344.5,3.52,201.0,100350.0
1990-06-20 00:00:00+00:00,19.5,81.1,0.0,0.0,0.0,345.65,3.59,201.0,100350.0
1990-06-20 01:00:00+00:00,19.38,83.85,0.0,0.0,0.0,350.4,3.45,203.0,100340.0
1990-06-20 02:00:00+00:00,19.16,86.8,0.0,0.0,0.0,343.5,3.03,204.0,100300.0
1990-06-20 03:00:00+00:00,19.09,86.8,0.0,0.0,0.0,348.55,2.76,210.0,100280.0
1990-06-20 04:00:00+00:00,18.97,86.8,0.0,0.0,0.0,349.1,2.55,210.0,100280.0
1990-06-20 05:00:00+00:00,18.79,86.75,0.0,0.0,0.0,348.35,2.41,206.0,100280.0
1990-06-20 06:00:00+00:00,19.13,83.85,140.0,399.15,63.0,355.5,2.28,204.0,100340.0
1990-06-20 07:00:00+00:00,20.01,73.2,309.0,464.97,131.0,354.15,2.0,221.0,100410.0
1990-06-20 08:00:00+00:00,21.43,66.15,488.0,532.76,188.0,352.0,2.14,240.0,100440.0
1990-06-20 09:00:00+00:00,22.98,55.9,590.0,401.96,300.0,348.15,2.34,245.0,100460.0
1990-06-20 10:00:00+00:00,24.3,47.25,754.0,525.31,309.0,361.5,2.62,239.0,100450.0
1990-06-20 11:00:00+00:00,25.64,41.4,879.0,631.23,291.0,366.55,3.03,241.0,100480.0
1990-06-20 12:00:00+00:00,26.78,37.5,980.0,794.74,210.0,361.9,3.45,247.0,100460.0
1990-06-20 13:00:00+00:00,27.64,32.75,949.0,746.34,235.0,359.95,3.79,250.0,100430.0
1990-06-20 14:00:00+00:00,28.19,30.5,903.0,803.82,183.0,360.15,3.93,252.0,100380.0
1990-06-20 15:00:00+00:00,28.43,28.35,788.0,797.28,158.0,355.9,4.07,252.0,100350.0
1990-06-20 16:00:00+00:00,28.33,26.4,622.0,738.49,144.0,350.85,4.14,252.0,100320.0
1990-06-20 17:00:00+00:00,27.9,26.4,423.0,612.55,131.0,344.85,4.14,247.0,100300.0
1990-06-20 18:00:00+00:00,26.77,30.25,233.0,499.83,88.0,340.4,4.34,236.0,100310.0
1990-06-20 19:00:00+00:00,24.68,39.7,58.0,249.54,33.0,336.35,4.28,222.0,100400.0
1990-06-20 20:00:00+00:00,22.75,48.55,0.0,0.0,0.0,331.7,4.28,219.0,100440.0
1990-06-20 21:00:00+00:00,21.41,55.55,0.0,0.0,0.0,327.45,3.59,216.0,100500.0
1990-06-20 22:00:00+00:00,20.45,59.35,0.0,0.0,0.0,322.8,2.97,211.0,100510.0
1990-06-20 23:00:00+00:00,19.71,63.6,0.0,0.0,0.0,319.7,2.41,206.0,100500.0
1990-06-21 00:00:00+00:00,19.11,68.1,0.0,0.0,0.0,317.4,1.86,205.0,100490.0
1990-06-21 01:00:00+00:00,18.21,75.45,0.0,0.0,0.0,315.35,1.24,206.0,100430.0
1990-06-21 02:00:00+00:00,17.98,72.9,0.0,0.0,0.0,313.7,0.83,202.0,100380.0
1990-06-21 03:00:00+00:00,17.99,72.9,0.0,0.0,0.0,312.95,0.55,206.0,100350.0
1990-06-21 04:00:00+00:00,17.89,75.4,0.0,0.0,0.0,315.65,0.48,261.0,100330.0
1990-06-21 05:00:00+00:00,17.43,72.8,0.0,0.0,0.0,325.7,0.69,303.0,100330.0
1990-06-21 06:00:00+00:00,17.74,70.3,104.0,135.21,78.0,330.55,0.48,301.0,100370.0
1990-06-21 07:00:00+00:00,19.13,63.5,329.0,572.99,110.0,332.5,1.1,330.0,100440.0
1990-06-21 08:00:00+00:00,21.03,49.95,525.0,682.62,141.0,332.65,1.45,353.0,100440.0
1990-06-21 09:00:00+00:00,22.84,43.65,709.0,765.61,157.0,331.7,0.62,14.0,100460.0
1990-06-21 10:00:00+00:00,24.51,39.55,861.0,825.48,162.0,334.2,0.34,246.0,100430.0
1990-06-21 11:00:00+00:00,26.11,32.35,968.0,863.3,164.0,340.6,1.38,242.0,100410.0
1990-06-21 12:00:00+00:00,27.41,28.25,1018.0,886.62,159.0,344.3,2.69,238.0,100390.0
1990-06-21 13:00:00+00:00,28.12,26.4,1003.0,883.14,158.0,351.25,3.86,234.0,100340.0
1990-06-21 14:00:00+00:00,28.15,26.4,914.0,825.86,174.0,355.1,4.97,235.0,100300.0
1990-06-21 15:00:00+00:00,27.47,28.25,802.0,825.89,149.0,350.3,5.59,237.0,100290.0
1990-06-21 16:00:00+00:00,26.39,30.1,634.0,765.59,138.0,342.75,5.72,236.0,100270.0
1990-06-21 17:00:00+00:00,25.34,32.1,434.0,655.67,121.0,337.3,5.72,234.0,100240.0
1990-06-21 18:00:00+00:00,23.99,38.05,238.0,526.11,85.0,331.5,5.59,230.0,100250.0
1990-06-21 19:00:00+00:00,21.83,48.3,61.0,277.5,33.0,336.75,5.52,220.0,100290.0
1990-06-21 20:00:00+00:00,20.36,59.35,0.0,0.0,0.0,323.75,5.1,218.0,100360.0
1990-06-21 21:00:00+00:00,19.51,63.6,0.0,0.0,0.0,321.85,4.55,216.0,100400.0
1990-06-21 22:00:00+00:00,19.2,68.1,0.0,0.0,0.0,324.75,4.0,219.0,100460.0
1990-06-21 23:00:00+00:00,19.04,68.1,0.0,0.0,0.0,326.1,3.31,228.0,100480.0
1990-06-22 00:00:00+00:00,18.77,65.65,0.0,0.0,0.0,324.95,2.76,241.0,100490.0
1990-06-22 01:00:00+00:00,18.31,65.55,0.0,0.0,0.0,322.35,2.48,252.0,100480.0
1990-06-22 02:00:00+00:00,17.78,63.2,0.0,0.0,0.0,319.5,2.28,257.0,100460.0
1990-06-22 03:00:00+00:00,17.16,60.95,0.0,0.0,0.0,314.1,2.14,250.0,100460.0
1990-06-22 04:00:00+00:00,16.63,65.35,0.0,0.0,0.0,312.35,2.07,241.0,100470.0
1990-06-22 05:00:00+00:00,16.17,67.65,0.0,0.0,0.0,309.65,1.93,234.0,100510.0
1990-06-22 06:00:00+00:00,16.36,72.65,138.0,396.66,62.0,314.85,1.59,226.0,100550.0
1990-06-22 07:00:00+00:00,17.79,67.85,330.0,594.98,103.0,322.8,2.07,249.0,100620.0
1990-06-22 08:00:00+00:00,19.24,61.3,399.0,258.05,254.0,335.0,2.41,258.0,100620.0
1990-06-22 09:00:00+00:00,20.84,55.45,396.0,77.73,340.0,347.75,2.69,253.0,100630.0
1990-06-22 10:00:00+00:00,21.95,51.9,634.0,278.83,398.0,378.55,2.97,247.0,100600.0
1990-06-22 11:00:00+00:00,22.92,48.55,632.0,180.43,464.0,397.9,3.03,244.0,100620.0
1990-06-22 12:00:00+00:00,23.39,47.0,953.0,731.84,244.0,397.3,3.1,237.0,100610.0
1990-06-22 13:00:00+00:00,23.59,45.5,716.0,266.48,461.0,400.2,3.38,234.0,100600.0
1990-06-22 14:00:00+00:00,24.03,44.05,326.0,3.35,323.0,399.05,3.45,239.0,100570.0
1990-06-22 15:00:00+00:00,24.45,45.6,644.0,393.13,333.0,395.2,3.59,242.0,100520.0
1990-06-22 16:00:00+00:00,24.41,45.6,583.0,593.76,198.0,403.9,3.86,241.0,100490.0
1990-06-22 17:00:00+00:00,23.99,47.15,415.0,573.23,141.0,393.85,4.14,238.0,100490.0
1990-06-22 18:00:00+00:00,23.02,48.7,230.0,476.89,91.0,389.0,4.28,238.0,100490.0
1990-06-22 19:00:00+00:00,21.71,57.65,59.0,236.36,35.0,387.85,4.34,236.0,100550.0
1990-06-22 20:00:00+00:00,20.77,63.8,0.0,0.0,0.0,385.9,3.79,240.0,100580.0
1990-06-22 21:00:00+00:00,20.01,68.3,0.0,0.0,0.0,365.55,3.38,243.0,100640.0
1990-06-22 22:00:00+00:00,19.58,70.65,0.0,0.0,0.0,373.1,2.97,242.0,100670.0
1990-06-22 23:00:00+00:00,19.16,75.65,0.0,0.0,0.0,363.45,2.34,233.0,100640.0
1990-06-23 00:00:00+00:00,18.76,78.25,0.0,0.0,0.0,357.05,1.86,214.0,100610.0
1990-06-23 01:00:00+00:00,18.23,80.9,0.0,0.0,0.0,345.75,1.79,199.0,100580.0
1990-06-23 02:00:00+00:00,17.66,86.65,0.0,0.0,0.0,336.75,1.93,194.0,100560.0
1990-06-23 03:00:00+00:00,17.27,86.65,0.0,0.0,0.0,337.1,1.93,192.0,100560.0
1990-06-23 04:00:00+00:00,16.85,89.65,0.0,0.0,0.0,330.15,1.93,188.0,100560.0
1990-06-23 05:00:00+00:00,16.6,89.65,0.0,0.0,0.0,332.85,1.93,185.0,100570.0
1990-06-23 06:00:00+00:00,16.8,89.65,140.0,413.96,61.0,330.75,1.59,188.0,100610.0
1990-06-23 07:00:00+00:00,18.32,83.75,335.0,622.38,98.0,361.3,2.28,219.0,100720.0
1990-06-23 08:00:00+00:00,19.9,70.65,529.0,716.26,127.0,347.4,2.55,233.0,100750.0
1990-06-23 09:00:00+00:00,21.42,59.6,704.0,772.31,148.0,344.65,2.69,240.0,100760.0
1990-06-23 10:00:00+00:00,22.95,52.1,682.0,372.35,367.0,352.6,2.83,241.0,100780.0
1990-06-23 11:00:00+00:00,24.41,45.6,666.0,225.61,456.0,356.3,3.1,239.0,100780.0
1990-06-23 12:00:00+00:00,25.15,41.25,665.0,187.88,483.0,375.25,3.45,239.0,100770.0
1990-06-23 13:00:00+00:00,25.23,41.25,640.0,169.27,478.0,389.95,3.79,236.0,100770.0
1990-06-23 14:00:00+00:00,25.64,38.55,803.0,540.94,318.0,385.9,3.93,235.0,100740.0
1990-06-23 15:00:00+00:00,26.38,37.35,723.0,600.14,248.0,361.9,3.93,235.0,100700.0
1990-06-23 16:00:00+00:00,26.01,37.2,621.0,738.16,142.0,383.0,4.07,235.0,100690.0
1990-06-23 17:00:00+00:00,25.34,39.85,428.0,637.32,123.0,354.55,4.21,239.0,100670.0
1990-06-23 18:00:00+00:00,24.23,44.05,234.0,503.32,87.0,346.8,4.34,243.0,100680.0
1990-06-23 19:00:00+00:00,22.85,50.3,60.0,244.84,35.0,340.6,3.93,247.0,100790.0
1990-06-23 20:00:00+00:00,21.42,55.55,0.0,0.0,0.0,336.75,3.52,240.0,100830.0
1990-06-23 21:00:00+00:00,20.33,61.5,0.0,0.0,0.0,334.0,3.1,236.0,100890.0
1990-06-23 22:00:00+00:00,19.5,68.2,0.0,0.0,0.0,332.5,2.69,231.0,100930.0
1990-06-23 23:00:00+00:00,18.84,75.55,0.0,0.0,0.0,330.75,2.28,223.0,100910.0
1990-06-24 00:00:00+00:00,18.36,80.9,0.0,0.0,0.0,330.55,2.0,223.0,100900.0
1990-06-24 01:00:00+00:00,17.93,83.7,0.0,0.0,0.0,329.7,1.72,227.0,100880.0
1990-06-24 02:00:00+00:00,17.42,83.7,0.0,0.0,0.0,328.8,1.45,237.0,100830.0
1990-06-24 03:00:00+00:00,16.65,86.6,0.0,0.0,0.0,328.4,1.1,250.0,100810.0
1990-06-24 04:00:00+00:00,16.71,83.65,0.0,0.0,0.0,326.65,0.9,261.0,100790.0
1990-06-24 05:00:00+00:00,17.26,80.85,0.0,0.0,0.0,325.7,0.62,253.0,100800.0
1990-06-24 06:00:00+00:00,17.27,80.85,136.0,384.18,63.0,324.75,0.48,230.0,100830.0
1990-06-24 07:00:00+00:00,19.26,73.05,329.0,592.1,104.0,335.75,0.62,292.0,100900.0
1990-06-24 08:00:00+00:00,21.19,61.7,530.0,720.74,126.0,340.0,0.76,328.0,100910.0
1990-06-24 09:00:00+00:00,22.86,55.9,706.0,775.74,148.0,346.0,0.62,307.0,100910.0
1990-06-24 10:00:00+00:00,24.63,45.75,808.0,683.61,230.0,352.8,1.52,281.0,100890.0
1990-06-24 11:00:00+00:00,25.85,41.4,852.0,574.93,317.0,374.1,1.79,275.0,100870.0
1990-06-24 12:00:00+00:00,26.85,38.85,942.0,702.05,262.0,368.45,1.86,271.0,100820.0
1990-06-24 13:00:00+00:00,27.69,33.95,965.0,801.39,198.0,381.85,1.93,263.0,100760.0
1990-06-24 14:00:00+00:00,28.61,31.75,870.0,711.42,232.0,377.55,2.34,255.0,100690.0
1990-06-24 15:00:00+00:00,29.01,30.65,785.0,790.57,159.0,383.2,2.76,249.0,100620.0
1990-06-24 16:00:00+00:00,29.0,30.65,631.0,763.83,135.0,369.65,3.17,246.0,100580.0
1990-06-24 17:00:00+00:00,28.61,30.65,432.0,651.26,120.0,360.55,3.72,245.0,100540.0
1990-06-24 18:00:00+00:00,27.28,35.05,236.0,509.26,87.0,356.1,4.34,238.0,100520.0
1990-06-24 19:00:00+00:00,24.78,45.75,61.0,253.42,35.0,353.4,4.21,232.0,100560.0
1990-06-24 20:00:00+00:00,22.95,54.0,0.0,0.0,0.0,347.0,3.52,229.0,100590.0
1990-06-24 21:00:00+00:00,21.68,59.7,0.0,0.0,0.0,340.6,2.9,224.0,100590.0
1990-06-24 22:00:00+00:00,20.84,63.8,0.0,0.0,0.0,335.95,2.41,217.0,100610.0
1990-06-24 23:00:00+00:00,20.28,68.3,0.0,0.0,0.0,332.85,2.07,218.0,100580.0
1990-06-25 00:00:00+00:00,19.82,68.2,0.0,0.0,0.0,330.35,1.79,231.0,100570.0
1990-06-25 01:00:00+00:00,19.23,65.75,0.0,0.0,0.0,328.5,1.66,253.0,100530.0
1990-06-25 02:00:00+00:00,18.39,67.95,0.0,0.0,0.0,326.85,1.59,274.0,100490.0
1990-06-25 03:00:00+00:00,17.59,70.3,0.0,0.0,0.0,325.3,1.45,288.0,100480.0
1990-06-25 04:00:00+00:00,17.13,70.3,0.0,0.0,0.0,323.55,1.31,297.0,100460.0
1990-06-25 05:00:00+00:00,16.65,72.7,0.0,0.0,0.0,322.2,1.31,302.0,100480.0
1990-06-25 06:00:00+00:00,16.93,72.7,135.0,385.98,62.0,322.0,1.1,301.0,100510.0
1990-06-25 07:00:00+00:00,19.31,63.5,324.0,574.96,106.0,319.9,0.76,307.0,100550.0
1990-06-25 08:00:00+00:00,21.28,55.55,527.0,711.0,129.0,323.95,0.55,295.0,100550.0
1990-06-25 09:00:00+00:00,23.22,48.7,706.0,775.04,149.0,330.35,0.97,255.0,100550.0
1990-06-25 10:00:00+00:00,24.99,42.65,854.0,822.46,159.0,337.7,1.79,251.0,100540.0
1990-06-25 11:00:00+00:00,26.44,36.05,955.0,850.33,164.0,342.95,2.41,253.0,100500.0
1990-06-25 12:00:00+00:00,27.66,30.5,1012.0,885.95,154.0,348.15,2.76,255.0,100460.0
1990-06-25 13:00:00+00:00,28.65,28.5,993.0,870.32,160.0,351.65,2.97,257.0,100390.0
1990-06-25 14:00:00+00:00,29.35,27.6,925.0,861.78,152.0,355.1,3.1,259.0,100300.0
1990-06-25 15:00:00+00:00,29.83,27.75,799.0,824.34,146.0,358.2,3.24,258.0,100240.0
1990-06-25 16:00:00+00:00,29.93,28.75,631.0,763.36,135.0,360.55,3.38,256.0,100200.0
1990-06-25 17:00:00+00:00,29.58,29.8,435.0,661.07,118.0,361.7,3.59,251.0,100170.0
1990-06-25 18:00:00+00:00,28.5,35.2,239.0,525.54,85.0,362.5,3.93,241.0,100140.0
1990-06-25 19:00:00+00:00,26.24,44.55,61.0,262.12,34.0,360.75,3.86,233.0,100190.0
1990-06-25 20:00:00+00:00,24.78,49.05,0.0,0.0,0.0,356.5,3.03,234.0,100210.0
1990-06-25 21:00:00+00:00,23.65,50.55,0.0,0.0,0.0,351.65,2.28,243.0,100250.0
1990-06-25 22:00:00+00:00,22.84,50.3,0.0,0.0,0.0,346.2,1.93,263.0,100260.0
1990-06-25 23:00:00+00:00,22.13,48.45,0.0,0.0,0.0,342.15,1.79,275.0,100270.0
1990-06-26 00:00:00+00:00,21.35,48.2,0.0,0.0,0.0,338.1,1.79,281.0,100270.0
1990-06-26 01:00:00+00:00,20.54,44.7,0.0,0.0,0.0,334.35,1.93,294.0,100260.0
1990-06-26 02:00:00+00:00,19.81,42.85,0.0,0.0,0.0,330.15,2.14,309.0,100260.0
1990-06-26 03:00:00+00:00,19.14,41.15,0.0,0.0,0.0,326.1,2.21,322.0,100250.0
1990-06-26 04:00:00+00:00,18.42,42.45,0.0,0.0,0.0,321.65,2.07,329.0,100230.0
1990-06-26 05:00:00+00:00,17.68,43.9,0.0,0.0,0.0,317.4,2.0,322.0,100260.0
1990-06-26 06:00:00+00:00,17.56,45.55,133.0,366.68,64.0,314.1,2.0,316.0,100300.0
1990-06-26 07:00:00+00:00,19.22,44.3,330.0,600.12,103.0,319.9,2.07,334.0,100400.0
1990-06-26 08:00:00+00:00,20.74,41.55,533.0,724.55,128.0,321.05,1.72,328.0,100390.0
1990-06-26 09:00:00+00:00,22.56,36.4,713.0,788.3,147.0,324.55,1.66,305.0,100420.0
1990-06-26 10:00:00+00:00,24.25,31.85,863.0,835.99,157.0,329.0,2.07,281.0,100410.0
1990-06-26 11:00:00+00:00,25.65,27.85,971.0,875.39,157.0,331.7,2.83,270.0,100410.0
1990-06-26 12:00:00+00:00,26.75,22.5,1023.0,898.5,153.0,332.5,3.17,265.0,100380.0
1990-06-26 13:00:00+00:00,27.66,18.9,1004.0,882.86,159.0,331.9,3.31,261.0,100310.0
1990-06-26 14:00:00+00:00,28.39,17.5,936.0,876.13,150.0,330.55,3.52,260.0,100270.0
1990-06-26 15:00:00+00:00,28.8,16.3,809.0,837.94,145.0,329.75,3.66,262.0,100240.0
1990-06-26 16:00:00+00:00,28.87,15.7,636.0,767.56,137.0,328.8,3.59,263.0,100200.0
1990-06-26 17:00:00+00:00,28.66,15.7,442.0,675.12,118.0,329.0,3.45,262.0,100190.0
1990-06-26 18:00:00+00:00,28.07,16.85,241.0,528.25,86.0,329.0,3.17,258.0,100160.0
1990-06-26 19:00:00+00:00,26.22,24.15,63.0,270.95,35.0,330.35,3.03,239.0,100220.0
1990-06-26 20:00:00+00:00,24.23,29.55,0.0,0.0,0.0,327.85,2.83,229.0,100230.0
1990-06-26 21:00:00+00:00,22.79,33.85,0.0,0.0,0.0,324.15,2.55,237.0,100330.0
1990-06-26 22:00:00+00:00,21.88,34.85,0.0,0.0,0.0,321.45,2.28,257.0,100380.0
1990-06-26 23:00:00+00:00,21.18,32.2,0.0,0.0,0.0,319.1,2.34,283.0,100410.0
1990-06-27 00:00:00+00:00,20.54,32.1,0.0,0.0,0.0,317.55,2.69,301.0,100460.0
1990-06-27 01:00:00+00:00,19.85,34.3,0.0,0.0,0.0,315.35,2.97,311.0,100440.0
1990-06-27 02:00:00+00:00,19.05,36.8,0.0,0.0,0.0,312.15,3.1,315.0,100490.0
1990-06-27 03:00:00+00:00,18.2,40.9,0.0,0.0,0.0,309.45,2.9,317.0,100520.0
1990-06-27 04:00:00+00:00,17.43,45.55,0.0,0.0,0.0,306.55,2.34,315.0,100550.0
1990-06-27 05:00:00+00:00,16.7,48.9,0.0,0.0,0.0,303.45,1.72,302.0,100600.0
1990-06-27 06:00:00+00:00,16.35,54.45,135.0,384.7,63.0,300.55,1.52,288.0,100630.0
1990-06-27 07:00:00+00:00,17.77,50.85,334.0,612.24,103.0,303.65,2.21,302.0,100710.0
1990-06-27 08:00:00+00:00,19.38,47.65,535.0,727.45,129.0,305.55,1.79,308.0,100770.0
1990-06-27 09:00:00+00:00,21.23,41.7,717.0,790.48,150.0,310.8,1.17,312.0,100790.0
1990-06-27 10:00:00+00:00,23.02,36.55,872.0,847.2,157.0,317.4,0.9,270.0,100790.0
1990-06-27 11:00:00+00:00,24.73,30.8,970.0,862.83,168.0,323.0,1.45,270.0,100790.0
1990-06-27 12:00:00+00:00,26.28,28.0,1023.0,886.29,165.0,328.4,1.66,286.0,100800.0
1990-06-27 13:00:00+00:00,27.65,24.5,1014.0,895.43,157.0,333.85,1.52,297.0,100750.0
1990-06-27 14:00:00+00:00,28.83,22.9,946.0,888.28,149.0,337.1,1.59,302.0,100690.0
1990-06-27 15:00:00+00:00,29.73,20.7,814.0,840.23,148.0,340.6,1.52,302.0,100650.0
1990-06-27 16:00:00+00:00,30.23,18.65,644.0,781.04,136.0,342.75,1.31,291.0,100600.0
1990-06-27 17:00:00+00:00,30.27,17.95,446.0,680.9,119.0,342.95,1.17,259.0,100580.0
1990-06-27 18:00:00+00:00,29.61,19.95,245.0,544.71,85.0,341.4,2.07,229.0,100610.0
1990-06-27 19:00:00+00:00,27.63,28.35,62.0,270.29,34.0,339.25,3.1,224.0,100670.0
1990-06-27 20:00:00+00:00,24.8,38.3,0.0,0.0,0.0,333.85,3.52,222.0,100710.0
1990-06-27 21:00:00+00:00,22.96,43.65,0.0,0.0,0.0,328.4,2.97,223.0,100780.0
1990-06-27 22:00:00+00:00,21.75,46.6,0.0,0.0,0.0,324.35,2.41,220.0,100810.0
1990-06-27 23:00:00+00:00,20.85,51.65,0.0,0.0,0.0,320.3,1.93,209.0,100810.0
1990-06-28 00:00:00+00:00,19.84,55.2,0.0,0.0,0.0,317.0,1.52,202.0,100780.0
1990-06-28 01:00:00+00:00,19.14,59.15,0.0,0.0,0.0,313.6,0.83,191.0,100750.0
1990-06-28 02:00:00+00:00,18.97,59.15,0.0,0.0,0.0,311.0,0.55,151.0,100710.0
1990-06-28 03:00:00+00:00,18.3,65.55,0.0,0.0,0.0,307.9,0.69,141.0,100690.0
1990-06-28 04:00:00+00:00,17.14,67.85,0.0,0.0,0.0,306.55,1.03,149.0,100710.0
1990-06-28 05:00:00+00:00,16.74,72.7,0.0,0.0,0.0,305.55,0.97,151.0,100740.0
1990-06-28 06:00:00+00:00,17.28,70.3,0.0,0.0,0.0,305.4,0.28,118.0,100760.0
1990-06-28 07:00:00+00:00,18.8,68.05,0.0,0.0,0.0,309.05,0.34,1.0,100870.0
1990-06-28 08:00:00+00:00,21.84,53.75,0.0,0.0,0.0,316.05,0.55,26.0,100860.0
1990-06-28 09:00:00+00:00,24.69,44.15,724.0,806.66,146.0,325.7,0.83,55.0,100870.0
1990-06-28 10:00:00+00:00,27.14,33.8,876.0,853.72,156.0,335.95,0.97,76.0,100860.0
1990-06-28 11:00:00+00:00,29.08,27.6,980.0,880.43,162.0,344.5,0.69,105.0,100850.0
1990-06-28 12:00:00+00:00,30.5,23.25,1027.0,891.66,164.0,351.25,0.28,161.0,100820.0
1990-06-28 13:00:00+00:00,31.49,20.3,1014.0,888.18,164.0,355.5,0.41,263.0,100730.0
1990-06-28 14:00:00+00:00,32.2,18.4,940.0,870.37,159.0,358.6,0.76,284.0,100680.0
1990-06-28 15:00:00+00:00,32.63,17.2,818.0,846.34,147.0,360.15,0.9,284.0,100610.0
1990-06-28 16:00:00+00:00,32.77,16.55,645.0,776.13,140.0,360.75,0.97,271.0,100590.0
1990-06-28 17:00:00+00:00,32.57,17.1,444.0,665.95,124.0,359.4,1.31,257.0,100560.0
1990-06-28 18:00:00+00:00,31.83,18.3,245.0,537.46,87.0,356.65,2.0,248.0,100540.0
1990-06-28 19:00:00+00:00,29.37,30.75,62.0,260.2,35.0,357.65,3.1,243.0,100590.0
1990-06-28 20:00:00+00:00,26.82,36.2,0.0,0.0,0.0,351.25,3.1,243.0,100600.0
1990-06-28 21:00:00+00:00,25.01,41.15,0.0,0.0,0.0,344.65,2.83,241.0,100660.0
1990-06-28 22:00:00+00:00,23.73,43.9,0.0,0.0,0.0,340.4,2.62,232.0,100680.0
1990-06-28 23:00:00+00:00,22.72,48.55,0.0,0.0,0.0,337.3,2.48,214.0,100690.0
1990-06-29 00:00:00+00:00,21.88,53.75,0.0,0.0,0.0,334.6,2.34,202.0,100670.0
1990-06-29 01:00:00+00:00,21.19,55.55,0.0,0.0,0.0,332.0,1.86,199.0,100640.0
1990-06-29 02:00:00+00:00,20.2,59.35,0.0,0.0,0.0,329.2,1.38,191.0,100610.0
1990-06-29 03:00:00+00:00,19.3,65.75,0.0,0.0,0.0,326.85,1.17,183.0,100580.0
1990-06-29 04:00:00+00:00,18.92,68.05,0.0,0.0,0.0,324.95,1.03,187.0,100550.0
1990-06-29 05:00:00+00:00,19.13,68.1,0.0,0.0,0.0,323.2,0.83,199.0,100560.0
1990-06-29 06:00:00+00:00,19.42,68.1,0.0,0.0,0.0,322.2,0.48,222.0,100540.0
1990-06-29 07:00:00+00:00,20.89,63.8,0.0,0.0,0.0,324.95,0.69,240.0,100640.0
1990-06-29 08:00:00+00:00,23.54,48.8,531.0,720.85,130.0,330.35,0.76,240.0,100620.0
1990-06-29 09:00:00+00:00,25.83,41.4,716.0,794.98,147.0,338.1,1.03,232.0,100610.0
1990-06-29 10:00:00+00:00,27.84,35.2,871.0,854.34,151.0,345.85,1.45,233.0,100580.0
1990-06-29 11:00:00+00:00,29.75,30.9,970.0,870.08,162.0,352.8,1.86,243.0,100580.0
1990-06-29 12:00:00+00:00,31.31,26.2,1018.0,881.57,165.0,359.2,2.34,255.0,100500.0
1990-06-29 13:00:00+00:00,32.39,22.9,1004.0,877.82,164.0,362.5,2.76,260.0,100450.0
1990-06-29 14:00:00+00:00,33.02,19.9,927.0,848.05,166.0,363.85,3.1,259.0,100380.0
1990-06-29 15:00:00+00:00,33.3,17.3,810.0,834.84,148.0,362.3,3.17,255.0,100320.0
1990-06-29 16:00:00+00:00,33.23,16.05,635.0,755.93,143.0,359.75,3.31,250.0,100250.0
1990-06-29 17:00:00+00:00,32.71,16.55,442.0,665.67,122.0,356.5,3.59,246.0,100200.0
1990-06-29 18:00:00+00:00,31.35,21.05,244.0,540.54,85.0,352.2,3.72,235.0,100170.0
1990-06-29 19:00:00+00:00,28.92,31.75,65.0,298.49,34.0,351.85,4.0,227.0,100220.0
1990-06-29 20:00:00+00:00,26.45,40.1,0.0,0.0,0.0,346.8,3.59,221.0,100230.0
1990-06-29 21:00:00+00:00,24.85,44.15,0.0,0.0,0.0,343.1,3.1,218.0,100310.0
1990-06-29 22:00:00+00:00,23.89,48.8,0.0,0.0,0.0,341.55,2.34,226.0,100330.0
1990-06-29 23:00:00+00:00,23.18,50.45,0.0,0.0,0.0,338.85,1.86,244.0,100340.0
1990-06-30 00:00:00+00:00,22.48,50.2,0.0,0.0,0.0,335.55,1.72,274.0,100310.0
1990-06-30 01:00:00+00:00,21.47,48.2,0.0,0.0,0.0,331.4,1.72,296.0,100320.0
1990-06-30 02:00:00+00:00,20.44,46.2,0.0,0.0,0.0,327.85,1.52,299.0,100280.0
1990-06-30 03:00:00+00:00,19.45,47.65,0.0,0.0,0.0,324.95,1.38,298.0,100280.0
1990-06-30 04:00:00+00:00,18.42,51.0,0.0,0.0,0.0,322.05,1.59,308.0,100290.0
1990-06-30 05:00:00+00:00,17.67,54.7,0.0,0.0,0.0,320.3,1.66,320.0,100320.0
1990-06-30 06:00:00+00:00,18.12,58.9,130.0,370.07,62.0,319.5,1.1,324.0,100340.0
1990-06-30 07:00:00+00:00,20.5,49.8,324.0,588.03,104.0,320.65,0.34,242.0,100410.0
1990-06-30 08:00:00+00:00,22.64,42.1,526.0,713.12,130.0,325.3,0.76,247.0,100400.0
1990-06-30 09:00:00+00:00,24.48,38.15,706.0,777.71,150.0,331.9,1.66,275.0,100450.0
1990-06-30 10:00:00+00:00,26.12,34.8,865.0,846.69,152.0,340.0,1.86,256.0,100450.0
1990-06-30 11:00:00+00:00,27.76,30.5,959.0,851.12,169.0,345.45,2.41,250.0,100440.0
1990-06-30 12:00:00+00:00,29.02,27.5,1011.0,874.59,165.0,349.7,2.69,252.0,100420.0
1990-06-30 13:00:00+00:00,30.02,24.0,998.0,871.67,164.0,352.0,2.55,250.0,100370.0
1990-06-30 14:00:00+00:00,30.82,21.75,886.0,736.61,225.0,354.55,2.48,249.0,100310.0
1990-06-30 15:00:00+00:00,31.34,20.3,762.0,693.52,212.0,356.1,2.48,252.0,100260.0
1990-06-30 16:00:00+00:00,28.94,24.04,628.0,735.79,149.0,350.47,3.17,251.0,100210.0
1990-06-30 17:00:00+00:00,28.42,27.85,439.0,659.23,122.0,350.99,2.98,242.0,100200.0
1990-06-30 18:00:00+00:00,27.89,31.66,250.0,574.34,81.0,351.51,2.79,225.0,100190.0
1990-06-30 19:00:00+00:00,27.37,35.47,64.0,288.83,34.0,352.03,2.6,214.0,100260.0
1990-06-30 20:00:00+00:00,26.85,39.27,0.0,0.0,0.0,352.56,2.41,215.0,100280.0
1990-06-30 21:00:00+00:00,26.32,43.08,0.0,0.0,0.0,353.08,2.21,215.0,100340.0
1990-06-30 22:00:00+00:00,25.8,46.89,0.0,0.0,0.0,353.6,2.02,208.0,100390.0
1990-06-30 23:00:00+00:00,25.27,50.7,0.0,0.0,0.0,354.12,1.83,197.0,100380.0
1990-07-01 00:00:00+00:00,24.75,54.5,0.0,0.0,0.0,354.65,1.64,208.0,100960.0
1990-07-01 01:00:00+00:00,24.22,58.31,0.0,0.0,0.0,355.17,1.45,208.0,100950.0
1990-07-01 02:00:00+00:00,23.7,62.12,0.0,0.0,0.0,355.69,1.26,206.0,100900.0
1990-07-01 03:00:00+00:00,23.17,65.93,0.0,0.0,0.0,356.21,1.07,196.0,100870.0
1990-07-01 04:00:00+00:00,22.65,69.73,0.0,0.0,0.0,356.74,0.88,199.0,100860.0
1990-07-01 05:00:00+00:00,22.13,73.54,0.0,0.0,0.0,357.26,0.69,215.0,100900.0
1990-07-01 06:00:00+00:00,21.6,77.35,132.0,405.49,58.0,357.78,0.5,248.0,100940.0
1990-07-01 07:00:00+00:00,21.08,81.16,324.0,608.62,97.0,358.3,0.3,291.0,101020.0
1990-07-01 08:00:00+00:00,27.54,51.45,527.0,737.89,118.0,368.85,0.76,344.0,101030.0
1990-07-01 09:00:00+00:00,29.86,43.8,708.0,803.85,134.0,378.55,0.9,9.0,101030.0
1990-07-01 10:00:00+00:00,31.94,37.35,858.0,852.12,141.0,387.85,0.69,357.0,101030.0
1990-07-01 11:00:00+00:00,33.75,31.95,967.0,892.53,139.0,395.2,0.76,304.0,100990.0
1990-07-01 12:00:00+00:00,35.24,26.25,1015.0,904.87,140.0,401.55,1.17,278.0,100960.0
1990-07-01 13:00:00+00:00,36.26,23.9,997.0,888.54,147.0,404.45,1.72,261.0,100900.0
1990-07-01 14:00:00+00:00,36.93,21.6,925.0,870.37,144.0,405.85,2.21,254.0,100840.0
1990-07-01 15:00:00+00:00,37.24,20.25,800.0,833.43,139.0,406.2,2.62,252.0,100790.0
1990-07-01 16:00:00+00:00,37.14,21.6,634.0,775.62,129.0,406.0,3.03,252.0,100760.0
1990-07-01 17:00:00+00:00,36.64,22.25,436.0,665.36,116.0,403.5,3.59,252.0,100750.0
1990-07-01 18:00:00+00:00,35.41,25.35,240.0,533.52,83.0,399.65,3.93,245.0,100740.0
1990-07-01 19:00:00+00:00,33.15,35.15,34.0,28.9,31.0,395.0,3.72,235.0,100730.0
1990-07-01 20:00:00+00:00,30.95,41.15,0.0,0.0,0.0,389.4,3.17,229.0,100750.0
1990-07-01 21:00:00+00:00,29.44,45.2,0.0,0.0,0.0,382.2,2.76,231.0,100820.0
1990-07-01 22:00:00+00:00,28.55,45.05,0.0,0.0,0.0,377.75,2.14,246.0,100860.0
1990-07-01 23:00:00+00:00,27.97,44.95,0.0,0.0,0.0,374.3,1.86,281.0,100870.0
1990-07-02 00:00:00+00:00,27.26,43.3,0.0,0.0,0.0,371.55,2.0,313.0,100880.0
1990-07-02 01:00:00+00:00,26.2,46.15,0.0,0.0,0.0,368.95,1.79,326.0,100870.0
1990-07-02 02:00:00+00:00,25.55,50.95,0.0,0.0,0.0,365.75,1.38,330.0,100840.0
1990-07-02 03:00:00+00:00,24.73,54.45,0.0,0.0,0.0,363.05,1.24,327.0,100830.0
1990-07-02 04:00:00+00:00,23.77,58.1,0.0,0.0,0.0,361.5,1.24,324.0,100820.0
1990-07-02 05:00:00+00:00,23.08,62.15,0.0,0.0,0.0,359.95,1.24,335.0,100850.0
1990-07-02 06:00:00+00:00,22.9,68.75,131.0,408.42,57.0,358.8,1.17,346.0,100890.0
1990-07-02 07:00:00+00:00,25.81,56.6,323.0,605.21,98.0,363.85,1.38,349.0,100920.0
1990-07-02 08:00:00+00:00,28.14,48.25,525.0,732.07,120.0,369.45,1.52,5.0,100940.0
1990-07-02 09:00:00+00:00,30.28,42.45,714.0,818.87,130.0,377.55,1.03,1.0,100960.0
1990-07-02 10:00:00+00:00,32.2,35.0,856.0,845.7,145.0,386.85,0.62,321.0,100930.0
1990-07-02 11:00:00+00:00,33.9,30.85,965.0,885.49,144.0,393.65,1.31,272.0,100910.0
1990-07-02 12:00:00+00:00,35.31,25.35,1024.0,920.72,134.0,397.7,2.0,263.0,100860.0
1990-07-02 13:00:00+00:00,36.34,21.5,1006.0,905.45,140.0,398.65,2.48,259.0,100790.0
1990-07-02 14:00:00+00:00,37.05,18.75,928.0,874.9,143.0,397.5,2.83,256.0,100730.0
1990-07-02 15:00:00+00:00,37.42,16.9,735.0,626.65,238.0,395.2,3.03,253.0,100670.0
1990-07-02 16:00:00+00:00,37.41,15.75,637.0,780.19,129.0,391.9,3.17,253.0,100630.0
1990-07-02 17:00:00+00:00,37.01,16.2,443.0,688.2,112.0,387.85,3.31,251.0,100600.0
1990-07-02 18:00:00+00:00,36.03,18.5,242.0,540.4,83.0,384.15,3.31,245.0,100570.0
1990-07-02 19:00:00+00:00,34.04,24.1,63.0,279.82,34.0,379.9,3.24,234.0,100560.0
1990-07-02 20:00:00+00:00,31.62,30.2,0.0,0.0,0.0,373.9,2.97,233.0,100590.0
1990-07-02 21:00:00+00:00,30.1,33.15,0.0,0.0,0.0,369.05,2.41,246.0,100630.0
1990-07-02 22:00:00+00:00,29.21,31.85,0.0,0.0,0.0,365.95,2.07,277.0,100680.0
1990-07-02 23:00:00+00:00,28.27,31.75,0.0,0.0,0.0,363.05,2.14,302.0,100680.0
1990-07-03 00:00:00+00:00,27.17,33.8,0.0,0.0,0.0,360.55,2.21,315.0,100680.0
1990-07-03 01:00:00+00:00,26.13,37.35,0.0,0.0,0.0,357.75,2.14,319.0,100660.0
1990-07-03 02:00:00+00:00,25.19,41.25,0.0,0.0,0.0,355.5,2.14,320.0,100670.0
1990-07-03 03:00:00+00:00,24.36,45.6,0.0,0.0,0.0,353.4,2.07,321.0,100650.0
1990-07-03 04:00:00+00:00,23.61,47.15,0.0,0.0,0.0,351.85,2.0,322.0,100670.0
1990-07-03 05:00:00+00:00,22.94,52.1,0.0,0.0,0.0,350.1,1.79,326.0,100710.0
1990-07-03 06:00:00+00:00,22.87,55.9,132.0,422.65,56.0,348.75,1.45,330.0,100740.0
1990-07-03 07:00:00+00:00,25.27,47.5,323.0,607.25,98.0,351.05,1.59,360.0,100780.0
1990-07-03 08:00:00+00:00,27.38,40.35,520.0,715.42,125.0,356.5,1.66,11.0,100790.0
1990-07-03 09:00:00+00:00,29.55,36.7,711.0,811.51,133.0,364.0,1.17,14.0,100800.0
1990-07-03 10:00:00+00:00,31.59,31.3,858.0,848.83,145.0,372.55,0.69,360.0,100770.0
1990-07-03 11:00:00+00:00,33.37,25.75,967.0,888.17,144.0,380.1,0.83,293.0,100770.0
1990-07-03 12:00:00+00:00,34.95,21.9,1010.0,887.96,152.0,385.3,1.59,279.0,100740.0
1990-07-03 13:00:00+00:00,36.19,19.9,997.0,884.75,151.0,389.4,2.07,274.0,100660.0
1990-07-03 14:00:00+00:00,37.12,17.45,921.0,854.95,154.0,392.1,2.48,272.0,100600.0
1990-07-03 15:00:00+00:00,37.69,15.75,802.0,830.96,143.0,392.65,2.83,269.0,100540.0
1990-07-03 16:00:00+00:00,37.76,14.75,639.0,783.29,129.0,392.45,3.17,264.0,100470.0
1990-07-03 17:00:00+00:00,37.36,15.15,442.0,684.12,113.0,390.35,3.45,260.0,100440.0
1990-07-03 18:00:00+00:00,36.25,17.3,242.0,537.23,84.0,387.25,3.59,250.0,100420.0
1990-07-03 19:00:00+00:00,33.88,25.0,62.0,270.8,34.0,383.75,3.45,239.0,100420.0
1990-07-03 20:00:00+00:00,31.53,31.3,0.0,0.0,0.0,377.95,3.1,235.0,100460.0
1990-07-03 21:00:00+00:00,30.0,35.6,0.0,0.0,0.0,373.5,2.62,243.0,100520.0
1990-07-03 22:00:00+00:00,29.05,36.7,0.0,0.0,0.0,370.6,2.28,259.0,100590.0
1990-07-03 23:00:00+00:00,28.18,37.9,0.0,0.0,0.0,368.5,2.14,274.0,100590.0
1990-07-04 00:00:00+00:00,27.24,41.8,0.0,0.0,0.0,366.75,2.14,285.0,100580.0
1990-07-04 01:00:00+00:00,26.33,46.15,0.0,0.0,0.0,364.15,2.07,293.0,100540.0
1990-07-04 02:00:00+00:00,25.38,49.2,0.0,0.0,0.0,361.1,1.93,297.0,100540.0
1990-07-04 03:00:00+00:00,24.4,54.35,0.0,0.0,0.0,357.45,1.72,301.0,100510.0
1990-07-04 04:00:00+00:00,23.51,60.05,0.0,0.0,0.0,353.75,1.59,305.0,100500.0
1990-07-04 05:00:00+00:00,22.78,62.05,0.0,0.0,0.0,349.3,1.45,310.0,100530.0
1990-07-04 06:00:00+00:00,22.54,68.7,128.0,397.99,57.0,347.2,1.31,321.0,100540.0
1990-07-04 07:00:00+00:00,24.63,58.35,319.0,595.84,99.0,348.35,1.31,335.0,100620.0
1990-07-04 08:00:00+00:00,26.6,51.3,518.0,709.64,127.0,352.8,1.45,360.0,100630.0
1990-07-04 09:00:00+00:00,28.59,45.05,709.0,804.17,137.0,360.95,0.97,4.0,100630.0
1990-07-04 10:00:00+00:00,30.49,36.95,860.0,851.99,145.0,368.65,0.69,323.0,100620.0
1990-07-04 11:00:00+00:00,32.27,30.45,965.0,880.09,150.0,375.25,1.17,279.0,100600.0
1990-07-04 12:00:00+00:00,33.84,25.9,1013.0,891.44,152.0,379.7,1.86,261.0,100580.0
1990-07-04 13:00:00+00:00,35.05,22.7,995.0,876.63,157.0,383.4,2.62,254.0,100500.0
1990-07-04 14:00:00+00:00,35.89,19.9,929.0,870.71,148.0,385.7,3.24,254.0,100470.0
1990-07-04 15:00:00+00:00,36.25,18.6,800.0,823.49,147.0,386.3,3.66,254.0,100410.0
1990-07-04 16:00:00+00:00,36.11,18.5,638.0,777.25,132.0,385.1,3.86,252.0,100370.0
1990-07-04 17:00:00+00:00,35.45,19.8,439.0,669.73,117.0,382.2,4.07,249.0,100340.0
1990-07-04 18:00:00+00:00,34.13,23.25,243.0,544.4,83.0,377.95,4.0,242.0,100330.0
1990-07-04 19:00:00+00:00,32.35,27.4,61.0,261.96,34.0,372.35,3.38,242.0,100320.0
1990-07-04 20:00:00+00:00,30.25,32.15,0.0,0.0,0.0,366.75,2.97,238.0,100370.0
1990-07-04 21:00:00+00:00,28.79,34.2,0.0,0.0,0.0,360.95,2.62,240.0,100450.0
1990-07-04 22:00:00+00:00,27.68,33.95,0.0,0.0,0.0,356.1,2.14,245.0,100520.0
1990-07-04 23:00:00+00:00,26.7,34.9,0.0,0.0,0.0,351.65,1.72,258.0,100520.0
1990-07-05 00:00:00+00:00,25.46,37.1,0.0,0.0,0.0,347.75,1.66,276.0,100510.0
1990-07-05 01:00:00+00:00,24.16,39.55,0.0,0.0,0.0,344.2,1.66,293.0,100510.0
1990-07-05 02:00:00+00:00,23.26,42.25,0.0,0.0,0.0,340.8,1.66,303.0,100510.0
1990-07-05 03:00:00+00:00,22.44,45.1,0.0,0.0,0.0,337.9,1.59,313.0,100480.0
1990-07-05 04:00:00+00:00,21.77,46.6,0.0,0.0,0.0,335.0,1.52,320.0,100500.0
1990-07-05 05:00:00+00:00,21.04,51.65,0.0,0.0,0.0,332.3,1.52,331.0,100520.0
1990-07-05 06:00:00+00:00,20.83,55.45,128.0,406.95,56.0,330.55,1.45,340.0,100560.0
1990-07-05 07:00:00+00:00,23.56,45.35,323.0,619.75,95.0,331.3,1.59,358.0,100620.0
1990-07-05 08:00:00+00:00,25.86,34.65,523.0,729.34,122.0,336.35,2.21,12.0,100630.0
1990-07-05 09:00:00+00:00,27.92,30.5,708.0,805.29,136.0,344.1,2.0,12.0,100650.0
1990-07-05 10:00:00+00:00,29.96,26.75,860.0,852.8,145.0,353.4,1.86,3.0,100630.0
1990-07-05 11:00:00+00:00,31.71,23.65,954.0,856.9,161.0,362.3,1.66,343.0,100610.0
1990-07-05 12:00:00+00:00,33.17,21.55,1002.0,868.02,164.0,370.2,1.72,322.0,100560.0
1990-07-05 13:00:00+00:00,34.34,20.25,996.0,877.95,157.0,377.75,1.93,304.0,100500.0
1990-07-05 14:00:00+00:00,35.18,19.65,945.0,907.7,131.0,384.95,2.28,292.0,100440.0
1990-07-05 15:00:00+00:00,35.74,17.85,675.0,455.34,314.0,383.95,2.9,286.0,100410.0
1990-07-05 16:00:00+00:00,35.78,18.5,631.0,757.44,138.0,389.0,3.45,284.0,100380.0
1990-07-05 17:00:00+00:00,35.24,19.8,408.0,522.26,157.0,387.25,3.79,284.0,100360.0
1990-07-05 18:00:00+00:00,34.25,21.8,235.0,490.43,91.0,386.45,3.79,285.0,100350.0
1990-07-05 19:00:00+00:00,32.98,24.75,46.0,97.41,36.0,383.0,3.38,286.0,100340.0
1990-07-05 20:00:00+00:00,31.16,26.2,0.0,0.0,0.0,383.2,3.31,286.0,100370.0
1990-07-05 21:00:00+00:00,29.83,28.75,0.0,0.0,0.0,381.45,3.38,294.0,100450.0
1990-07-05 22:00:00+00:00,28.58,31.75,0.0,0.0,0.0,371.95,3.45,301.0,100520.0
1990-07-05 23:00:00+00:00,27.39,35.05,0.0,0.0,0.0,364.8,3.1,306.0,100550.0
1990-07-06 00:00:00+00:00,26.29,37.35,0.0,0.0,0.0,360.35,2.62,308.0,100540.0
1990-07-06 01:00:00+00:00,25.53,41.25,0.0,0.0,0.0,369.35,2.34,309.0,100490.0
1990-07-06 02:00:00+00:00,24.54,45.6,0.0,0.0,0.0,353.55,2.21,301.0,100490.0
1990-07-06 03:00:00+00:00,23.63,47.15,0.0,0.0,0.0,348.55,2.21,305.0,100460.0
1990-07-06 04:00:00+00:00,22.86,50.3,0.0,0.0,0.0,344.5,2.07,311.0,100490.0
1990-07-06 05:00:00+00:00,22.17,52.0,0.0,0.0,0.0,343.3,1.93,310.0,100530.0
1990-07-06 06:00:00+00:00,21.81,55.65,124.0,387.68,56.0,337.9,1.72,306.0,100550.0
1990-07-06 07:00:00+00:00,22.6,52.1,313.0,583.89,99.0,336.95,2.21,313.0,100600.0
1990-07-06 08:00:00+00:00,23.95,47.15,511.0,699.96,127.0,339.65,1.86,319.0,100630.0
1990-07-06 09:00:00+00:00,25.71,38.55,701.0,795.17,137.0,345.85,1.45,310.0,100630.0
1990-07-06 10:00:00+00:00,27.58,31.5,847.0,832.15,150.0,352.0,1.45,283.0,100620.0
1990-07-06 11:00:00+00:00,29.38,25.7,967.0,895.33,139.0,358.0,2.0,265.0,100610.0
1990-07-06 12:00:00+00:00,30.92,22.55,994.0,859.12,165.0,362.85,2.76,261.0,100580.0
1990-07-06 13:00:00+00:00,32.06,20.45,886.0,599.81,313.0,367.1,3.24,259.0,100530.0
1990-07-06 14:00:00+00:00,32.83,18.5,897.0,794.18,185.0,369.45,3.66,257.0,100480.0
1990-07-06 15:00:00+00:00,33.18,17.3,790.0,804.92,152.0,371.95,4.0,256.0,100440.0
1990-07-06 16:00:00+00:00,33.07,17.2,629.0,757.67,136.0,369.05,4.07,256.0,100390.0
1990-07-06 17:00:00+00:00,32.65,17.1,432.0,649.52,120.0,367.3,4.14,254.0,100360.0
1990-07-06 18:00:00+00:00,31.65,19.0,240.0,531.94,84.0,363.85,4.07,248.0,100330.0
1990-07-06 19:00:00+00:00,29.44,26.65,61.0,264.29,34.0,361.1,3.86,229.0,100320.0
1990-07-06 20:00:00+00:00,27.18,32.65,0.0,0.0,0.0,354.95,3.72,222.0,100360.0
1990-07-06 21:00:00+00:00,25.65,38.55,0.0,0.0,0.0,349.9,3.17,220.0,100420.0
1990-07-06 22:00:00+00:00,24.71,41.15,0.0,0.0,0.0,345.85,2.55,223.0,100460.0
1990-07-06 23:00:00+00:00,24.03,42.35,0.0,0.0,0.0,342.55,2.0,235.0,100480.0
1990-07-07 00:00:00+00:00,23.39,40.75,0.0,0.0,0.0,339.65,1.79,254.0,100460.0
1990-07-07 01:00:00+00:00,22.62,40.6,0.0,0.0,0.0,338.0,1.72,268.0,100450.0
1990-07-07 02:00:00+00:00,21.68,43.4,0.0,0.0,0.0,335.0,1.72,276.0,100440.0
1990-07-07 03:00:00+00:00,20.76,46.35,0.0,0.0,0.0,332.5,1.72,277.0,100420.0
1990-07-07 04:00:00+00:00,19.95,49.55,0.0,0.0,0.0,330.35,1.66,276.0,100440.0
1990-07-07 05:00:00+00:00,19.26,53.15,0.0,0.0,0.0,329.55,1.66,277.0,100460.0
1990-07-07 06:00:00+00:00,19.17,59.15,125.0,396.95,56.0,327.65,1.38,278.0,100500.0
1990-07-07 07:00:00+00:00,21.06,48.2,294.0,471.13,122.0,325.5,1.1,282.0,100570.0
1990-07-07 08:00:00+00:00,22.65,43.65,517.0,718.0,124.0,328.8,0.62,246.0,100570.0
1990-07-07 09:00:00+00:00,24.62,38.3,705.0,803.41,136.0,335.4,1.24,216.0,100590.0
1990-07-07 10:00:00+00:00,26.5,32.35,862.0,862.87,140.0,341.4,2.07,222.0,100580.0
1990-07-07 11:00:00+00:00,28.08,27.35,957.0,867.84,155.0,346.0,2.76,228.0,100570.0
1990-07-07 12:00:00+00:00,29.37,24.75,1011.0,891.71,151.0,349.9,3.24,230.0,100550.0
1990-07-07 13:00:00+00:00,30.31,22.4,1000.0,889.07,151.0,352.4,3.66,232.0,100500.0
1990-07-07 14:00:00+00:00,30.88,21.75,924.0,859.14,154.0,353.95,3.86,234.0,100450.0
1990-07-07 15:00:00+00:00,31.09,21.75,800.0,824.1,147.0,354.75,3.86,235.0,100400.0
1990-07-07 16:00:00+00:00,30.89,22.55,641.0,788.72,128.0,354.75,4.0,233.0,100390.0
1990-07-07 17:00:00+00:00,30.03,24.9,443.0,687.46,113.0,353.4,4.28,226.0,100360.0
1990-07-07 18:00:00+00:00,28.44,29.55,239.0,529.31,84.0,351.05,4.55,220.0,100370.0
1990-07-07 19:00:00+00:00,26.09,38.55,61.0,275.65,33.0,346.0,4.0,218.0,100410.0
1990-07-07 20:00:00+00:00,24.22,44.05,0.0,0.0,0.0,339.85,3.59,213.0,100440.0
1990-07-07 21:00:00+00:00,22.87,50.3,0.0,0.0,0.0,335.2,3.1,206.0,100520.0
1990-07-07 22:00:00+00:00,21.88,55.65,0.0,0.0,0.0,332.1,2.76,199.0,100580.0
1990-07-07 23:00:00+00:00,21.02,61.6,0.0,0.0,0.0,330.55,2.55,193.0,100570.0
1990-07-08 00:00:00+00:00,20.33,65.95,0.0,0.0,0.0,329.4,2.41,190.0,100570.0
1990-07-08 01:00:00+00:00,19.77,73.15,0.0,0.0,0.0,328.15,2.28,188.0,100540.0
1990-07-08 02:00:00+00:00,19.34,78.3,0.0,0.0,0.0,327.25,2.07,185.0,100520.0
1990-07-08 03:00:00+00:00,18.96,83.8,0.0,0.0,0.0,326.85,1.93,186.0,100490.0
1990-07-08 04:00:00+00:00,18.58,83.8,0.0,0.0,0.0,326.65,1.66,187.0,100510.0
1990-07-08 05:00:00+00:00,18.1,86.75,0.0,0.0,0.0,326.65,1.52,182.0,100540.0
1990-07-08 06:00:00+00:00,18.05,89.75,109.0,261.32,64.0,327.25,1.31,175.0,100570.0
1990-07-08 07:00:00+00:00,19.86,83.9,273.0,363.02,141.0,327.85,1.17,169.0,100680.0
1990-07-08 08:00:00+00:00,22.0,73.45,518.0,727.01,121.0,334.8,1.03,175.0,100700.0
1990-07-08 09:00:00+00:00,24.25,58.2,700.0,791.91,140.0,343.5,0.83,176.0,100730.0
1990-07-08 10:00:00+00:00,26.6,47.9,852.0,839.85,150.0,352.8,0.83,188.0,100720.0
1990-07-08 11:00:00+00:00,28.8,38.0,946.0,841.42,169.0,360.55,0.97,212.0,100680.0
1990-07-08 12:00:00+00:00,30.7,31.15,1000.0,867.3,164.0,366.75,1.24,235.0,100650.0
1990-07-08 13:00:00+00:00,32.08,27.25,989.0,864.3,164.0,371.75,1.59,245.0,100580.0
1990-07-08 14:00:00+00:00,33.01,23.85,923.0,858.34,154.0,374.3,2.21,244.0,100530.0
1990-07-08 15:00:00+00:00,33.36,22.35,795.0,813.05,151.0,374.85,2.83,243.0,100500.0
1990-07-08 16:00:00+00:00,33.05,23.85,630.0,756.81,138.0,374.1,3.45,242.0,100490.0
1990-07-08 17:00:00+00:00,32.09,26.3,438.0,669.26,117.0,371.55,4.07,241.0,100480.0
1990-07-08 18:00:00+00:00,30.49,28.9,238.0,519.98,86.0,367.5,4.41,237.0,100510.0
1990-07-08 19:00:00+00:00,28.0,33.95,59.0,257.67,33.0,359.4,3.79,237.0,100530.0
1990-07-08 20:00:00+00:00,25.92,37.2,0.0,0.0,0.0,350.5,3.31,232.0,100580.0
1990-07-08 21:00:00+00:00,24.2,42.5,0.0,0.0,0.0,342.15,2.9,224.0,100660.0
1990-07-08 22:00:00+00:00,22.88,48.55,0.0,0.0,0.0,336.55,2.55,217.0,100710.0
1990-07-08 23:00:00+00:00,21.83,53.75,0.0,0.0,0.0,332.85,2.34,209.0,100710.0
1990-07-09 00:00:00+00:00,20.95,59.5,0.0,0.0,0.0,329.95,2.34,204.0,100720.0
1990-07-09 01:00:00+00:00,20.21,65.95,0.0,0.0,0.0,328.35,2.34,199.0,100700.0
1990-07-09 02:00:00+00:00,19.58,70.65,0.0,0.0,0.0,327.45,2.34,195.0,100690.0
1990-07-09 03:00:00+00:00,19.05,75.65,0.0,0.0,0.0,326.65,2.34,193.0,100670.0
1990-07-09 04:00:00+00:00,18.62,81.0,0.0,0.0,0.0,325.9,2.21,192.0,100700.0
1990-07-09 05:00:00+00:00,18.26,83.8,0.0,0.0,0.0,325.3,2.07,192.0,100740.0
1990-07-09 06:00:00+00:00,18.25,86.75,87.0,117.28,67.0,324.55,1.86,193.0,100770.0
1990-07-09 07:00:00+00:00,19.56,81.1,243.0,243.02,155.0,331.1,2.34,202.0,100900.0
1990-07-09 08:00:00+00:00,21.57,71.0,376.0,234.97,248.0,346.2,2.07,206.0,100920.0
1990-07-09 09:00:00+00:00,23.73,62.25,0.0,0.0,0.0,341.4,2.0,212.0,100960.0
1990-07-09 10:00:00+00:00,25.98,52.85,0.0,0.0,0.0,350.85,2.07,220.0,100970.0
1990-07-09 11:00:00+00:00,28.08,44.95,952.0,862.67,156.0,360.35,2.28,223.0,100950.0
1990-07-09 12:00:00+00:00,29.83,39.5,995.0,862.62,164.0,368.3,2.48,225.0,100930.0
1990-07-09 13:00:00+00:00,31.11,35.85,984.0,860.51,163.0,374.3,2.69,229.0,100870.0
1990-07-09 14:00:00+00:00,31.98,31.4,919.0,854.23,154.0,377.95,2.76,232.0,100830.0
1990-07-09 15:00:00+00:00,32.43,29.4,796.0,819.72,147.0,379.9,2.9,235.0,100760.0
1990-07-09 16:00:00+00:00,32.47,29.4,637.0,783.42,128.0,379.5,3.1,237.0,100730.0
1990-07-09 17:00:00+00:00,31.93,30.35,0.0,0.0,0.0,378.35,3.45,236.0,100700.0
1990-07-09 18:00:00+00:00,30.7,33.4,0.0,0.0,0.0,374.3,3.66,234.0,100690.0
1990-07-09 19:00:00+00:00,28.46,39.25,0.0,0.0,0.0,366.55,3.38,234.0,100700.0
1990-07-09 20:00:00+00:00,26.35,46.15,0.0,0.0,0.0,359.2,3.1,231.0,100720.0
1990-07-09 21:00:00+00:00,24.61,52.6,0.0,0.0,0.0,352.4,2.69,228.0,100780.0
1990-07-09 22:00:00+00:00,23.37,60.05,0.0,0.0,0.0,348.55,2.28,223.0,100860.0
1990-07-09 23:00:00+00:00,22.39,64.1,0.0,0.0,0.0,345.45,2.14,210.0,100860.0
1990-07-10 00:00:00+00:00,21.58,68.6,0.0,0.0,0.0,343.1,2.07,200.0,100860.0
1990-07-10 01:00:00+00:00,20.88,73.3,0.0,0.0,0.0,340.7,1.93,200.0,100830.0
1990-07-10 02:00:00+00:00,20.3,78.45,0.0,0.0,0.0,338.3,1.79,201.0,100830.0
1990-07-10 03:00:00+00:00,19.75,81.1,0.0,0.0,0.0,336.15,1.72,198.0,100780.0
1990-07-10 04:00:00+00:00,19.26,83.85,0.0,0.0,0.0,334.6,1.66,195.0,100790.0
1990-07-10 05:00:00+00:00,18.74,89.75,0.0,0.0,0.0,333.05,1.52,197.0,100800.0
1990-07-10 06:00:00+00:00,18.6,89.75,68.0,41.47,61.0,333.05,1.31,201.0,100860.0
1990-07-10 07:00:00+00:00,20.26,83.95,188.0,85.98,157.0,333.85,1.24,202.0,100950.0
1990-07-10 08:00:00+00:00,22.52,71.05,317.0,115.93,254.0,341.75,1.45,206.0,100990.0
1990-07-10 09:00:00+00:00,24.94,58.35,690.0,774.58,144.0,349.7,1.52,211.0,101000.0
1990-07-10 10:00:00+00:00,27.22,48.0,850.0,844.11,146.0,359.2,1.79,214.0,101000.0
1990-07-10 11:00:00+00:00,29.32,42.2,950.0,861.21,156.0,367.9,2.07,218.0,100990.0
1990-07-10 12:00:00+00:00,31.07,37.1,1004.0,884.96,152.0,374.65,2.28,224.0,100960.0
1990-07-10 13:00:00+00:00,32.33,31.55,988.0,870.38,158.0,380.3,2.41,229.0,100900.0
1990-07-10 14:00:00+00:00,33.17,28.65,918.0,853.5,154.0,383.95,2.55,231.0,100830.0
1990-07-10 15:00:00+00:00,33.58,28.65,795.0,817.61,148.0,385.3,2.83,234.0,100770.0
1990-07-10 16:00:00+00:00,33.46,27.65,636.0,782.41,128.0,384.75,3.24,236.0,100730.0
1990-07-10 17:00:00+00:00,32.74,29.55,437.0,672.75,115.0,383.4,3.59,236.0,100700.0
1990-07-10 18:00:00+00:00,31.36,33.55,236.0,518.81,85.0,379.3,3.86,233.0,100680.0
1990-07-10 19:00:00+00:00,28.89,40.75,57.0,241.7,33.0,373.3,3.52,230.0,100720.0
1990-07-10 20:00:00+00:00,26.74,44.7,0.0,0.0,0.0,364.4,3.17,228.0,100730.0
1990-07-10 21:00:00+00:00,25.05,50.8,0.0,0.0,0.0,355.5,2.62,223.0,100790.0
1990-07-10 22:00:00+00:00,23.85,54.2,0.0,0.0,0.0,348.75,2.14,216.0,100800.0
1990-07-10 23:00:00+00:00,22.91,57.9,0.0,0.0,0.0,342.75,1.93,206.0,100820.0
1990-07-11 00:00:00+00:00,22.08,61.95,0.0,0.0,0.0,338.65,1.86,201.0,100800.0
1990-07-11 01:00:00+00:00,21.31,66.15,0.0,0.0,0.0,336.25,1.72,195.0,100770.0
1990-07-11 02:00:00+00:00,20.54,70.8,0.0,0.0,0.0,333.85,1.66,187.0,100740.0
1990-07-11 03:00:00+00:00,19.69,75.7,0.0,0.0,0.0,331.3,1.52,183.0,100720.0
1990-07-11 04:00:00+00:00,18.77,83.8,0.0,0.0,0.0,329.4,1.24,180.0,100710.0
1990-07-11 05:00:00+00:00,18.64,83.8,0.0,0.0,0.0,327.65,1.03,180.0,100740.0
1990-07-11 06:00:00+00:00,19.07,81.05,118.0,383.13,54.0,326.3,0.76,188.0,100770.0
1990-07-11 07:00:00+00:00,20.29,81.15,311.0,593.35,98.0,327.65,0.9,203.0,100840.0
1990-07-11 08:00:00+00:00,22.7,66.45,514.0,721.36,123.0,336.35,1.1,204.0,100870.0
1990-07-11 09:00:00+00:00,25.1,52.75,704.0,808.55,135.0,343.9,1.17,203.0,100860.0
1990-07-11 10:00:00+00:00,27.38,44.8,853.0,845.09,149.0,352.6,1.38,205.0,100870.0
1990-07-11 11:00:00+00:00,29.49,38.0,954.0,860.85,161.0,360.55,1.79,214.0,100840.0
1990-07-11 12:00:00+00:00,31.29,32.4,1003.0,873.07,163.0,367.1,2.28,219.0,100830.0
1990-07-11 13:00:00+00:00,32.53,28.4,992.0,869.81,163.0,372.55,2.55,224.0,100760.0
1990-07-11 14:00:00+00:00,33.36,24.85,927.0,865.12,153.0,374.85,2.69,228.0,100710.0
1990-07-11 15:00:00+00:00,33.75,23.25,807.0,840.84,142.0,376.0,2.83,231.0,100690.0
1990-07-11 16:00:00+00:00,33.69,23.25,639.0,784.57,130.0,375.45,2.97,233.0,100660.0
1990-07-11 17:00:00+00:00,33.14,24.75,439.0,675.7,116.0,373.3,3.1,234.0,100640.0
1990-07-11 18:00:00+00:00,31.97,28.25,239.0,533.94,84.0,369.05,3.31,234.0,100640.0
1990-07-11 19:00:00+00:00,29.51,35.45,58.0,254.17,33.0,361.9,3.17,235.0,100680.0
1990-07-11 20:00:00+00:00,27.12,37.6,0.0,0.0,0.0,353.75,2.83,237.0,100660.0
1990-07-11 21:00:00+00:00,25.28,42.75,0.0,0.0,0.0,344.85,2.41,236.0,100740.0
1990-07-11 22:00:00+00:00,23.92,45.5,0.0,0.0,0.0,339.25,2.14,234.0,100770.0
1990-07-11 23:00:00+00:00,22.89,48.55,0.0,0.0,0.0,335.75,1.86,222.0,100780.0
1990-07-12 00:00:00+00:00,21.97,53.75,0.0,0.0,0.0,332.3,1.79,202.0,100800.0
1990-07-12 01:00:00+00:00,21.09,57.55,0.0,0.0,0.0,330.25,1.72,189.0,100750.0
1990-07-12 02:00:00+00:00,20.24,61.5,0.0,0.0,0.0,328.6,1.59,181.0,100720.0
1990-07-12 03:00:00+00:00,19.4,68.1,0.0,0.0,0.0,327.25,1.17,173.0,100690.0
1990-07-12 04:00:00+00:00,20.36,63.7,0.0,0.0,0.0,326.1,0.62,146.0,100670.0
1990-07-12 05:00:00+00:00,20.08,63.7,0.0,0.0,0.0,325.1,0.62,75.0,100670.0
1990-07-12 06:00:00+00:00,19.04,70.55,118.0,387.32,54.0,325.3,0.9,46.0,100670.0
1990-07-12 07:00:00+00:00,21.33,61.7,316.0,624.02,93.0,328.0,0.69,52.0,100730.0
1990-07-12 08:00:00+00:00,24.62,44.15,518.0,732.49,122.0,335.55,0.9,51.0,100710.0
1990-07-12 09:00:00+00:00,27.52,35.05,709.0,818.47,134.0,345.65,0.9,43.0,100700.0
1990-07-12 10:00:00+00:00,30.06,28.75,865.0,866.53,144.0,355.5,0.83,22.0,100650.0
1990-07-12 11:00:00+00:00,32.29,24.6,972.0,895.29,148.0,364.6,0.76,357.0,100630.0
1990-07-12 12:00:00+00:00,34.01,21.65,1017.0,895.51,156.0,372.15,0.83,332.0,100560.0
1990-07-12 13:00:00+00:00,35.28,18.4,1006.0,892.37,156.0,378.35,0.9,305.0,100490.0
1990-07-12 14:00:00+00:00,36.19,17.2,940.0,886.86,147.0,381.45,1.03,283.0,100420.0
1990-07-12 15:00:00+00:00,36.76,15.65,814.0,851.51,141.0,383.0,1.31,273.0,100370.0
1990-07-12 16:00:00+00:00,36.94,15.05,649.0,805.32,127.0,382.6,1.59,268.0,100320.0
1990-07-12 17:00:00+00:00,36.74,14.55,446.0,697.61,113.0,380.45,1.93,261.0,100260.0
1990-07-12 18:00:00+00:00,35.87,16.0,239.0,528.58,86.0,376.4,2.34,249.0,100230.0
1990-07-12 19:00:00+00:00,33.13,23.05,58.0,267.12,32.0,370.0,3.17,236.0,100230.0
1990-07-12 20:00:00+00:00,30.02,29.8,0.0,0.0,0.0,362.65,3.24,237.0,100220.0
1990-07-12 21:00:00+00:00,27.91,33.95,0.0,0.0,0.0,354.15,2.83,235.0,100270.0
1990-07-12 22:00:00+00:00,26.47,37.35,0.0,0.0,0.0,348.35,2.48,222.0,100300.0
1990-07-12 23:00:00+00:00,25.33,41.25,0.0,0.0,0.0,345.85,2.41,202.0,100330.0
1990-07-13 00:00:00+00:00,24.43,45.6,0.0,0.0,0.0,344.85,2.55,189.0,100300.0
1990-07-13 01:00:00+00:00,23.82,47.15,0.0,0.0,0.0,344.8,2.48,188.0,100320.0
1990-07-13 02:00:00+00:00,23.22,50.45,0.0,0.0,0.0,345.05,2.14,193.0,100300.0
1990-07-13 03:00:00+00:00,22.52,53.85,0.0,0.0,0.0,344.65,1.72,201.0,100270.0
1990-07-13 04:00:00+00:00,21.6,57.65,0.0,0.0,0.0,343.9,1.38,214.0,100290.0
1990-07-13 05:00:00+00:00,21.22,61.7,0.0,0.0,0.0,342.75,0.97,228.0,100310.0
1990-07-13 06:00:00+00:00,21.73,61.85,110.0,336.62,55.0,341.75,0.55,221.0,100330.0
1990-07-13 07:00:00+00:00,23.33,62.15,302.0,570.7,99.0,347.4,0.14,207.0,100380.0
1990-07-13 08:00:00+00:00,25.99,51.05,503.0,699.21,126.0,353.75,0.34,179.0,100410.0
1990-07-13 09:00:00+00:00,28.48,42.05,691.0,785.68,140.0,363.25,0.76,183.0,100400.0
1990-07-13 10:00:00+00:00,30.66,35.85,843.0,833.9,150.0,372.35,1.31,202.0,100410.0
1990-07-13 11:00:00+00:00,32.59,31.55,944.0,851.51,161.0,380.45,2.07,219.0,100410.0
1990-07-13 12:00:00+00:00,34.2,27.9,993.0,862.85,164.0,387.45,2.83,228.0,100390.0
1990-07-13 13:00:00+00:00,35.35,25.35,988.0,871.91,158.0,393.45,3.45,233.0,100360.0
1990-07-13 14:00:00+00:00,35.95,24.6,918.0,854.96,154.0,397.1,3.79,234.0,100300.0
1990-07-13 15:00:00+00:00,36.07,24.6,790.0,809.07,151.0,398.65,4.21,235.0,100270.0
1990-07-13 16:00:00+00:00,35.69,25.35,625.0,752.06,138.0,398.1,4.62,235.0,100240.0
1990-07-13 17:00:00+00:00,34.63,27.9,433.0,663.05,117.0,395.4,4.97,232.0,100220.0
1990-07-13 18:00:00+00:00,32.81,31.65,234.0,519.87,84.0,389.55,5.03,225.0,100230.0
1990-07-13 19:00:00+00:00,30.23,39.65,57.0,259.83,32.0,380.45,4.34,213.0,100310.0
1990-07-13 20:00:00+00:00,28.11,43.55,0.0,0.0,0.0,372.95,4.14,206.0,100330.0
1990-07-13 21:00:00+00:00,26.55,51.2,0.0,0.0,0.0,366.35,3.59,204.0,100410.0
1990-07-13 22:00:00+00:00,25.53,54.55,0.0,0.0,0.0,361.1,3.1,207.0,100470.0
1990-07-13 23:00:00+00:00,24.75,54.45,0.0,0.0,0.0,355.1,2.34,210.0,100470.0
1990-07-14 00:00:00+00:00,24.01,58.1,0.0,0.0,0.0,351.85,1.93,212.0,100470.0
1990-07-14 01:00:00+00:00,23.22,58.0,0.0,0.0,0.0,347.7,1.72,218.0,100460.0
1990-07-14 02:00:00+00:00,22.29,61.95,0.0,0.0,0.0,340.8,1.72,222.0,100460.0
1990-07-14 03:00:00+00:00,21.4,63.9,0.0,0.0,0.0,337.7,1.72,224.0,100470.0
1990-07-14 04:00:00+00:00,20.63,66.05,0.0,0.0,0.0,335.4,1.72,237.0,100480.0
1990-07-14 05:00:00+00:00,19.92,65.85,0.0,0.0,0.0,333.05,1.66,258.0,100530.0
1990-07-14 06:00:00+00:00,19.63,65.85,114.0,383.91,52.0,332.3,1.38,274.0,100570.0
1990-07-14 07:00:00+00:00,21.7,46.6,307.0,601.67,94.0,328.6,2.0,321.0,100670.0
1990-07-14 08:00:00+00:00,23.24,40.75,506.0,714.14,122.0,332.3,1.86,324.0,100710.0
1990-07-14 09:00:00+00:00,25.07,35.65,696.0,801.37,135.0,338.65,1.38,314.0,100710.0
1990-07-14 10:00:00+00:00,26.97,29.15,846.0,838.56,150.0,345.65,1.24,279.0,100720.0
1990-07-14 11:00:00+00:00,28.78,24.75,947.0,855.58,161.0,353.4,1.72,259.0,100720.0
1990-07-14 12:00:00+00:00,30.35,20.85,1002.0,879.13,158.0,358.4,2.34,256.0,100690.0
1990-07-14 13:00:00+00:00,31.6,18.85,980.0,850.42,171.0,361.9,2.9,256.0,100660.0
1990-07-14 14:00:00+00:00,32.47,16.45,921.0,858.89,154.0,363.85,3.45,255.0,100630.0
1990-07-14 15:00:00+00:00,32.9,15.35,797.0,824.92,146.0,363.85,3.86,254.0,100590.0
1990-07-14 16:00:00+00:00,32.79,15.35,631.0,766.79,135.0,362.65,4.21,251.0,100560.0
1990-07-14 17:00:00+00:00,32.02,18.3,435.0,668.42,117.0,359.75,4.41,245.0,100540.0
1990-07-14 18:00:00+00:00,30.53,23.25,235.0,525.17,84.0,356.3,4.41,237.0,100560.0
1990-07-14 19:00:00+00:00,27.71,32.75,55.0,252.61,31.0,349.5,4.07,223.0,100590.0
1990-07-14 20:00:00+00:00,25.71,39.95,0.0,0.0,0.0,345.65,3.52,217.0,100610.0
1990-07-14 21:00:00+00:00,24.41,47.25,0.0,0.0,0.0,341.75,2.83,211.0,100670.0
1990-07-14 22:00:00+00:00,23.56,50.45,0.0,0.0,0.0,338.65,2.21,207.0,100720.0
1990-07-14 23:00:00+00:00,22.87,52.1,0.0,0.0,0.0,336.35,1.72,208.0,100700.0
1990-07-15 00:00:00+00:00,21.87,55.65,0.0,0.0,0.0,333.45,1.24,220.0,100700.0
1990-07-15 01:00:00+00:00,21.24,55.55,0.0,0.0,0.0,331.05,1.03,252.0,100700.0
1990-07-15 02:00:00+00:00,21.0,55.45,0.0,0.0,0.0,328.2,1.03,297.0,100710.0
1990-07-15 03:00:00+00:00,20.39,53.35,0.0,0.0,0.0,325.3,1.24,334.0,100690.0
1990-07-15 04:00:00+00:00,19.15,55.05,0.0,0.0,0.0,322.2,1.52,354.0,100720.0
1990-07-15 05:00:00+00:00,18.29,56.95,0.0,0.0,0.0,320.1,1.72,2.0,100730.0
1990-07-15 06:00:00+00:00,18.15,59.05,113.0,382.29,52.0,318.15,1.66,5.0,100780.0
1990-07-15 07:00:00+00:00,21.34,51.75,305.0,587.58,98.0,320.65,1.79,15.0,100870.0
1990-07-15 08:00:00+00:00,24.1,41.0,514.0,736.66,119.0,326.3,2.34,27.0,100890.0
1990-07-15 09:00:00+00:00,26.63,33.7,703.0,814.28,134.0,334.4,2.34,34.0,100890.0
1990-07-15 10:00:00+00:00,28.97,27.6,850.0,839.64,154.0,344.3,2.14,35.0,100860.0
1990-07-15 11:00:00+00:00,30.89,22.55,956.0,867.31,160.0,351.45,1.79,25.0,100840.0
1990-07-15 12:00:00+00:00,32.46,19.1,1007.0,879.82,163.0,358.0,1.38,18.0,100820.0
1990-07-15 13:00:00+00:00,33.66,16.05,991.0,862.6,171.0,363.25,0.9,1.0,100740.0
1990-07-15 14:00:00+00:00,34.57,14.55,936.0,884.17,147.0,367.5,0.69,315.0,100700.0
1990-07-15 15:00:00+00:00,35.19,13.7,806.0,837.04,146.0,370.4,1.03,282.0,100670.0
1990-07-15 16:00:00+00:00,35.43,13.7,641.0,790.92,130.0,371.4,1.59,270.0,100630.0
1990-07-15 17:00:00+00:00,35.2,13.7,442.0,692.86,113.0,370.2,2.07,264.0,100600.0
1990-07-15 18:00:00+00:00,34.24,15.1,239.0,548.11,82.0,367.5,2.62,257.0,100630.0
1990-07-15 19:00:00+00:00,31.77,21.2,58.0,298.79,30.0,365.2,3.03,250.0,100680.0
1990-07-15 20:00:00+00:00,28.96,27.6,0.0,0.0,0.0,359.2,3.03,247.0,100690.0
1990-07-15 21:00:00+00:00,26.95,33.7,0.0,0.0,0.0,352.2,2.76,243.0,100790.0
1990-07-15 22:00:00+00:00,25.54,38.45,0.0,0.0,0.0,347.95,2.34,232.0,100840.0
1990-07-15 23:00:00+00:00,24.4,42.5,0.0,0.0,0.0,344.85,2.28,210.0,100850.0
1990-07-16 00:00:00+00:00,23.41,47.0,0.0,0.0,0.0,342.75,2.41,194.0,100880.0
1990-07-16 01:00:00+00:00,22.6,50.3,0.0,0.0,0.0,340.7,2.28,189.0,100880.0
1990-07-16 02:00:00+00:00,21.96,53.75,0.0,0.0,0.0,339.25,2.0,189.0,100880.0
1990-07-16 03:00:00+00:00,21.31,57.55,0.0,0.0,0.0,336.75,1.79,188.0,100880.0
1990-07-16 04:00:00+00:00,20.53,61.5,0.0,0.0,0.0,334.6,1.52,186.0,100900.0
1990-07-16 05:00:00+00:00,19.65,65.85,0.0,0.0,0.0,332.3,1.45,183.0,100920.0
1990-07-16 06:00:00+00:00,19.26,73.05,109.0,361.69,52.0,329.55,1.38,183.0,100980.0
1990-07-16 07:00:00+00:00,21.66,64.0,302.0,587.67,96.0,331.9,1.1,193.0,101090.0
1990-07-16 08:00:00+00:00,24.02,58.1,505.0,718.19,121.0,337.1,1.45,205.0,101140.0
1990-07-16 09:00:00+00:00,26.5,47.75,693.0,794.3,139.0,344.85,1.66,211.0,101150.0
1990-07-16 10:00:00+00:00,28.99,36.7,842.0,831.09,154.0,353.4,2.14,217.0,101150.0
1990-07-16 11:00:00+00:00,31.21,29.15,943.0,845.28,168.0,360.95,2.62,222.0,101140.0
1990-07-16 12:00:00+00:00,32.91,23.85,988.0,840.91,182.0,367.7,2.83,229.0,101120.0
1990-07-16 13:00:00+00:00,34.11,20.9,983.0,854.83,171.0,372.55,3.1,232.0,101100.0
1990-07-16 14:00:00+00:00,34.86,18.95,918.0,852.34,158.0,375.65,3.31,234.0,101070.0
1990-07-16 15:00:00+00:00,35.14,18.3,795.0,817.52,151.0,376.6,3.72,234.0,101030.0
1990-07-16 16:00:00+00:00,34.86,18.3,632.0,771.8,134.0,375.45,4.07,234.0,101010.0
1990-07-16 17:00:00+00:00,33.95,20.15,437.0,681.64,114.0,372.55,4.48,232.0,101000.0
1990-07-16 18:00:00+00:00,32.2,23.75,233.0,522.32,84.0,367.9,4.48,227.0,101010.0
1990-07-16 19:00:00+00:00,29.71,33.15,53.0,238.29,31.0,363.65,4.0,225.0,101030.0
1990-07-16 20:00:00+00:00,27.53,37.6,0.0,0.0,0.0,355.7,3.66,219.0,101040.0
1990-07-16 21:00:00+00:00,26.01,42.9,0.0,0.0,0.0,348.75,3.24,211.0,101120.0
1990-07-16 22:00:00+00:00,25.02,47.4,0.0,0.0,0.0,347.2,2.83,210.0,101160.0
1990-07-16 23:00:00+00:00,24.49,48.95,0.0,0.0,0.0,347.75,2.14,219.0,101170.0
1990-07-17 00:00:00+00:00,23.99,50.55,0.0,0.0,0.0,348.55,1.59,239.0,101160.0
1990-07-17 01:00:00+00:00,23.01,54.0,0.0,0.0,0.0,347.3,1.38,274.0,101130.0
1990-07-17 02:00:00+00:00,22.49,55.8,0.0,0.0,0.0,345.05,1.24,297.0,101150.0
1990-07-17 03:00:00+00:00,22.04,57.65,0.0,0.0,0.0,343.1,1.24,305.0,101130.0
1990-07-17 04:00:00+00:00,21.25,59.6,0.0,0.0,0.0,340.4,1.31,308.0,101160.0
1990-07-17 05:00:00+00:00,20.47,63.7,0.0,0.0,0.0,337.5,1.31,311.0,101200.0
1990-07-17 06:00:00+00:00,20.16,68.3,108.0,366.36,51.0,334.4,1.24,313.0,101230.0
1990-07-17 07:00:00+00:00,22.55,59.8,303.0,596.42,95.0,333.65,1.45,329.0,101320.0
1990-07-17 08:00:00+00:00,24.56,47.25,509.0,727.79,121.0,337.1,2.07,347.0,101330.0
1990-07-17 09:00:00+00:00,26.26,38.7,694.0,792.94,142.0,341.55,1.93,346.0,101330.0
1990-07-17 10:00:00+00:00,28.1,31.6,848.0,840.69,153.0,346.4,2.0,337.0,101340.0
1990-07-17 11:00:00+00:00,29.82,24.9,960.0,881.1,153.0,350.5,2.0,326.0,101320.0
1990-07-17 12:00:00+00:00,31.29,20.3,1006.0,880.27,163.0,352.4,1.93,309.0,101270.0
1990-07-17 13:00:00+00:00,32.55,17.1,996.0,878.69,162.0,353.2,2.07,292.0,101220.0
1990-07-17 14:00:00+00:00,33.47,14.35,925.0,860.92,158.0,353.4,2.48,287.0,101150.0
1990-07-17 15:00:00+00:00,34.03,12.45,805.0,838.68,145.0,352.4,2.69,290.0,101100.0
1990-07-17 16:00:00+00:00,34.17,11.15,640.0,793.06,129.0,351.25,2.83,296.0,101050.0
1990-07-17 17:00:00+00:00,33.89,11.1,441.0,693.75,113.0,349.9,2.76,306.0,101000.0
1990-07-17 18:00:00+00:00,33.12,11.35,234.0,531.68,83.0,347.4,2.55,313.0,100970.0
1990-07-17 19:00:00+00:00,31.54,13.95,53.0,253.18,30.0,343.5,2.21,312.0,100960.0
1990-07-17 20:00:00+00:00,29.51,15.8,0.0,0.0,0.0,339.05,2.28,320.0,100980.0
1990-07-17 21:00:00+00:00,27.85,17.5,0.0,0.0,0.0,336.15,2.69,337.0,101060.0
1990-07-17 22:00:00+00:00,26.69,18.65,0.0,0.0,0.0,335.2,2.9,351.0,101070.0
1990-07-17 23:00:00+00:00,25.79,20.65,0.0,0.0,0.0,333.85,2.76,357.0,101100.0
1990-07-18 00:00:00+00:00,24.93,22.05,0.0,0.0,0.0,332.3,2.48,358.0,101070.0
1990-07-18 01:00:00+00:00,24.04,23.5,0.0,0.0,0.0,329.7,2.34,358.0,101030.0
1990-07-18 02:00:00+00:00,23.13,25.2,0.0,0.0,0.0,327.25,2.21,360.0,100990.0
1990-07-18 03:00:00+00:00,22.22,26.95,0.0,0.0,0.0,325.5,2.07,1.0,100980.0
1990-07-18 04:00:00+00:00,21.32,28.8,0.0,0.0,0.0,323.95,2.0,9.0,100960.0
1990-07-18 05:00:00+00:00,20.7,30.9,0.0,0.0,0.0,322.8,2.14,23.0,100980.0
1990-07-18 06:00:00+00:00,20.64,30.9,105.0,351.69,51.0,321.05,2.28,36.0,101020.0
1990-07-18 07:00:00+00:00,22.9,29.2,293.0,556.31,100.0,322.4,2.34,43.0,101130.0
1990-07-18 08:00:00+00:00,25.81,22.3,494.0,688.57,128.0,327.05,3.59,53.0,101120.0
1990-07-18 09:00:00+00:00,28.24,19.7,682.0,777.22,142.0,334.6,3.52,75.0,101150.0
1990-07-18 10:00:00+00:00,30.05,24.9,831.0,811.58,161.0,347.2,2.76,128.0,101150.0
1990-07-18 11:00:00+00:00,31.5,26.2,931.0,824.12,177.0,360.75,2.62,166.0,101150.0
1990-07-18 12:00:00+00:00,32.46,25.5,981.0,835.08,182.0,371.95,2.21,184.0,101100.0
1990-07-18 13:00:00+00:00,33.17,24.85,971.0,833.04,181.0,379.7,1.59,194.0,101070.0
1990-07-18 14:00:00+00:00,33.65,25.75,907.0,832.48,166.0,386.1,1.1,205.0,101000.0
1990-07-18 15:00:00+00:00,33.99,25.0,789.0,811.61,151.0,390.15,0.69,219.0,100960.0
1990-07-18 16:00:00+00:00,34.09,25.0,623.0,755.41,137.0,392.3,0.48,246.0,100900.0
1990-07-18 17:00:00+00:00,33.93,25.0,426.0,642.43,123.0,391.5,0.48,272.0,100870.0
1990-07-18 18:00:00+00:00,33.48,24.85,225.0,484.68,88.0,389.75,0.62,268.0,100830.0
1990-07-18 19:00:00+00:00,32.23,28.4,47.0,179.22,31.0,384.75,1.79,251.0,100840.0
1990-07-18 20:00:00+00:00,29.92,36.85,0.0,0.0,0.0,379.7,2.55,250.0,100860.0
1990-07-18 21:00:00+00:00,27.89,44.95,0.0,0.0,0.0,374.65,2.69,251.0,100920.0
1990-07-18 22:00:00+00:00,26.43,51.2,0.0,0.0,0.0,369.85,2.48,250.0,100960.0
1990-07-18 23:00:00+00:00,25.31,56.5,0.0,0.0,0.0,366.15,2.28,243.0,100980.0
1990-07-19 00:00:00+00:00,24.36,60.25,0.0,0.0,0.0,362.85,2.21,239.0,100970.0
1990-07-19 01:00:00+00:00,23.63,64.4,0.0,0.0,0.0,359.7,2.07,241.0,100970.0
1990-07-19 02:00:00+00:00,23.0,68.75,0.0,0.0,0.0,356.3,1.66,240.0,100920.0
1990-07-19 03:00:00+00:00,22.19,71.05,0.0,0.0,0.0,353.4,1.1,235.0,100900.0
1990-07-19 04:00:00+00:00,22.34,71.05,0.0,0.0,0.0,350.5,0.48,214.0,100890.0
1990-07-19 05:00:00+00:00,22.12,71.05,0.0,0.0,0.0,347.55,0.41,128.0,100910.0
1990-07-19 06:00:00+00:00,21.53,75.95,100.0,323.51,51.0,345.65,0.69,93.0,100940.0
1990-07-19 07:00:00+00:00,23.07,66.55,287.0,539.0,101.0,346.8,0.69,82.0,100980.0
1990-07-19 08:00:00+00:00,25.43,56.5,489.0,681.22,128.0,352.2,1.03,55.0,100990.0
1990-07-19 09:00:00+00:00,27.77,44.95,677.0,770.11,143.0,358.2,1.24,50.0,100970.0
1990-07-19 10:00:00+00:00,30.14,34.5,826.0,805.46,162.0,365.55,1.24,67.0,100960.0
1990-07-19 11:00:00+00:00,32.23,26.45,926.0,818.47,178.0,372.55,1.38,101.0,100920.0
1990-07-19 12:00:00+00:00,33.88,21.65,976.0,830.63,182.0,377.0,1.38,124.0,100880.0
1990-07-19 13:00:00+00:00,35.06,18.95,1014.0,943.55,120.0,380.1,1.24,141.0,100800.0
1990-07-19 14:00:00+00:00,35.89,16.6,902.0,826.53,167.0,380.85,1.17,155.0,100760.0
1990-07-19 15:00:00+00:00,36.36,16.1,784.0,806.2,151.0,381.65,1.1,173.0,100750.0
1990-07-19 16:00:00+00:00,36.4,15.55,619.0,748.86,138.0,379.9,1.03,185.0,100720.0
1990-07-19 17:00:00+00:00,36.14,16.0,420.0,624.96,126.0,377.75,1.03,190.0,100700.0
1990-07-19 18:00:00+00:00,35.53,16.5,158.0,135.12,120.0,374.65,1.45,198.0,100670.0
1990-07-19 19:00:00+00:00,33.65,19.3,43.0,136.97,31.0,377.2,2.34,212.0,100730.0
1990-07-19 20:00:00+00:00,31.14,24.25,0.0,0.0,0.0,374.1,2.55,218.0,100770.0
1990-07-19 21:00:00+00:00,29.16,28.65,0.0,0.0,0.0,366.75,2.34,225.0,100870.0
1990-07-19 22:00:00+00:00,27.62,32.75,0.0,0.0,0.0,360.55,2.07,232.0,100940.0
1990-07-19 23:00:00+00:00,26.32,37.35,0.0,0.0,0.0,354.75,1.72,238.0,100970.0
1990-07-20 00:00:00+00:00,25.08,39.85,0.0,0.0,0.0,351.45,1.79,253.0,101020.0
1990-07-20 01:00:00+00:00,24.28,44.05,0.0,0.0,0.0,357.35,2.0,261.0,101000.0
1990-07-20 02:00:00+00:00,23.54,48.7,0.0,0.0,0.0,365.55,1.24,265.0,100980.0
1990-07-20 03:00:00+00:00,22.91,50.3,0.0,0.0,0.0,367.1,1.17,52.0,100900.0
1990-07-20 04:00:00+00:00,22.61,50.3,0.0,0.0,0.0,366.15,1.79,63.0,100860.0
1990-07-20 05:00:00+00:00,22.33,50.2,0.0,0.0,0.0,351.25,2.21,40.0,100830.0
1990-07-20 06:00:00+00:00,22.37,50.2,85.0,187.48,57.0,348.95,2.0,26.0,100840.0
1990-07-20 07:00:00+00:00,23.63,50.55,56.0,0.0,56.0,355.7,0.83,94.0,100990.0
1990-07-20 08:00:00+00:00,25.68,42.9,398.0,333.15,222.0,372.55,1.86,94.0,100950.0
1990-07-20 09:00:00+00:00,27.48,33.8,578.0,447.97,268.0,376.6,2.21,83.0,100870.0
1990-07-20 10:00:00+00:00,30.21,25.95,539.0,162.79,405.0,373.1,1.17,66.0,100890.0
1990-07-20 11:00:00+00:00,32.74,20.65,84.0,0.0,84.0,380.45,1.1,30.0,100830.0
1990-07-20 12:00:00+00:00,34.72,17.65,631.0,159.17,479.0,394.2,1.1,339.0,100840.0
1990-07-20 13:00:00+00:00,36.25,16.1,353.0,4.23,349.0,393.85,1.59,320.0,100790.0
1990-07-20 14:00:00+00:00,37.27,15.15,892.0,805.99,176.0,400.8,1.38,309.0,100720.0
1990-07-20 15:00:00+00:00,37.94,14.75,767.0,757.47,173.0,402.55,0.83,293.0,100650.0
1990-07-20 16:00:00+00:00,38.34,14.3,598.0,676.86,164.0,403.3,0.34,249.0,100570.0
1990-07-20 17:00:00+00:00,38.41,14.3,400.0,539.29,147.0,403.3,0.69,223.0,100530.0
1990-07-20 18:00:00+00:00,38.03,15.3,202.0,353.93,103.0,401.2,1.45,223.0,100500.0
1990-07-20 19:00:00+00:00,35.88,19.9,42.0,139.77,30.0,393.65,2.48,212.0,100480.0
1990-07-20 20:00:00+00:00,33.15,23.85,0.0,0.0,0.0,385.7,2.55,215.0,100500.0
1990-07-20 21:00:00+00:00,31.13,26.05,0.0,0.0,0.0,378.35,2.14,224.0,100580.0
1990-07-20 22:00:00+00:00,29.56,28.65,0.0,0.0,0.0,371.95,1.45,249.0,100600.0
1990-07-20 23:00:00+00:00,27.82,32.75,0.0,0.0,0.0,366.95,1.45,318.0,100620.0
1990-07-21 00:00:00+00:00,26.29,37.35,0.0,0.0,0.0,363.45,1.66,357.0,100580.0
1990-07-21 01:00:00+00:00,25.34,41.25,0.0,0.0,0.0,360.45,1.93,15.0,100500.0
1990-07-21 02:00:00+00:00,24.47,45.6,0.0,0.0,0.0,358.2,1.79,20.0,100440.0
1990-07-21 03:00:00+00:00,23.61,47.15,0.0,0.0,0.0,355.3,1.72,22.0,100380.0
1990-07-21 04:00:00+00:00,22.82,52.1,0.0,0.0,0.0,352.8,1.66,33.0,100370.0
1990-07-21 05:00:00+00:00,22.13,53.85,0.0,0.0,0.0,350.85,1.72,44.0,100380.0
1990-07-21 06:00:00+00:00,21.92,59.7,83.0,190.21,55.0,349.9,1.72,47.0,100370.0
1990-07-21 07:00:00+00:00,24.98,50.8,263.0,421.91,119.0,356.3,1.1,33.0,100380.0
1990-07-21 08:00:00+00:00,29.01,35.45,437.0,476.61,186.0,362.65,0.83,19.0,100390.0
1990-07-21 09:00:00+00:00,31.72,27.25,640.0,654.53,188.0,373.1,0.48,255.0,100420.0
1990-07-21 10:00:00+00:00,34.43,23.4,798.0,737.28,192.0,386.65,2.0,213.0,100440.0
1990-07-21 11:00:00+00:00,36.95,20.1,856.0,639.4,273.0,401.95,3.03,198.0,100400.0
1990-07-21 12:00:00+00:00,39.15,17.25,0.0,0.0,0.0,406.8,4.21,205.0,100350.0
1990-07-21 13:00:00+00:00,40.29,16.25,0.0,0.0,0.0,413.75,4.76,216.0,100300.0
1990-07-21 14:00:00+00:00,40.61,16.25,0.0,0.0,0.0,418.4,5.38,221.0,100260.0
1990-07-21 15:00:00+00:00,40.24,16.25,738.0,671.65,212.0,428.65,5.45,219.0,100230.0
1990-07-21 16:00:00+00:00,39.62,17.35,585.0,635.93,178.0,423.85,5.45,209.0,100180.0
1990-07-21 17:00:00+00:00,38.6,19.05,383.0,474.61,161.0,410.3,5.86,219.0,100190.0
1990-07-21 18:00:00+00:00,36.22,25.6,188.0,280.46,110.0,402.95,5.31,233.0,100230.0
1990-07-21 19:00:00+00:00,33.43,35.25,41.0,142.84,29.0,397.5,4.48,241.0,100280.0
1990-07-21 20:00:00+00:00,30.77,44.05,0.0,0.0,0.0,388.4,3.45,236.0,100310.0
1990-07-21 21:00:00+00:00,29.0,50.05,0.0,0.0,0.0,380.65,3.03,233.0,100370.0
1990-07-21 22:00:00+00:00,27.57,55.05,0.0,0.0,0.0,381.85,3.38,240.0,100460.0
1990-07-21 23:00:00+00:00,26.3,60.7,0.0,0.0,0.0,377.75,3.03,229.0,100460.0
1990-07-22 00:00:00+00:00,25.37,64.7,0.0,0.0,0.0,373.9,2.83,209.0,100490.0
1990-07-22 01:00:00+00:00,24.64,66.85,0.0,0.0,0.0,369.15,3.03,198.0,100460.0
1990-07-22 02:00:00+00:00,23.93,71.35,0.0,0.0,0.0,365.55,2.9,202.0,100420.0
1990-07-22 03:00:00+00:00,23.23,76.2,0.0,0.0,0.0,362.85,2.62,209.0,100390.0
1990-07-22 04:00:00+00:00,22.5,81.4,0.0,0.0,0.0,355.3,2.48,214.0,100390.0
1990-07-22 05:00:00+00:00,21.86,84.1,0.0,0.0,0.0,348.55,2.07,213.0,100430.0
1990-07-22 06:00:00+00:00,21.57,84.1,86.0,227.54,53.0,348.55,1.86,205.0,100470.0
1990-07-22 07:00:00+00:00,22.49,81.4,254.0,371.27,128.0,364.8,2.07,206.0,100480.0
1990-07-22 08:00:00+00:00,24.3,69.05,468.0,605.76,150.0,364.6,2.07,210.0,100500.0
1990-07-22 09:00:00+00:00,26.51,58.7,658.0,715.4,165.0,356.65,2.14,215.0,100530.0
1990-07-22 10:00:00+00:00,29.07,42.2,822.0,805.42,161.0,363.65,2.41,219.0,100530.0
1990-07-22 11:00:00+00:00,31.37,30.2,929.0,834.54,169.0,369.85,3.1,223.0,100540.0
1990-07-22 12:00:00+00:00,32.93,23.85,979.0,846.82,172.0,373.1,3.86,227.0,100500.0
1990-07-22 13:00:00+00:00,33.88,20.15,964.0,828.84,181.0,374.85,4.62,229.0,100470.0
1990-07-22 14:00:00+00:00,34.1,18.75,895.0,812.29,175.0,374.1,5.1,232.0,100450.0
1990-07-22 15:00:00+00:00,33.59,18.6,769.0,763.4,172.0,371.2,5.38,234.0,100420.0
1990-07-22 16:00:00+00:00,32.5,19.8,599.0,682.59,163.0,366.75,5.38,234.0,100410.0
1990-07-22 17:00:00+00:00,31.03,22.55,398.0,534.0,149.0,360.55,5.17,231.0,100410.0
1990-07-22 18:00:00+00:00,29.27,26.65,199.0,343.68,104.0,354.55,4.9,227.0,100430.0
1990-07-22 19:00:00+00:00,27.7,31.6,39.0,134.02,28.0,351.25,4.28,226.0,100410.0
1990-07-22 20:00:00+00:00,25.25,44.3,0.0,0.0,0.0,346.2,4.07,222.0,100440.0
1990-07-22 21:00:00+00:00,23.46,60.05,0.0,0.0,0.0,342.15,3.66,221.0,100560.0
1990-07-22 22:00:00+00:00,22.3,71.05,0.0,0.0,0.0,342.35,3.31,221.0,100630.0
1990-07-22 23:00:00+00:00,21.68,78.65,0.0,0.0,0.0,345.85,3.1,215.0,100660.0
1990-07-23 00:00:00+00:00,21.33,81.3,0.0,0.0,0.0,348.95,3.1,218.0,100660.0
1990-07-23 01:00:00+00:00,21.06,81.3,0.0,0.0,0.0,348.65,2.83,221.0,100660.0
1990-07-23 02:00:00+00:00,20.92,84.05,0.0,0.0,0.0,355.7,2.62,223.0,100640.0
1990-07-23 03:00:00+00:00,20.85,84.05,0.0,0.0,0.0,361.3,2.48,221.0,100650.0
1990-07-23 04:00:00+00:00,20.97,86.9,0.0,0.0,0.0,376.2,2.48,219.0,100670.0
1990-07-23 05:00:00+00:00,21.02,86.9,0.0,0.0,0.0,377.55,2.41,216.0,100710.0
1990-07-23 06:00:00+00:00,21.26,84.05,66.0,91.02,53.0,380.45,2.34,216.0,100730.0
1990-07-23 07:00:00+00:00,22.03,78.65,227.0,260.8,139.0,367.3,2.55,242.0,100840.0
1990-07-23 08:00:00+00:00,23.56,71.25,288.0,93.65,239.0,382.6,2.28,250.0,100870.0
1990-07-23 09:00:00+00:00,25.23,62.55,192.0,0.0,192.0,388.6,2.28,251.0,100910.0
1990-07-23 10:00:00+00:00,27.22,53.2,521.0,145.23,402.0,393.45,2.55,250.0,100890.0
1990-07-23 11:00:00+00:00,28.7,46.75,862.0,664.07,258.0,399.05,2.41,248.0,100880.0
1990-07-23 12:00:00+00:00,30.55,42.45,915.0,688.08,260.0,386.65,2.62,248.0,100850.0
1990-07-23 13:00:00+00:00,31.93,36.1,931.0,755.56,218.0,391.3,3.1,248.0,100800.0
1990-07-23 14:00:00+00:00,32.85,31.65,884.0,799.71,176.0,390.95,3.59,247.0,100780.0
1990-07-23 15:00:00+00:00,33.23,28.65,772.0,794.0,152.0,389.75,3.86,245.0,100760.0
1990-07-23 16:00:00+00:00,33.02,27.55,611.0,745.2,136.0,386.1,3.93,243.0,100740.0
1990-07-23 17:00:00+00:00,32.26,28.4,416.0,643.35,117.0,379.9,3.86,240.0,100720.0
1990-07-23 18:00:00+00:00,30.88,32.25,220.0,506.11,81.0,372.75,3.66,236.0,100730.0
1990-07-23 19:00:00+00:00,29.12,42.2,43.0,199.88,27.0,369.45,3.24,235.0,100730.0
1990-07-23 20:00:00+00:00,26.78,49.55,0.0,0.0,0.0,361.9,3.1,230.0,100760.0
1990-07-23 21:00:00+00:00,24.97,58.35,0.0,0.0,0.0,354.35,2.83,227.0,100840.0
1990-07-23 22:00:00+00:00,23.66,62.25,0.0,0.0,0.0,349.3,2.48,222.0,100880.0
1990-07-23 23:00:00+00:00,22.72,68.75,0.0,0.0,0.0,345.45,2.21,214.0,100880.0
1990-07-24 00:00:00+00:00,22.02,73.45,0.0,0.0,0.0,343.1,2.0,207.0,100880.0
1990-07-24 01:00:00+00:00,21.47,75.95,0.0,0.0,0.0,340.5,1.79,204.0,100850.0
1990-07-24 02:00:00+00:00,21.01,78.5,0.0,0.0,0.0,338.5,1.59,204.0,100850.0
1990-07-24 03:00:00+00:00,20.32,81.15,0.0,0.0,0.0,336.95,1.38,204.0,100840.0
1990-07-24 04:00:00+00:00,19.77,81.1,0.0,0.0,0.0,335.4,1.24,207.0,100880.0
1990-07-24 05:00:00+00:00,19.43,83.85,0.0,0.0,0.0,334.0,1.1,210.0,100920.0
1990-07-24 06:00:00+00:00,19.77,81.1,95.0,348.54,46.0,332.5,0.9,219.0,100990.0
1990-07-24 07:00:00+00:00,21.66,68.6,286.0,575.36,93.0,335.0,0.9,279.0,101080.0
1990-07-24 08:00:00+00:00,24.34,52.5,489.0,701.79,123.0,339.85,1.31,326.0,101140.0
1990-07-24 09:00:00+00:00,26.5,44.55,677.0,781.17,141.0,347.95,1.38,342.0,101170.0
1990-07-24 10:00:00+00:00,28.54,37.9,828.0,816.53,160.0,355.5,1.31,335.0,101170.0
1990-07-24 11:00:00+00:00,30.45,31.0,930.0,828.95,177.0,362.65,1.38,322.0,101200.0
1990-07-24 12:00:00+00:00,32.17,24.6,981.0,841.36,181.0,367.3,1.52,314.0,101150.0
1990-07-24 13:00:00+00:00,33.64,20.05,971.0,839.17,180.0,370.0,1.66,306.0,101100.0
1990-07-24 14:00:00+00:00,34.79,16.4,912.0,852.75,158.0,371.75,1.72,300.0,101050.0
1990-07-24 15:00:00+00:00,35.61,14.2,792.0,828.61,146.0,371.75,1.79,297.0,101020.0
1990-07-24 16:00:00+00:00,36.01,12.35,623.0,770.43,133.0,370.6,1.79,293.0,100960.0
1990-07-24 17:00:00+00:00,36.01,11.45,427.0,680.15,112.0,368.1,1.72,291.0,100930.0
1990-07-24 18:00:00+00:00,35.64,10.9,224.0,527.89,80.0,365.0,1.59,285.0,100930.0
1990-07-24 19:00:00+00:00,34.46,14.0,44.0,230.98,26.0,363.05,1.66,258.0,100930.0
1990-07-24 20:00:00+00:00,31.9,16.35,0.0,0.0,0.0,356.5,1.86,256.0,100940.0
1990-07-24 21:00:00+00:00,29.49,19.85,0.0,0.0,0.0,351.85,1.52,274.0,101030.0
1990-07-24 22:00:00+00:00,27.48,21.8,0.0,0.0,0.0,347.2,1.66,322.0,101070.0
1990-07-24 23:00:00+00:00,26.03,23.15,0.0,0.0,0.0,343.7,2.14,357.0,101070.0
1990-07-25 00:00:00+00:00,25.3,23.9,0.0,0.0,0.0,340.8,2.62,12.0,101060.0
1990-07-25 01:00:00+00:00,24.8,25.6,0.0,0.0,0.0,338.2,2.76,15.0,101040.0
1990-07-25 02:00:00+00:00,24.36,27.45,0.0,0.0,0.0,336.15,2.76,17.0,101000.0
1990-07-25 03:00:00+00:00,23.87,28.35,0.0,0.0,0.0,333.25,2.62,18.0,100960.0
1990-07-25 04:00:00+00:00,23.28,30.4,0.0,0.0,0.0,330.95,2.41,18.0,100980.0
1990-07-25 05:00:00+00:00,22.55,33.7,0.0,0.0,0.0,328.6,2.28,18.0,101010.0
1990-07-25 06:00:00+00:00,21.95,37.5,90.0,296.4,49.0,327.05,2.07,16.0,101030.0
1990-07-25 07:00:00+00:00,23.95,34.1,282.0,545.83,100.0,329.2,1.86,25.0,101070.0
1990-07-25 08:00:00+00:00,27.54,27.25,487.0,688.76,129.0,335.2,2.21,34.0,101080.0
1990-07-25 09:00:00+00:00,30.6,23.25,675.0,763.92,152.0,345.05,2.41,45.0,101100.0
1990-07-25 10:00:00+00:00,33.29,17.95,830.0,810.52,168.0,355.7,2.21,52.0,101080.0
1990-07-25 11:00:00+00:00,35.49,15.3,938.0,838.86,177.0,365.2,1.45,55.0,101060.0
1990-07-25 12:00:00+00:00,37.24,12.6,989.0,850.78,181.0,373.7,0.28,54.0,101040.0
1990-07-25 13:00:00+00:00,38.58,10.6,979.0,848.67,180.0,380.65,0.97,235.0,100970.0
1990-07-25 14:00:00+00:00,39.62,9.65,909.0,832.38,174.0,383.75,2.14,236.0,100930.0
1990-07-25 15:00:00+00:00,40.05,10.0,781.0,783.74,171.0,385.3,2.83,237.0,100880.0
1990-07-25 16:00:00+00:00,39.91,10.0,608.0,702.89,162.0,385.9,3.24,239.0,100840.0
1990-07-25 17:00:00+00:00,39.27,10.4,407.0,574.3,142.0,385.5,3.45,242.0,100840.0
1990-07-25 18:00:00+00:00,37.95,12.25,203.0,380.31,100.0,383.0,3.17,247.0,100830.0
1990-07-25 19:00:00+00:00,35.26,17.1,38.0,158.49,26.0,379.5,3.17,238.0,100840.0
1990-07-25 20:00:00+00:00,32.32,22.1,0.0,0.0,0.0,372.75,3.24,229.0,100880.0
1990-07-25 21:00:00+00:00,30.1,27.75,0.0,0.0,0.0,365.95,3.17,227.0,100960.0
1990-07-25 22:00:00+00:00,28.49,31.75,0.0,0.0,0.0,360.55,2.9,229.0,101020.0
1990-07-25 23:00:00+00:00,27.22,35.05,0.0,0.0,0.0,357.25,2.34,238.0,101000.0
1990-07-26 00:00:00+00:00,26.21,40.1,0.0,0.0,0.0,354.35,1.79,263.0,101000.0
1990-07-26 01:00:00+00:00,25.1,42.75,0.0,0.0,0.0,353.1,1.52,303.0,100940.0
1990-07-26 02:00:00+00:00,24.0,47.15,0.0,0.0,0.0,353.95,1.38,336.0,100910.0
1990-07-26 03:00:00+00:00,23.81,47.15,0.0,0.0,0.0,355.3,1.1,357.0,100870.0
1990-07-26 04:00:00+00:00,24.8,42.65,0.0,0.0,0.0,354.35,0.48,32.0,100850.0
1990-07-26 05:00:00+00:00,24.33,45.6,0.0,0.0,0.0,353.4,0.14,115.0,100890.0
1990-07-26 06:00:00+00:00,23.9,48.8,81.0,227.88,50.0,356.1,0.07,229.0,100910.0
1990-07-26 07:00:00+00:00,24.81,60.35,251.0,395.28,120.0,361.7,0.21,35.0,100940.0
1990-07-26 08:00:00+00:00,27.95,41.95,420.0,438.22,193.0,362.85,0.28,43.0,100940.0
1990-07-26 09:00:00+00:00,30.5,35.7,646.0,695.38,171.0,373.9,0.55,5.0,100950.0
1990-07-26 10:00:00+00:00,32.74,29.55,800.0,755.45,184.0,383.2,0.62,1.0,100930.0
1990-07-26 11:00:00+00:00,34.79,25.25,875.0,697.61,243.0,391.5,0.48,350.0,100910.0
1990-07-26 12:00:00+00:00,36.44,23.05,955.0,794.89,201.0,400.6,0.34,241.0,100850.0
1990-07-26 13:00:00+00:00,37.84,21.1,694.0,253.11,456.0,406.6,1.17,222.0,100790.0
1990-07-26 14:00:00+00:00,38.93,19.85,887.0,807.46,175.0,410.1,1.72,228.0,100720.0
1990-07-26 15:00:00+00:00,39.61,19.3,752.0,729.78,185.0,411.45,2.28,234.0,100660.0
1990-07-26 16:00:00+00:00,39.87,19.3,594.0,690.4,157.0,411.05,2.76,240.0,100600.0
1990-07-26 17:00:00+00:00,39.49,19.3,392.0,537.37,145.0,408.9,3.24,245.0,100560.0
1990-07-26 18:00:00+00:00,38.29,21.2,197.0,372.04,97.0,404.85,3.31,248.0,100530.0
1990-07-26 19:00:00+00:00,34.9,32.2,33.0,108.97,25.0,402.15,3.66,248.0,100560.0
1990-07-26 20:00:00+00:00,32.09,40.0,0.0,0.0,0.0,393.65,3.52,250.0,100620.0
1990-07-26 21:00:00+00:00,29.93,46.9,0.0,0.0,0.0,385.3,3.17,249.0,100710.0
1990-07-26 22:00:00+00:00,28.41,48.25,0.0,0.0,0.0,377.55,2.83,245.0,100760.0
1990-07-26 23:00:00+00:00,27.3,51.45,0.0,0.0,0.0,371.95,2.41,236.0,100750.0
1990-07-27 00:00:00+00:00,26.43,54.8,0.0,0.0,0.0,366.55,2.14,222.0,100740.0
1990-07-27 01:00:00+00:00,25.62,56.6,0.0,0.0,0.0,361.25,2.0,209.0,100690.0
1990-07-27 02:00:00+00:00,24.84,60.35,0.0,0.0,0.0,356.5,1.79,198.0,100640.0
1990-07-27 03:00:00+00:00,24.08,62.35,0.0,0.0,0.0,352.6,1.66,189.0,100610.0
1990-07-27 04:00:00+00:00,23.16,66.55,0.0,0.0,0.0,349.7,1.45,188.0,100600.0
1990-07-27 05:00:00+00:00,22.67,68.75,0.0,0.0,0.0,348.15,1.03,201.0,100640.0
1990-07-27 06:00:00+00:00,23.1,66.55,52.0,44.87,46.0,347.0,0.69,257.0,100680.0
1990-07-27 07:00:00+00:00,24.29,64.5,265.0,479.71,107.0,362.5,0.55,311.0,100730.0
1990-07-27 08:00:00+00:00,27.23,46.4,469.0,633.47,142.0,359.2,0.69,348.0,100750.0
1990-07-27 09:00:00+00:00,29.93,38.15,659.0,735.13,158.0,369.65,0.62,13.0,100770.0
1990-07-27 10:00:00+00:00,32.32,30.45,812.0,782.54,175.0,373.1,0.41,346.0,100760.0
1990-07-27 11:00:00+00:00,34.44,24.25,929.0,841.17,168.0,377.55,0.62,303.0,100730.0
1990-07-27 12:00:00+00:00,36.22,19.3,986.0,868.74,163.0,382.4,0.97,284.0,100690.0
1990-07-27 13:00:00+00:00,37.63,15.75,971.0,851.88,171.0,386.45,1.31,260.0,100640.0
1990-07-27 14:00:00+00:00,38.74,13.4,906.0,848.4,159.0,388.4,2.14,250.0,100580.0
1990-07-27 15:00:00+00:00,39.46,10.8,777.0,800.76,156.0,387.65,2.9,254.0,100540.0
1990-07-27 16:00:00+00:00,39.61,9.3,607.0,728.61,147.0,384.95,3.1,254.0,100500.0
1990-07-27 17:00:00+00:00,39.27,8.3,409.0,616.02,127.0,380.65,3.24,250.0,100470.0
1990-07-27 18:00:00+00:00,38.05,10.15,209.0,457.51,87.0,374.85,3.1,238.0,100480.0
1990-07-27 19:00:00+00:00,34.93,16.4,34.0,126.73,25.0,369.05,3.17,226.0,100470.0
1990-07-27 20:00:00+00:00,32.17,20.55,0.0,0.0,0.0,361.3,3.1,226.0,100510.0
1990-07-27 21:00:00+00:00,30.48,24.1,0.0,0.0,0.0,355.5,2.48,231.0,100600.0
1990-07-27 22:00:00+00:00,29.23,25.7,0.0,0.0,0.0,352.4,1.86,241.0,100630.0
1990-07-27 23:00:00+00:00,27.66,27.35,0.0,0.0,0.0,349.5,1.38,249.0,100640.0
1990-07-28 00:00:00+00:00,26.64,30.25,0.0,0.0,0.0,347.2,1.03,243.0,100650.0
1990-07-28 01:00:00+00:00,26.49,31.2,0.0,0.0,0.0,344.95,0.83,238.0,100640.0
1990-07-28 02:00:00+00:00,26.33,32.35,0.0,0.0,0.0,342.15,0.76,246.0,100610.0
1990-07-28 03:00:00+00:00,25.26,35.8,0.0,0.0,0.0,339.85,0.76,270.0,100590.0
1990-07-28 04:00:00+00:00,24.33,39.55,0.0,0.0,0.0,337.7,0.83,291.0,100600.0
1990-07-28 05:00:00+00:00,24.26,39.55,0.0,0.0,0.0,335.55,0.55,297.0,100630.0
1990-07-28 06:00:00+00:00,23.69,42.35,87.0,334.89,43.0,334.6,0.14,235.0,100670.0
1990-07-28 07:00:00+00:00,24.11,48.95,276.0,553.01,95.0,337.9,0.07,157.0,100760.0
1990-07-28 08:00:00+00:00,27.02,38.85,480.0,692.08,124.0,343.5,0.0,160.0,100820.0
1990-07-28 09:00:00+00:00,29.92,30.9,665.0,754.5,152.0,353.75,0.21,164.0,100840.0
1990-07-28 10:00:00+00:00,32.5,25.5,820.0,803.59,167.0,363.65,0.62,207.0,100870.0
1990-07-28 11:00:00+00:00,34.68,21.15,922.0,815.81,185.0,372.35,1.38,225.0,100870.0
1990-07-28 12:00:00+00:00,36.32,18.6,968.0,811.75,200.0,379.3,2.14,225.0,100830.0
1990-07-28 13:00:00+00:00,37.53,16.9,958.0,809.31,199.0,384.75,2.83,227.0,100780.0
1990-07-28 14:00:00+00:00,38.27,15.95,894.0,808.75,183.0,389.2,3.45,230.0,100740.0
1990-07-28 15:00:00+00:00,38.56,15.4,771.0,776.48,170.0,391.9,3.86,231.0,100720.0
1990-07-28 16:00:00+00:00,38.22,14.85,602.0,706.77,157.0,392.3,4.28,232.0,100710.0
1990-07-28 17:00:00+00:00,37.25,16.3,407.0,609.88,129.0,390.15,4.34,234.0,100710.0
1990-07-28 18:00:00+00:00,35.63,19.1,205.0,438.65,89.0,385.7,3.59,235.0,100730.0
1990-07-28 19:00:00+00:00,32.87,26.55,34.0,160.51,23.0,377.55,2.97,236.0,100720.0
1990-07-28 20:00:00+00:00,30.42,31.0,0.0,0.0,0.0,369.05,2.69,234.0,100770.0
1990-07-28 21:00:00+00:00,28.51,35.3,0.0,0.0,0.0,361.1,2.48,231.0,100850.0
1990-07-28 22:00:00+00:00,27.03,38.85,0.0,0.0,0.0,355.1,2.34,226.0,100920.0
1990-07-28 23:00:00+00:00,25.87,41.4,0.0,0.0,0.0,350.1,2.21,218.0,100920.0
1990-07-29 00:00:00+00:00,24.99,45.75,0.0,0.0,0.0,348.35,2.0,207.0,100910.0
1990-07-29 01:00:00+00:00,24.15,48.95,0.0,0.0,0.0,342.85,1.79,203.0,100890.0
1990-07-29 02:00:00+00:00,23.09,56.0,0.0,0.0,0.0,339.25,1.45,206.0,100870.0
1990-07-29 03:00:00+00:00,22.31,61.95,0.0,0.0,0.0,336.95,1.03,209.0,100860.0
1990-07-29 04:00:00+00:00,23.0,59.95,0.0,0.0,0.0,334.8,0.55,211.0,100880.0
1990-07-29 05:00:00+00:00,22.47,61.95,0.0,0.0,0.0,332.65,0.07,221.0,100920.0
1990-07-29 06:00:00+00:00,22.1,64.1,78.0,240.26,47.0,330.95,0.48,41.0,100990.0
1990-07-29 07:00:00+00:00,22.59,66.45,264.0,485.84,106.0,333.65,0.62,14.0,101040.0
1990-07-29 08:00:00+00:00,26.38,46.15,472.0,653.58,137.0,339.25,0.69,31.0,101060.0
1990-07-29 09:00:00+00:00,29.49,34.2,658.0,728.28,164.0,349.1,0.55,43.0,101090.0
1990-07-29 10:00:00+00:00,32.17,25.5,807.0,759.4,191.0,358.8,0.0,39.0,101100.0
1990-07-29 11:00:00+00:00,34.45,19.55,923.0,818.12,185.0,368.1,0.69,249.0,101110.0
1990-07-29 12:00:00+00:00,36.37,16.1,974.0,829.79,190.0,374.3,1.59,253.0,101050.0
1990-07-29 13:00:00+00:00,37.96,13.2,959.0,812.58,198.0,378.55,2.48,254.0,101010.0
1990-07-29 14:00:00+00:00,39.08,11.1,890.0,796.38,191.0,381.05,3.17,257.0,100970.0
1990-07-29 15:00:00+00:00,39.68,9.65,763.0,748.28,185.0,382.6,3.66,261.0,100940.0
1990-07-29 16:00:00+00:00,39.71,9.3,598.0,696.03,161.0,381.05,3.93,266.0,100900.0
1990-07-29 17:00:00+00:00,39.11,9.2,398.0,566.34,141.0,378.55,4.0,270.0,100900.0
1990-07-29 18:00:00+00:00,37.78,10.95,197.0,389.1,95.0,374.45,3.38,267.0,100890.0
1990-07-29 19:00:00+00:00,35.48,14.75,31.0,136.45,22.0,372.35,2.76,262.0,100890.0
1990-07-29 20:00:00+00:00,32.96,16.55,0.0,0.0,0.0,365.4,2.62,269.0,100950.0
1990-07-29 21:00:00+00:00,31.29,16.85,0.0,0.0,0.0,359.2,2.34,286.0,101030.0
1990-07-29 22:00:00+00:00,29.88,17.85,0.0,0.0,0.0,353.0,2.21,303.0,101080.0
1990-07-29 23:00:00+00:00,28.39,18.3,0.0,0.0,0.0,347.0,2.14,318.0,101090.0
1990-07-30 00:00:00+00:00,26.9,20.1,0.0,0.0,0.0,341.55,2.14,333.0,101090.0
1990-07-30 01:00:00+00:00,25.6,20.65,0.0,0.0,0.0,336.05,2.21,345.0,101070.0
1990-07-30 02:00:00+00:00,24.53,23.65,0.0,0.0,0.0,331.9,2.21,352.0,101040.0
1990-07-30 03:00:00+00:00,23.56,26.2,0.0,0.0,0.0,328.4,2.14,356.0,101020.0
1990-07-30 04:00:00+00:00,22.71,29.2,0.0,0.0,0.0,325.7,2.14,359.0,101030.0
1990-07-30 05:00:00+00:00,21.97,33.6,0.0,0.0,0.0,323.2,2.14,3.0,101080.0
1990-07-30 06:00:00+00:00,21.37,40.2,80.0,276.37,45.0,321.85,2.0,8.0,101100.0
1990-07-30 07:00:00+00:00,23.42,40.75,268.0,510.68,103.0,324.95,1.72,11.0,101160.0
1990-07-30 08:00:00+00:00,26.99,33.7,477.0,675.53,132.0,329.95,2.0,17.0,101180.0
1990-07-30 09:00:00+00:00,29.88,27.75,669.0,765.51,151.0,339.25,1.93,24.0,101210.0
1990-07-30 10:00:00+00:00,32.56,21.3,821.0,799.07,174.0,350.5,1.72,28.0,101200.0
1990-07-30 11:00:00+00:00,34.61,16.3,924.0,810.48,194.0,359.2,1.31,15.0,101190.0
1990-07-30 12:00:00+00:00,36.14,13.8,975.0,822.47,199.0,365.4,1.17,342.0,101140.0
1990-07-30 13:00:00+00:00,37.39,12.15,971.0,836.23,189.0,370.8,1.38,314.0,101070.0
1990-07-30 14:00:00+00:00,38.29,11.45,911.0,851.35,165.0,375.25,1.66,295.0,101030.0
1990-07-30 15:00:00+00:00,38.85,11.1,781.0,801.77,163.0,379.1,2.0,283.0,100990.0
1990-07-30 16:00:00+00:00,39.05,11.55,622.0,784.37,131.0,382.6,2.28,277.0,100940.0
1990-07-30 17:00:00+00:00,38.87,12.0,418.0,670.84,115.0,384.35,2.48,272.0,100910.0
1990-07-30 18:00:00+00:00,38.0,14.2,213.0,519.73,78.0,384.35,2.41,257.0,100890.0
1990-07-30 19:00:00+00:00,35.8,16.6,33.0,205.39,20.0,382.0,2.62,248.0,100870.0
1990-07-30 20:00:00+00:00,33.26,20.8,0.0,0.0,0.0,376.2,2.69,251.0,100910.0
1990-07-30 21:00:00+00:00,31.61,22.65,0.0,0.0,0.0,370.0,2.41,263.0,100990.0
1990-07-30 22:00:00+00:00,30.4,23.25,0.0,0.0,0.0,364.8,2.21,277.0,101040.0
1990-07-30 23:00:00+00:00,29.22,24.75,0.0,0.0,0.0,360.55,2.14,286.0,101040.0
1990-07-31 00:00:00+00:00,27.94,27.35,0.0,0.0,0.0,356.1,2.07,297.0,101050.0
1990-07-31 01:00:00+00:00,26.69,29.15,0.0,0.0,0.0,352.5,2.07,309.0,101030.0
1990-07-31 02:00:00+00:00,25.54,33.3,0.0,0.0,0.0,348.55,1.93,319.0,101020.0
1990-07-31 03:00:00+00:00,24.88,34.4,0.0,0.0,0.0,344.1,1.59,324.0,100990.0
1990-07-31 04:00:00+00:00,24.6,35.65,0.0,0.0,0.0,339.25,1.17,315.0,100990.0
1990-07-31 05:00:00+00:00,24.26,38.15,0.0,0.0,0.0,334.6,0.97,295.0,101010.0
1990-07-31 06:00:00+00:00,22.82,45.25,80.0,305.86,42.0,330.75,1.03,288.0,101040.0
1990-07-31 07:00:00+00:00,23.26,56.0,274.0,570.14,91.0,332.85,0.62,278.0,101080.0
1990-07-31 08:00:00+00:00,27.0,37.5,473.0,672.12,131.0,337.1,0.48,291.0,101080.0
1990-07-31 09:00:00+00:00,29.45,30.75,665.0,761.46,151.0,345.85,0.28,243.0,101120.0
1990-07-31 10:00:00+00:00,31.48,26.2,812.0,779.51,182.0,354.55,0.97,215.0,101070.0
1990-07-31 11:00:00+00:00,33.37,22.35,920.0,807.29,194.0,361.5,1.93,223.0,101080.0
1990-07-31 12:00:00+00:00,34.84,18.3,965.0,803.5,208.0,368.1,2.69,232.0,101020.0
1990-07-31 13:00:00+00:00,35.89,16.0,956.0,801.08,208.0,371.95,3.17,238.0,100930.0
1990-07-31 14:00:00+00:00,36.56,14.4,897.0,816.26,183.0,373.9,3.45,240.0,100870.0
1990-07-31 15:00:00+00:00,36.84,13.5,776.0,798.35,162.0,374.3,3.72,240.0,100830.0
1990-07-31 16:00:00+00:00,34.51,10.79,608.0,741.93,145.0,365.78,4.52,240.0,100800.0
1990-07-31 17:00:00+00:00,33.39,16.11,412.0,654.1,118.0,364.1,4.25,235.0,100790.0
1990-07-31 18:00:00+00:00,32.26,21.43,209.0,505.3,79.0,362.42,3.98,226.0,100780.0
1990-07-31 19:00:00+00:00,31.14,26.75,31.0,198.22,19.0,360.74,3.7,224.0,100800.0
1990-07-31 20:00:00+00:00,30.01,32.07,0.0,0.0,0.0,359.06,3.43,222.0,100800.0
1990-07-31 21:00:00+00:00,28.89,37.39,0.0,0.0,0.0,357.38,3.16,219.0,100850.0
1990-07-31 22:00:00+00:00,27.76,42.71,0.0,0.0,0.0,355.7,2.89,219.0,100860.0
1990-07-31 23:00:00+00:00,26.64,48.03,0.0,0.0,0.0,354.02,2.61,223.0,100840.0
1990-08-01 00:00:00+00:00,25.51,53.35,0.0,0.0,0.0,352.34,2.34,205.0,100190.0
1990-08-01 01:00:00+00:00,24.39,58.67,0.0,0.0,0.0,350.66,2.07,207.0,100170.0
1990-08-01 02:00:00+00:00,23.26,63.99,0.0,0.0,0.0,348.98,1.8,201.0,100150.0
1990-08-01 03:00:00+00:00,22.14,69.31,0.0,0.0,0.0,347.3,1.53,189.0,100130.0
1990-08-01 04:00:00+00:00,21.01,74.63,0.0,0.0,0.0,345.62,1.25,183.0,100140.0
1990-08-01 05:00:00+00:00,19.89,79.95,0.0,0.0,0.0,343.94,0.98,181.0,100170.0
1990-08-01 06:00:00+00:00,18.76,85.27,67.0,180.6,45.0,342.26,0.71,183.0,100230.0
1990-08-01 07:00:00+00:00,17.64,90.59,273.0,586.52,86.0,340.58,0.44,178.0,100340.0
1990-08-01 08:00:00+00:00,24.42,62.35,477.0,714.08,115.0,351.05,0.14,40.0,100390.0
1990-08-01 09:00:00+00:00,26.65,51.2,668.0,797.52,131.0,359.2,0.76,37.0,100390.0
1990-08-01 10:00:00+00:00,28.75,43.55,839.0,883.87,126.0,366.95,0.76,50.0,100380.0
1990-08-01 11:00:00+00:00,30.62,34.6,936.0,879.85,146.0,373.7,0.83,53.0,100360.0
1990-08-01 12:00:00+00:00,32.08,29.4,999.0,917.39,136.0,378.95,1.03,65.0,100310.0
1990-08-01 13:00:00+00:00,33.23,25.75,973.0,878.5,154.0,382.2,0.9,72.0,100240.0
1990-08-01 14:00:00+00:00,34.17,22.55,907.0,872.73,145.0,385.1,0.62,69.0,100180.0
1990-08-01 15:00:00+00:00,34.82,21.0,780.0,836.69,138.0,386.85,0.34,39.0,100130.0
1990-08-01 16:00:00+00:00,35.12,18.95,610.0,776.49,127.0,387.25,0.41,354.0,100100.0
1990-08-01 17:00:00+00:00,35.08,18.3,409.0,670.85,109.0,385.5,0.62,332.0,100070.0
1990-08-01 18:00:00+00:00,34.65,18.85,204.0,502.54,76.0,381.85,1.03,304.0,100070.0
1990-08-01 19:00:00+00:00,32.78,25.65,21.0,52.0,18.0,377.4,2.07,261.0,100100.0
1990-08-01 20:00:00+00:00,30.42,32.25,0.0,0.0,0.0,370.0,2.62,260.0,100120.0
1990-08-01 21:00:00+00:00,28.66,39.25,0.0,0.0,0.0,364.6,2.41,256.0,100230.0
1990-08-01 22:00:00+00:00,27.28,46.25,0.0,0.0,0.0,362.1,2.07,225.0,100290.0
1990-08-01 23:00:00+00:00,26.09,51.05,0.0,0.0,0.0,360.35,2.41,191.0,100330.0
1990-08-02 00:00:00+00:00,25.18,56.35,0.0,0.0,0.0,359.0,2.28,184.0,100350.0
1990-08-02 01:00:00+00:00,24.5,58.2,0.0,0.0,0.0,356.4,1.66,199.0,100350.0
1990-08-02 02:00:00+00:00,23.73,62.25,0.0,0.0,0.0,354.35,0.97,232.0,100320.0
1990-08-02 03:00:00+00:00,23.24,64.3,0.0,0.0,0.0,354.75,0.83,313.0,100320.0
1990-08-02 04:00:00+00:00,21.91,68.7,0.0,0.0,0.0,355.3,1.38,358.0,100310.0
1990-08-02 05:00:00+00:00,21.7,68.6,0.0,0.0,0.0,355.5,1.72,15.0,100340.0
1990-08-02 06:00:00+00:00,21.76,68.6,62.0,150.79,44.0,356.85,1.79,22.0,100390.0
1990-08-02 07:00:00+00:00,24.37,58.2,259.0,530.53,91.0,361.7,2.07,30.0,100450.0
1990-08-02 08:00:00+00:00,27.16,53.1,466.0,693.02,116.0,370.6,2.41,42.0,100480.0
1990-08-02 09:00:00+00:00,29.31,50.05,652.0,768.27,136.0,383.75,2.07,52.0,100500.0
1990-08-02 10:00:00+00:00,31.29,44.2,820.0,853.28,133.0,395.4,1.31,62.0,100520.0
1990-08-02 11:00:00+00:00,33.03,37.75,925.0,873.48,142.0,407.4,0.48,100.0,100520.0
1990-08-02 12:00:00+00:00,34.47,35.5,988.0,911.36,132.0,416.3,0.55,203.0,100490.0
1990-08-02 13:00:00+00:00,35.7,33.45,962.0,873.49,149.0,423.65,1.1,225.0,100430.0
1990-08-02 14:00:00+00:00,36.66,31.5,891.0,854.88,146.0,427.9,1.45,229.0,100400.0
1990-08-02 15:00:00+00:00,37.22,30.55,754.0,782.54,155.0,430.6,1.52,232.0,100360.0
1990-08-02 16:00:00+00:00,37.38,30.55,581.0,696.85,149.0,431.35,1.52,244.0,100310.0
1990-08-02 17:00:00+00:00,37.21,30.55,376.0,530.55,140.0,429.65,1.59,254.0,100320.0
1990-08-02 18:00:00+00:00,36.63,31.5,175.0,313.43,96.0,426.35,1.93,262.0,100310.0
1990-08-02 19:00:00+00:00,35.22,35.65,16.0,18.26,15.0,421.7,2.97,251.0,100310.0
1990-08-02 20:00:00+00:00,32.64,43.1,0.0,0.0,0.0,415.9,3.59,253.0,100360.0
1990-08-02 21:00:00+00:00,30.66,52.15,0.0,0.0,0.0,408.9,3.31,259.0,100490.0
1990-08-02 22:00:00+00:00,29.29,59.2,0.0,0.0,0.0,404.1,2.62,264.0,100540.0
1990-08-02 23:00:00+00:00,28.31,63.1,0.0,0.0,0.0,400.8,2.21,269.0,100550.0
1990-08-03 00:00:00+00:00,27.56,65.1,0.0,0.0,0.0,398.45,2.07,272.0,100550.0
1990-08-03 01:00:00+00:00,26.99,67.2,0.0,0.0,0.0,395.85,2.07,268.0,100580.0
1990-08-03 02:00:00+00:00,26.43,71.75,0.0,0.0,0.0,393.85,2.07,269.0,100560.0
1990-08-03 03:00:00+00:00,25.92,71.65,0.0,0.0,0.0,389.75,1.93,278.0,100530.0
1990-08-03 04:00:00+00:00,25.48,74.0,0.0,0.0,0.0,385.9,1.66,282.0,100510.0
1990-08-03 05:00:00+00:00,25.09,76.45,0.0,0.0,0.0,384.95,1.45,287.0,100520.0
1990-08-03 06:00:00+00:00,24.69,78.95,44.0,42.77,39.0,382.8,1.17,278.0,100560.0
1990-08-03 07:00:00+00:00,26.45,69.4,201.0,228.94,129.0,387.85,1.79,274.0,100620.0
1990-08-03 08:00:00+00:00,27.88,61.0,354.0,276.28,215.0,398.3,1.72,264.0,100620.0
1990-08-03 09:00:00+00:00,29.42,55.5,619.0,680.68,163.0,405.85,1.66,243.0,100680.0
1990-08-03 10:00:00+00:00,30.94,48.9,776.0,757.88,167.0,417.25,1.93,227.0,100660.0
1990-08-03 11:00:00+00:00,32.69,44.55,886.0,803.43,167.0,425.2,2.69,215.0,100670.0
1990-08-03 12:00:00+00:00,34.29,39.3,901.0,714.47,231.0,428.85,3.86,210.0,100630.0
1990-08-03 13:00:00+00:00,35.15,38.15,836.0,567.17,309.0,440.1,4.62,212.0,100580.0
1990-08-03 14:00:00+00:00,34.88,40.65,732.0,453.0,338.0,439.5,5.03,214.0,100550.0
1990-08-03 15:00:00+00:00,33.92,42.05,728.0,732.12,169.0,434.3,5.1,220.0,100540.0
1990-08-03 16:00:00+00:00,33.24,44.7,563.0,660.45,155.0,433.3,5.03,226.0,100510.0
1990-08-03 17:00:00+00:00,32.31,44.45,372.0,547.05,130.0,424.8,4.83,230.0,100540.0
1990-08-03 18:00:00+00:00,31.02,45.7,176.0,352.97,88.0,416.45,4.48,234.0,100540.0
1990-08-03 19:00:00+00:00,28.56,53.45,13.0,19.33,12.0,403.1,3.93,234.0,100590.0
1990-08-03 20:00:00+00:00,26.94,58.8,0.0,0.0,0.0,392.65,3.59,229.0,100640.0
1990-08-03 21:00:00+00:00,25.54,64.7,0.0,0.0,0.0,383.0,3.38,228.0,100760.0
1990-08-03 22:00:00+00:00,24.4,71.4,0.0,0.0,0.0,379.9,3.03,229.0,100820.0
1990-08-03 23:00:00+00:00,23.46,76.3,0.0,0.0,0.0,366.75,2.55,226.0,100810.0
1990-08-04 00:00:00+00:00,22.93,78.85,0.0,0.0,0.0,374.85,2.28,221.0,100810.0
1990-08-04 01:00:00+00:00,22.56,81.45,0.0,0.0,0.0,367.25,2.0,220.0,100770.0
1990-08-04 02:00:00+00:00,22.31,81.45,0.0,0.0,0.0,371.0,1.72,224.0,100750.0
1990-08-04 03:00:00+00:00,21.99,84.15,0.0,0.0,0.0,362.1,1.59,215.0,100710.0
1990-08-04 04:00:00+00:00,21.82,84.15,0.0,0.0,0.0,370.6,1.59,206.0,100690.0
1990-08-04 05:00:00+00:00,21.55,87.0,0.0,0.0,0.0,361.7,1.52,202.0,100690.0
1990-08-04 06:00:00+00:00,21.48,87.0,49.0,69.91,41.0,365.0,1.45,206.0,100710.0
1990-08-04 07:00:00+00:00,22.1,78.7,234.0,381.05,115.0,359.2,0.48,244.0,100770.0
1990-08-04 08:00:00+00:00,23.86,66.65,465.0,690.39,119.0,358.8,0.41,290.0,100790.0
1990-08-04 09:00:00+00:00,25.94,58.55,655.0,772.25,139.0,364.0,0.28,324.0,100800.0
1990-08-04 10:00:00+00:00,28.28,49.8,820.0,846.68,141.0,373.5,0.14,334.0,100790.0
1990-08-04 11:00:00+00:00,30.46,41.15,925.0,866.38,151.0,383.55,0.14,275.0,100750.0
1990-08-04 12:00:00+00:00,32.31,35.0,993.0,915.39,136.0,391.3,0.41,254.0,100680.0
1990-08-04 13:00:00+00:00,33.92,29.9,967.0,876.5,154.0,395.75,0.69,247.0,100620.0
1990-08-04 14:00:00+00:00,35.16,26.15,895.0,858.32,150.0,397.5,1.17,248.0,100520.0
1990-08-04 15:00:00+00:00,35.97,22.95,765.0,811.51,147.0,396.9,1.59,253.0,100470.0
1990-08-04 16:00:00+00:00,36.31,22.15,596.0,752.22,133.0,395.2,1.93,253.0,100410.0
1990-08-04 17:00:00+00:00,36.09,22.95,397.0,645.69,113.0,391.3,2.21,252.0,100390.0
1990-08-04 18:00:00+00:00,35.25,26.15,193.0,466.56,78.0,387.25,2.34,245.0,100380.0
1990-08-04 19:00:00+00:00,33.49,31.95,16.0,41.13,14.0,384.15,2.48,233.0,100340.0
1990-08-04 20:00:00+00:00,31.0,39.9,0.0,0.0,0.0,377.75,2.76,227.0,100360.0
1990-08-04 21:00:00+00:00,29.11,48.4,0.0,0.0,0.0,373.1,2.62,228.0,100430.0
1990-08-04 22:00:00+00:00,27.71,55.05,0.0,0.0,0.0,368.65,2.34,230.0,100470.0
1990-08-04 23:00:00+00:00,26.7,58.7,0.0,0.0,0.0,364.2,2.14,223.0,100460.0
1990-08-05 00:00:00+00:00,25.89,58.55,0.0,0.0,0.0,361.1,1.86,215.0,100450.0
1990-08-05 01:00:00+00:00,25.04,60.35,0.0,0.0,0.0,358.35,1.59,207.0,100420.0
1990-08-05 02:00:00+00:00,24.06,64.4,0.0,0.0,0.0,356.5,1.24,204.0,100410.0
1990-08-05 03:00:00+00:00,23.77,64.4,0.0,0.0,0.0,355.7,0.97,193.0,100410.0
1990-08-05 04:00:00+00:00,23.5,64.4,0.0,0.0,0.0,355.3,0.9,171.0,100400.0
1990-08-05 05:00:00+00:00,23.11,68.85,0.0,0.0,0.0,355.1,0.83,163.0,100420.0
1990-08-05 06:00:00+00:00,23.49,66.65,55.0,125.06,41.0,355.3,0.62,172.0,100450.0
1990-08-05 07:00:00+00:00,23.82,76.3,253.0,515.99,93.0,361.7,0.21,68.0,100520.0
1990-08-05 08:00:00+00:00,26.75,58.7,460.0,683.09,119.0,371.2,0.14,155.0,100530.0
1990-08-05 09:00:00+00:00,29.55,45.35,649.0,765.29,139.0,384.75,0.28,164.0,100540.0
1990-08-05 10:00:00+00:00,31.95,37.5,814.0,839.66,142.0,397.1,0.69,179.0,100530.0
1990-08-05 11:00:00+00:00,33.73,35.4,923.0,871.27,146.0,413.0,1.45,197.0,100500.0
1990-08-05 12:00:00+00:00,35.09,34.45,991.0,921.22,130.0,417.25,2.0,207.0,100480.0
1990-08-05 13:00:00+00:00,36.32,32.45,965.0,882.41,148.0,425.95,2.41,219.0,100390.0
1990-08-05 14:00:00+00:00,37.29,29.55,889.0,852.07,151.0,426.75,2.62,232.0,100340.0
1990-08-05 15:00:00+00:00,37.71,26.75,754.0,791.33,153.0,428.85,2.83,242.0,100280.0
1990-08-05 16:00:00+00:00,37.75,25.85,583.0,719.19,142.0,427.5,3.03,247.0,100240.0
1990-08-05 17:00:00+00:00,37.33,24.85,387.0,612.97,119.0,423.45,3.1,250.0,100230.0
1990-08-05 18:00:00+00:00,36.36,24.6,184.0,422.88,81.0,416.1,2.97,248.0,100250.0
1990-08-05 19:00:00+00:00,33.99,26.0,13.0,22.01,12.0,395.55,2.83,235.0,100280.0
1990-08-05 20:00:00+00:00,31.64,30.35,0.0,0.0,0.0,386.65,2.76,231.0,100330.0
1990-08-05 21:00:00+00:00,29.8,34.35,0.0,0.0,0.0,380.1,2.62,233.0,100390.0
1990-08-05 22:00:00+00:00,28.43,36.6,0.0,0.0,0.0,377.0,2.48,235.0,100470.0
1990-08-05 23:00:00+00:00,27.42,38.95,0.0,0.0,0.0,376.0,2.21,233.0,100470.0
1990-08-06 00:00:00+00:00,26.71,43.05,0.0,0.0,0.0,375.05,1.93,222.0,100490.0
1990-08-06 01:00:00+00:00,26.17,44.45,0.0,0.0,0.0,380.2,1.52,189.0,100430.0
1990-08-06 02:00:00+00:00,25.53,47.5,0.0,0.0,0.0,379.3,1.45,178.0,100380.0
1990-08-06 03:00:00+00:00,24.68,52.5,0.0,0.0,0.0,374.1,1.24,181.0,100360.0
1990-08-06 04:00:00+00:00,24.38,54.35,0.0,0.0,0.0,373.5,0.9,182.0,100360.0
1990-08-06 05:00:00+00:00,24.84,52.6,0.0,0.0,0.0,372.35,0.55,175.0,100360.0
1990-08-06 06:00:00+00:00,24.8,54.35,40.0,36.55,36.0,371.95,0.41,170.0,100390.0
1990-08-06 07:00:00+00:00,25.62,52.75,234.0,419.02,105.0,375.05,0.9,86.0,100470.0
1990-08-06 08:00:00+00:00,28.62,42.05,434.0,589.28,141.0,381.85,0.69,78.0,100490.0
1990-08-06 09:00:00+00:00,31.26,35.95,577.0,532.63,223.0,391.5,0.28,77.0,100510.0
1990-08-06 10:00:00+00:00,33.36,32.9,708.0,547.17,271.0,405.25,0.28,199.0,100510.0
1990-08-06 11:00:00+00:00,35.28,31.1,834.0,644.8,260.0,413.55,0.55,186.0,100450.0
1990-08-06 12:00:00+00:00,37.02,27.55,850.0,577.71,311.0,421.7,1.24,202.0,100400.0
1990-08-06 13:00:00+00:00,38.44,26.0,126.0,0.0,126.0,429.85,2.0,219.0,100340.0
1990-08-06 14:00:00+00:00,39.23,23.65,456.0,59.01,405.0,439.5,2.55,228.0,100300.0
1990-08-06 15:00:00+00:00,39.49,22.95,450.0,112.23,365.0,442.6,3.17,239.0,100260.0
1990-08-06 16:00:00+00:00,39.14,23.65,318.0,67.13,277.0,441.05,3.45,248.0,100210.0
1990-08-06 17:00:00+00:00,38.43,25.1,123.0,0.0,123.0,436.8,3.31,248.0,100210.0
1990-08-06 18:00:00+00:00,37.4,26.65,98.0,33.25,90.0,427.5,3.1,242.0,100230.0
1990-08-06 19:00:00+00:00,35.28,31.1,4.0,0.0,4.0,422.85,1.93,226.0,100270.0
1990-08-06 20:00:00+00:00,33.58,33.05,0.0,0.0,0.0,412.8,2.14,212.0,100290.0
1990-08-06 21:00:00+00:00,32.0,36.25,0.0,0.0,0.0,399.65,2.21,215.0,100380.0
1990-08-06 22:00:00+00:00,30.6,39.75,0.0,0.0,0.0,391.9,2.14,224.0,100390.0
1990-08-06 23:00:00+00:00,29.43,40.9,0.0,0.0,0.0,387.25,2.07,236.0,100390.0
1990-08-07 00:00:00+00:00,28.46,43.55,0.0,0.0,0.0,383.75,1.86,237.0,100370.0
1990-08-07 01:00:00+00:00,27.51,46.4,0.0,0.0,0.0,381.15,1.59,224.0,100340.0
1990-08-07 02:00:00+00:00,26.53,49.45,0.0,0.0,0.0,378.15,1.17,228.0,100340.0
1990-08-07 03:00:00+00:00,26.66,49.45,0.0,0.0,0.0,377.2,0.62,199.0,100280.0
1990-08-07 04:00:00+00:00,26.44,49.45,0.0,0.0,0.0,377.0,0.34,198.0,100240.0
1990-08-07 05:00:00+00:00,25.92,51.05,0.0,0.0,0.0,373.1,0.41,342.0,100260.0
1990-08-07 06:00:00+00:00,23.89,58.1,33.0,18.7,31.0,369.65,1.59,345.0,100340.0
1990-08-07 07:00:00+00:00,26.7,49.45,104.0,9.82,101.0,385.9,1.45,24.0,100420.0
1990-08-07 08:00:00+00:00,29.49,38.15,316.0,183.76,225.0,393.25,1.59,27.0,100430.0
1990-08-07 09:00:00+00:00,31.68,33.7,553.0,466.19,244.0,407.55,1.52,32.0,100480.0
1990-08-07 10:00:00+00:00,33.69,28.75,650.0,405.28,327.0,417.05,1.17,31.0,100510.0
1990-08-07 11:00:00+00:00,35.31,27.05,590.0,171.07,438.0,427.9,0.76,20.0,100500.0
1990-08-07 12:00:00+00:00,36.58,25.6,760.0,386.55,400.0,430.6,0.34,356.0,100450.0
1990-08-07 13:00:00+00:00,37.47,24.1,833.0,561.61,315.0,441.85,0.34,284.0,100410.0
1990-08-07 14:00:00+00:00,38.39,23.4,593.0,200.64,420.0,442.0,0.69,255.0,100360.0
1990-08-07 15:00:00+00:00,39.16,21.3,615.0,407.87,307.0,430.4,1.1,262.0,100320.0
1990-08-07 16:00:00+00:00,39.44,20.6,498.0,442.22,229.0,427.1,1.45,264.0,100250.0
1990-08-07 17:00:00+00:00,39.29,19.85,277.0,194.57,193.0,425.55,1.45,260.0,100220.0
1990-08-07 18:00:00+00:00,38.86,20.45,78.0,8.42,76.0,423.45,1.1,246.0,100220.0
1990-08-07 19:00:00+00:00,37.39,22.4,7.0,0.0,7.0,426.35,2.07,287.0,100240.0
1990-08-07 20:00:00+00:00,35.69,22.0,0.0,0.0,0.0,430.2,2.21,297.0,100290.0
1990-08-07 21:00:00+00:00,34.48,20.25,0.0,0.0,0.0,423.65,2.21,317.0,100370.0
1990-08-07 22:00:00+00:00,33.51,20.9,0.0,0.0,0.0,425.95,0.83,346.0,100450.0
1990-08-07 23:00:00+00:00,31.92,24.6,0.0,0.0,0.0,423.65,2.28,194.0,100540.0
1990-08-08 00:00:00+00:00,30.08,38.3,0.0,0.0,0.0,422.45,4.48,207.0,100620.0
1990-08-08 01:00:00+00:00,29.73,38.15,0.0,0.0,0.0,434.4,2.48,242.0,100540.0
1990-08-08 02:00:00+00:00,29.49,35.6,0.0,0.0,0.0,427.1,1.24,250.0,100530.0
1990-08-08 03:00:00+00:00,29.05,38.0,0.0,0.0,0.0,423.25,1.31,184.0,100550.0
1990-08-08 04:00:00+00:00,28.61,40.65,0.0,0.0,0.0,425.75,1.31,164.0,100560.0
1990-08-08 05:00:00+00:00,28.22,44.95,0.0,0.0,0.0,425.95,0.9,19.0,100520.0
1990-08-08 06:00:00+00:00,28.29,39.1,8.0,0.0,8.0,425.2,1.93,346.0,100560.0
1990-08-08 07:00:00+00:00,26.15,67.05,22.0,0.0,22.0,417.05,1.1,238.0,100790.0
1990-08-08 08:00:00+00:00,26.6,62.8,74.0,0.0,74.0,415.7,1.59,351.0,100730.0
1990-08-08 09:00:00+00:00,28.02,53.35,183.0,0.0,183.0,417.25,2.41,12.0,100690.0
1990-08-08 10:00:00+00:00,30.68,45.6,245.0,0.0,245.0,413.95,2.55,28.0,100760.0
1990-08-08 11:00:00+00:00,32.7,38.95,288.0,1.13,287.0,421.7,2.69,42.0,100750.0
1990-08-08 12:00:00+00:00,33.91,35.4,803.0,493.77,344.0,434.3,2.48,57.0,100740.0
1990-08-08 13:00:00+00:00,34.91,33.2,897.0,761.55,196.0,434.3,2.76,60.0,100700.0
1990-08-08 14:00:00+00:00,35.93,30.15,811.0,689.36,218.0,439.5,2.83,60.0,100660.0
1990-08-08 15:00:00+00:00,36.56,28.4,705.0,694.69,182.0,431.2,2.62,63.0,100590.0
1990-08-08 16:00:00+00:00,36.79,27.45,517.0,533.24,194.0,431.35,2.48,64.0,100550.0
1990-08-08 17:00:00+00:00,36.62,27.45,256.0,151.56,191.0,432.35,2.34,64.0,100540.0
1990-08-08 18:00:00+00:00,36.02,29.3,81.0,17.07,77.0,431.4,2.14,57.0,100540.0
1990-08-08 19:00:00+00:00,35.02,30.05,8.0,0.0,8.0,431.55,2.14,8.0,100520.0
1990-08-08 20:00:00+00:00,33.87,31.95,0.0,0.0,0.0,431.2,2.34,12.0,100560.0
1990-08-08 21:00:00+00:00,33.07,32.9,0.0,0.0,0.0,431.0,2.14,18.0,100630.0
1990-08-08 22:00:00+00:00,32.14,35.0,0.0,0.0,0.0,419.75,1.66,33.0,100670.0
1990-08-08 23:00:00+00:00,31.14,37.25,0.0,0.0,0.0,414.15,1.52,95.0,100650.0
1990-08-09 00:00:00+00:00,30.06,41.0,0.0,0.0,0.0,412.8,1.59,125.0,100660.0
1990-08-09 01:00:00+00:00,29.26,46.75,0.0,0.0,0.0,417.95,1.31,128.0,100580.0
1990-08-09 02:00:00+00:00,29.5,46.9,0.0,0.0,0.0,422.85,0.41,182.0,100600.0
1990-08-09 03:00:00+00:00,28.02,53.35,0.0,0.0,0.0,413.95,1.24,306.0,100580.0
1990-08-09 04:00:00+00:00,27.43,55.05,0.0,0.0,0.0,408.35,1.45,344.0,100580.0
1990-08-09 05:00:00+00:00,26.83,58.7,0.0,0.0,0.0,397.9,1.52,10.0,100580.0
1990-08-09 06:00:00+00:00,26.57,58.7,49.0,137.46,35.0,401.2,1.45,27.0,100620.0
1990-08-09 07:00:00+00:00,28.17,57.05,165.0,129.52,126.0,402.55,2.34,51.0,100660.0
1990-08-09 08:00:00+00:00,30.03,50.3,397.0,472.33,165.0,409.9,2.69,57.0,100720.0
1990-08-09 09:00:00+00:00,31.63,44.3,288.0,25.79,271.0,421.3,2.21,51.0,100760.0
1990-08-09 10:00:00+00:00,33.24,39.05,508.0,161.31,380.0,427.3,1.66,68.0,100780.0
1990-08-09 11:00:00+00:00,35.58,33.45,278.0,1.13,277.0,431.75,1.31,104.0,100760.0
1990-08-09 12:00:00+00:00,37.26,28.55,159.0,0.0,159.0,441.45,0.69,88.0,100720.0
1990-08-09 13:00:00+00:00,38.04,26.0,99.0,0.0,99.0,455.2,1.52,356.0,100670.0
1990-08-09 14:00:00+00:00,38.19,25.1,282.0,1.17,281.0,457.9,3.03,340.0,100670.0
1990-08-09 15:00:00+00:00,37.28,26.65,198.0,0.0,198.0,456.75,3.52,329.0,100720.0
1990-08-09 16:00:00+00:00,36.51,27.45,144.0,0.0,144.0,458.3,3.72,340.0,100710.0
1990-08-09 17:00:00+00:00,35.27,29.05,247.0,136.18,189.0,453.25,3.66,348.0,100710.0
1990-08-09 18:00:00+00:00,33.76,30.85,145.0,238.03,90.0,447.65,3.79,356.0,100750.0
1990-08-09 19:00:00+00:00,34.06,36.75,7.0,0.0,7.0,429.25,1.79,109.0,100620.0
1990-08-09 20:00:00+00:00,33.14,39.05,0.0,0.0,0.0,442.8,1.66,121.0,100660.0
1990-08-09 21:00:00+00:00,32.48,40.3,0.0,0.0,0.0,433.5,1.38,125.0,100710.0
1990-08-09 22:00:00+00:00,31.48,44.3,0.0,0.0,0.0,429.45,1.31,207.0,100730.0
1990-08-09 23:00:00+00:00,30.31,48.65,0.0,0.0,0.0,413.2,2.28,258.0,100760.0
1990-08-10 00:00:00+00:00,29.17,53.55,0.0,0.0,0.0,415.5,2.69,270.0,100790.0
1990-08-10 01:00:00+00:00,28.56,55.3,0.0,0.0,0.0,422.0,2.21,264.0,100770.0
1990-08-10 02:00:00+00:00,28.18,57.05,0.0,0.0,0.0,424.0,1.79,241.0,100730.0
1990-08-10 03:00:00+00:00,27.75,58.9,0.0,0.0,0.0,423.45,1.86,220.0,100720.0
1990-08-10 04:00:00+00:00,27.22,62.9,0.0,0.0,0.0,408.55,1.59,213.0,100710.0
1990-08-10 05:00:00+00:00,26.75,64.95,0.0,0.0,0.0,402.15,1.17,204.0,100690.0
1990-08-10 06:00:00+00:00,26.36,69.4,23.0,0.0,23.0,398.85,0.55,185.0,100700.0
1990-08-10 07:00:00+00:00,28.12,59.0,121.0,30.12,112.0,396.9,0.9,125.0,100680.0
1990-08-10 08:00:00+00:00,30.49,48.75,217.0,34.76,200.0,409.1,1.03,134.0,100680.0
1990-08-10 09:00:00+00:00,32.55,41.65,544.0,459.49,242.0,414.35,0.9,159.0,100680.0
1990-08-10 10:00:00+00:00,34.5,36.75,753.0,714.89,187.0,420.15,1.17,185.0,100710.0
1990-08-10 11:00:00+00:00,36.11,32.45,891.0,839.95,149.0,430.2,1.59,191.0,100690.0
1990-08-10 12:00:00+00:00,36.99,29.55,952.0,876.9,140.0,438.55,2.34,195.0,100630.0
1990-08-10 13:00:00+00:00,37.88,28.65,926.0,840.03,156.0,442.6,3.31,202.0,100560.0
1990-08-10 14:00:00+00:00,38.2,27.85,859.0,831.83,147.0,440.65,3.93,208.0,100510.0
1990-08-10 15:00:00+00:00,37.94,28.65,714.0,729.88,168.0,443.0,4.48,213.0,100460.0
1990-08-10 16:00:00+00:00,36.95,30.55,547.0,656.27,153.0,445.3,4.83,218.0,100430.0
1990-08-10 17:00:00+00:00,35.09,36.9,339.0,461.13,144.0,434.3,4.83,224.0,100440.0
1990-08-10 18:00:00+00:00,32.97,41.8,69.0,4.39,68.0,425.4,4.9,227.0,100470.0
1990-08-10 19:00:00+00:00,29.74,53.7,2.0,0.0,2.0,404.65,4.0,227.0,100490.0
1990-08-10 20:00:00+00:00,27.75,63.0,0.0,0.0,0.0,395.55,3.52,220.0,100520.0
1990-08-10 21:00:00+00:00,26.65,67.15,0.0,0.0,0.0,393.05,3.31,214.0,100610.0
1990-08-10 22:00:00+00:00,26.06,69.3,0.0,0.0,0.0,398.3,2.83,212.0,100630.0
1990-08-10 23:00:00+00:00,25.78,69.25,0.0,0.0,0.0,399.05,2.07,200.0,100600.0
1990-08-11 00:00:00+00:00,25.42,69.25,0.0,0.0,0.0,399.25,2.62,197.0,100600.0
1990-08-11 01:00:00+00:00,24.9,71.5,0.0,0.0,0.0,394.7,2.76,209.0,100560.0
1990-08-11 02:00:00+00:00,24.18,76.3,0.0,0.0,0.0,375.45,2.34,202.0,100500.0
1990-08-11 03:00:00+00:00,23.64,76.3,0.0,0.0,0.0,370.2,2.07,201.0,100460.0
1990-08-11 04:00:00+00:00,23.18,76.2,0.0,0.0,0.0,365.2,1.93,208.0,100430.0
1990-08-11 05:00:00+00:00,22.77,78.75,0.0,0.0,0.0,361.5,1.93,213.0,100450.0
1990-08-11 06:00:00+00:00,22.44,81.45,53.0,206.78,33.0,359.95,2.0,213.0,100480.0
1990-08-11 07:00:00+00:00,23.18,78.85,248.0,569.92,79.0,367.1,1.31,227.0,100530.0
1990-08-11 08:00:00+00:00,24.71,71.4,373.0,367.5,194.0,367.7,1.24,223.0,100560.0
1990-08-11 09:00:00+00:00,26.84,60.7,647.0,807.19,118.0,369.45,1.45,209.0,100600.0
1990-08-11 10:00:00+00:00,29.0,50.05,773.0,770.96,164.0,377.95,1.79,205.0,100620.0
1990-08-11 11:00:00+00:00,31.26,39.9,880.0,800.82,174.0,383.95,1.93,206.0,100570.0
1990-08-11 12:00:00+00:00,33.16,32.9,920.0,782.37,197.0,388.2,2.41,215.0,100510.0
1990-08-11 13:00:00+00:00,34.51,27.9,945.0,875.78,144.0,391.7,3.03,225.0,100470.0
1990-08-11 14:00:00+00:00,35.22,24.35,589.0,201.47,417.0,395.55,3.72,232.0,100450.0
1990-08-11 15:00:00+00:00,34.78,23.4,369.0,44.26,336.0,409.9,4.41,235.0,100450.0
1990-08-11 16:00:00+00:00,32.93,25.75,542.0,630.9,165.0,408.55,4.76,235.0,100460.0
1990-08-11 17:00:00+00:00,30.67,31.15,386.0,695.63,94.0,405.85,4.41,235.0,100470.0
1990-08-11 18:00:00+00:00,28.97,34.2,141.0,227.37,90.0,406.0,3.93,232.0,100510.0
1990-08-11 19:00:00+00:00,29.28,35.45,5.0,0.0,5.0,391.9,2.69,228.0,100490.0
1990-08-11 20:00:00+00:00,28.08,37.75,0.0,0.0,0.0,404.3,2.76,222.0,100530.0
1990-08-11 21:00:00+00:00,26.8,41.55,0.0,0.0,0.0,387.85,3.03,224.0,100670.0
1990-08-11 22:00:00+00:00,25.59,45.9,0.0,0.0,0.0,377.55,2.97,226.0,100740.0
1990-08-11 23:00:00+00:00,24.71,52.5,0.0,0.0,0.0,374.3,2.55,220.0,100750.0
1990-08-12 00:00:00+00:00,23.95,56.15,0.0,0.0,0.0,359.95,1.93,205.0,100760.0
1990-08-12 01:00:00+00:00,23.43,56.15,0.0,0.0,0.0,356.0,1.38,182.0,100710.0
1990-08-12 02:00:00+00:00,22.64,62.05,0.0,0.0,0.0,353.75,1.03,172.0,100660.0
1990-08-12 03:00:00+00:00,23.0,58.0,0.0,0.0,0.0,354.95,0.48,191.0,100640.0
1990-08-12 04:00:00+00:00,22.9,60.05,0.0,0.0,0.0,358.0,0.14,216.0,100630.0
1990-08-12 05:00:00+00:00,22.55,62.05,0.0,0.0,0.0,353.75,0.14,270.0,100690.0
1990-08-12 06:00:00+00:00,22.26,64.1,43.0,106.22,33.0,352.4,0.28,59.0,100740.0
1990-08-12 07:00:00+00:00,22.47,71.15,230.0,475.82,90.0,356.65,0.83,122.0,100790.0
1990-08-12 08:00:00+00:00,24.84,56.35,429.0,626.81,125.0,362.1,0.34,87.0,100840.0
1990-08-12 09:00:00+00:00,27.36,46.4,648.0,820.28,112.0,371.2,0.41,49.0,100840.0
1990-08-12 10:00:00+00:00,29.9,36.95,788.0,824.79,138.0,381.25,0.07,168.0,100870.0
1990-08-12 11:00:00+00:00,32.06,29.4,892.0,845.69,148.0,390.95,0.83,225.0,100840.0
1990-08-12 12:00:00+00:00,33.96,24.25,812.0,513.99,338.0,398.85,1.79,234.0,100820.0
1990-08-12 13:00:00+00:00,35.25,22.7,559.0,119.45,450.0,404.3,2.62,238.0,100750.0
1990-08-12 14:00:00+00:00,35.98,21.35,429.0,45.81,390.0,407.4,3.17,240.0,100730.0
1990-08-12 15:00:00+00:00,36.17,21.35,686.0,642.0,209.0,410.45,3.31,240.0,100700.0
1990-08-12 16:00:00+00:00,36.02,21.35,515.0,543.15,192.0,411.65,3.52,241.0,100640.0
1990-08-12 17:00:00+00:00,35.42,22.7,314.0,364.89,162.0,406.4,3.86,241.0,100660.0
1990-08-12 18:00:00+00:00,34.03,25.1,172.0,480.08,66.0,405.25,3.66,235.0,100670.0
1990-08-12 19:00:00+00:00,32.22,30.45,0.0,0.0,0.0,410.45,3.1,238.0,100740.0
1990-08-12 20:00:00+00:00,30.84,33.4,0.0,0.0,0.0,409.7,3.03,246.0,100800.0
1990-08-12 21:00:00+00:00,30.05,33.3,0.0,0.0,0.0,410.1,2.9,266.0,100910.0
1990-08-12 22:00:00+00:00,29.25,35.45,0.0,0.0,0.0,401.95,2.83,281.0,100970.0
1990-08-12 23:00:00+00:00,28.42,36.6,0.0,0.0,0.0,400.2,2.9,285.0,100980.0
1990-08-13 00:00:00+00:00,27.58,41.8,0.0,0.0,0.0,396.55,2.9,293.0,101010.0
1990-08-13 01:00:00+00:00,26.6,46.15,0.0,0.0,0.0,383.85,2.76,299.0,101010.0
1990-08-13 02:00:00+00:00,25.6,49.2,0.0,0.0,0.0,371.0,2.55,302.0,101020.0
1990-08-13 03:00:00+00:00,24.67,54.35,0.0,0.0,0.0,363.85,2.41,305.0,101050.0
1990-08-13 04:00:00+00:00,23.82,54.2,0.0,0.0,0.0,358.6,2.14,304.0,101070.0
1990-08-13 05:00:00+00:00,22.93,56.0,0.0,0.0,0.0,346.6,2.0,300.0,101110.0
1990-08-13 06:00:00+00:00,22.1,57.75,50.0,196.6,32.0,338.3,2.14,307.0,101160.0
1990-08-13 07:00:00+00:00,22.1,55.8,239.0,517.28,88.0,329.55,3.1,338.0,101260.0
1990-08-13 08:00:00+00:00,22.97,50.45,459.0,728.93,107.0,326.85,3.1,350.0,101260.0
1990-08-13 09:00:00+00:00,24.58,42.5,638.0,762.86,141.0,328.6,2.76,355.0,101280.0
1990-08-13 10:00:00+00:00,26.46,34.8,791.0,798.76,163.0,333.25,2.28,353.0,101280.0
1990-08-13 11:00:00+00:00,28.31,27.35,895.0,813.33,181.0,338.1,1.93,338.0,101260.0
1990-08-13 12:00:00+00:00,29.92,21.6,967.0,884.56,153.0,342.55,1.86,314.0,101190.0
1990-08-13 13:00:00+00:00,31.26,18.85,950.0,869.95,158.0,347.2,2.21,291.0,101120.0
1990-08-13 14:00:00+00:00,32.33,17.1,881.0,863.32,148.0,350.3,2.83,281.0,101050.0
1990-08-13 15:00:00+00:00,32.91,15.35,768.0,871.21,123.0,351.45,3.31,277.0,100990.0
1990-08-13 16:00:00+00:00,32.89,14.25,602.0,844.99,102.0,353.4,3.72,275.0,100910.0
1990-08-13 17:00:00+00:00,32.37,14.7,367.0,604.9,117.0,355.9,3.93,274.0,100880.0
1990-08-13 18:00:00+00:00,31.15,16.85,142.0,253.21,87.0,358.4,3.72,267.0,100890.0
1990-08-13 19:00:00+00:00,29.98,18.65,0.0,0.0,0.0,367.1,3.03,269.0,100840.0
1990-08-13 20:00:00+00:00,28.52,21.25,0.0,0.0,0.0,370.4,2.97,276.0,100890.0
1990-08-13 21:00:00+00:00,27.47,22.65,0.0,0.0,0.0,366.15,2.97,291.0,100980.0
1990-08-13 22:00:00+00:00,26.25,24.9,0.0,0.0,0.0,345.05,3.03,298.0,101030.0
1990-08-13 23:00:00+00:00,25.09,28.65,0.0,0.0,0.0,333.65,3.24,304.0,101030.0
1990-08-14 00:00:00+00:00,23.99,31.7,0.0,0.0,0.0,327.85,3.1,308.0,101050.0
1990-08-14 01:00:00+00:00,22.91,35.25,0.0,0.0,0.0,324.25,2.76,308.0,101030.0
1990-08-14 02:00:00+00:00,21.92,39.05,0.0,0.0,0.0,320.5,2.69,311.0,101000.0
1990-08-14 03:00:00+00:00,21.04,44.85,0.0,0.0,0.0,317.95,2.48,314.0,100980.0
1990-08-14 04:00:00+00:00,20.23,51.5,0.0,0.0,0.0,315.25,2.28,313.0,100950.0
1990-08-14 05:00:00+00:00,19.56,55.2,0.0,0.0,0.0,314.1,2.14,310.0,100970.0
1990-08-14 06:00:00+00:00,19.03,59.15,45.0,157.37,31.0,314.65,2.0,307.0,101010.0
1990-08-14 07:00:00+00:00,19.48,59.25,244.0,562.87,81.0,315.05,1.86,316.0,101050.0
1990-08-14 08:00:00+00:00,20.89,53.6,450.0,700.93,113.0,320.65,1.66,331.0,101060.0
1990-08-14 09:00:00+00:00,22.64,48.55,641.0,777.49,136.0,328.8,1.24,328.0,101080.0
1990-08-14 10:00:00+00:00,24.44,44.05,800.0,830.02,149.0,338.1,1.03,305.0,101050.0
1990-08-14 11:00:00+00:00,26.14,38.55,910.0,860.77,156.0,346.0,1.24,282.0,101050.0
1990-08-14 12:00:00+00:00,27.62,35.05,961.0,874.52,158.0,353.0,1.59,272.0,100970.0
1990-08-14 13:00:00+00:00,28.87,30.75,960.0,896.27,146.0,358.8,1.79,269.0,100880.0
1990-08-14 14:00:00+00:00,29.89,27.85,866.0,823.28,169.0,362.5,2.14,270.0,100800.0
1990-08-14 15:00:00+00:00,30.57,26.05,742.0,802.57,150.0,365.2,2.34,268.0,100720.0
1990-08-14 16:00:00+00:00,30.91,24.35,573.0,752.53,130.0,365.4,2.55,261.0,100650.0
1990-08-14 17:00:00+00:00,30.83,24.25,372.0,651.33,105.0,364.0,3.03,253.0,100600.0
1990-08-14 18:00:00+00:00,30.01,25.0,163.0,430.81,71.0,361.1,3.45,242.0,100600.0
1990-08-14 19:00:00+00:00,27.4,33.8,0.0,0.0,0.0,356.5,4.0,228.0,100660.0
1990-08-14 20:00:00+00:00,25.68,38.45,0.0,0.0,0.0,351.25,3.52,227.0,100660.0
1990-08-14 21:00:00+00:00,24.8,41.0,0.0,0.0,0.0,343.3,2.62,235.0,100720.0
1990-08-14 22:00:00+00:00,24.21,38.05,0.0,0.0,0.0,337.5,2.0,254.0,100720.0
1990-08-14 23:00:00+00:00,23.59,35.4,0.0,0.0,0.0,333.25,1.86,275.0,100670.0
1990-08-15 00:00:00+00:00,22.77,35.1,0.0,0.0,0.0,331.1,1.93,285.0,100680.0
1990-08-15 01:00:00+00:00,21.91,37.65,0.0,0.0,0.0,331.4,2.0,292.0,100630.0
1990-08-15 02:00:00+00:00,21.07,43.25,0.0,0.0,0.0,329.75,1.93,293.0,100630.0
1990-08-15 03:00:00+00:00,20.29,48.05,0.0,0.0,0.0,328.2,1.86,291.0,100610.0
1990-08-15 04:00:00+00:00,19.66,55.2,0.0,0.0,0.0,328.4,1.86,294.0,100600.0
1990-08-15 05:00:00+00:00,19.08,59.15,0.0,0.0,0.0,329.0,1.66,295.0,100610.0
1990-08-15 06:00:00+00:00,18.8,63.5,34.0,69.48,28.0,329.0,1.38,287.0,100630.0
1990-08-15 07:00:00+00:00,20.25,61.5,220.0,438.64,94.0,332.85,1.24,300.0,100680.0
1990-08-15 08:00:00+00:00,22.27,53.85,432.0,658.09,117.0,338.3,1.31,325.0,100690.0
1990-08-15 09:00:00+00:00,24.07,48.8,621.0,745.9,138.0,347.0,0.9,314.0,100680.0
1990-08-15 10:00:00+00:00,25.98,41.4,782.0,811.62,147.0,357.25,0.97,277.0,100710.0
1990-08-15 11:00:00+00:00,27.63,35.05,890.0,844.39,152.0,364.6,1.52,258.0,100680.0
1990-08-15 12:00:00+00:00,29.07,30.75,936.0,845.93,161.0,370.6,2.14,255.0,100650.0
1990-08-15 13:00:00+00:00,30.26,27.85,944.0,890.78,137.0,375.25,2.62,257.0,100570.0
1990-08-15 14:00:00+00:00,31.17,26.2,861.0,847.05,146.0,378.35,3.1,260.0,100520.0
1990-08-15 15:00:00+00:00,31.74,24.5,728.0,796.1,143.0,379.9,3.45,259.0,100470.0
1990-08-15 16:00:00+00:00,31.93,22.9,557.0,730.91,129.0,380.45,3.79,256.0,100440.0
1990-08-15 17:00:00+00:00,31.58,23.65,357.0,615.02,107.0,379.9,4.0,253.0,100420.0
1990-08-15 18:00:00+00:00,30.48,26.05,125.0,185.89,86.0,377.0,3.86,244.0,100420.0
1990-08-15 19:00:00+00:00,27.55,38.95,0.0,0.0,0.0,372.55,4.0,220.0,100460.0
1990-08-15 20:00:00+00:00,26.14,44.45,0.0,0.0,0.0,368.1,3.24,219.0,100510.0
1990-08-15 21:00:00+00:00,25.48,44.3,0.0,0.0,0.0,364.0,2.48,232.0,100580.0
1990-08-15 22:00:00+00:00,25.1,42.65,0.0,0.0,0.0,361.9,2.21,260.0,100620.0
1990-08-15 23:00:00+00:00,24.74,42.5,0.0,0.0,0.0,360.55,2.28,285.0,100600.0
1990-08-16 00:00:00+00:00,24.25,43.9,0.0,0.0,0.0,359.55,2.28,297.0,100590.0
1990-08-16 01:00:00+00:00,23.69,47.15,0.0,0.0,0.0,359.1,2.14,304.0,100560.0
1990-08-16 02:00:00+00:00,23.03,50.45,0.0,0.0,0.0,358.0,1.86,307.0,100540.0
1990-08-16 03:00:00+00:00,22.26,55.8,0.0,0.0,0.0,357.65,1.52,307.0,100490.0
1990-08-16 04:00:00+00:00,21.7,59.7,0.0,0.0,0.0,356.65,1.24,301.0,100490.0
1990-08-16 05:00:00+00:00,21.18,63.9,0.0,0.0,0.0,357.85,1.1,292.0,100460.0
1990-08-16 06:00:00+00:00,20.72,68.4,38.0,119.41,28.0,357.25,1.1,279.0,100510.0
1990-08-16 07:00:00+00:00,22.09,64.1,231.0,530.0,80.0,358.0,0.69,315.0,100600.0
1990-08-16 08:00:00+00:00,23.86,58.1,431.0,667.34,113.0,364.8,0.69,354.0,100600.0
1990-08-16 09:00:00+00:00,25.33,54.45,621.0,762.17,129.0,371.0,0.21,298.0,100630.0
1990-08-16 10:00:00+00:00,26.92,46.25,774.0,808.54,143.0,381.65,1.03,229.0,100610.0
1990-08-16 11:00:00+00:00,28.48,40.65,877.0,830.27,153.0,384.95,2.07,236.0,100610.0
1990-08-16 12:00:00+00:00,29.77,39.5,938.0,867.59,145.0,390.75,2.69,247.0,100560.0
1990-08-16 13:00:00+00:00,30.88,37.1,921.0,853.22,150.0,402.9,2.97,256.0,100510.0
1990-08-16 14:00:00+00:00,31.57,33.7,847.0,833.0,146.0,417.25,3.03,254.0,100420.0
1990-08-16 15:00:00+00:00,31.74,33.7,731.0,825.18,127.0,429.05,3.24,252.0,100370.0
1990-08-16 16:00:00+00:00,31.48,33.7,549.0,724.61,127.0,430.2,3.79,244.0,100340.0
1990-08-16 17:00:00+00:00,30.54,37.1,352.0,612.94,105.0,428.3,4.34,241.0,100320.0
1990-08-16 18:00:00+00:00,29.21,42.2,153.0,422.36,66.0,423.45,4.28,239.0,100320.0
1990-08-16 19:00:00+00:00,27.86,46.5,0.0,0.0,0.0,412.2,3.31,234.0,100340.0
1990-08-16 20:00:00+00:00,26.69,52.95,0.0,0.0,0.0,387.85,2.9,234.0,100410.0
1990-08-16 21:00:00+00:00,25.89,54.7,0.0,0.0,0.0,381.25,2.28,243.0,100470.0
1990-08-16 22:00:00+00:00,25.35,54.55,0.0,0.0,0.0,378.15,2.0,265.0,100500.0
1990-08-16 23:00:00+00:00,24.89,56.35,0.0,0.0,0.0,377.95,2.0,284.0,100490.0
1990-08-17 00:00:00+00:00,24.39,58.2,0.0,0.0,0.0,375.65,1.86,289.0,100470.0
1990-08-17 01:00:00+00:00,23.97,60.15,0.0,0.0,0.0,379.25,1.72,287.0,100450.0
1990-08-17 02:00:00+00:00,23.33,60.15,0.0,0.0,0.0,368.85,1.66,283.0,100430.0
1990-08-17 03:00:00+00:00,22.88,64.3,0.0,0.0,0.0,373.7,1.59,282.0,100400.0
1990-08-17 04:00:00+00:00,22.32,66.45,0.0,0.0,0.0,368.45,1.45,281.0,100380.0
1990-08-17 05:00:00+00:00,21.73,71.0,0.0,0.0,0.0,363.45,1.45,288.0,100390.0
1990-08-17 06:00:00+00:00,21.32,71.0,37.0,110.94,28.0,364.2,1.38,298.0,100400.0
1990-08-17 07:00:00+00:00,22.61,68.75,228.0,516.73,82.0,356.85,1.03,322.0,100430.0
1990-08-17 08:00:00+00:00,24.48,60.25,416.0,596.6,133.0,360.35,1.1,347.0,100470.0
1990-08-17 09:00:00+00:00,26.21,54.7,610.0,719.51,147.0,372.75,0.41,341.0,100490.0
1990-08-17 10:00:00+00:00,27.83,48.0,777.0,810.61,146.0,380.85,0.83,250.0,100480.0
1990-08-17 11:00:00+00:00,29.38,40.9,781.0,546.0,306.0,395.2,1.52,252.0,100480.0
1990-08-17 12:00:00+00:00,30.41,37.1,896.0,740.25,221.0,400.4,1.93,250.0,100420.0
1990-08-17 13:00:00+00:00,31.46,34.9,894.0,766.7,203.0,400.4,2.28,253.0,100340.0
1990-08-17 14:00:00+00:00,32.19,32.65,796.0,666.34,237.0,395.95,2.55,254.0,100280.0
1990-08-17 15:00:00+00:00,32.52,31.65,710.0,757.18,158.0,394.4,2.76,252.0,100210.0
1990-08-17 16:00:00+00:00,32.52,31.65,547.0,718.34,131.0,393.25,3.03,248.0,100160.0
1990-08-17 17:00:00+00:00,32.03,32.65,352.0,618.45,105.0,390.35,3.45,242.0,100130.0
1990-08-17 18:00:00+00:00,30.68,37.1,150.0,420.61,65.0,387.65,4.07,232.0,100130.0
1990-08-17 19:00:00+00:00,27.65,46.4,0.0,0.0,0.0,383.0,3.93,223.0,100180.0
1990-08-17 20:00:00+00:00,25.67,52.75,0.0,0.0,0.0,370.2,3.45,220.0,100190.0
1990-08-17 21:00:00+00:00,24.32,60.15,0.0,0.0,0.0,363.45,3.17,213.0,100290.0
1990-08-17 22:00:00+00:00,23.28,62.15,0.0,0.0,0.0,358.4,2.97,207.0,100280.0
1990-08-17 23:00:00+00:00,22.52,64.2,0.0,0.0,0.0,354.55,2.62,204.0,100260.0
1990-08-18 00:00:00+00:00,21.98,66.35,0.0,0.0,0.0,351.05,2.34,202.0,100240.0
1990-08-18 01:00:00+00:00,21.6,68.6,0.0,0.0,0.0,346.9,2.0,203.0,100200.0
1990-08-18 02:00:00+00:00,21.22,70.9,0.0,0.0,0.0,343.9,1.72,201.0,100190.0
1990-08-18 03:00:00+00:00,20.78,75.85,0.0,0.0,0.0,341.75,1.72,192.0,100200.0
1990-08-18 04:00:00+00:00,20.3,75.85,0.0,0.0,0.0,341.55,1.79,187.0,100190.0
1990-08-18 05:00:00+00:00,19.85,78.45,0.0,0.0,0.0,339.65,1.79,187.0,100200.0
1990-08-18 06:00:00+00:00,19.46,83.9,35.0,114.64,26.0,337.7,1.66,192.0,100240.0
1990-08-18 07:00:00+00:00,20.48,81.2,204.0,349.78,106.0,338.3,1.24,208.0,100350.0
1990-08-18 08:00:00+00:00,22.76,68.75,434.0,673.47,116.0,343.5,1.17,219.0,100380.0
1990-08-18 09:00:00+00:00,25.06,58.35,622.0,749.88,141.0,351.65,1.1,217.0,100410.0
1990-08-18 10:00:00+00:00,27.25,49.55,788.0,829.47,144.0,360.15,1.17,212.0,100410.0
1990-08-18 11:00:00+00:00,29.38,40.9,893.0,849.2,156.0,368.3,1.52,224.0,100430.0
1990-08-18 12:00:00+00:00,31.15,34.75,954.0,886.07,148.0,374.85,1.86,239.0,100370.0
1990-08-18 13:00:00+00:00,32.37,29.4,931.0,860.0,158.0,378.35,2.21,244.0,100300.0
1990-08-18 14:00:00+00:00,33.11,25.75,861.0,851.47,149.0,379.1,2.55,244.0,100270.0
1990-08-18 15:00:00+00:00,33.32,24.85,727.0,801.64,145.0,377.75,2.97,247.0,100240.0
1990-08-18 16:00:00+00:00,33.05,24.85,556.0,746.83,126.0,375.25,3.38,248.0,100230.0
1990-08-18 17:00:00+00:00,32.18,26.45,353.0,629.25,104.0,372.15,3.86,242.0,100240.0
1990-08-18 18:00:00+00:00,30.48,31.15,148.0,413.9,66.0,367.5,4.07,235.0,100270.0
1990-08-18 19:00:00+00:00,28.08,44.95,0.0,0.0,0.0,369.45,3.86,234.0,100340.0
1990-08-18 20:00:00+00:00,25.93,51.05,0.0,0.0,0.0,361.3,3.52,231.0,100380.0
1990-08-18 21:00:00+00:00,24.34,56.25,0.0,0.0,0.0,353.95,3.03,226.0,100500.0
1990-08-18 22:00:00+00:00,23.07,60.05,0.0,0.0,0.0,347.95,2.69,222.0,100510.0
1990-08-18 23:00:00+00:00,22.05,64.1,0.0,0.0,0.0,344.1,2.48,215.0,100520.0
1990-08-19 00:00:00+00:00,21.22,70.9,0.0,0.0,0.0,341.2,2.41,210.0,100530.0
1990-08-19 01:00:00+00:00,20.58,75.85,0.0,0.0,0.0,339.75,2.41,202.0,100540.0
1990-08-19 02:00:00+00:00,20.02,81.15,0.0,0.0,0.0,338.1,2.34,196.0,100520.0
1990-08-19 03:00:00+00:00,19.64,83.9,0.0,0.0,0.0,337.9,2.21,196.0,100540.0
1990-08-19 04:00:00+00:00,19.34,86.85,0.0,0.0,0.0,337.1,2.0,193.0,100550.0
1990-08-19 05:00:00+00:00,19.14,89.8,0.0,0.0,0.0,339.85,1.72,191.0,100580.0
1990-08-19 06:00:00+00:00,18.89,89.8,29.0,65.9,24.0,338.5,1.38,193.0,100620.0
1990-08-19 07:00:00+00:00,19.86,83.95,158.0,140.39,119.0,356.85,0.9,193.0,100720.0
1990-08-19 08:00:00+00:00,21.51,71.0,382.0,453.2,169.0,362.85,0.48,195.0,100770.0
1990-08-19 09:00:00+00:00,23.69,60.15,617.0,750.76,137.0,357.05,0.14,163.0,100780.0
1990-08-19 10:00:00+00:00,26.21,51.05,786.0,839.43,136.0,366.75,0.21,112.0,100790.0
1990-08-19 11:00:00+00:00,28.65,42.05,891.0,860.52,146.0,377.4,0.34,145.0,100770.0
1990-08-19 12:00:00+00:00,30.67,35.85,947.0,886.08,143.0,386.85,0.62,193.0,100730.0
1990-08-19 13:00:00+00:00,32.14,33.8,924.0,860.16,153.0,393.85,1.17,214.0,100670.0
1990-08-19 14:00:00+00:00,33.11,31.8,854.0,851.9,144.0,400.6,1.72,227.0,100650.0
1990-08-19 15:00:00+00:00,33.52,31.95,723.0,810.6,137.0,402.35,2.21,241.0,100610.0
1990-08-19 16:00:00+00:00,33.38,32.9,546.0,732.07,127.0,403.7,2.69,253.0,100560.0
1990-08-19 17:00:00+00:00,32.7,33.95,343.0,604.65,106.0,403.1,2.97,261.0,100580.0
1990-08-19 18:00:00+00:00,31.67,36.1,136.0,345.24,69.0,398.85,3.03,265.0,100600.0
1990-08-19 19:00:00+00:00,30.53,38.4,0.0,0.0,0.0,393.65,2.28,268.0,100570.0
1990-08-19 20:00:00+00:00,28.93,42.2,0.0,0.0,0.0,388.8,2.34,259.0,100600.0
1990-08-19 21:00:00+00:00,27.67,46.4,0.0,0.0,0.0,383.4,2.14,253.0,100700.0
1990-08-19 22:00:00+00:00,26.59,49.45,0.0,0.0,0.0,381.05,2.0,241.0,100720.0
1990-08-19 23:00:00+00:00,25.74,52.75,0.0,0.0,0.0,381.65,1.93,220.0,100780.0
1990-08-20 00:00:00+00:00,24.88,54.45,0.0,0.0,0.0,375.85,2.0,204.0,100800.0
1990-08-20 01:00:00+00:00,24.14,60.15,0.0,0.0,0.0,373.4,1.66,204.0,100840.0
1990-08-20 02:00:00+00:00,23.53,60.15,0.0,0.0,0.0,370.6,1.24,216.0,100830.0
1990-08-20 03:00:00+00:00,22.86,62.15,0.0,0.0,0.0,368.5,0.76,223.0,100830.0
1990-08-20 04:00:00+00:00,23.2,62.15,0.0,0.0,0.0,365.55,0.14,125.0,100830.0
1990-08-20 05:00:00+00:00,21.57,71.0,0.0,0.0,0.0,366.35,1.1,64.0,100860.0
1990-08-20 06:00:00+00:00,21.23,73.35,30.0,81.93,24.0,364.4,1.45,61.0,100890.0
1990-08-20 07:00:00+00:00,23.15,66.55,218.0,493.81,82.0,365.0,1.03,45.0,100970.0
1990-08-20 08:00:00+00:00,26.44,54.8,420.0,649.88,116.0,370.2,1.24,43.0,100980.0
1990-08-20 09:00:00+00:00,29.02,46.75,610.0,742.26,137.0,381.25,1.24,32.0,101010.0
1990-08-20 10:00:00+00:00,31.17,41.3,766.0,797.68,150.0,392.1,1.03,29.0,101010.0
1990-08-20 11:00:00+00:00,32.91,37.65,869.0,815.21,165.0,402.15,0.55,71.0,100990.0
1990-08-20 12:00:00+00:00,34.27,33.2,923.0,843.06,160.0,416.1,0.62,145.0,100950.0
1990-08-20 13:00:00+00:00,35.26,32.2,900.0,811.15,175.0,422.45,0.97,180.0,100890.0
1990-08-20 14:00:00+00:00,35.95,30.3,832.0,806.65,162.0,422.45,1.24,198.0,100860.0
1990-08-20 15:00:00+00:00,36.3,29.3,707.0,780.81,145.0,428.1,1.31,208.0,100780.0
1990-08-20 16:00:00+00:00,36.4,29.3,535.0,713.72,129.0,420.9,1.52,215.0,100750.0
1990-08-20 17:00:00+00:00,36.07,29.3,338.0,602.87,104.0,419.55,1.86,229.0,100740.0
1990-08-20 18:00:00+00:00,35.08,32.2,135.0,363.26,66.0,418.2,2.48,240.0,100780.0
1990-08-20 19:00:00+00:00,32.36,41.55,0.0,0.0,0.0,412.0,4.07,249.0,100800.0
1990-08-20 20:00:00+00:00,29.97,50.3,0.0,0.0,0.0,404.85,3.79,256.0,100870.0
1990-08-20 21:00:00+00:00,28.44,57.15,0.0,0.0,0.0,398.1,3.03,262.0,100970.0
1990-08-20 22:00:00+00:00,27.42,60.9,0.0,0.0,0.0,393.85,2.48,270.0,101020.0
1990-08-20 23:00:00+00:00,26.61,64.95,0.0,0.0,0.0,391.1,2.21,278.0,101020.0
1990-08-21 00:00:00+00:00,25.94,67.05,0.0,0.0,0.0,387.05,2.14,286.0,101030.0
1990-08-21 01:00:00+00:00,25.45,69.25,0.0,0.0,0.0,386.95,2.0,294.0,101010.0
1990-08-21 02:00:00+00:00,25.0,71.5,0.0,0.0,0.0,385.1,1.72,296.0,100990.0
1990-08-21 03:00:00+00:00,24.5,73.85,0.0,0.0,0.0,378.15,1.38,300.0,100950.0
1990-08-21 04:00:00+00:00,23.77,76.3,0.0,0.0,0.0,375.25,1.03,303.0,100930.0
1990-08-21 05:00:00+00:00,23.75,76.3,0.0,0.0,0.0,374.45,0.62,301.0,100940.0
1990-08-21 06:00:00+00:00,23.84,76.3,34.0,155.82,23.0,375.05,0.41,307.0,100980.0
1990-08-21 07:00:00+00:00,24.45,71.4,216.0,494.49,81.0,373.9,0.76,325.0,101010.0
1990-08-21 08:00:00+00:00,26.89,58.8,419.0,655.14,114.0,381.25,1.03,317.0,101010.0
1990-08-21 09:00:00+00:00,28.72,51.65,606.0,736.89,138.0,388.2,0.62,312.0,101010.0
1990-08-21 10:00:00+00:00,30.3,45.45,766.0,805.08,146.0,395.75,0.55,225.0,101020.0
1990-08-21 11:00:00+00:00,31.79,41.4,869.0,825.43,158.0,404.45,1.79,207.0,100990.0
1990-08-21 12:00:00+00:00,33.19,37.75,923.0,850.82,155.0,413.0,2.9,202.0,100920.0
1990-08-21 13:00:00+00:00,34.1,34.35,895.0,806.8,176.0,425.4,3.1,207.0,100850.0
1990-08-21 14:00:00+00:00,34.69,34.35,826.0,802.23,162.0,421.9,3.52,216.0,100790.0
1990-08-21 15:00:00+00:00,34.68,34.35,702.0,775.96,146.0,418.0,4.0,223.0,100740.0
1990-08-21 16:00:00+00:00,33.93,36.75,530.0,707.61,130.0,416.45,4.41,229.0,100710.0
1990-08-21 17:00:00+00:00,32.46,44.55,333.0,595.98,104.0,410.3,4.55,238.0,100700.0
1990-08-21 18:00:00+00:00,30.63,52.15,132.0,376.85,62.0,405.45,4.28,247.0,100720.0
1990-08-21 19:00:00+00:00,28.35,63.1,0.0,0.0,0.0,396.55,3.66,257.0,100710.0
1990-08-21 20:00:00+00:00,26.88,67.2,0.0,0.0,0.0,389.0,3.1,260.0,100790.0
1990-08-21 21:00:00+00:00,25.86,69.3,0.0,0.0,0.0,383.2,2.62,258.0,100850.0
1990-08-21 22:00:00+00:00,25.1,71.5,0.0,0.0,0.0,379.7,2.21,252.0,100900.0
1990-08-21 23:00:00+00:00,24.41,71.4,0.0,0.0,0.0,377.2,1.93,242.0,100870.0
1990-08-22 00:00:00+00:00,23.86,71.35,0.0,0.0,0.0,377.4,1.72,233.0,100850.0
1990-08-22 01:00:00+00:00,23.46,71.35,0.0,0.0,0.0,380.2,1.52,226.0,100820.0
1990-08-22 02:00:00+00:00,23.11,73.7,0.0,0.0,0.0,381.85,1.31,220.0,100760.0
1990-08-22 03:00:00+00:00,22.89,71.25,0.0,0.0,0.0,387.45,1.17,221.0,100700.0
1990-08-22 04:00:00+00:00,22.8,73.6,0.0,0.0,0.0,395.75,1.1,226.0,100670.0
1990-08-22 05:00:00+00:00,22.68,73.6,0.0,0.0,0.0,396.55,1.17,230.0,100640.0
1990-08-22 06:00:00+00:00,22.66,73.6,22.0,29.44,20.0,410.3,1.59,233.0,100660.0
1990-08-22 07:00:00+00:00,22.8,76.15,147.0,118.26,115.0,416.85,1.17,231.0,100730.0
1990-08-22 08:00:00+00:00,23.16,73.7,197.0,25.9,185.0,419.75,1.79,236.0,100750.0
1990-08-22 09:00:00+00:00,23.62,71.35,179.0,0.0,179.0,418.2,2.34,237.0,100770.0
1990-08-22 10:00:00+00:00,24.2,71.35,126.0,0.0,126.0,421.3,2.76,233.0,100790.0
1990-08-22 11:00:00+00:00,24.81,66.75,220.0,0.0,220.0,423.25,3.17,227.0,100780.0
1990-08-22 12:00:00+00:00,26.34,60.6,868.0,686.49,250.0,422.3,3.59,222.0,100740.0
1990-08-22 13:00:00+00:00,27.25,53.1,904.0,830.61,166.0,429.65,3.72,221.0,100680.0
1990-08-22 14:00:00+00:00,28.53,46.65,834.0,824.52,154.0,404.65,3.79,224.0,100630.0
1990-08-22 15:00:00+00:00,29.02,42.2,708.0,794.97,141.0,389.0,3.93,229.0,100560.0
1990-08-22 16:00:00+00:00,28.94,42.2,534.0,726.44,126.0,378.95,4.07,231.0,100500.0
1990-08-22 17:00:00+00:00,28.33,44.95,332.0,602.2,103.0,376.8,4.28,232.0,100480.0
1990-08-22 18:00:00+00:00,26.93,49.55,130.0,374.68,62.0,372.35,4.41,227.0,100480.0
1990-08-22 19:00:00+00:00,25.6,54.55,0.0,0.0,0.0,370.6,3.72,224.0,100470.0
1990-08-22 20:00:00+00:00,23.95,62.25,0.0,0.0,0.0,365.2,3.79,221.0,100540.0
1990-08-22 21:00:00+00:00,22.82,66.55,0.0,0.0,0.0,362.85,3.45,213.0,100590.0
1990-08-22 22:00:00+00:00,22.06,71.05,0.0,0.0,0.0,356.3,3.38,206.0,100620.0
1990-08-22 23:00:00+00:00,21.54,76.0,0.0,0.0,0.0,353.4,2.97,205.0,100600.0
1990-08-23 00:00:00+00:00,21.26,78.55,0.0,0.0,0.0,352.4,2.69,208.0,100570.0
1990-08-23 01:00:00+00:00,20.99,78.55,0.0,0.0,0.0,350.8,2.41,213.0,100560.0
1990-08-23 02:00:00+00:00,20.75,78.5,0.0,0.0,0.0,348.95,2.28,218.0,100540.0
1990-08-23 03:00:00+00:00,20.44,75.85,0.0,0.0,0.0,347.4,2.28,223.0,100510.0
1990-08-23 04:00:00+00:00,20.11,78.45,0.0,0.0,0.0,344.85,2.41,228.0,100500.0
1990-08-23 05:00:00+00:00,19.84,78.45,0.0,0.0,0.0,346.4,2.55,232.0,100490.0
1990-08-23 06:00:00+00:00,19.68,81.1,4.0,0.0,4.0,347.2,2.55,235.0,100550.0
1990-08-23 07:00:00+00:00,20.67,78.5,134.0,85.76,111.0,352.0,2.76,242.0,100680.0
1990-08-23 08:00:00+00:00,22.07,68.7,329.0,284.14,198.0,362.85,3.17,266.0,100690.0
1990-08-23 09:00:00+00:00,23.47,58.1,518.0,434.4,244.0,366.55,3.03,273.0,100690.0
1990-08-23 10:00:00+00:00,24.86,49.05,694.0,581.13,249.0,367.1,3.1,272.0,100700.0
1990-08-23 11:00:00+00:00,26.36,36.05,848.0,769.13,189.0,374.85,3.31,267.0,100680.0
1990-08-23 12:00:00+00:00,27.62,29.3,906.0,812.03,177.0,362.3,3.52,261.0,100640.0
1990-08-23 13:00:00+00:00,28.46,25.55,887.0,793.66,184.0,357.65,3.79,256.0,100560.0
1990-08-23 14:00:00+00:00,29.12,25.7,822.0,804.45,161.0,356.65,4.21,254.0,100520.0
1990-08-23 15:00:00+00:00,29.25,26.65,697.0,777.62,145.0,359.0,4.48,253.0,100490.0
1990-08-23 16:00:00+00:00,29.15,28.65,524.0,707.98,129.0,363.05,4.69,248.0,100440.0
1990-08-23 17:00:00+00:00,28.21,32.75,326.0,595.38,102.0,363.45,5.03,239.0,100440.0
1990-08-23 18:00:00+00:00,26.64,40.1,125.0,372.55,59.0,361.9,4.97,230.0,100440.0
1990-08-23 19:00:00+00:00,24.38,52.5,0.0,0.0,0.0,365.55,4.55,229.0,100500.0
1990-08-23 20:00:00+00:00,23.18,56.0,0.0,0.0,0.0,354.35,3.86,226.0,100520.0
1990-08-23 21:00:00+00:00,22.52,59.95,0.0,0.0,0.0,351.45,3.17,224.0,100590.0
1990-08-23 22:00:00+00:00,22.14,59.8,0.0,0.0,0.0,349.3,2.69,234.0,100600.0
1990-08-23 23:00:00+00:00,21.89,57.75,0.0,0.0,0.0,347.0,2.34,257.0,100590.0
1990-08-24 00:00:00+00:00,21.51,55.65,0.0,0.0,0.0,345.65,2.41,272.0,100600.0
1990-08-24 01:00:00+00:00,20.98,57.55,0.0,0.0,0.0,344.2,2.34,272.0,100590.0
1990-08-24 02:00:00+00:00,20.48,61.6,0.0,0.0,0.0,342.35,2.41,269.0,100610.0
1990-08-24 03:00:00+00:00,20.05,65.95,0.0,0.0,0.0,341.95,2.34,265.0,100630.0
1990-08-24 04:00:00+00:00,19.65,70.65,0.0,0.0,0.0,342.35,2.14,257.0,100620.0
1990-08-24 05:00:00+00:00,19.33,73.15,0.0,0.0,0.0,343.9,2.0,247.0,100630.0
1990-08-24 06:00:00+00:00,19.14,78.3,25.0,79.83,20.0,348.55,1.93,241.0,100670.0
1990-08-24 07:00:00+00:00,19.88,73.2,149.0,135.47,113.0,360.75,1.86,252.0,100770.0
1990-08-24 08:00:00+00:00,21.34,66.25,310.0,228.87,205.0,371.4,2.14,268.0,100820.0
1990-08-24 09:00:00+00:00,22.91,60.05,453.0,262.51,288.0,379.7,2.14,279.0,100840.0
1990-08-24 10:00:00+00:00,24.22,58.1,734.0,713.81,189.0,392.1,2.41,283.0,100870.0
1990-08-24 11:00:00+00:00,25.37,50.95,731.0,455.25,342.0,398.65,2.69,279.0,100840.0
1990-08-24 12:00:00+00:00,26.03,47.65,334.0,4.47,330.0,415.9,2.83,279.0,100840.0
1990-08-24 13:00:00+00:00,27.46,41.8,295.0,1.13,294.0,402.15,3.1,271.0,100780.0
1990-08-24 14:00:00+00:00,28.24,37.75,599.0,250.43,394.0,393.25,3.31,262.0,100720.0
1990-08-24 15:00:00+00:00,28.46,35.3,692.0,767.25,150.0,397.9,3.45,261.0,100700.0
1990-08-24 16:00:00+00:00,29.0,34.2,513.0,673.11,140.0,385.7,3.59,262.0,100660.0
1990-08-24 17:00:00+00:00,28.7,35.3,307.0,502.53,120.0,376.2,3.66,257.0,100670.0
1990-08-24 18:00:00+00:00,27.36,38.95,124.0,387.82,57.0,373.1,3.86,244.0,100690.0
1990-08-24 19:00:00+00:00,25.24,50.8,0.0,0.0,0.0,362.1,3.79,236.0,100720.0
1990-08-24 20:00:00+00:00,23.33,56.15,0.0,0.0,0.0,354.75,3.59,232.0,100750.0
1990-08-24 21:00:00+00:00,22.25,61.95,0.0,0.0,0.0,348.75,2.83,228.0,100840.0
1990-08-24 22:00:00+00:00,21.51,64.0,0.0,0.0,0.0,344.3,2.21,222.0,100840.0
1990-08-24 23:00:00+00:00,20.9,66.15,0.0,0.0,0.0,339.85,1.79,210.0,100860.0
1990-08-25 00:00:00+00:00,20.16,70.7,0.0,0.0,0.0,336.75,1.24,197.0,100860.0
1990-08-25 01:00:00+00:00,19.62,73.15,0.0,0.0,0.0,333.75,0.83,179.0,100850.0
1990-08-25 02:00:00+00:00,19.48,73.15,0.0,0.0,0.0,331.5,0.69,160.0,100830.0
1990-08-25 03:00:00+00:00,19.5,73.15,0.0,0.0,0.0,329.4,0.41,146.0,100800.0
1990-08-25 04:00:00+00:00,19.24,75.65,0.0,0.0,0.0,327.65,0.21,71.0,100800.0
1990-08-25 05:00:00+00:00,18.92,73.05,0.0,0.0,0.0,326.5,0.62,28.0,100800.0
1990-08-25 06:00:00+00:00,17.57,80.85,25.0,100.05,19.0,325.1,1.03,31.0,100850.0
1990-08-25 07:00:00+00:00,18.25,75.45,216.0,531.7,76.0,325.9,1.45,36.0,100950.0
1990-08-25 08:00:00+00:00,22.57,50.3,421.0,679.12,111.0,330.75,2.07,40.0,100950.0
1990-08-25 09:00:00+00:00,25.12,39.7,608.0,748.83,139.0,338.5,2.62,48.0,100960.0
1990-08-25 10:00:00+00:00,27.27,32.5,778.0,839.42,139.0,346.8,2.48,50.0,100940.0
1990-08-25 11:00:00+00:00,29.06,28.65,869.0,819.17,171.0,354.15,2.07,43.0,100920.0
1990-08-25 12:00:00+00:00,30.52,25.15,913.0,816.7,184.0,360.95,1.66,34.0,100840.0
1990-08-25 13:00:00+00:00,31.7,22.8,904.0,829.44,174.0,366.35,1.38,27.0,100760.0
1990-08-25 14:00:00+00:00,32.6,20.65,836.0,838.85,152.0,370.6,1.03,26.0,100710.0
1990-08-25 15:00:00+00:00,33.18,19.3,700.0,783.89,149.0,373.1,0.69,20.0,100640.0
1990-08-25 16:00:00+00:00,33.39,18.6,528.0,728.72,127.0,374.3,0.41,12.0,100590.0
1990-08-25 17:00:00+00:00,33.24,17.95,327.0,622.39,98.0,373.3,0.21,2.0,100570.0
1990-08-25 18:00:00+00:00,32.69,18.5,121.0,380.28,57.0,370.6,0.48,251.0,100570.0
1990-08-25 19:00:00+00:00,30.67,23.4,0.0,0.0,0.0,365.55,2.21,247.0,100550.0
1990-08-25 20:00:00+00:00,28.05,29.4,0.0,0.0,0.0,360.15,2.83,246.0,100600.0
1990-08-25 21:00:00+00:00,26.05,37.2,0.0,0.0,0.0,354.55,2.83,241.0,100680.0
1990-08-25 22:00:00+00:00,24.59,45.6,0.0,0.0,0.0,349.3,2.41,226.0,100710.0
1990-08-25 23:00:00+00:00,23.46,48.8,0.0,0.0,0.0,346.2,2.41,201.0,100690.0
1990-08-26 00:00:00+00:00,22.5,54.0,0.0,0.0,0.0,344.3,2.55,184.0,100700.0
1990-08-26 01:00:00+00:00,21.86,57.75,0.0,0.0,0.0,342.05,2.34,183.0,100690.0
1990-08-26 02:00:00+00:00,21.38,57.65,0.0,0.0,0.0,340.8,2.07,187.0,100650.0
1990-08-26 03:00:00+00:00,20.87,59.6,0.0,0.0,0.0,338.85,1.66,189.0,100650.0
1990-08-26 04:00:00+00:00,20.06,65.95,0.0,0.0,0.0,338.3,1.17,191.0,100630.0
1990-08-26 05:00:00+00:00,20.52,63.8,0.0,0.0,0.0,337.1,0.62,191.0,100660.0
1990-08-26 06:00:00+00:00,20.58,66.05,23.0,87.25,18.0,335.95,0.14,157.0,100690.0
1990-08-26 07:00:00+00:00,20.81,66.15,209.0,502.2,78.0,336.95,0.34,140.0,100780.0
1990-08-26 08:00:00+00:00,23.2,60.05,415.0,664.97,113.0,342.75,0.28,202.0,100800.0
1990-08-26 09:00:00+00:00,25.79,52.75,601.0,730.72,145.0,351.45,0.9,258.0,100820.0
1990-08-26 10:00:00+00:00,28.13,44.95,761.0,799.8,154.0,362.5,1.38,265.0,100830.0
1990-08-26 11:00:00+00:00,30.24,38.3,864.0,815.64,171.0,372.15,2.07,266.0,100820.0
1990-08-26 12:00:00+00:00,31.71,33.7,918.0,844.97,166.0,381.65,2.34,265.0,100770.0
1990-08-26 13:00:00+00:00,32.68,30.6,893.0,809.4,183.0,387.05,2.34,263.0,100720.0
1990-08-26 14:00:00+00:00,33.28,28.65,821.0,805.25,167.0,391.9,2.28,260.0,100650.0
1990-08-26 15:00:00+00:00,33.56,27.8,698.0,793.62,143.0,394.0,2.28,254.0,100590.0
1990-08-26 16:00:00+00:00,33.5,27.8,522.0,722.97,127.0,393.25,2.34,252.0,100550.0
1990-08-26 17:00:00+00:00,33.06,28.65,318.0,596.66,101.0,391.3,2.48,250.0,100530.0
1990-08-26 18:00:00+00:00,32.02,31.55,116.0,366.37,56.0,386.45,2.62,246.0,100520.0
1990-08-26 19:00:00+00:00,29.44,40.9,0.0,0.0,0.0,381.25,3.17,245.0,100520.0
1990-08-26 20:00:00+00:00,27.36,48.0,0.0,0.0,0.0,374.1,3.03,247.0,100590.0
1990-08-26 21:00:00+00:00,25.83,54.55,0.0,0.0,0.0,368.3,2.76,246.0,100690.0
1990-08-26 22:00:00+00:00,24.71,56.25,0.0,0.0,0.0,364.2,2.48,242.0,100710.0
1990-08-26 23:00:00+00:00,23.9,58.1,0.0,0.0,0.0,361.5,2.21,237.0,100720.0
1990-08-27 00:00:00+00:00,23.35,58.1,0.0,0.0,0.0,361.9,2.0,225.0,100700.0
1990-08-27 01:00:00+00:00,22.88,62.15,0.0,0.0,0.0,360.65,1.86,203.0,100680.0
1990-08-27 02:00:00+00:00,22.38,66.45,0.0,0.0,0.0,359.55,1.93,185.0,100660.0
1990-08-27 03:00:00+00:00,21.84,68.7,0.0,0.0,0.0,355.5,1.79,179.0,100630.0
1990-08-27 04:00:00+00:00,21.29,73.45,0.0,0.0,0.0,355.9,1.38,181.0,100610.0
1990-08-27 05:00:00+00:00,20.75,81.2,0.0,0.0,0.0,356.1,0.9,180.0,100600.0
1990-08-27 06:00:00+00:00,20.96,78.55,21.0,73.21,17.0,358.6,0.62,168.0,100620.0
1990-08-27 07:00:00+00:00,21.25,86.95,207.0,503.11,77.0,354.95,0.34,10.0,100710.0
1990-08-27 08:00:00+00:00,23.95,66.65,411.0,659.55,113.0,357.25,0.48,347.0,100730.0
1990-08-27 09:00:00+00:00,26.49,52.95,590.0,698.03,156.0,366.95,0.48,2.0,100760.0
1990-08-27 10:00:00+00:00,28.78,45.05,752.0,781.13,161.0,376.0,0.34,45.0,100780.0
1990-08-27 11:00:00+00:00,30.84,38.4,869.0,841.64,156.0,384.75,0.14,121.0,100740.0
1990-08-27 12:00:00+00:00,32.45,32.8,897.0,793.44,193.0,391.9,0.34,245.0,100670.0
1990-08-27 13:00:00+00:00,33.65,29.8,750.0,443.83,362.0,398.45,0.97,267.0,100600.0
1990-08-27 14:00:00+00:00,34.48,27.9,731.0,545.21,290.0,404.3,1.38,269.0,100550.0
1990-08-27 15:00:00+00:00,34.92,26.95,605.0,494.48,261.0,404.1,1.66,265.0,100510.0
1990-08-27 16:00:00+00:00,35.0,25.25,479.0,558.67,176.0,403.1,1.79,265.0,100450.0
1990-08-27 17:00:00+00:00,34.73,25.1,316.0,609.4,97.0,395.4,1.93,262.0,100450.0
1990-08-27 18:00:00+00:00,33.74,26.8,112.0,358.09,55.0,390.75,2.07,245.0,100450.0
1990-08-27 19:00:00+00:00,31.31,33.55,0.0,0.0,0.0,382.4,2.9,234.0,100460.0
1990-08-27 20:00:00+00:00,29.15,40.75,0.0,0.0,0.0,375.85,2.76,236.0,100490.0
1990-08-27 21:00:00+00:00,27.8,46.4,0.0,0.0,0.0,370.8,2.41,237.0,100570.0
1990-08-27 22:00:00+00:00,26.84,47.75,0.0,0.0,0.0,364.6,1.93,243.0,100580.0
1990-08-27 23:00:00+00:00,25.79,47.5,0.0,0.0,0.0,359.75,1.24,254.0,100570.0
1990-08-28 00:00:00+00:00,25.75,45.9,0.0,0.0,0.0,355.5,0.55,245.0,100570.0
1990-08-28 01:00:00+00:00,25.13,47.4,0.0,0.0,0.0,352.35,0.41,182.0,100580.0
1990-08-28 02:00:00+00:00,24.21,54.2,0.0,0.0,0.0,350.85,0.62,169.0,100560.0
1990-08-28 03:00:00+00:00,23.92,56.15,0.0,0.0,0.0,349.9,0.48,184.0,100560.0
1990-08-28 04:00:00+00:00,23.38,56.15,0.0,0.0,0.0,349.7,0.07,2.0,100520.0
1990-08-28 05:00:00+00:00,22.71,59.95,0.0,0.0,0.0,348.55,0.76,36.0,100540.0
1990-08-28 06:00:00+00:00,20.9,68.5,19.0,76.98,15.0,348.15,1.17,51.0,100570.0
1990-08-28 07:00:00+00:00,21.7,73.45,204.0,496.25,77.0,350.3,0.97,51.0,100650.0
1990-08-28 08:00:00+00:00,25.93,51.05,410.0,660.78,113.0,355.7,1.45,53.0,100640.0
1990-08-28 09:00:00+00:00,28.99,40.75,595.0,728.09,144.0,365.4,2.0,60.0,100660.0
1990-08-28 10:00:00+00:00,31.55,33.7,756.0,798.18,154.0,375.25,2.0,67.0,100660.0
1990-08-28 11:00:00+00:00,33.76,28.75,849.0,783.77,187.0,385.3,1.79,71.0,100630.0
1990-08-28 12:00:00+00:00,35.44,24.5,906.0,827.56,174.0,394.2,1.66,76.0,100550.0
1990-08-28 13:00:00+00:00,36.56,22.25,881.0,792.03,191.0,400.8,1.24,85.0,100480.0
1990-08-28 14:00:00+00:00,37.31,21.6,809.0,788.33,174.0,405.65,0.76,104.0,100410.0
1990-08-28 15:00:00+00:00,37.7,20.95,682.0,763.05,154.0,408.55,0.41,156.0,100360.0
1990-08-28 16:00:00+00:00,37.73,20.95,504.0,679.92,138.0,409.5,0.62,206.0,100310.0
1990-08-28 17:00:00+00:00,37.44,22.4,302.0,546.49,108.0,408.35,1.17,228.0,100290.0
1990-08-28 18:00:00+00:00,36.43,25.5,103.0,297.68,57.0,405.45,2.0,240.0,100280.0
1990-08-28 19:00:00+00:00,33.55,31.95,0.0,0.0,0.0,403.3,3.24,238.0,100290.0
1990-08-28 20:00:00+00:00,30.99,37.25,0.0,0.0,0.0,397.3,3.38,236.0,100360.0
1990-08-28 21:00:00+00:00,29.25,43.65,0.0,0.0,0.0,391.1,2.83,236.0,100510.0
1990-08-28 22:00:00+00:00,28.02,48.15,0.0,0.0,0.0,385.3,2.14,250.0,100550.0
1990-08-28 23:00:00+00:00,27.08,51.3,0.0,0.0,0.0,382.2,1.59,277.0,100580.0
1990-08-29 00:00:00+00:00,26.21,54.7,0.0,0.0,0.0,380.3,1.45,303.0,100560.0
1990-08-29 01:00:00+00:00,25.4,56.5,0.0,0.0,0.0,378.65,1.31,335.0,100580.0
1990-08-29 02:00:00+00:00,24.66,60.25,0.0,0.0,0.0,377.75,1.38,357.0,100540.0
1990-08-29 03:00:00+00:00,24.05,62.25,0.0,0.0,0.0,377.75,1.38,14.0,100520.0
1990-08-29 04:00:00+00:00,23.52,62.25,0.0,0.0,0.0,376.6,1.38,33.0,100480.0
1990-08-29 05:00:00+00:00,23.15,64.3,0.0,0.0,0.0,374.65,1.38,44.0,100500.0
1990-08-29 06:00:00+00:00,22.76,66.45,20.0,101.46,15.0,371.4,1.52,49.0,100530.0
1990-08-29 07:00:00+00:00,24.43,60.25,186.0,398.53,85.0,378.35,1.59,46.0,100610.0
1990-08-29 08:00:00+00:00,27.56,48.0,383.0,563.63,131.0,378.35,1.79,60.0,100610.0
1990-08-29 09:00:00+00:00,29.88,39.65,582.0,714.66,141.0,387.25,1.45,79.0,100620.0
1990-08-29 10:00:00+00:00,32.1,35.0,732.0,758.19,162.0,396.75,1.17,100.0,100620.0
1990-08-29 11:00:00+00:00,34.07,30.95,855.0,840.8,147.0,411.25,1.31,124.0,100580.0
1990-08-29 12:00:00+00:00,35.84,29.15,874.0,772.36,193.0,422.45,1.86,133.0,100540.0
1990-08-29 13:00:00+00:00,36.82,27.45,660.0,292.6,406.0,433.5,2.62,133.0,100450.0
1990-08-29 14:00:00+00:00,36.93,27.45,641.0,362.81,350.0,443.55,3.03,133.0,100400.0
1990-08-29 15:00:00+00:00,36.66,27.45,158.0,0.0,158.0,440.65,3.31,146.0,100360.0
1990-08-29 16:00:00+00:00,36.18,27.3,258.0,46.8,233.0,431.2,2.9,165.0,100330.0
1990-08-29 17:00:00+00:00,35.81,28.15,192.0,105.55,155.0,419.95,2.69,176.0,100340.0
1990-08-29 18:00:00+00:00,34.81,29.9,11.0,0.0,11.0,409.9,1.86,174.0,100370.0
1990-08-29 19:00:00+00:00,33.24,30.7,0.0,0.0,0.0,410.45,1.79,181.0,100380.0
1990-08-29 20:00:00+00:00,31.54,33.7,0.0,0.0,0.0,408.15,1.79,181.0,100410.0
1990-08-29 21:00:00+00:00,30.23,36.95,0.0,0.0,0.0,400.0,1.38,154.0,100490.0
1990-08-29 22:00:00+00:00,28.92,39.35,0.0,0.0,0.0,389.55,1.79,107.0,100500.0
1990-08-29 23:00:00+00:00,27.93,43.4,0.0,0.0,0.0,383.4,2.28,87.0,100480.0
1990-08-30 00:00:00+00:00,27.11,47.9,0.0,0.0,0.0,374.45,2.48,72.0,100430.0
1990-08-30 01:00:00+00:00,26.47,49.45,0.0,0.0,0.0,368.95,2.34,63.0,100370.0
1990-08-30 02:00:00+00:00,25.72,54.55,0.0,0.0,0.0,366.35,1.66,37.0,100370.0
1990-08-30 03:00:00+00:00,24.94,56.35,0.0,0.0,0.0,364.6,2.07,346.0,100360.0
1990-08-30 04:00:00+00:00,24.28,62.25,0.0,0.0,0.0,365.2,2.14,8.0,100370.0
1990-08-30 05:00:00+00:00,23.99,62.25,0.0,0.0,0.0,364.6,2.41,33.0,100350.0
1990-08-30 06:00:00+00:00,23.85,64.4,13.0,21.46,12.0,364.6,2.48,46.0,100390.0
1990-08-30 07:00:00+00:00,25.24,56.35,179.0,362.64,88.0,368.85,1.72,35.0,100440.0
1990-08-30 08:00:00+00:00,27.94,48.15,331.0,341.8,179.0,384.15,1.72,45.0,100410.0
1990-08-30 09:00:00+00:00,30.14,42.45,559.0,632.83,170.0,391.1,1.24,74.0,100450.0
1990-08-30 10:00:00+00:00,32.45,36.35,712.0,697.95,189.0,397.9,1.1,114.0,100440.0
1990-08-30 11:00:00+00:00,34.47,33.2,819.0,742.17,196.0,411.25,1.03,148.0,100460.0
1990-08-30 12:00:00+00:00,36.59,29.4,544.0,122.89,436.0,418.8,1.59,179.0,100420.0
1990-08-30 13:00:00+00:00,38.03,26.9,370.0,16.19,356.0,424.6,2.34,199.0,100350.0
1990-08-30 14:00:00+00:00,38.68,25.2,735.0,612.35,246.0,428.65,3.03,213.0,100320.0
1990-08-30 15:00:00+00:00,38.68,25.2,60.0,0.0,60.0,434.65,3.59,216.0,100320.0
1990-08-30 16:00:00+00:00,37.76,26.75,337.0,167.93,248.0,437.0,4.21,214.0,100280.0
1990-08-30 17:00:00+00:00,36.49,29.4,47.0,0.0,47.0,425.4,4.34,211.0,100300.0
1990-08-30 18:00:00+00:00,34.67,35.5,74.0,117.19,57.0,418.4,4.07,209.0,100360.0
1990-08-30 19:00:00+00:00,32.19,45.95,0.0,0.0,0.0,411.85,2.83,235.0,100440.0
1990-08-30 20:00:00+00:00,30.45,52.15,0.0,0.0,0.0,404.1,2.97,252.0,100490.0
1990-08-30 21:00:00+00:00,28.86,61.1,0.0,0.0,0.0,397.9,2.9,265.0,100600.0
1990-08-30 22:00:00+00:00,27.44,67.3,0.0,0.0,0.0,394.4,2.97,270.0,100630.0
1990-08-30 23:00:00+00:00,26.31,74.1,0.0,0.0,0.0,391.1,2.69,273.0,100670.0
1990-08-31 00:00:00+00:00,25.45,76.5,0.0,0.0,0.0,389.4,2.62,272.0,100680.0
1990-08-31 01:00:00+00:00,24.77,81.65,0.0,0.0,0.0,386.8,2.28,270.0,100650.0
1990-08-31 02:00:00+00:00,24.37,81.65,0.0,0.0,0.0,389.75,2.14,271.0,100650.0
1990-08-31 03:00:00+00:00,24.13,84.35,0.0,0.0,0.0,394.2,1.93,272.0,100600.0
1990-08-31 04:00:00+00:00,24.03,84.35,0.0,0.0,0.0,397.7,1.66,270.0,100580.0
1990-08-31 05:00:00+00:00,23.86,84.35,0.0,0.0,0.0,391.1,1.31,263.0,100580.0
1990-08-31 06:00:00+00:00,23.83,84.35,9.0,0.0,9.0,401.0,1.17,249.0,100620.0
1990-08-31 07:00:00+00:00,24.34,81.65,114.0,60.38,99.0,391.7,0.97,243.0,100700.0
1990-08-31 08:00:00+00:00,25.54,76.5,136.0,2.26,135.0,407.55,1.72,205.0,100700.0
1990-08-31 09:00:00+00:00,26.84,69.4,189.0,1.63,188.0,419.75,2.28,195.0,100720.0
1990-08-31 10:00:00+00:00,27.7,65.1,154.0,0.0,154.0,437.4,2.48,206.0,100750.0
1990-08-31 11:00:00+00:00,29.37,57.3,154.0,0.0,154.0,436.2,2.9,216.0,100760.0
1990-08-31 12:00:00+00:00,30.9,48.9,579.0,165.54,434.0,429.65,3.24,221.0,100720.0
1990-08-31 13:00:00+00:00,31.75,44.3,756.0,504.82,321.0,416.65,3.59,227.0,100660.0
1990-08-31 14:00:00+00:00,32.44,37.65,756.0,688.05,209.0,412.2,4.0,230.0,100620.0
1990-08-31 15:00:00+00:00,32.61,35.15,654.0,743.67,148.0,412.2,4.28,234.0,100550.0
1990-08-31 16:00:00+00:00,29.38,43.64,484.0,680.97,126.0,387.72,4.34,237.0,100510.0
1990-08-31 17:00:00+00:00,28.69,46.77,286.0,553.47,97.0,384.76,4.14,237.0,100540.0
1990-08-31 18:00:00+00:00,28.0,49.9,96.0,342.27,48.0,381.81,3.94,230.0,100570.0
1990-08-31 19:00:00+00:00,27.31,53.03,0.0,0.0,0.0,378.86,3.75,232.0,100560.0
1990-08-31 20:00:00+00:00,26.63,56.16,0.0,0.0,0.0,375.9,3.55,224.0,100600.0
1990-08-31 21:00:00+00:00,25.94,59.29,0.0,0.0,0.0,372.95,3.35,213.0,100700.0
1990-08-31 22:00:00+00:00,25.25,62.42,0.0,0.0,0.0,370.0,3.16,205.0,100760.0
1990-08-31 23:00:00+00:00,24.57,65.55,0.0,0.0,0.0,367.04,2.96,203.0,100730.0
1990-09-01 00:00:00+00:00,23.88,68.68,0.0,0.0,0.0,364.09,2.76,202.0,100740.0
1990-09-01 01:00:00+00:00,23.19,71.81,0.0,0.0,0.0,361.14,2.57,206.0,100700.0
1990-09-01 02:00:00+00:00,22.51,74.94,0.0,0.0,0.0,358.18,2.37,205.0,100690.0
1990-09-01 03:00:00+00:00,21.82,78.06,0.0,0.0,0.0,355.23,2.17,204.0,100650.0
1990-09-01 04:00:00+00:00,21.13,81.19,0.0,0.0,0.0,352.28,1.98,202.0,100630.0
1990-09-01 05:00:00+00:00,20.45,84.32,0.0,0.0,0.0,349.32,1.78,198.0,100650.0
1990-09-01 06:00:00+00:00,19.76,87.45,12.0,24.26,11.0,346.37,1.58,193.0,100700.0
1990-09-01 07:00:00+00:00,19.07,90.58,194.0,483.91,75.0,343.42,1.39,191.0,100800.0
1990-09-01 08:00:00+00:00,23.03,71.25,406.0,686.58,104.0,350.65,1.86,198.0,100800.0
1990-09-01 09:00:00+00:00,25.12,62.45,591.0,749.36,134.0,357.05,2.07,202.0,100830.0
1990-09-01 10:00:00+00:00,27.22,53.1,764.0,853.14,129.0,364.6,2.55,209.0,100840.0
1990-09-01 11:00:00+00:00,28.99,42.2,873.0,886.04,134.0,371.55,3.03,215.0,100820.0
1990-09-01 12:00:00+00:00,30.28,35.7,916.0,887.77,141.0,371.75,3.52,222.0,100800.0
1990-09-01 13:00:00+00:00,30.9,31.3,889.0,859.72,151.0,375.05,4.0,230.0,100750.0
1990-09-01 14:00:00+00:00,30.91,31.3,814.0,850.41,141.0,370.6,4.28,232.0,100700.0
1990-09-01 15:00:00+00:00,30.5,32.25,678.0,807.18,132.0,368.3,4.28,230.0,100680.0
1990-09-01 16:00:00+00:00,29.75,34.35,499.0,732.64,117.0,364.6,4.21,230.0,100640.0
1990-09-01 17:00:00+00:00,28.64,37.9,295.0,608.57,90.0,359.75,4.21,228.0,100630.0
1990-09-01 18:00:00+00:00,26.89,43.15,93.0,354.58,45.0,355.5,4.21,226.0,100650.0
1990-09-01 19:00:00+00:00,24.96,52.6,0.0,0.0,0.0,349.3,3.17,226.0,100620.0
1990-09-01 20:00:00+00:00,23.39,58.1,0.0,0.0,0.0,342.55,3.17,224.0,100670.0
1990-09-01 21:00:00+00:00,22.2,66.35,0.0,0.0,0.0,337.7,2.69,220.0,100730.0
1990-09-01 22:00:00+00:00,21.26,73.35,0.0,0.0,0.0,335.0,2.48,216.0,100770.0
1990-09-01 23:00:00+00:00,20.48,78.5,0.0,0.0,0.0,331.9,2.28,212.0,100730.0
1990-09-02 00:00:00+00:00,19.85,83.95,0.0,0.0,0.0,330.55,2.07,204.0,100740.0
1990-09-02 01:00:00+00:00,19.43,86.85,0.0,0.0,0.0,335.1,1.86,196.0,100710.0
1990-09-02 02:00:00+00:00,19.0,89.8,0.0,0.0,0.0,333.05,1.86,190.0,100660.0
1990-09-02 03:00:00+00:00,18.69,92.85,0.0,0.0,0.0,336.75,1.93,181.0,100620.0
1990-09-02 04:00:00+00:00,18.59,92.85,0.0,0.0,0.0,350.85,1.79,179.0,100580.0
1990-09-02 05:00:00+00:00,18.74,92.85,0.0,0.0,0.0,384.95,2.14,187.0,100610.0
1990-09-02 06:00:00+00:00,18.74,92.85,7.0,0.0,7.0,384.35,1.93,190.0,100630.0
1990-09-02 07:00:00+00:00,19.6,86.85,98.0,28.76,91.0,393.85,1.59,197.0,100690.0
1990-09-02 08:00:00+00:00,20.19,83.95,196.0,34.29,181.0,398.3,1.59,200.0,100720.0
1990-09-02 09:00:00+00:00,21.52,73.45,183.0,0.0,183.0,407.2,1.86,205.0,100750.0
1990-09-02 10:00:00+00:00,23.31,64.3,184.0,0.0,184.0,414.35,2.07,213.0,100780.0
1990-09-02 11:00:00+00:00,24.93,58.35,540.0,146.76,418.0,411.85,1.93,222.0,100750.0
1990-09-02 12:00:00+00:00,26.47,49.45,731.0,408.07,376.0,406.4,1.86,225.0,100670.0
1990-09-02 13:00:00+00:00,28.5,42.05,875.0,827.99,167.0,400.6,2.0,227.0,100580.0
1990-09-02 14:00:00+00:00,29.66,36.85,813.0,859.47,136.0,392.45,2.41,227.0,100520.0
1990-09-02 15:00:00+00:00,30.17,34.5,673.0,804.59,132.0,376.6,3.03,231.0,100460.0
1990-09-02 16:00:00+00:00,29.64,36.85,491.0,719.5,119.0,385.1,3.86,232.0,100450.0
1990-09-02 17:00:00+00:00,28.16,44.95,289.0,596.07,91.0,375.45,4.69,227.0,100460.0
1990-09-02 18:00:00+00:00,25.91,52.85,87.0,321.96,45.0,368.3,4.62,226.0,100490.0
1990-09-02 19:00:00+00:00,23.57,62.25,0.0,0.0,0.0,362.5,4.21,228.0,100490.0
1990-09-02 20:00:00+00:00,22.15,68.7,0.0,0.0,0.0,353.55,3.66,222.0,100540.0
1990-09-02 21:00:00+00:00,21.35,68.6,0.0,0.0,0.0,349.9,3.24,212.0,100610.0
1990-09-02 22:00:00+00:00,20.82,70.9,0.0,0.0,0.0,354.15,3.03,201.0,100640.0
1990-09-02 23:00:00+00:00,20.26,75.75,0.0,0.0,0.0,343.5,3.03,196.0,100630.0
1990-09-03 00:00:00+00:00,19.78,75.75,0.0,0.0,0.0,339.05,2.83,196.0,100620.0
1990-09-03 01:00:00+00:00,19.44,78.35,0.0,0.0,0.0,338.0,2.48,197.0,100620.0
1990-09-03 02:00:00+00:00,19.12,81.05,0.0,0.0,0.0,336.15,2.21,195.0,100590.0
1990-09-03 03:00:00+00:00,18.77,78.3,0.0,0.0,0.0,334.2,2.0,195.0,100560.0
1990-09-03 04:00:00+00:00,18.42,81.0,0.0,0.0,0.0,332.85,1.79,201.0,100550.0
1990-09-03 05:00:00+00:00,18.05,83.75,0.0,0.0,0.0,330.55,1.72,212.0,100560.0
1990-09-03 06:00:00+00:00,17.66,86.65,9.0,0.0,9.0,329.4,1.66,223.0,100590.0
1990-09-03 07:00:00+00:00,18.33,72.95,157.0,240.83,99.0,327.45,1.86,252.0,100710.0
1990-09-03 08:00:00+00:00,19.77,61.4,355.0,448.34,160.0,329.95,1.79,264.0,100720.0
1990-09-03 09:00:00+00:00,21.39,51.9,581.0,724.1,143.0,328.6,1.79,247.0,100730.0
1990-09-03 10:00:00+00:00,23.12,43.75,753.0,833.42,137.0,330.15,2.41,237.0,100730.0
1990-09-03 11:00:00+00:00,24.65,38.15,870.0,889.59,133.0,335.4,3.1,235.0,100720.0
1990-09-03 12:00:00+00:00,25.84,32.25,912.0,890.56,140.0,339.25,3.45,236.0,100650.0
1990-09-03 13:00:00+00:00,26.72,31.2,880.0,848.91,157.0,341.75,3.59,238.0,100580.0
1990-09-03 14:00:00+00:00,27.4,28.25,786.0,780.66,174.0,344.3,3.66,240.0,100540.0
1990-09-03 15:00:00+00:00,27.66,29.3,537.0,368.1,291.0,349.1,3.72,239.0,100490.0
1990-09-03 16:00:00+00:00,27.49,30.35,303.0,117.05,243.0,346.0,3.86,237.0,100460.0
1990-09-03 17:00:00+00:00,26.68,33.55,119.0,9.16,116.0,347.4,4.21,232.0,100450.0
1990-09-03 18:00:00+00:00,24.9,42.65,83.0,302.82,45.0,345.45,4.41,221.0,100470.0
1990-09-03 19:00:00+00:00,22.66,52.1,0.0,0.0,0.0,337.9,4.0,214.0,100540.0
1990-09-03 20:00:00+00:00,21.08,61.7,0.0,0.0,0.0,333.85,3.79,209.0,100570.0
1990-09-03 21:00:00+00:00,20.1,68.3,0.0,0.0,0.0,330.75,3.31,203.0,100630.0
1990-09-03 22:00:00+00:00,19.45,73.15,0.0,0.0,0.0,329.0,3.1,196.0,100640.0
1990-09-03 23:00:00+00:00,18.98,78.3,0.0,0.0,0.0,329.75,2.83,193.0,100620.0
1990-09-04 00:00:00+00:00,18.7,81.0,0.0,0.0,0.0,332.65,2.55,193.0,100600.0
1990-09-04 01:00:00+00:00,18.42,81.0,0.0,0.0,0.0,329.1,2.21,197.0,100590.0
1990-09-04 02:00:00+00:00,18.28,81.0,0.0,0.0,0.0,334.6,1.86,197.0,100550.0
1990-09-04 03:00:00+00:00,18.06,83.75,0.0,0.0,0.0,335.0,1.72,194.0,100540.0
1990-09-04 04:00:00+00:00,17.71,86.65,0.0,0.0,0.0,331.9,1.72,192.0,100520.0
1990-09-04 05:00:00+00:00,17.68,86.65,0.0,0.0,0.0,343.3,1.72,198.0,100540.0
1990-09-04 06:00:00+00:00,17.71,86.65,7.0,0.0,7.0,348.35,1.86,203.0,100580.0
1990-09-04 07:00:00+00:00,18.36,81.0,190.0,503.61,70.0,349.1,1.66,202.0,100670.0
1990-09-04 08:00:00+00:00,19.85,70.7,393.0,661.37,107.0,347.0,1.93,214.0,100690.0
1990-09-04 09:00:00+00:00,21.54,61.85,550.0,614.25,180.0,353.0,2.14,217.0,100720.0
1990-09-04 10:00:00+00:00,23.55,50.55,742.0,814.7,142.0,356.85,2.34,223.0,100730.0
1990-09-04 11:00:00+00:00,25.34,44.3,866.0,893.88,128.0,353.4,2.69,230.0,100710.0
1990-09-04 12:00:00+00:00,26.65,38.7,904.0,883.37,141.0,355.7,2.9,232.0,100660.0
1990-09-04 13:00:00+00:00,27.53,35.05,852.0,779.27,191.0,358.4,3.24,233.0,100600.0
1990-09-04 14:00:00+00:00,28.01,32.75,744.0,661.42,228.0,359.55,3.66,235.0,100590.0
1990-09-04 15:00:00+00:00,28.09,32.75,652.0,761.9,146.0,361.1,4.07,236.0,100550.0
1990-09-04 16:00:00+00:00,27.56,33.8,465.0,637.68,141.0,357.25,4.21,236.0,100530.0
1990-09-04 17:00:00+00:00,26.51,37.35,250.0,402.9,120.0,353.2,4.34,232.0,100530.0
1990-09-04 18:00:00+00:00,24.86,42.65,75.0,265.62,43.0,346.0,4.14,225.0,100550.0
1990-09-04 19:00:00+00:00,22.9,52.25,0.0,0.0,0.0,355.9,3.59,222.0,100600.0
1990-09-04 20:00:00+00:00,21.65,59.7,0.0,0.0,0.0,354.95,3.17,218.0,100630.0
1990-09-04 21:00:00+00:00,20.96,61.7,0.0,0.0,0.0,357.85,2.69,211.0,100750.0
1990-09-04 22:00:00+00:00,20.39,66.05,0.0,0.0,0.0,359.2,2.34,199.0,100720.0
1990-09-04 23:00:00+00:00,19.95,68.3,0.0,0.0,0.0,359.4,2.21,191.0,100710.0
1990-09-05 00:00:00+00:00,19.5,70.65,0.0,0.0,0.0,354.35,2.21,190.0,100670.0
1990-09-05 01:00:00+00:00,19.05,73.05,0.0,0.0,0.0,343.05,2.07,189.0,100660.0
1990-09-05 02:00:00+00:00,18.74,78.25,0.0,0.0,0.0,344.65,1.93,188.0,100650.0
1990-09-05 03:00:00+00:00,18.47,78.25,0.0,0.0,0.0,344.1,1.86,186.0,100630.0
1990-09-05 04:00:00+00:00,18.35,81.0,0.0,0.0,0.0,352.2,1.59,179.0,100630.0
1990-09-05 05:00:00+00:00,18.0,83.75,0.0,0.0,0.0,342.75,1.45,170.0,100660.0
1990-09-05 06:00:00+00:00,17.64,86.65,5.0,0.0,5.0,342.75,1.38,162.0,100710.0
1990-09-05 07:00:00+00:00,18.07,83.75,124.0,110.31,98.0,351.05,0.55,85.0,100790.0
1990-09-05 08:00:00+00:00,19.53,75.7,375.0,581.51,125.0,352.4,0.21,95.0,100830.0
1990-09-05 09:00:00+00:00,20.74,68.4,475.0,371.79,252.0,366.55,0.76,61.0,100850.0
1990-09-05 10:00:00+00:00,22.05,59.8,492.0,179.89,360.0,375.65,1.03,65.0,100890.0
1990-09-05 11:00:00+00:00,23.7,52.35,333.0,9.72,325.0,380.85,1.38,79.0,100870.0
1990-09-05 12:00:00+00:00,24.81,48.95,546.0,131.31,433.0,388.8,1.1,106.0,100850.0
1990-09-05 13:00:00+00:00,25.45,44.3,85.0,0.0,85.0,394.6,0.69,164.0,100820.0
1990-09-05 14:00:00+00:00,25.94,41.4,134.0,0.0,134.0,397.3,1.03,217.0,100800.0
1990-09-05 15:00:00+00:00,25.5,42.75,205.0,0.0,205.0,402.35,0.9,257.0,100770.0
1990-09-05 16:00:00+00:00,25.66,42.75,68.0,0.0,68.0,399.85,1.38,257.0,100780.0
1990-09-05 17:00:00+00:00,25.16,45.75,154.0,59.78,135.0,405.25,1.45,270.0,100810.0
1990-09-05 18:00:00+00:00,24.57,47.25,53.0,86.64,43.0,405.45,1.38,299.0,100840.0
1990-09-05 19:00:00+00:00,23.37,56.15,0.0,0.0,0.0,377.0,1.31,205.0,100830.0
1990-09-05 20:00:00+00:00,22.42,62.05,0.0,0.0,0.0,372.35,0.76,245.0,100830.0
1990-09-05 21:00:00+00:00,21.32,66.25,0.0,0.0,0.0,358.6,1.45,309.0,100930.0
1990-09-05 22:00:00+00:00,20.36,70.8,0.0,0.0,0.0,346.6,1.79,315.0,100930.0
1990-09-05 23:00:00+00:00,19.75,75.7,0.0,0.0,0.0,351.65,1.31,328.0,100940.0
1990-09-06 00:00:00+00:00,19.47,75.7,0.0,0.0,0.0,344.3,0.9,355.0,100930.0
1990-09-06 01:00:00+00:00,18.99,78.3,0.0,0.0,0.0,343.6,0.9,23.0,100920.0
1990-09-06 02:00:00+00:00,18.14,80.9,0.0,0.0,0.0,344.65,1.1,28.0,100890.0
1990-09-06 03:00:00+00:00,17.71,83.7,0.0,0.0,0.0,350.3,1.31,23.0,100840.0
1990-09-06 04:00:00+00:00,17.49,83.7,0.0,0.0,0.0,347.2,1.45,29.0,100840.0
1990-09-06 05:00:00+00:00,17.24,83.65,0.0,0.0,0.0,342.35,1.72,37.0,100850.0
1990-09-06 06:00:00+00:00,17.17,80.8,6.0,0.0,6.0,337.3,2.0,36.0,100890.0
1990-09-06 07:00:00+00:00,19.04,61.3,180.0,467.56,71.0,343.3,2.41,50.0,100930.0
1990-09-06 08:00:00+00:00,21.61,50.05,387.0,666.86,102.0,355.3,3.1,58.0,100960.0
1990-09-06 09:00:00+00:00,23.84,47.15,570.0,738.44,129.0,369.25,3.1,64.0,100970.0
1990-09-06 10:00:00+00:00,25.63,45.9,737.0,830.33,130.0,372.75,2.69,70.0,100970.0
1990-09-06 11:00:00+00:00,26.8,44.55,839.0,852.7,140.0,379.7,2.34,72.0,100970.0
1990-09-06 12:00:00+00:00,27.93,43.4,624.0,242.62,416.0,389.4,1.66,77.0,100930.0
1990-09-06 13:00:00+00:00,28.72,42.05,768.0,574.22,285.0,400.2,0.76,117.0,100890.0
1990-09-06 14:00:00+00:00,28.73,42.05,746.0,713.4,195.0,409.3,0.83,151.0,100870.0
1990-09-06 15:00:00+00:00,28.84,43.55,623.0,700.09,164.0,421.9,1.03,155.0,100870.0
1990-09-06 16:00:00+00:00,28.89,42.2,453.0,641.36,133.0,415.5,0.9,157.0,100860.0
1990-09-06 17:00:00+00:00,28.31,44.95,245.0,434.58,109.0,406.2,0.97,154.0,100850.0
1990-09-06 18:00:00+00:00,27.41,46.4,73.0,317.25,38.0,408.15,1.38,163.0,100880.0
1990-09-06 19:00:00+00:00,26.14,51.05,0.0,0.0,0.0,386.1,2.41,231.0,100880.0
1990-09-06 20:00:00+00:00,24.88,54.45,0.0,0.0,0.0,380.3,2.28,240.0,100950.0
1990-09-06 21:00:00+00:00,23.97,58.1,0.0,0.0,0.0,384.35,2.14,243.0,101040.0
1990-09-06 22:00:00+00:00,23.3,60.05,0.0,0.0,0.0,389.2,1.93,240.0,101050.0
1990-09-06 23:00:00+00:00,22.93,60.05,0.0,0.0,0.0,398.1,1.79,239.0,101020.0
1990-09-07 00:00:00+00:00,22.43,62.05,0.0,0.0,0.0,385.9,1.72,247.0,101020.0
1990-09-07 01:00:00+00:00,22.12,64.1,0.0,0.0,0.0,384.85,1.59,261.0,101010.0
1990-09-07 02:00:00+00:00,21.76,66.25,0.0,0.0,0.0,379.9,1.24,283.0,100990.0
1990-09-07 03:00:00+00:00,21.24,68.5,0.0,0.0,0.0,378.95,0.9,320.0,100970.0
1990-09-07 04:00:00+00:00,20.88,68.5,0.0,0.0,0.0,390.15,0.83,22.0,100940.0
1990-09-07 05:00:00+00:00,20.33,75.85,0.0,0.0,0.0,386.1,1.45,75.0,100950.0
1990-09-07 06:00:00+00:00,19.98,81.15,5.0,0.0,5.0,399.25,1.31,86.0,100970.0
1990-09-07 07:00:00+00:00,20.95,75.95,182.0,503.2,66.0,376.6,0.62,30.0,101010.0
1990-09-07 08:00:00+00:00,22.48,64.2,224.0,82.39,189.0,388.4,0.41,333.0,101050.0
1990-09-07 09:00:00+00:00,23.89,62.25,524.0,568.47,186.0,381.65,0.41,321.0,101050.0
1990-09-07 10:00:00+00:00,25.22,60.35,679.0,652.24,204.0,393.65,0.21,173.0,101070.0
1990-09-07 11:00:00+00:00,26.58,54.8,697.0,460.36,321.0,394.2,0.55,162.0,101030.0
1990-09-07 12:00:00+00:00,27.46,53.2,609.0,225.99,416.0,393.85,0.69,189.0,100990.0
1990-09-07 13:00:00+00:00,28.48,48.25,724.0,476.41,325.0,401.2,0.76,211.0,100920.0
1990-09-07 14:00:00+00:00,28.55,48.25,729.0,680.66,206.0,420.75,0.62,223.0,100870.0
1990-09-07 15:00:00+00:00,29.01,45.2,597.0,629.51,187.0,401.55,0.55,202.0,100830.0
1990-09-07 16:00:00+00:00,29.01,43.65,78.0,0.0,78.0,412.2,0.83,180.0,100790.0
1990-09-07 17:00:00+00:00,28.49,45.05,47.0,0.0,47.0,415.1,0.97,147.0,100800.0
1990-09-07 18:00:00+00:00,25.23,62.45,46.0,76.05,38.0,398.45,0.83,183.0,100880.0
1990-09-07 19:00:00+00:00,24.79,69.05,0.0,0.0,0.0,386.45,1.66,207.0,100840.0
1990-09-07 20:00:00+00:00,24.2,71.35,0.0,0.0,0.0,382.8,1.59,201.0,100910.0
1990-09-07 21:00:00+00:00,23.55,73.75,0.0,0.0,0.0,379.3,1.72,208.0,100930.0
1990-09-07 22:00:00+00:00,22.89,76.2,0.0,0.0,0.0,375.65,1.45,205.0,100940.0
1990-09-07 23:00:00+00:00,22.13,81.4,0.0,0.0,0.0,375.25,1.1,204.0,100950.0
1990-09-08 00:00:00+00:00,21.44,84.1,0.0,0.0,0.0,369.05,1.03,235.0,100940.0
1990-09-08 01:00:00+00:00,21.09,89.95,0.0,0.0,0.0,379.05,1.03,261.0,100920.0
1990-09-08 02:00:00+00:00,20.65,89.9,0.0,0.0,0.0,378.15,1.03,266.0,100880.0
1990-09-08 03:00:00+00:00,20.65,89.9,0.0,0.0,0.0,385.7,0.97,259.0,100850.0
1990-09-08 04:00:00+00:00,20.49,89.9,0.0,0.0,0.0,382.4,1.1,227.0,100820.0
1990-09-08 05:00:00+00:00,20.15,92.95,0.0,0.0,0.0,372.55,1.31,207.0,100790.0
1990-09-08 06:00:00+00:00,19.77,96.1,0.0,0.0,0.0,370.6,1.1,195.0,100800.0
1990-09-08 07:00:00+00:00,20.08,92.95,175.0,460.7,70.0,369.65,0.9,123.0,100870.0
1990-09-08 08:00:00+00:00,21.57,84.1,383.0,667.9,101.0,363.85,1.1,105.0,100880.0
1990-09-08 09:00:00+00:00,23.53,71.35,567.0,739.97,129.0,380.85,0.83,86.0,100930.0
1990-09-08 10:00:00+00:00,25.02,66.85,721.0,799.51,141.0,383.0,0.41,63.0,100920.0
1990-09-08 11:00:00+00:00,26.13,62.65,826.0,832.0,149.0,410.65,0.28,9.0,100890.0
1990-09-08 12:00:00+00:00,27.63,53.2,889.0,892.24,130.0,384.35,0.28,297.0,100820.0
1990-09-08 13:00:00+00:00,28.89,45.2,869.0,886.27,130.0,397.5,0.69,289.0,100740.0
1990-09-08 14:00:00+00:00,29.58,40.9,765.0,803.32,151.0,395.95,1.03,288.0,100700.0
1990-09-08 15:00:00+00:00,29.92,38.3,595.0,624.5,191.0,399.65,1.31,288.0,100640.0
1990-09-08 16:00:00+00:00,29.86,38.15,425.0,549.45,156.0,392.45,1.72,280.0,100600.0
1990-09-08 17:00:00+00:00,29.24,39.35,151.0,72.6,129.0,398.3,2.14,272.0,100580.0
1990-09-08 18:00:00+00:00,28.38,43.55,57.0,199.96,37.0,383.55,2.07,252.0,100600.0
1990-09-08 19:00:00+00:00,26.95,49.55,0.0,0.0,0.0,396.9,2.41,247.0,100580.0
1990-09-08 20:00:00+00:00,25.53,60.45,0.0,0.0,0.0,386.45,2.48,238.0,100630.0
1990-09-08 21:00:00+00:00,24.39,66.75,0.0,0.0,0.0,382.0,2.34,239.0,100710.0
1990-09-08 22:00:00+00:00,23.53,71.35,0.0,0.0,0.0,380.3,2.14,241.0,100730.0
1990-09-08 23:00:00+00:00,22.95,73.7,0.0,0.0,0.0,379.7,1.86,236.0,100730.0
1990-09-09 00:00:00+00:00,22.45,76.15,0.0,0.0,0.0,374.65,1.72,234.0,100730.0
1990-09-09 01:00:00+00:00,21.79,78.65,0.0,0.0,0.0,359.9,1.66,213.0,100700.0
1990-09-09 02:00:00+00:00,21.13,81.3,0.0,0.0,0.0,355.3,1.72,188.0,100680.0
1990-09-09 03:00:00+00:00,20.46,86.9,0.0,0.0,0.0,348.15,1.86,174.0,100650.0
1990-09-09 04:00:00+00:00,19.95,89.85,0.0,0.0,0.0,346.2,1.66,175.0,100650.0
1990-09-09 05:00:00+00:00,19.34,92.9,0.0,0.0,0.0,344.65,1.45,181.0,100660.0
1990-09-09 06:00:00+00:00,18.87,92.9,0.0,0.0,0.0,346.2,1.17,193.0,100690.0
1990-09-09 07:00:00+00:00,19.96,89.85,171.0,443.88,71.0,346.0,0.76,238.0,100760.0
1990-09-09 08:00:00+00:00,22.5,76.15,335.0,431.36,154.0,349.9,0.97,253.0,100780.0
1990-09-09 09:00:00+00:00,24.69,69.05,534.0,612.67,173.0,362.5,1.17,254.0,100830.0
1990-09-09 10:00:00+00:00,26.56,56.7,689.0,687.81,192.0,374.65,1.24,254.0,100830.0
1990-09-09 11:00:00+00:00,28.16,46.5,824.0,832.72,149.0,383.2,0.97,256.0,100800.0
1990-09-09 12:00:00+00:00,29.51,40.9,887.0,893.46,130.0,386.85,0.69,259.0,100740.0
1990-09-09 13:00:00+00:00,30.78,37.1,862.0,875.81,135.0,389.2,0.69,256.0,100670.0
1990-09-09 14:00:00+00:00,31.55,32.55,775.0,840.52,136.0,386.3,0.83,242.0,100620.0
1990-09-09 15:00:00+00:00,31.94,29.4,629.0,770.46,134.0,389.2,1.24,241.0,100570.0
1990-09-09 16:00:00+00:00,31.91,29.4,424.0,558.97,153.0,387.65,1.59,241.0,100520.0
1990-09-09 17:00:00+00:00,31.34,31.3,234.0,439.56,103.0,386.65,2.07,236.0,100540.0
1990-09-09 18:00:00+00:00,30.02,35.7,51.0,168.75,35.0,387.25,2.41,231.0,100560.0
1990-09-09 19:00:00+00:00,27.79,46.4,0.0,0.0,0.0,388.2,3.1,239.0,100570.0
1990-09-09 20:00:00+00:00,25.96,51.05,0.0,0.0,0.0,375.05,2.76,244.0,100590.0
1990-09-09 21:00:00+00:00,24.77,56.25,0.0,0.0,0.0,369.65,2.41,248.0,100670.0
1990-09-09 22:00:00+00:00,23.91,56.15,0.0,0.0,0.0,364.6,1.93,248.0,100680.0
1990-09-09 23:00:00+00:00,23.37,56.15,0.0,0.0,0.0,368.1,1.59,240.0,100670.0
1990-09-10 00:00:00+00:00,22.5,59.95,0.0,0.0,0.0,358.6,1.38,218.0,100660.0
1990-09-10 01:00:00+00:00,21.37,66.25,0.0,0.0,0.0,352.5,1.38,197.0,100610.0
1990-09-10 02:00:00+00:00,20.61,70.8,0.0,0.0,0.0,350.5,1.66,183.0,100600.0
1990-09-10 03:00:00+00:00,19.92,73.2,0.0,0.0,0.0,347.0,1.66,182.0,100560.0
1990-09-10 04:00:00+00:00,19.51,78.35,0.0,0.0,0.0,344.85,1.24,192.0,100550.0
1990-09-10 05:00:00+00:00,20.81,70.9,0.0,0.0,0.0,342.35,0.62,225.0,100550.0
1990-09-10 06:00:00+00:00,20.47,73.3,0.0,0.0,0.0,342.55,0.55,311.0,100580.0
1990-09-10 07:00:00+00:00,20.57,70.8,172.0,467.12,68.0,346.2,0.48,1.0,100620.0
1990-09-10 08:00:00+00:00,23.06,60.05,382.0,676.32,100.0,350.65,0.21,40.0,100650.0
1990-09-10 09:00:00+00:00,25.56,50.95,560.0,721.23,137.0,359.2,0.28,144.0,100650.0
1990-09-10 10:00:00+00:00,27.93,40.5,729.0,829.53,132.0,369.65,0.9,181.0,100650.0
1990-09-10 11:00:00+00:00,29.91,34.5,844.0,886.74,128.0,375.85,1.66,201.0,100640.0
1990-09-10 12:00:00+00:00,31.32,30.2,889.0,900.67,129.0,383.55,2.34,217.0,100580.0
1990-09-10 13:00:00+00:00,32.18,27.4,859.0,871.36,139.0,382.6,3.1,228.0,100490.0
1990-09-10 14:00:00+00:00,32.58,26.55,771.0,835.88,139.0,387.85,3.72,235.0,100460.0
1990-09-10 15:00:00+00:00,32.47,25.65,632.0,788.42,129.0,383.55,4.07,240.0,100410.0
1990-09-10 16:00:00+00:00,31.91,25.5,449.0,697.88,114.0,382.2,4.28,242.0,100380.0
1990-09-10 17:00:00+00:00,30.91,26.2,251.0,580.26,81.0,377.75,4.14,242.0,100390.0
1990-09-10 18:00:00+00:00,29.41,29.8,54.0,256.75,31.0,371.55,3.45,237.0,100400.0
1990-09-10 19:00:00+00:00,26.89,37.5,0.0,0.0,0.0,362.65,3.17,235.0,100430.0
1990-09-10 20:00:00+00:00,25.15,44.15,0.0,0.0,0.0,355.9,2.76,230.0,100490.0
1990-09-10 21:00:00+00:00,23.87,50.55,0.0,0.0,0.0,352.8,2.41,222.0,100540.0
1990-09-10 22:00:00+00:00,22.89,56.0,0.0,0.0,0.0,351.65,2.21,209.0,100550.0
1990-09-10 23:00:00+00:00,22.11,61.95,0.0,0.0,0.0,349.3,2.07,197.0,100520.0
1990-09-11 00:00:00+00:00,21.46,66.25,0.0,0.0,0.0,347.4,2.0,191.0,100530.0
1990-09-11 01:00:00+00:00,20.92,68.5,0.0,0.0,0.0,344.95,1.86,191.0,100490.0
1990-09-11 02:00:00+00:00,20.39,70.8,0.0,0.0,0.0,343.1,1.72,189.0,100460.0
1990-09-11 03:00:00+00:00,19.71,75.7,0.0,0.0,0.0,341.0,1.45,185.0,100420.0
1990-09-11 04:00:00+00:00,18.91,78.3,0.0,0.0,0.0,338.85,1.31,182.0,100420.0
1990-09-11 05:00:00+00:00,18.42,81.0,0.0,0.0,0.0,338.5,1.24,178.0,100430.0
1990-09-11 06:00:00+00:00,18.13,86.7,0.0,0.0,0.0,339.45,1.17,174.0,100440.0
1990-09-11 07:00:00+00:00,18.68,86.75,168.0,450.04,69.0,340.6,0.97,165.0,100530.0
1990-09-11 08:00:00+00:00,21.47,73.45,371.0,637.22,107.0,347.0,1.1,176.0,100560.0
1990-09-11 09:00:00+00:00,23.79,60.15,557.0,721.22,136.0,353.95,1.31,183.0,100560.0
1990-09-11 10:00:00+00:00,26.21,51.05,750.0,897.11,107.0,362.3,1.86,194.0,100570.0
1990-09-11 11:00:00+00:00,28.13,43.4,814.0,809.44,163.0,373.3,2.48,206.0,100550.0
1990-09-11 12:00:00+00:00,29.56,38.15,744.0,499.82,324.0,379.9,3.03,213.0,100490.0
1990-09-11 13:00:00+00:00,30.47,34.6,846.0,847.47,149.0,381.85,3.45,218.0,100430.0
1990-09-11 14:00:00+00:00,30.8,33.4,771.0,845.87,135.0,385.1,3.66,217.0,100390.0
1990-09-11 15:00:00+00:00,30.68,32.25,621.0,762.5,138.0,384.95,3.79,217.0,100330.0
1990-09-11 16:00:00+00:00,30.19,33.3,447.0,705.0,112.0,381.25,3.66,218.0,100310.0
1990-09-11 17:00:00+00:00,29.14,35.45,245.0,566.2,82.0,375.65,3.31,224.0,100290.0
1990-09-11 18:00:00+00:00,27.78,38.95,50.0,249.06,29.0,367.7,2.69,231.0,100300.0
1990-09-11 19:00:00+00:00,25.71,49.2,0.0,0.0,0.0,355.9,2.41,236.0,100350.0
1990-09-11 20:00:00+00:00,24.09,56.15,0.0,0.0,0.0,349.3,2.28,237.0,100410.0
1990-09-11 21:00:00+00:00,22.73,62.05,0.0,0.0,0.0,345.05,2.07,231.0,100450.0
1990-09-11 22:00:00+00:00,21.61,66.25,0.0,0.0,0.0,342.15,1.93,229.0,100480.0
1990-09-11 23:00:00+00:00,20.75,73.3,0.0,0.0,0.0,340.8,1.72,229.0,100490.0
1990-09-12 00:00:00+00:00,20.06,75.75,0.0,0.0,0.0,340.0,1.52,226.0,100470.0
1990-09-12 01:00:00+00:00,19.33,78.35,0.0,0.0,0.0,340.7,1.24,226.0,100470.0
1990-09-12 02:00:00+00:00,18.64,86.75,0.0,0.0,0.0,340.6,1.03,232.0,100430.0
1990-09-12 03:00:00+00:00,18.47,86.75,0.0,0.0,0.0,343.9,0.9,214.0,100410.0
1990-09-12 04:00:00+00:00,18.03,89.75,0.0,0.0,0.0,349.3,1.03,185.0,100400.0
1990-09-12 05:00:00+00:00,17.94,89.75,0.0,0.0,0.0,354.75,1.31,182.0,100410.0
1990-09-12 06:00:00+00:00,18.05,89.75,0.0,0.0,0.0,358.2,1.45,200.0,100470.0
1990-09-12 07:00:00+00:00,18.75,86.75,27.0,0.0,27.0,362.5,0.97,199.0,100530.0
1990-09-12 08:00:00+00:00,20.33,75.85,162.0,17.01,155.0,366.55,1.17,215.0,100560.0
1990-09-12 09:00:00+00:00,21.91,66.35,480.0,435.5,227.0,369.45,1.17,215.0,100610.0
1990-09-12 10:00:00+00:00,23.99,56.15,409.0,88.27,346.0,370.2,1.38,215.0,100630.0
1990-09-12 11:00:00+00:00,26.1,44.45,636.0,338.32,365.0,370.4,1.38,198.0,100600.0
1990-09-12 12:00:00+00:00,27.43,37.6,521.0,120.7,420.0,377.75,1.59,226.0,100560.0
1990-09-12 13:00:00+00:00,28.86,32.9,807.0,736.67,204.0,378.35,2.0,237.0,100500.0
1990-09-12 14:00:00+00:00,29.52,28.75,751.0,803.86,150.0,378.55,2.48,238.0,100450.0
1990-09-12 15:00:00+00:00,30.28,26.9,620.0,780.78,129.0,373.5,3.1,243.0,100390.0
1990-09-12 16:00:00+00:00,30.29,26.9,440.0,697.44,112.0,366.35,3.59,245.0,100380.0
1990-09-12 17:00:00+00:00,29.5,27.75,237.0,551.71,81.0,363.85,3.79,240.0,100380.0
1990-09-12 18:00:00+00:00,27.85,33.8,47.0,240.42,28.0,359.75,3.66,227.0,100400.0
1990-09-12 19:00:00+00:00,25.13,49.05,0.0,0.0,0.0,356.85,4.0,223.0,100450.0
1990-09-12 20:00:00+00:00,23.32,58.1,0.0,0.0,0.0,352.0,3.59,218.0,100510.0
1990-09-12 21:00:00+00:00,22.33,64.2,0.0,0.0,0.0,348.75,3.03,210.0,100570.0
1990-09-12 22:00:00+00:00,21.74,71.0,0.0,0.0,0.0,349.5,2.62,208.0,100570.0
1990-09-12 23:00:00+00:00,21.37,71.0,0.0,0.0,0.0,353.4,2.28,215.0,100550.0
1990-09-13 00:00:00+00:00,21.06,70.9,0.0,0.0,0.0,355.9,2.07,223.0,100540.0
1990-09-13 01:00:00+00:00,20.78,70.8,0.0,0.0,0.0,359.1,2.0,227.0,100520.0
1990-09-13 02:00:00+00:00,20.5,68.4,0.0,0.0,0.0,363.05,2.0,231.0,100490.0
1990-09-13 03:00:00+00:00,20.16,65.95,0.0,0.0,0.0,360.95,2.07,230.0,100470.0
1990-09-13 04:00:00+00:00,19.69,68.2,0.0,0.0,0.0,354.95,2.14,228.0,100460.0
1990-09-13 05:00:00+00:00,19.21,68.1,0.0,0.0,0.0,349.5,2.28,233.0,100480.0
1990-09-13 06:00:00+00:00,18.55,70.45,0.0,0.0,0.0,334.6,2.34,239.0,100530.0
1990-09-13 07:00:00+00:00,18.17,72.9,163.0,438.0,69.0,322.6,2.48,250.0,100650.0
1990-09-13 08:00:00+00:00,19.17,63.5,337.0,474.45,143.0,319.7,2.83,269.0,100690.0
1990-09-13 09:00:00+00:00,20.77,53.5,551.0,709.21,141.0,324.15,2.62,273.0,100720.0
1990-09-13 10:00:00+00:00,22.58,42.1,719.0,820.28,136.0,329.55,2.76,273.0,100740.0
1990-09-13 11:00:00+00:00,24.25,35.4,815.0,828.61,154.0,334.2,2.9,268.0,100720.0
1990-09-13 12:00:00+00:00,25.63,30.95,862.0,855.79,149.0,338.65,3.17,260.0,100670.0
1990-09-13 13:00:00+00:00,26.71,29.05,841.0,849.5,149.0,341.55,3.52,254.0,100600.0
1990-09-13 14:00:00+00:00,27.36,27.25,760.0,836.77,138.0,343.3,3.93,254.0,100540.0
1990-09-13 15:00:00+00:00,27.59,28.25,617.0,776.97,132.0,344.1,4.21,255.0,100500.0
1990-09-13 16:00:00+00:00,27.38,29.3,438.0,704.82,110.0,343.7,4.28,254.0,100490.0
1990-09-13 17:00:00+00:00,26.67,33.55,227.0,500.72,88.0,344.65,4.28,247.0,100500.0
1990-09-13 18:00:00+00:00,25.17,41.15,44.0,257.74,25.0,344.65,4.0,232.0,100530.0
1990-09-13 19:00:00+00:00,22.55,59.95,0.0,0.0,0.0,351.45,4.21,219.0,100580.0
1990-09-13 20:00:00+00:00,21.14,68.5,0.0,0.0,0.0,346.2,3.66,217.0,100640.0
1990-09-13 21:00:00+00:00,20.67,73.3,0.0,0.0,0.0,345.25,3.17,219.0,100730.0
1990-09-13 22:00:00+00:00,20.57,73.3,0.0,0.0,0.0,347.2,2.76,223.0,100730.0
1990-09-13 23:00:00+00:00,20.49,70.8,0.0,0.0,0.0,348.35,2.28,232.0,100740.0
1990-09-14 00:00:00+00:00,20.23,73.2,0.0,0.0,0.0,344.65,2.21,244.0,100720.0
1990-09-14 01:00:00+00:00,19.88,70.7,0.0,0.0,0.0,342.45,2.28,251.0,100780.0
1990-09-14 02:00:00+00:00,19.53,73.15,0.0,0.0,0.0,344.5,2.14,255.0,100760.0
1990-09-14 03:00:00+00:00,19.24,75.65,0.0,0.0,0.0,346.6,2.0,252.0,100740.0
1990-09-14 04:00:00+00:00,18.91,75.65,0.0,0.0,0.0,346.2,1.86,241.0,100720.0
1990-09-14 05:00:00+00:00,18.64,81.0,0.0,0.0,0.0,347.0,1.79,233.0,100740.0
1990-09-14 06:00:00+00:00,18.31,81.0,0.0,0.0,0.0,343.7,1.79,231.0,100750.0
1990-09-14 07:00:00+00:00,18.91,78.3,106.0,89.67,87.0,351.25,1.31,238.0,100800.0
1990-09-14 08:00:00+00:00,20.89,68.5,217.0,83.71,183.0,344.1,1.72,270.0,100830.0
1990-09-14 09:00:00+00:00,22.58,55.9,431.0,300.74,258.0,349.1,1.86,287.0,100840.0
1990-09-14 10:00:00+00:00,24.17,48.8,708.0,802.64,140.0,351.05,2.14,283.0,100850.0
1990-09-14 11:00:00+00:00,25.55,41.25,715.0,537.52,288.0,355.5,2.48,271.0,100830.0
1990-09-14 12:00:00+00:00,26.49,36.05,803.0,688.37,232.0,366.55,2.97,257.0,100760.0
1990-09-14 13:00:00+00:00,27.46,32.65,814.0,783.37,179.0,361.9,3.45,250.0,100680.0
1990-09-14 14:00:00+00:00,28.13,30.5,740.0,790.27,156.0,361.1,3.93,248.0,100640.0
1990-09-14 15:00:00+00:00,28.12,29.4,605.0,757.01,136.0,359.95,4.28,247.0,100560.0
1990-09-14 16:00:00+00:00,27.67,30.35,421.0,649.43,122.0,355.5,4.41,246.0,100540.0
1990-09-14 17:00:00+00:00,26.81,32.35,229.0,550.63,79.0,350.85,4.34,245.0,100530.0
1990-09-14 18:00:00+00:00,25.38,37.1,37.0,190.1,24.0,346.0,3.86,235.0,100540.0
1990-09-14 19:00:00+00:00,23.54,48.8,0.0,0.0,0.0,344.1,3.93,230.0,100560.0
1990-09-14 20:00:00+00:00,21.72,59.7,0.0,0.0,0.0,339.65,3.79,229.0,100590.0
1990-09-14 21:00:00+00:00,20.53,68.4,0.0,0.0,0.0,337.7,3.24,227.0,100650.0
1990-09-14 22:00:00+00:00,19.7,75.7,0.0,0.0,0.0,331.3,2.83,219.0,100640.0
1990-09-14 23:00:00+00:00,19.08,78.3,0.0,0.0,0.0,328.4,2.62,208.0,100620.0
1990-09-15 00:00:00+00:00,18.61,81.0,0.0,0.0,0.0,327.45,2.41,200.0,100590.0
1990-09-15 01:00:00+00:00,18.27,81.0,0.0,0.0,0.0,327.35,2.28,195.0,100580.0
1990-09-15 02:00:00+00:00,17.88,83.75,0.0,0.0,0.0,326.1,2.0,196.0,100550.0
1990-09-15 03:00:00+00:00,17.45,86.65,0.0,0.0,0.0,323.75,1.79,200.0,100510.0
1990-09-15 04:00:00+00:00,17.02,89.65,0.0,0.0,0.0,323.4,1.79,199.0,100490.0
1990-09-15 05:00:00+00:00,16.63,89.65,0.0,0.0,0.0,322.05,1.86,206.0,100470.0
1990-09-15 06:00:00+00:00,16.29,86.55,0.0,0.0,0.0,320.5,1.79,225.0,100510.0
1990-09-15 07:00:00+00:00,16.84,83.65,159.0,449.4,65.0,321.85,1.66,218.0,100570.0
1990-09-15 08:00:00+00:00,19.07,63.5,353.0,599.94,111.0,324.75,2.14,237.0,100570.0
1990-09-15 09:00:00+00:00,21.14,49.95,539.0,697.14,140.0,329.55,2.48,244.0,100610.0
1990-09-15 10:00:00+00:00,22.94,39.3,701.0,796.25,140.0,335.2,3.17,242.0,100570.0
1990-09-15 11:00:00+00:00,24.36,34.25,799.0,815.43,154.0,338.3,3.59,239.0,100560.0
1990-09-15 12:00:00+00:00,25.47,29.85,837.0,812.56,166.0,340.8,4.0,239.0,100510.0
1990-09-15 13:00:00+00:00,26.17,28.9,810.0,792.27,171.0,342.75,4.55,238.0,100450.0
1990-09-15 14:00:00+00:00,26.3,31.1,679.0,605.78,234.0,347.0,5.03,237.0,100380.0
1990-09-15 15:00:00+00:00,25.85,34.65,558.0,592.04,194.0,350.5,5.45,240.0,100360.0
1990-09-15 16:00:00+00:00,25.07,41.15,320.0,252.52,205.0,357.45,5.45,240.0,100350.0
1990-09-15 17:00:00+00:00,23.85,47.15,175.0,235.78,112.0,366.35,5.38,233.0,100360.0
1990-09-15 18:00:00+00:00,22.28,55.8,25.0,63.46,21.0,361.3,5.17,230.0,100360.0
1990-09-15 19:00:00+00:00,20.94,63.9,0.0,0.0,0.0,356.85,4.48,231.0,100360.0
1990-09-15 20:00:00+00:00,20.32,66.05,0.0,0.0,0.0,352.2,4.0,227.0,100380.0
1990-09-15 21:00:00+00:00,19.89,70.7,0.0,0.0,0.0,350.3,3.59,223.0,100400.0
1990-09-15 22:00:00+00:00,19.62,75.7,0.0,0.0,0.0,353.95,3.38,219.0,100380.0
1990-09-15 23:00:00+00:00,19.49,75.7,0.0,0.0,0.0,361.7,3.31,217.0,100320.0
1990-09-16 00:00:00+00:00,19.24,78.3,0.0,0.0,0.0,352.2,3.24,216.0,100310.0
1990-09-16 01:00:00+00:00,19.05,78.3,0.0,0.0,0.0,351.15,3.24,212.0,100260.0
1990-09-16 02:00:00+00:00,19.08,78.3,0.0,0.0,0.0,361.3,3.31,208.0,100210.0
1990-09-16 03:00:00+00:00,19.33,78.35,0.0,0.0,0.0,378.75,3.31,207.0,100160.0
1990-09-16 04:00:00+00:00,19.67,78.35,0.0,0.0,0.0,393.65,3.66,210.0,100130.0
1990-09-16 05:00:00+00:00,19.85,78.45,0.0,0.0,0.0,390.15,3.86,214.0,100120.0
1990-09-16 06:00:00+00:00,20.02,78.45,0.0,0.0,0.0,393.45,4.0,215.0,100130.0
1990-09-16 07:00:00+00:00,20.66,78.5,151.0,411.78,66.0,382.4,3.72,212.0,100150.0
1990-09-16 08:00:00+00:00,21.22,75.95,318.0,444.36,140.0,389.55,5.72,216.0,100140.0
1990-09-16 09:00:00+00:00,22.56,66.45,244.0,22.83,231.0,388.2,6.34,222.0,100160.0
1990-09-16 10:00:00+00:00,23.58,58.1,214.0,0.0,214.0,405.65,6.69,224.0,100150.0
1990-09-16 11:00:00+00:00,24.01,58.1,359.0,25.39,339.0,406.2,6.83,226.0,100150.0
1990-09-16 12:00:00+00:00,24.39,56.25,391.0,31.63,365.0,415.1,7.31,228.0,100110.0
1990-09-16 13:00:00+00:00,24.25,58.1,299.0,4.98,295.0,419.55,7.66,228.0,100090.0
1990-09-16 14:00:00+00:00,24.18,58.1,329.0,24.65,311.0,418.6,7.59,228.0,100070.0
1990-09-16 15:00:00+00:00,23.89,58.1,223.0,6.56,219.0,419.95,7.24,228.0,100040.0
1990-09-16 16:00:00+00:00,23.69,60.15,183.0,19.98,174.0,418.0,7.17,228.0,100000.0
1990-09-16 17:00:00+00:00,23.35,60.15,155.0,164.15,112.0,418.0,6.76,226.0,100000.0
1990-09-16 18:00:00+00:00,22.73,68.75,21.0,52.02,18.0,414.35,5.86,223.0,99990.0
1990-09-16 19:00:00+00:00,21.86,73.55,0.0,0.0,0.0,416.65,5.31,222.0,100000.0
1990-09-16 20:00:00+00:00,20.68,89.9,0.0,0.0,0.0,413.2,4.97,236.0,100060.0
1990-09-16 21:00:00+00:00,20.24,92.95,0.0,0.0,0.0,412.4,3.59,245.0,100130.0
1990-09-16 22:00:00+00:00,20.07,89.85,0.0,0.0,0.0,409.9,2.97,250.0,100190.0
1990-09-16 23:00:00+00:00,19.64,89.85,0.0,0.0,0.0,396.15,2.9,261.0,100230.0
1990-09-17 00:00:00+00:00,19.09,86.8,0.0,0.0,0.0,385.7,2.83,277.0,100270.0
1990-09-17 01:00:00+00:00,18.22,86.7,0.0,0.0,0.0,352.15,2.28,288.0,100320.0
1990-09-17 02:00:00+00:00,17.39,86.65,0.0,0.0,0.0,337.3,1.79,285.0,100330.0
1990-09-17 03:00:00+00:00,16.63,89.65,0.0,0.0,0.0,327.05,1.86,289.0,100330.0
1990-09-17 04:00:00+00:00,15.88,86.5,0.0,0.0,0.0,317.0,1.93,298.0,100360.0
1990-09-17 05:00:00+00:00,15.29,89.55,0.0,0.0,0.0,310.8,1.93,308.0,100400.0
1990-09-17 06:00:00+00:00,14.69,92.7,0.0,0.0,0.0,301.5,1.86,317.0,100450.0
1990-09-17 07:00:00+00:00,14.63,92.7,162.0,495.94,61.0,298.2,1.38,326.0,100560.0
1990-09-17 08:00:00+00:00,17.01,78.0,373.0,698.93,95.0,302.3,1.59,344.0,100620.0
1990-09-17 09:00:00+00:00,18.88,61.3,563.0,785.62,118.0,311.0,2.14,5.0,100670.0
1990-09-17 10:00:00+00:00,20.64,48.05,725.0,857.92,126.0,315.45,2.07,6.0,100710.0
1990-09-17 11:00:00+00:00,22.31,37.75,826.0,880.01,136.0,322.6,1.86,357.0,100720.0
1990-09-17 12:00:00+00:00,23.64,32.9,864.0,881.18,143.0,322.8,1.72,346.0,100670.0
1990-09-17 13:00:00+00:00,24.73,29.55,844.0,886.89,136.0,326.65,1.72,335.0,100620.0
1990-09-17 14:00:00+00:00,25.52,26.7,756.0,861.28,131.0,328.6,1.86,329.0,100560.0
1990-09-17 15:00:00+00:00,25.95,25.85,612.0,809.57,122.0,330.75,1.93,327.0,100530.0
1990-09-17 16:00:00+00:00,26.01,24.9,426.0,723.09,104.0,330.95,1.86,329.0,100510.0
1990-09-17 17:00:00+00:00,25.69,25.75,223.0,588.23,72.0,330.35,1.79,331.0,100520.0
1990-09-17 18:00:00+00:00,25.05,26.6,29.0,229.47,17.0,328.4,1.24,320.0,100550.0
1990-09-17 19:00:00+00:00,23.57,30.55,0.0,0.0,0.0,324.75,1.38,332.0,100580.0
1990-09-17 20:00:00+00:00,21.75,34.85,0.0,0.0,0.0,322.0,1.59,330.0,100630.0
1990-09-17 21:00:00+00:00,20.03,38.5,0.0,0.0,0.0,318.95,1.93,342.0,100710.0
1990-09-17 22:00:00+00:00,19.19,41.15,0.0,0.0,0.0,316.4,2.41,0.0,100720.0
1990-09-17 23:00:00+00:00,18.83,41.15,0.0,0.0,0.0,313.3,2.76,11.0,100740.0
1990-09-18 00:00:00+00:00,18.48,42.6,0.0,0.0,0.0,311.2,2.83,15.0,100740.0
1990-09-18 01:00:00+00:00,18.06,44.05,0.0,0.0,0.0,308.8,2.76,17.0,100750.0
1990-09-18 02:00:00+00:00,17.61,45.55,0.0,0.0,0.0,305.55,2.62,19.0,100710.0
1990-09-18 03:00:00+00:00,17.19,47.15,0.0,0.0,0.0,305.2,2.48,21.0,100700.0
1990-09-18 04:00:00+00:00,16.81,47.15,0.0,0.0,0.0,305.95,2.41,24.0,100690.0
1990-09-18 05:00:00+00:00,16.44,48.8,0.0,0.0,0.0,305.55,2.34,25.0,100700.0
1990-09-18 06:00:00+00:00,16.06,52.4,0.0,0.0,0.0,302.5,2.34,26.0,100730.0
1990-09-18 07:00:00+00:00,16.2,54.35,161.0,507.79,59.0,300.55,2.41,36.0,100810.0
1990-09-18 08:00:00+00:00,18.85,44.3,370.0,696.39,95.0,306.55,2.76,37.0,100870.0
1990-09-18 09:00:00+00:00,21.58,36.15,551.0,741.9,133.0,311.2,3.72,44.0,100870.0
1990-09-18 10:00:00+00:00,23.89,29.45,714.0,828.82,138.0,318.95,4.0,52.0,100890.0
1990-09-18 11:00:00+00:00,25.91,24.9,813.0,848.11,151.0,324.15,3.79,56.0,100830.0
1990-09-18 12:00:00+00:00,27.51,21.8,855.0,859.56,155.0,329.95,3.1,65.0,100800.0
1990-09-18 13:00:00+00:00,28.65,19.7,835.0,868.9,145.0,333.85,2.34,71.0,100720.0
1990-09-18 14:00:00+00:00,29.42,18.5,748.0,843.12,140.0,338.85,1.66,74.0,100640.0
1990-09-18 15:00:00+00:00,29.78,19.25,607.0,804.43,124.0,343.5,1.17,73.0,100580.0
1990-09-18 16:00:00+00:00,29.81,19.95,421.0,715.55,106.0,346.6,0.76,65.0,100540.0
1990-09-18 17:00:00+00:00,29.46,20.7,216.0,568.76,73.0,348.75,0.55,44.0,100550.0
1990-09-18 18:00:00+00:00,28.65,23.75,24.0,170.55,16.0,348.75,0.62,344.0,100590.0
1990-09-18 19:00:00+00:00,26.99,29.15,0.0,0.0,0.0,347.2,0.48,333.0,100630.0
1990-09-18 20:00:00+00:00,25.19,31.95,0.0,0.0,0.0,347.2,0.62,175.0,100680.0
1990-09-18 21:00:00+00:00,21.7,44.95,0.0,0.0,0.0,348.15,1.59,160.0,100780.0
1990-09-18 22:00:00+00:00,20.53,53.5,0.0,0.0,0.0,347.95,1.79,161.0,100820.0
1990-09-18 23:00:00+00:00,19.84,61.5,0.0,0.0,0.0,346.4,1.38,170.0,100830.0
1990-09-19 00:00:00+00:00,21.31,57.65,0.0,0.0,0.0,344.1,0.28,181.0,100860.0
1990-09-19 01:00:00+00:00,18.38,72.95,0.0,0.0,0.0,342.65,1.38,359.0,100880.0
1990-09-19 02:00:00+00:00,17.69,78.1,0.0,0.0,0.0,341.75,1.72,10.0,100890.0
1990-09-19 03:00:00+00:00,17.51,78.1,0.0,0.0,0.0,340.8,1.86,21.0,100870.0
1990-09-19 04:00:00+00:00,17.43,78.1,0.0,0.0,0.0,339.65,2.0,31.0,100860.0
1990-09-19 05:00:00+00:00,17.42,78.1,0.0,0.0,0.0,337.7,2.14,41.0,100890.0
1990-09-19 06:00:00+00:00,17.49,80.85,0.0,0.0,0.0,336.95,2.21,49.0,100930.0
1990-09-19 07:00:00+00:00,18.46,78.25,149.0,439.25,62.0,337.3,2.28,51.0,101030.0
1990-09-19 08:00:00+00:00,21.26,68.5,355.0,658.15,97.0,341.0,2.76,56.0,101090.0
1990-09-19 09:00:00+00:00,24.1,56.15,532.0,710.24,134.0,349.7,3.03,62.0,101120.0
1990-09-19 10:00:00+00:00,26.48,44.55,698.0,819.74,131.0,359.75,3.03,69.0,101110.0
1990-09-19 11:00:00+00:00,28.39,39.25,797.0,843.0,142.0,370.0,2.97,81.0,101110.0
1990-09-19 12:00:00+00:00,29.85,36.85,797.0,725.5,209.0,379.3,2.83,94.0,101090.0
1990-09-19 13:00:00+00:00,31.0,33.55,691.0,479.83,312.0,389.0,2.48,101.0,101000.0
1990-09-19 14:00:00+00:00,32.07,30.45,496.0,199.56,353.0,400.4,2.14,113.0,100930.0
1990-09-19 15:00:00+00:00,32.8,28.5,468.0,349.25,260.0,399.25,2.07,130.0,100860.0
1990-09-19 16:00:00+00:00,32.3,30.45,275.0,165.48,203.0,409.1,2.62,140.0,100850.0
1990-09-19 17:00:00+00:00,31.18,35.95,157.0,211.27,105.0,407.55,3.38,146.0,100890.0
1990-09-19 18:00:00+00:00,29.27,42.2,18.0,96.35,14.0,388.8,3.45,151.0,100950.0
1990-09-19 19:00:00+00:00,27.67,46.4,0.0,0.0,0.0,389.0,2.97,159.0,100990.0
1990-09-19 20:00:00+00:00,26.0,51.05,0.0,0.0,0.0,379.3,2.41,155.0,101090.0
1990-09-19 21:00:00+00:00,24.79,58.2,0.0,0.0,0.0,371.0,1.59,151.0,101150.0
1990-09-19 22:00:00+00:00,24.01,62.25,0.0,0.0,0.0,364.0,0.55,122.0,101220.0
1990-09-19 23:00:00+00:00,22.6,64.2,0.0,0.0,0.0,360.55,1.03,25.0,101160.0
1990-09-20 00:00:00+00:00,21.12,70.9,0.0,0.0,0.0,357.85,1.66,17.0,101160.0
1990-09-20 01:00:00+00:00,20.62,73.3,0.0,0.0,0.0,355.6,1.93,23.0,101150.0
1990-09-20 02:00:00+00:00,20.37,73.3,0.0,0.0,0.0,353.2,2.07,31.0,101120.0
1990-09-20 03:00:00+00:00,20.19,73.2,0.0,0.0,0.0,350.85,2.21,38.0,101070.0
1990-09-20 04:00:00+00:00,20.0,73.2,0.0,0.0,0.0,348.55,2.21,44.0,101060.0
1990-09-20 05:00:00+00:00,19.79,73.2,0.0,0.0,0.0,346.2,2.28,51.0,101080.0
1990-09-20 06:00:00+00:00,19.53,75.7,0.0,0.0,0.0,344.1,2.21,58.0,101120.0
1990-09-20 07:00:00+00:00,19.96,70.7,144.0,414.88,63.0,342.15,2.07,53.0,101200.0
1990-09-20 08:00:00+00:00,22.44,57.9,348.0,639.95,99.0,344.5,2.34,59.0,101240.0
1990-09-20 09:00:00+00:00,24.82,50.7,526.0,703.41,134.0,351.65,2.07,65.0,101250.0
1990-09-20 10:00:00+00:00,26.94,41.65,684.0,791.74,139.0,359.55,1.45,62.0,101250.0
1990-09-20 11:00:00+00:00,28.87,36.6,785.0,824.96,147.0,368.3,0.97,55.0,101230.0
1990-09-20 12:00:00+00:00,30.41,31.15,825.0,838.16,149.0,375.85,0.55,62.0,101180.0
1990-09-20 13:00:00+00:00,31.51,29.3,809.0,854.14,138.0,382.4,0.14,172.0,101100.0
1990-09-20 14:00:00+00:00,32.27,27.4,718.0,816.07,137.0,386.45,0.76,230.0,101040.0
1990-09-20 15:00:00+00:00,32.66,26.55,577.0,761.87,127.0,387.25,1.24,242.0,100980.0
1990-09-20 16:00:00+00:00,32.67,26.55,399.0,688.44,103.0,387.25,1.66,246.0,100960.0
1990-09-20 17:00:00+00:00,32.13,28.4,168.0,303.13,95.0,384.75,2.14,243.0,100960.0
1990-09-20 18:00:00+00:00,30.66,32.25,10.0,0.0,10.0,379.7,2.41,236.0,100960.0
1990-09-20 19:00:00+00:00,28.66,40.65,0.0,0.0,0.0,380.1,2.69,237.0,100940.0
1990-09-20 20:00:00+00:00,26.9,47.9,0.0,0.0,0.0,376.4,3.1,244.0,100980.0
1990-09-20 21:00:00+00:00,25.41,56.5,0.0,0.0,0.0,372.75,2.9,252.0,101020.0
1990-09-20 22:00:00+00:00,24.32,64.4,0.0,0.0,0.0,370.0,2.48,257.0,101080.0
1990-09-20 23:00:00+00:00,23.44,64.4,0.0,0.0,0.0,368.3,2.28,256.0,101070.0
1990-09-21 00:00:00+00:00,22.76,68.75,0.0,0.0,0.0,367.3,2.14,268.0,101050.0
1990-09-21 01:00:00+00:00,22.24,73.55,0.0,0.0,0.0,367.6,1.93,278.0,101020.0
1990-09-21 02:00:00+00:00,21.82,73.55,0.0,0.0,0.0,370.0,1.52,281.0,100980.0
1990-09-21 03:00:00+00:00,21.16,78.55,0.0,0.0,0.0,366.75,1.1,273.0,100940.0
1990-09-21 04:00:00+00:00,20.84,78.55,0.0,0.0,0.0,366.55,0.83,230.0,100910.0
1990-09-21 05:00:00+00:00,20.29,81.2,0.0,0.0,0.0,365.4,0.97,200.0,100900.0
1990-09-21 06:00:00+00:00,19.84,83.95,0.0,0.0,0.0,363.85,1.03,200.0,100940.0
1990-09-21 07:00:00+00:00,20.11,86.85,107.0,155.93,77.0,358.6,1.17,200.0,100980.0
1990-09-21 08:00:00+00:00,23.23,68.85,273.0,287.45,162.0,363.45,1.24,220.0,100980.0
1990-09-21 09:00:00+00:00,25.77,56.5,292.0,68.57,254.0,368.65,1.45,234.0,101010.0
1990-09-21 10:00:00+00:00,28.13,44.95,444.0,162.05,333.0,379.5,1.86,242.0,101010.0
1990-09-21 11:00:00+00:00,30.05,39.65,727.0,657.39,221.0,398.3,2.28,247.0,101000.0
1990-09-21 12:00:00+00:00,31.44,34.9,812.0,824.88,150.0,401.95,2.62,249.0,100940.0
1990-09-21 13:00:00+00:00,32.48,31.65,796.0,840.95,139.0,399.25,3.03,250.0,100860.0
1990-09-21 14:00:00+00:00,33.17,29.65,701.0,790.32,142.0,400.2,3.31,249.0,100800.0
1990-09-21 15:00:00+00:00,33.37,28.65,561.0,735.84,130.0,400.0,3.52,248.0,100760.0
1990-09-21 16:00:00+00:00,33.07,27.65,335.0,404.9,163.0,397.9,3.72,245.0,100720.0
1990-09-21 17:00:00+00:00,32.09,30.45,185.0,471.35,74.0,391.1,3.93,240.0,100720.0
1990-09-21 18:00:00+00:00,30.23,35.7,10.0,0.0,10.0,384.95,3.72,232.0,100730.0
1990-09-21 19:00:00+00:00,27.31,47.9,0.0,0.0,0.0,379.3,3.52,234.0,100760.0
1990-09-21 20:00:00+00:00,25.45,54.55,0.0,0.0,0.0,369.05,3.24,237.0,100790.0
1990-09-21 21:00:00+00:00,24.15,60.15,0.0,0.0,0.0,361.1,2.76,233.0,100830.0
1990-09-21 22:00:00+00:00,23.27,62.15,0.0,0.0,0.0,355.7,2.34,226.0,100840.0
1990-09-21 23:00:00+00:00,22.59,64.2,0.0,0.0,0.0,351.45,2.07,216.0,100800.0
1990-09-22 00:00:00+00:00,22.01,66.35,0.0,0.0,0.0,347.55,1.86,208.0,100800.0
1990-09-22 01:00:00+00:00,21.3,68.6,0.0,0.0,0.0,344.4,1.59,202.0,100790.0
1990-09-22 02:00:00+00:00,20.37,70.8,0.0,0.0,0.0,342.95,1.31,196.0,100770.0
1990-09-22 03:00:00+00:00,19.65,75.7,0.0,0.0,0.0,341.2,1.24,192.0,100740.0
1990-09-22 04:00:00+00:00,19.13,78.3,0.0,0.0,0.0,339.85,1.31,196.0,100720.0
1990-09-22 05:00:00+00:00,18.93,78.3,0.0,0.0,0.0,339.25,1.17,204.0,100720.0
1990-09-22 06:00:00+00:00,18.77,78.3,0.0,0.0,0.0,338.1,1.1,216.0,100750.0
1990-09-22 07:00:00+00:00,18.92,81.05,145.0,453.77,59.0,338.3,0.9,218.0,100790.0
1990-09-22 08:00:00+00:00,22.07,64.1,336.0,576.76,115.0,341.2,1.03,229.0,100800.0
1990-09-22 09:00:00+00:00,25.15,45.75,529.0,711.42,137.0,348.35,1.45,247.0,100820.0
1990-09-22 10:00:00+00:00,27.7,32.65,688.0,799.6,143.0,356.1,1.79,251.0,100830.0
1990-09-22 11:00:00+00:00,29.79,25.8,784.0,817.23,158.0,361.5,2.55,255.0,100810.0
1990-09-22 12:00:00+00:00,31.35,21.85,828.0,844.07,154.0,364.6,3.31,257.0,100740.0
1990-09-22 13:00:00+00:00,32.4,19.1,807.0,852.11,145.0,365.4,3.93,260.0,100650.0
1990-09-22 14:00:00+00:00,33.0,16.65,719.0,825.48,139.0,364.4,4.34,262.0,100560.0
1990-09-22 15:00:00+00:00,33.09,16.05,575.0,773.12,126.0,362.5,4.55,263.0,100510.0
1990-09-22 16:00:00+00:00,32.61,16.55,392.0,681.57,106.0,359.2,4.62,263.0,100480.0
1990-09-22 17:00:00+00:00,31.51,17.6,190.0,521.36,70.0,354.95,4.34,261.0,100490.0
1990-09-22 18:00:00+00:00,29.53,22.3,8.0,0.0,8.0,349.9,3.59,249.0,100520.0
1990-09-22 19:00:00+00:00,26.82,33.55,0.0,0.0,0.0,344.85,3.66,239.0,100550.0
1990-09-22 20:00:00+00:00,24.99,41.15,0.0,0.0,0.0,339.65,3.17,238.0,100620.0
1990-09-22 21:00:00+00:00,23.8,45.5,0.0,0.0,0.0,335.4,2.55,240.0,100660.0
1990-09-22 22:00:00+00:00,22.95,45.35,0.0,0.0,0.0,331.1,2.07,249.0,100680.0
1990-09-22 23:00:00+00:00,22.02,45.1,0.0,0.0,0.0,327.05,1.66,265.0,100650.0
1990-09-23 00:00:00+00:00,20.52,46.35,0.0,0.0,0.0,323.2,1.52,270.0,100630.0
1990-09-23 01:00:00+00:00,19.56,46.1,0.0,0.0,0.0,319.6,1.38,274.0,100620.0
1990-09-23 02:00:00+00:00,19.09,47.65,0.0,0.0,0.0,316.6,1.24,275.0,100570.0
1990-09-23 03:00:00+00:00,18.39,49.3,0.0,0.0,0.0,313.7,1.24,278.0,100520.0
1990-09-23 04:00:00+00:00,17.84,52.9,0.0,0.0,0.0,311.2,1.24,297.0,100500.0
1990-09-23 05:00:00+00:00,17.1,56.6,0.0,0.0,0.0,309.05,1.31,320.0,100510.0
1990-09-23 06:00:00+00:00,16.73,60.75,0.0,0.0,0.0,307.7,1.31,338.0,100570.0
1990-09-23 07:00:00+00:00,17.41,60.95,140.0,428.65,60.0,308.65,0.83,358.0,100620.0
1990-09-23 08:00:00+00:00,19.98,51.5,348.0,660.23,97.0,312.55,0.76,31.0,100650.0
1990-09-23 09:00:00+00:00,23.12,40.75,525.0,702.79,140.0,321.05,1.1,58.0,100690.0
1990-09-23 10:00:00+00:00,25.5,34.5,688.0,805.15,142.0,331.1,0.83,85.0,100720.0
1990-09-23 11:00:00+00:00,27.48,29.3,780.0,805.5,166.0,340.4,0.21,163.0,100700.0
1990-09-23 12:00:00+00:00,29.14,25.7,833.0,863.5,147.0,347.75,0.69,254.0,100680.0
1990-09-23 13:00:00+00:00,30.4,22.55,798.0,827.19,159.0,353.55,1.17,269.0,100590.0
1990-09-23 14:00:00+00:00,31.28,21.05,538.0,292.3,334.0,357.85,1.52,265.0,100520.0
1990-09-23 15:00:00+00:00,31.67,20.45,542.0,642.61,172.0,360.35,1.93,255.0,100470.0
1990-09-23 16:00:00+00:00,31.51,21.2,388.0,685.3,104.0,360.95,2.41,246.0,100470.0
1990-09-23 17:00:00+00:00,30.45,24.25,185.0,515.95,69.0,359.55,3.17,236.0,100470.0
1990-09-23 18:00:00+00:00,28.1,32.75,0.0,0.0,0.0,356.1,3.66,228.0,100520.0
1990-09-23 19:00:00+00:00,25.64,45.9,0.0,0.0,0.0,354.15,3.59,224.0,100590.0
1990-09-23 20:00:00+00:00,23.64,54.2,0.0,0.0,0.0,348.75,3.1,221.0,100630.0
1990-09-23 21:00:00+00:00,22.35,59.95,0.0,0.0,0.0,344.5,2.76,213.0,100690.0
1990-09-23 22:00:00+00:00,21.36,66.25,0.0,0.0,0.0,341.95,2.62,205.0,100690.0
1990-09-23 23:00:00+00:00,20.52,70.8,0.0,0.0,0.0,339.65,2.62,200.0,100710.0
1990-09-24 00:00:00+00:00,19.84,75.75,0.0,0.0,0.0,340.0,2.69,195.0,100730.0
1990-09-24 01:00:00+00:00,19.26,83.85,0.0,0.0,0.0,339.15,2.55,190.0,100710.0
1990-09-24 02:00:00+00:00,18.85,83.85,0.0,0.0,0.0,337.5,2.34,188.0,100700.0
1990-09-24 03:00:00+00:00,18.5,86.75,0.0,0.0,0.0,334.8,2.21,187.0,100650.0
1990-09-24 04:00:00+00:00,18.24,89.75,0.0,0.0,0.0,333.05,1.79,186.0,100670.0
1990-09-24 05:00:00+00:00,17.93,89.75,0.0,0.0,0.0,336.35,1.45,182.0,100710.0
1990-09-24 06:00:00+00:00,17.96,92.85,0.0,0.0,0.0,360.75,1.17,175.0,100780.0
1990-09-24 07:00:00+00:00,17.61,92.85,131.0,370.13,63.0,343.7,0.62,98.0,100850.0
1990-09-24 08:00:00+00:00,19.52,81.1,320.0,535.61,118.0,354.55,0.69,167.0,100910.0
1990-09-24 09:00:00+00:00,21.61,68.6,493.0,604.13,164.0,365.75,1.24,201.0,100960.0
1990-09-24 10:00:00+00:00,23.64,58.1,676.0,803.38,134.0,368.3,1.31,206.0,100980.0
1990-09-24 11:00:00+00:00,25.76,50.95,768.0,813.48,151.0,358.0,1.24,204.0,100950.0
1990-09-24 12:00:00+00:00,27.64,43.3,802.0,809.8,162.0,365.4,1.38,206.0,100920.0
1990-09-24 13:00:00+00:00,29.01,36.7,789.0,843.7,141.0,371.55,1.52,214.0,100850.0
1990-09-24 14:00:00+00:00,29.84,35.6,674.0,717.0,177.0,376.2,1.59,223.0,100780.0
1990-09-24 15:00:00+00:00,30.11,33.3,558.0,758.62,125.0,383.55,1.66,232.0,100730.0
1990-09-24 16:00:00+00:00,29.93,33.3,371.0,642.7,108.0,380.65,1.93,239.0,100700.0
1990-09-24 17:00:00+00:00,29.16,36.7,170.0,441.94,73.0,380.1,2.48,244.0,100690.0
1990-09-24 18:00:00+00:00,27.52,43.3,0.0,0.0,0.0,372.35,2.83,243.0,100740.0
1990-09-24 19:00:00+00:00,24.66,56.25,0.0,0.0,0.0,365.4,3.17,244.0,100830.0
1990-09-24 20:00:00+00:00,23.12,60.05,0.0,0.0,0.0,359.2,2.83,242.0,100870.0
1990-09-24 21:00:00+00:00,22.01,66.35,0.0,0.0,0.0,354.55,2.41,233.0,100940.0
1990-09-24 22:00:00+00:00,21.11,70.9,0.0,0.0,0.0,351.45,2.21,225.0,100960.0
1990-09-24 23:00:00+00:00,20.41,73.3,0.0,0.0,0.0,348.55,1.86,225.0,100990.0
1990-09-25 00:00:00+00:00,19.83,75.75,0.0,0.0,0.0,346.2,1.59,229.0,100970.0
1990-09-25 01:00:00+00:00,19.24,81.05,0.0,0.0,0.0,343.6,1.38,236.0,100960.0
1990-09-25 02:00:00+00:00,18.52,86.75,0.0,0.0,0.0,341.95,1.1,232.0,100930.0
1990-09-25 03:00:00+00:00,18.07,89.75,0.0,0.0,0.0,339.05,0.83,225.0,100880.0
1990-09-25 04:00:00+00:00,18.62,86.75,0.0,0.0,0.0,341.55,0.41,235.0,100880.0
1990-09-25 05:00:00+00:00,18.4,86.75,0.0,0.0,0.0,341.4,0.21,288.0,100900.0
1990-09-25 06:00:00+00:00,18.19,89.75,0.0,0.0,0.0,338.85,0.28,332.0,100940.0
1990-09-25 07:00:00+00:00,18.31,86.75,87.0,82.97,72.0,344.65,0.34,358.0,100960.0
1990-09-25 08:00:00+00:00,20.11,75.75,203.0,96.24,167.0,343.7,0.28,340.0,101030.0
1990-09-25 09:00:00+00:00,22.25,66.35,171.0,1.85,170.0,358.8,0.14,283.0,101020.0
1990-09-25 10:00:00+00:00,24.2,60.15,364.0,68.54,318.0,364.0,0.21,238.0,101050.0
1990-09-25 11:00:00+00:00,26.07,51.05,766.0,822.92,145.0,365.0,0.28,215.0,100990.0
1990-09-25 12:00:00+00:00,27.66,44.8,809.0,845.88,144.0,372.35,0.55,194.0,100960.0
1990-09-25 13:00:00+00:00,28.79,40.65,782.0,838.17,142.0,378.35,0.69,196.0,100850.0
1990-09-25 14:00:00+00:00,29.63,36.85,689.0,798.97,139.0,382.2,0.9,209.0,100770.0
1990-09-25 15:00:00+00:00,30.03,34.5,547.0,742.39,127.0,380.85,1.03,225.0,100710.0
1990-09-25 16:00:00+00:00,30.03,33.3,360.0,611.41,113.0,379.1,1.17,241.0,100670.0
1990-09-25 17:00:00+00:00,29.5,33.15,164.0,434.28,71.0,379.5,1.52,258.0,100680.0
1990-09-25 18:00:00+00:00,28.33,39.1,0.0,0.0,0.0,375.45,2.0,250.0,100680.0
1990-09-25 19:00:00+00:00,26.21,49.3,0.0,0.0,0.0,386.65,2.83,239.0,100720.0
1990-09-25 20:00:00+00:00,24.46,56.25,0.0,0.0,0.0,371.55,2.76,254.0,100750.0
1990-09-25 21:00:00+00:00,23.3,62.15,0.0,0.0,0.0,367.3,2.41,250.0,100790.0
1990-09-25 22:00:00+00:00,22.32,66.45,0.0,0.0,0.0,355.7,2.14,233.0,100830.0
1990-09-25 23:00:00+00:00,21.5,71.0,0.0,0.0,0.0,352.2,2.07,218.0,100830.0
1990-09-26 00:00:00+00:00,20.87,73.35,0.0,0.0,0.0,352.2,2.0,208.0,100830.0
1990-09-26 01:00:00+00:00,20.34,78.5,0.0,0.0,0.0,351.75,1.93,203.0,100820.0
1990-09-26 02:00:00+00:00,19.82,81.15,0.0,0.0,0.0,346.6,1.66,202.0,100790.0
1990-09-26 03:00:00+00:00,19.25,86.8,0.0,0.0,0.0,345.25,1.38,203.0,100720.0
1990-09-26 04:00:00+00:00,18.44,89.75,0.0,0.0,0.0,341.0,1.17,196.0,100710.0
1990-09-26 05:00:00+00:00,18.1,92.85,0.0,0.0,0.0,339.45,1.03,184.0,100700.0
1990-09-26 06:00:00+00:00,17.9,89.75,0.0,0.0,0.0,336.15,0.97,174.0,100740.0
1990-09-26 07:00:00+00:00,18.57,89.75,130.0,410.51,57.0,334.0,0.55,164.0,100800.0
1990-09-26 08:00:00+00:00,20.33,81.2,314.0,533.72,116.0,340.2,0.34,222.0,100810.0
1990-09-26 09:00:00+00:00,22.94,66.55,382.0,243.49,251.0,346.2,0.83,229.0,100840.0
1990-09-26 10:00:00+00:00,25.34,56.5,641.0,693.58,178.0,355.9,1.17,222.0,100840.0
1990-09-26 11:00:00+00:00,27.28,49.55,749.0,767.22,173.0,368.3,1.31,218.0,100800.0
1990-09-26 12:00:00+00:00,28.86,43.55,786.0,778.8,177.0,375.85,1.52,218.0,100780.0
1990-09-26 13:00:00+00:00,30.11,35.7,781.0,843.15,141.0,376.6,1.66,219.0,100680.0
1990-09-26 14:00:00+00:00,30.84,31.15,687.0,801.65,139.0,376.8,1.79,217.0,100650.0
1990-09-26 15:00:00+00:00,31.05,29.15,545.0,745.51,127.0,381.65,1.93,222.0,100590.0
1990-09-26 16:00:00+00:00,30.8,29.0,361.0,636.98,107.0,378.95,2.0,234.0,100570.0
1990-09-26 17:00:00+00:00,29.87,30.9,161.0,440.59,69.0,374.85,2.28,256.0,100620.0
1990-09-26 18:00:00+00:00,28.28,37.75,0.0,0.0,0.0,384.15,2.34,259.0,100650.0
1990-09-26 19:00:00+00:00,26.3,46.0,0.0,0.0,0.0,369.25,2.28,264.0,100680.0
1990-09-26 20:00:00+00:00,24.88,52.6,0.0,0.0,0.0,368.65,2.21,262.0,100700.0
1990-09-26 21:00:00+00:00,23.62,58.1,0.0,0.0,0.0,361.1,2.07,246.0,100760.0
1990-09-26 22:00:00+00:00,22.51,62.05,0.0,0.0,0.0,353.75,2.07,235.0,100770.0
1990-09-26 23:00:00+00:00,21.55,66.25,0.0,0.0,0.0,344.3,1.93,240.0,100780.0
1990-09-27 00:00:00+00:00,20.77,73.3,0.0,0.0,0.0,340.8,1.59,237.0,100770.0
1990-09-27 01:00:00+00:00,19.9,75.75,0.0,0.0,0.0,339.75,1.38,214.0,100780.0
1990-09-27 02:00:00+00:00,19.1,81.05,0.0,0.0,0.0,342.55,1.45,204.0,100770.0
1990-09-27 03:00:00+00:00,18.23,89.75,0.0,0.0,0.0,335.0,1.38,208.0,100730.0
1990-09-27 04:00:00+00:00,17.96,86.7,0.0,0.0,0.0,332.85,1.1,194.0,100710.0
1990-09-27 05:00:00+00:00,17.7,89.7,0.0,0.0,0.0,331.3,1.1,159.0,100740.0
1990-09-27 06:00:00+00:00,17.45,89.7,0.0,0.0,0.0,330.55,1.1,138.0,100780.0
1990-09-27 07:00:00+00:00,17.98,83.75,127.0,394.62,58.0,329.95,0.83,72.0,100840.0
1990-09-27 08:00:00+00:00,20.61,70.8,331.0,636.12,97.0,333.45,0.41,55.0,100880.0
1990-09-27 09:00:00+00:00,23.61,56.15,505.0,684.53,139.0,340.6,0.28,22.0,100900.0
1990-09-27 10:00:00+00:00,26.24,46.0,668.0,801.28,136.0,350.1,0.28,334.0,100930.0
1990-09-27 11:00:00+00:00,28.49,36.6,763.0,820.79,150.0,357.85,0.21,269.0,100880.0
1990-09-27 12:00:00+00:00,30.37,28.9,792.0,801.04,169.0,364.6,0.55,207.0,100850.0
1990-09-27 13:00:00+00:00,31.7,22.8,782.0,850.88,140.0,368.1,0.69,195.0,100770.0
1990-09-27 14:00:00+00:00,32.35,19.8,688.0,810.3,138.0,375.85,0.55,188.0,100710.0
1990-09-27 15:00:00+00:00,32.67,17.2,547.0,764.9,122.0,376.0,0.21,182.0,100670.0
1990-09-27 16:00:00+00:00,32.5,16.55,357.0,632.75,108.0,369.05,0.0,17.0,100610.0
1990-09-27 17:00:00+00:00,31.73,17.6,158.0,447.22,67.0,369.25,0.62,359.0,100620.0
1990-09-27 18:00:00+00:00,30.73,20.2,0.0,0.0,0.0,365.4,0.9,323.0,100630.0
1990-09-27 19:00:00+00:00,28.66,22.9,0.0,0.0,0.0,353.55,1.59,226.0,100650.0
1990-09-27 20:00:00+00:00,26.12,28.9,0.0,0.0,0.0,346.6,2.21,213.0,100700.0
1990-09-27 21:00:00+00:00,24.52,35.5,0.0,0.0,0.0,345.85,2.69,210.0,100790.0
1990-09-27 22:00:00+00:00,23.16,42.25,0.0,0.0,0.0,339.45,2.41,219.0,100830.0
1990-09-27 23:00:00+00:00,22.26,46.75,0.0,0.0,0.0,344.5,2.0,243.0,100840.0
1990-09-28 00:00:00+00:00,21.3,50.05,0.0,0.0,0.0,337.1,1.79,270.0,100830.0
1990-09-28 01:00:00+00:00,20.28,57.3,0.0,0.0,0.0,332.95,1.38,283.0,100820.0
1990-09-28 02:00:00+00:00,20.83,53.6,0.0,0.0,0.0,333.65,0.41,304.0,100800.0
1990-09-28 03:00:00+00:00,19.71,59.25,0.0,0.0,0.0,336.55,0.9,71.0,100760.0
1990-09-28 04:00:00+00:00,17.7,67.85,0.0,0.0,0.0,329.4,1.52,66.0,100740.0
1990-09-28 05:00:00+00:00,17.19,70.2,0.0,0.0,0.0,329.4,1.66,55.0,100750.0
1990-09-28 06:00:00+00:00,17.06,67.75,0.0,0.0,0.0,329.4,1.86,53.0,100790.0
1990-09-28 07:00:00+00:00,17.45,70.3,122.0,366.61,59.0,327.05,1.93,46.0,100840.0
1990-09-28 08:00:00+00:00,20.77,57.45,323.0,614.21,99.0,329.75,1.79,39.0,100870.0
1990-09-28 09:00:00+00:00,23.69,48.8,415.0,346.32,231.0,336.55,2.14,34.0,100900.0
1990-09-28 10:00:00+00:00,25.88,39.95,606.0,583.08,221.0,347.55,2.28,36.0,100930.0
1990-09-28 11:00:00+00:00,27.58,33.8,675.0,546.51,269.0,361.1,2.28,50.0,100870.0
1990-09-28 12:00:00+00:00,28.97,28.65,665.0,439.58,325.0,365.75,2.07,67.0,100830.0
1990-09-28 13:00:00+00:00,30.36,24.1,772.0,836.07,145.0,365.55,2.55,80.0,100750.0
1990-09-28 14:00:00+00:00,28.81,26.5,674.0,779.04,149.0,365.55,3.45,88.0,100740.0
1990-09-28 15:00:00+00:00,28.9,23.85,526.0,695.67,143.0,379.1,2.21,61.0,100680.0
1990-09-28 16:00:00+00:00,28.93,23.0,364.0,695.38,94.0,375.45,1.79,93.0,100640.0
1990-09-28 17:00:00+00:00,28.6,24.65,23.0,0.0,23.0,362.3,2.48,113.0,100630.0
1990-09-28 18:00:00+00:00,27.34,28.1,0.0,0.0,0.0,353.75,2.28,112.0,100680.0
1990-09-28 19:00:00+00:00,25.91,29.95,0.0,0.0,0.0,358.2,1.66,136.0,100670.0
1990-09-28 20:00:00+00:00,24.61,34.25,0.0,0.0,0.0,354.95,1.86,142.0,100700.0
1990-09-28 21:00:00+00:00,23.2,39.3,0.0,0.0,0.0,344.3,1.66,128.0,100740.0
1990-09-28 22:00:00+00:00,21.75,46.6,0.0,0.0,0.0,350.5,1.24,96.0,100770.0
1990-09-28 23:00:00+00:00,20.38,51.65,0.0,0.0,0.0,340.8,1.31,47.0,100760.0
1990-09-29 00:00:00+00:00,19.41,55.2,0.0,0.0,0.0,336.95,1.79,37.0,100730.0
1990-09-29 01:00:00+00:00,18.96,59.15,0.0,0.0,0.0,333.15,2.07,45.0,100720.0
1990-09-29 02:00:00+00:00,18.9,63.5,0.0,0.0,0.0,334.2,2.28,48.0,100720.0
1990-09-29 03:00:00+00:00,18.81,68.1,0.0,0.0,0.0,336.15,2.41,41.0,100660.0
1990-09-29 04:00:00+00:00,18.67,72.95,0.0,0.0,0.0,334.4,2.48,39.0,100630.0
1990-09-29 05:00:00+00:00,18.51,75.55,0.0,0.0,0.0,333.05,2.41,42.0,100620.0
1990-09-29 06:00:00+00:00,18.3,75.55,0.0,0.0,0.0,331.9,2.34,46.0,100630.0
1990-09-29 07:00:00+00:00,18.51,78.25,59.0,17.77,56.0,332.1,2.48,41.0,100660.0
1990-09-29 08:00:00+00:00,20.61,68.4,141.0,16.6,135.0,337.1,2.62,48.0,100690.0
1990-09-29 09:00:00+00:00,22.92,54.1,528.0,812.68,99.0,344.5,2.83,63.0,100670.0
1990-09-29 10:00:00+00:00,24.81,48.95,636.0,717.33,165.0,353.0,2.62,76.0,100720.0
1990-09-29 11:00:00+00:00,26.14,41.4,719.0,706.46,197.0,366.95,2.48,81.0,100660.0
1990-09-29 12:00:00+00:00,27.08,36.2,720.0,609.75,251.0,365.95,1.93,78.0,100610.0
1990-09-29 13:00:00+00:00,27.87,32.75,83.0,0.0,83.0,381.25,1.24,62.0,100510.0
1990-09-29 14:00:00+00:00,28.39,31.75,544.0,376.66,292.0,374.65,0.83,29.0,100450.0
1990-09-29 15:00:00+00:00,27.8,32.65,350.0,157.66,264.0,375.45,0.83,349.0,100380.0
1990-09-29 16:00:00+00:00,25.9,38.55,340.0,603.07,109.0,375.45,1.24,198.0,100420.0
1990-09-29 17:00:00+00:00,23.93,50.55,18.0,0.0,18.0,384.55,3.03,174.0,100460.0
1990-09-29 18:00:00+00:00,22.0,59.8,0.0,0.0,0.0,373.3,0.83,267.0,100540.0
1990-09-29 19:00:00+00:00,19.76,78.35,0.0,0.0,0.0,366.95,1.38,308.0,100610.0
1990-09-29 20:00:00+00:00,19.17,78.3,0.0,0.0,0.0,362.1,1.59,267.0,100610.0
1990-09-29 21:00:00+00:00,18.93,78.3,0.0,0.0,0.0,355.5,1.72,260.0,100670.0
1990-09-29 22:00:00+00:00,18.76,81.0,0.0,0.0,0.0,360.55,1.31,233.0,100720.0
1990-09-29 23:00:00+00:00,18.22,83.75,0.0,0.0,0.0,347.2,0.9,209.0,100740.0
1990-09-30 00:00:00+00:00,17.48,86.65,0.0,0.0,0.0,339.45,1.17,200.0,100680.0
1990-09-30 01:00:00+00:00,16.82,89.65,0.0,0.0,0.0,329.3,1.1,216.0,100670.0
1990-09-30 02:00:00+00:00,17.78,83.75,0.0,0.0,0.0,328.05,0.62,241.0,100650.0
1990-09-30 03:00:00+00:00,17.46,86.65,0.0,0.0,0.0,326.85,0.28,266.0,100640.0
1990-09-30 04:00:00+00:00,17.15,89.65,0.0,0.0,0.0,326.1,0.34,229.0,100640.0
1990-09-30 05:00:00+00:00,16.88,89.65,0.0,0.0,0.0,325.5,0.34,224.0,100680.0
1990-09-30 06:00:00+00:00,16.65,92.8,0.0,0.0,0.0,325.3,0.14,262.0,100740.0
1990-09-30 07:00:00+00:00,15.08,99.4,120.0,398.14,54.0,324.95,0.97,347.0,100830.0
1990-09-30 08:00:00+00:00,18.24,86.7,324.0,653.11,90.0,327.45,0.76,1.0,100900.0
1990-09-30 09:00:00+00:00,20.62,70.8,436.0,444.29,203.0,333.45,0.69,356.0,100940.0
1990-09-30 10:00:00+00:00,22.79,55.9,643.0,759.72,147.0,342.75,0.55,348.0,100970.0
1990-09-30 11:00:00+00:00,24.65,47.25,0.0,0.0,0.0,350.3,0.62,339.0,100940.0
1990-09-30 12:00:00+00:00,26.08,39.95,780.0,821.1,152.0,355.9,0.69,310.0,100920.0
1990-09-30 13:00:00+00:00,26.79,36.05,764.0,849.2,135.0,367.1,0.97,296.0,100880.0
1990-09-30 14:00:00+00:00,27.43,32.65,673.0,817.6,130.0,373.7,1.1,285.0,100860.0
1990-09-30 15:00:00+00:00,27.45,31.5,531.0,768.0,116.0,369.85,1.24,281.0,100810.0
1990-09-30 16:00:00+00:00,26.84,33.95,344.0,651.14,98.0,364.61,1.9,278.0,100820.0
1990-09-30 17:00:00+00:00,26.0,38.9,143.0,437.25,61.0,362.14,1.86,263.0,100850.0
1990-09-30 18:00:00+00:00,25.17,43.84,0.0,0.0,0.0,359.67,1.82,235.0,100880.0
1990-09-30 19:00:00+00:00,24.34,48.79,0.0,0.0,0.0,357.2,1.78,238.0,100950.0
1990-09-30 20:00:00+00:00,23.51,53.73,0.0,0.0,0.0,354.73,1.74,249.0,101020.0
1990-09-30 21:00:00+00:00,22.68,58.68,0.0,0.0,0.0,352.26,1.71,259.0,101100.0
1990-09-30 22:00:00+00:00,21.85,63.62,0.0,0.0,0.0,349.79,1.67,266.0,101110.0
1990-09-30 23:00:00+00:00,21.02,68.57,0.0,0.0,0.0,347.32,1.63,270.0,101120.0
1990-10-01 00:00:00+00:00,20.19,73.51,0.0,0.0,0.0,344.85,1.59,218.0,100600.0
1990-10-01 01:00:00+00:00,19.36,78.45,0.0,0.0,0.0,342.38,1.55,216.0,100560.0
1990-10-01 02:00:00+00:00,18.53,83.4,0.0,0.0,0.0,339.91,1.51,216.0,100530.0
1990-10-01 03:00:00+00:00,17.7,88.34,0.0,0.0,0.0,337.44,1.47,224.0,100480.0
1990-10-01 04:00:00+00:00,16.87,93.29,0.0,0.0,0.0,334.97,1.43,234.0,100470.0
1990-10-01 05:00:00+00:00,16.04,98.23,0.0,0.0,0.0,332.5,1.39,249.0,100520.0
1990-10-01 06:00:00+00:00,15.21,100.0,0.0,0.0,0.0,330.03,1.35,268.0,100560.0
1990-10-01 07:00:00+00:00,14.37,100.0,117.0,413.53,51.0,327.56,1.31,274.0,100600.0
1990-10-01 08:00:00+00:00,18.01,65.65,316.0,636.8,92.0,328.2,1.17,292.0,100630.0
1990-10-01 09:00:00+00:00,20.07,53.35,518.0,805.92,101.0,316.4,1.03,315.0,100640.0
1990-10-01 10:00:00+00:00,22.17,43.5,666.0,853.85,115.0,321.05,0.9,303.0,100640.0
1990-10-01 11:00:00+00:00,24.18,35.5,774.0,913.72,110.0,328.8,1.24,299.0,100600.0
1990-10-01 12:00:00+00:00,25.92,31.1,807.0,913.96,116.0,336.95,1.59,291.0,100560.0
1990-10-01 13:00:00+00:00,27.29,28.25,761.0,857.31,134.0,345.25,2.14,279.0,100450.0
1990-10-01 14:00:00+00:00,28.22,29.55,683.0,872.68,112.0,352.6,2.83,273.0,100370.0
1990-10-01 15:00:00+00:00,28.62,30.75,533.0,807.32,105.0,357.85,3.59,269.0,100310.0
1990-10-01 16:00:00+00:00,28.51,32.9,342.0,686.01,90.0,362.85,4.28,267.0,100270.0
1990-10-01 17:00:00+00:00,27.62,33.95,123.0,316.42,67.0,362.85,4.48,263.0,100260.0
1990-10-01 18:00:00+00:00,25.9,39.95,0.0,0.0,0.0,359.2,3.86,253.0,100250.0
1990-10-01 19:00:00+00:00,24.24,45.6,0.0,0.0,0.0,353.75,3.59,266.0,100330.0
1990-10-01 20:00:00+00:00,23.19,48.7,0.0,0.0,0.0,348.15,3.45,280.0,100380.0
1990-10-01 21:00:00+00:00,22.25,50.2,0.0,0.0,0.0,343.9,3.31,287.0,100400.0
1990-10-01 22:00:00+00:00,21.31,51.75,0.0,0.0,0.0,337.9,3.1,283.0,100390.0
1990-10-01 23:00:00+00:00,20.38,53.35,0.0,0.0,0.0,333.25,3.1,275.0,100310.0
1990-10-02 00:00:00+00:00,19.58,53.25,0.0,0.0,0.0,331.1,3.24,270.0,100280.0
1990-10-02 01:00:00+00:00,18.92,56.95,0.0,0.0,0.0,333.15,3.24,266.0,100220.0
1990-10-02 02:00:00+00:00,18.31,56.95,0.0,0.0,0.0,333.45,3.31,266.0,100190.0
1990-10-02 03:00:00+00:00,17.8,61.05,0.0,0.0,0.0,333.85,3.31,270.0,100170.0
1990-10-02 04:00:00+00:00,17.43,65.45,0.0,0.0,0.0,334.8,3.1,261.0,100140.0
1990-10-02 05:00:00+00:00,17.1,67.85,0.0,0.0,0.0,332.3,3.1,246.0,100100.0
1990-10-02 06:00:00+00:00,16.99,72.7,0.0,0.0,0.0,336.35,3.45,237.0,100060.0
1990-10-02 07:00:00+00:00,17.27,72.8,50.0,12.78,48.0,345.45,3.66,228.0,100000.0
1990-10-02 08:00:00+00:00,18.32,72.95,161.0,45.92,145.0,375.85,5.03,223.0,99960.0
1990-10-02 09:00:00+00:00,19.71,70.65,296.0,103.14,243.0,384.75,6.69,233.0,99880.0
1990-10-02 10:00:00+00:00,20.7,68.4,577.0,559.65,218.0,399.65,8.48,241.0,99810.0
1990-10-02 11:00:00+00:00,21.03,73.3,369.0,47.05,335.0,406.4,8.97,242.0,99740.0
1990-10-02 12:00:00+00:00,20.64,78.5,651.0,464.33,302.0,407.4,6.97,247.0,99680.0
1990-10-02 13:00:00+00:00,21.23,75.95,439.0,107.34,361.0,399.05,6.48,253.0,99620.0
1990-10-02 14:00:00+00:00,21.94,71.0,423.0,158.62,320.0,400.6,5.45,262.0,99570.0
1990-10-02 15:00:00+00:00,21.56,61.85,329.0,146.66,252.0,397.7,5.79,288.0,99590.0
1990-10-02 16:00:00+00:00,20.75,51.65,185.0,69.04,160.0,391.3,6.07,303.0,99660.0
1990-10-02 17:00:00+00:00,20.47,44.6,75.0,52.41,66.0,369.85,5.79,301.0,99750.0
1990-10-02 18:00:00+00:00,19.89,42.85,0.0,0.0,0.0,377.2,4.48,297.0,99840.0
1990-10-02 19:00:00+00:00,19.29,47.65,0.0,0.0,0.0,343.7,4.41,294.0,99840.0
1990-10-02 20:00:00+00:00,18.42,45.85,0.0,0.0,0.0,318.15,4.21,296.0,99940.0
1990-10-02 21:00:00+00:00,17.51,45.7,0.0,0.0,0.0,304.4,3.93,297.0,100010.0
1990-10-02 22:00:00+00:00,16.74,48.9,0.0,0.0,0.0,300.55,3.86,297.0,100060.0
1990-10-02 23:00:00+00:00,16.01,50.6,0.0,0.0,0.0,296.65,3.72,295.0,100090.0
1990-10-03 00:00:00+00:00,15.34,52.25,0.0,0.0,0.0,292.2,3.66,292.0,100120.0
1990-10-03 01:00:00+00:00,14.72,54.1,0.0,0.0,0.0,289.8,3.66,289.0,100140.0
1990-10-03 02:00:00+00:00,14.21,58.1,0.0,0.0,0.0,287.75,3.66,289.0,100150.0
1990-10-03 03:00:00+00:00,13.8,62.45,0.0,0.0,0.0,286.6,3.52,290.0,100170.0
1990-10-03 04:00:00+00:00,13.43,67.05,0.0,0.0,0.0,286.05,3.38,291.0,100170.0
1990-10-03 05:00:00+00:00,13.11,67.05,0.0,0.0,0.0,286.05,3.1,291.0,100210.0
1990-10-03 06:00:00+00:00,12.8,72.05,0.0,0.0,0.0,285.05,2.9,293.0,100250.0
1990-10-03 07:00:00+00:00,12.44,74.6,117.0,456.52,47.0,282.95,2.28,287.0,100340.0
1990-10-03 08:00:00+00:00,14.04,64.85,317.0,657.77,90.0,285.85,2.69,294.0,100400.0
1990-10-03 09:00:00+00:00,15.97,56.35,513.0,791.72,109.0,289.3,3.24,309.0,100480.0
1990-10-03 10:00:00+00:00,17.87,45.7,660.0,834.37,128.0,294.35,3.03,316.0,100490.0
1990-10-03 11:00:00+00:00,19.57,36.95,755.0,857.46,139.0,302.3,2.76,317.0,100480.0
1990-10-03 12:00:00+00:00,20.93,32.1,791.0,868.62,142.0,304.05,2.55,310.0,100430.0
1990-10-03 13:00:00+00:00,21.94,27.85,764.0,872.66,134.0,308.65,2.55,300.0,100360.0
1990-10-03 14:00:00+00:00,22.63,25.1,674.0,851.92,125.0,309.65,2.76,292.0,100290.0
1990-10-03 15:00:00+00:00,22.95,24.15,524.0,792.42,112.0,310.2,3.1,289.0,100250.0
1990-10-03 16:00:00+00:00,22.89,24.15,337.0,694.84,89.0,311.0,3.24,287.0,100250.0
1990-10-03 17:00:00+00:00,22.35,25.95,131.0,462.43,54.0,310.6,3.1,280.0,100260.0
1990-10-03 18:00:00+00:00,21.0,29.75,0.0,0.0,0.0,309.85,2.41,256.0,100290.0
1990-10-03 19:00:00+00:00,19.37,42.7,0.0,0.0,0.0,317.2,2.97,240.0,100370.0
1990-10-03 20:00:00+00:00,18.14,49.3,0.0,0.0,0.0,310.8,2.97,237.0,100440.0
1990-10-03 21:00:00+00:00,17.24,58.8,0.0,0.0,0.0,307.9,2.55,238.0,100480.0
1990-10-03 22:00:00+00:00,16.6,60.85,0.0,0.0,0.0,308.3,2.07,244.0,100510.0
1990-10-03 23:00:00+00:00,15.91,62.85,0.0,0.0,0.0,304.6,1.72,254.0,100490.0
1990-10-04 00:00:00+00:00,15.16,60.5,0.0,0.0,0.0,302.1,1.86,281.0,100490.0
1990-10-04 01:00:00+00:00,14.42,62.55,0.0,0.0,0.0,301.25,1.86,299.0,100480.0
1990-10-04 02:00:00+00:00,13.74,64.75,0.0,0.0,0.0,299.95,1.79,311.0,100450.0
1990-10-04 03:00:00+00:00,13.25,67.05,0.0,0.0,0.0,298.4,1.79,321.0,100420.0
1990-10-04 04:00:00+00:00,12.78,69.45,0.0,0.0,0.0,297.45,1.93,330.0,100460.0
1990-10-04 05:00:00+00:00,12.88,72.05,0.0,0.0,0.0,296.3,1.17,338.0,100480.0
1990-10-04 06:00:00+00:00,14.04,64.85,0.0,0.0,0.0,294.15,0.62,315.0,100490.0
1990-10-04 07:00:00+00:00,12.5,72.05,111.0,426.2,47.0,293.4,0.9,232.0,100540.0
1990-10-04 08:00:00+00:00,14.82,62.65,309.0,640.85,90.0,295.9,0.97,279.0,100590.0
1990-10-04 09:00:00+00:00,17.32,54.7,500.0,769.75,110.0,301.9,1.31,280.0,100620.0
1990-10-04 10:00:00+00:00,18.95,51.15,645.0,814.27,129.0,311.2,1.52,260.0,100600.0
1990-10-04 11:00:00+00:00,20.86,44.7,746.0,861.1,131.0,323.4,2.07,256.0,100590.0
1990-10-04 12:00:00+00:00,22.28,39.05,790.0,896.75,124.0,328.4,2.48,255.0,100570.0
1990-10-04 13:00:00+00:00,23.3,37.9,751.0,863.09,132.0,367.1,3.1,257.0,100490.0
1990-10-04 14:00:00+00:00,23.93,40.9,650.0,808.48,133.0,361.1,4.07,272.0,100440.0
1990-10-04 15:00:00+00:00,23.99,42.35,449.0,501.15,191.0,360.15,4.41,280.0,100420.0
1990-10-04 16:00:00+00:00,23.53,45.35,306.0,551.56,112.0,378.75,4.34,286.0,100450.0
1990-10-04 17:00:00+00:00,22.82,48.55,107.0,272.76,63.0,388.2,4.07,290.0,100460.0
1990-10-04 18:00:00+00:00,21.8,51.9,0.0,0.0,0.0,364.6,2.9,296.0,100510.0
1990-10-04 19:00:00+00:00,20.68,55.45,0.0,0.0,0.0,370.6,2.41,294.0,100550.0
1990-10-04 20:00:00+00:00,19.75,59.25,0.0,0.0,0.0,347.2,1.93,294.0,100610.0
1990-10-04 21:00:00+00:00,18.99,61.2,0.0,0.0,0.0,342.35,1.93,285.0,100670.0
1990-10-04 22:00:00+00:00,18.42,59.05,0.0,0.0,0.0,347.75,2.07,282.0,100680.0
1990-10-04 23:00:00+00:00,17.89,58.9,0.0,0.0,0.0,343.5,2.41,291.0,100710.0
1990-10-05 00:00:00+00:00,16.91,58.7,0.0,0.0,0.0,311.95,2.76,305.0,100750.0
1990-10-05 01:00:00+00:00,16.24,56.5,0.0,0.0,0.0,310.5,2.76,318.0,100750.0
1990-10-05 02:00:00+00:00,15.57,56.35,0.0,0.0,0.0,304.6,2.55,322.0,100760.0
1990-10-05 03:00:00+00:00,14.93,60.4,0.0,0.0,0.0,300.15,2.34,324.0,100760.0
1990-10-05 04:00:00+00:00,14.36,64.85,0.0,0.0,0.0,298.6,2.07,325.0,100780.0
1990-10-05 05:00:00+00:00,13.79,67.15,0.0,0.0,0.0,296.85,1.86,325.0,100830.0
1990-10-05 06:00:00+00:00,13.12,69.55,0.0,0.0,0.0,295.5,1.72,325.0,100890.0
1990-10-05 07:00:00+00:00,12.63,74.7,96.0,278.97,55.0,293.95,1.45,331.0,100980.0
1990-10-05 08:00:00+00:00,15.16,62.75,282.0,493.6,115.0,295.7,1.59,346.0,101050.0
1990-10-05 09:00:00+00:00,17.17,54.7,421.0,441.35,199.0,302.85,2.28,0.0,101100.0
1990-10-05 10:00:00+00:00,19.17,47.65,595.0,635.16,195.0,306.15,2.48,4.0,101130.0
1990-10-05 11:00:00+00:00,21.04,38.75,745.0,870.46,127.0,312.95,2.55,0.0,101140.0
1990-10-05 12:00:00+00:00,22.63,32.6,776.0,871.07,133.0,319.7,2.55,353.0,101090.0
1990-10-05 13:00:00+00:00,23.85,29.45,725.0,793.06,160.0,325.3,2.62,344.0,101010.0
1990-10-05 14:00:00+00:00,24.74,27.6,651.0,828.99,125.0,333.45,2.76,338.0,100960.0
1990-10-05 15:00:00+00:00,25.21,26.7,501.0,755.32,116.0,334.4,3.03,338.0,100930.0
1990-10-05 16:00:00+00:00,25.34,26.7,316.0,643.47,93.0,333.65,3.1,342.0,100940.0
1990-10-05 17:00:00+00:00,24.88,27.6,121.0,454.69,50.0,332.65,2.83,347.0,100980.0
1990-10-05 18:00:00+00:00,23.46,31.55,0.0,0.0,0.0,330.35,2.07,349.0,101030.0
1990-10-05 19:00:00+00:00,22.29,33.7,0.0,0.0,0.0,325.9,2.0,350.0,101100.0
1990-10-05 20:00:00+00:00,20.93,37.25,0.0,0.0,0.0,323.2,2.14,355.0,101160.0
1990-10-05 21:00:00+00:00,19.77,41.3,0.0,0.0,0.0,321.05,2.21,358.0,101210.0
1990-10-05 22:00:00+00:00,18.75,44.2,0.0,0.0,0.0,319.3,2.21,355.0,101250.0
1990-10-05 23:00:00+00:00,17.87,47.4,0.0,0.0,0.0,317.95,2.21,352.0,101270.0
1990-10-06 00:00:00+00:00,17.19,50.85,0.0,0.0,0.0,317.2,2.21,349.0,101290.0
1990-10-06 01:00:00+00:00,16.75,54.6,0.0,0.0,0.0,317.5,2.34,348.0,101280.0
1990-10-06 02:00:00+00:00,16.41,60.75,0.0,0.0,0.0,317.55,2.28,354.0,101270.0
1990-10-06 03:00:00+00:00,16.05,62.95,0.0,0.0,0.0,317.75,2.14,0.0,101260.0
1990-10-06 04:00:00+00:00,15.64,70.0,0.0,0.0,0.0,317.95,2.0,8.0,101260.0
1990-10-06 05:00:00+00:00,15.19,72.45,0.0,0.0,0.0,317.75,1.93,16.0,101260.0
1990-10-06 06:00:00+00:00,14.74,77.75,0.0,0.0,0.0,318.15,1.86,21.0,101280.0
1990-10-06 07:00:00+00:00,14.48,69.85,102.0,382.6,47.0,315.05,2.0,34.0,101380.0
1990-10-06 08:00:00+00:00,17.2,58.8,295.0,609.14,91.0,317.4,1.93,38.0,101440.0
1990-10-06 09:00:00+00:00,20.35,51.5,484.0,747.03,111.0,325.5,2.41,46.0,101470.0
1990-10-06 10:00:00+00:00,22.82,43.65,626.0,794.2,129.0,335.95,2.48,53.0,101500.0
1990-10-06 11:00:00+00:00,24.68,36.95,722.0,830.37,136.0,345.45,2.28,51.0,101460.0
1990-10-06 12:00:00+00:00,26.15,34.8,756.0,842.38,138.0,353.75,2.07,42.0,101430.0
1990-10-06 13:00:00+00:00,27.22,33.8,725.0,832.32,136.0,360.35,2.0,37.0,101330.0
1990-10-06 14:00:00+00:00,27.95,33.95,633.0,798.99,130.0,365.4,1.66,41.0,101230.0
1990-10-06 15:00:00+00:00,28.34,32.9,490.0,745.11,114.0,367.1,1.31,45.0,101140.0
1990-10-06 16:00:00+00:00,28.39,34.1,305.0,620.96,93.0,365.95,1.24,36.0,101100.0
1990-10-06 17:00:00+00:00,27.99,35.2,113.0,423.8,49.0,364.4,0.97,52.0,101110.0
1990-10-06 18:00:00+00:00,26.8,37.5,0.0,0.0,0.0,360.35,1.38,134.0,101140.0
1990-10-06 19:00:00+00:00,25.18,41.25,0.0,0.0,0.0,357.85,1.31,138.0,101210.0
1990-10-06 20:00:00+00:00,23.13,48.7,0.0,0.0,0.0,354.75,1.03,171.0,101230.0
1990-10-06 21:00:00+00:00,22.8,48.55,0.0,0.0,0.0,351.05,0.69,213.0,101260.0
1990-10-06 22:00:00+00:00,22.28,52.0,0.0,0.0,0.0,347.2,0.34,254.0,101280.0
1990-10-06 23:00:00+00:00,21.39,55.55,0.0,0.0,0.0,343.3,0.48,9.0,101280.0
1990-10-07 00:00:00+00:00,20.05,59.35,0.0,0.0,0.0,339.05,0.83,44.0,101260.0
1990-10-07 01:00:00+00:00,18.59,65.65,0.0,0.0,0.0,335.1,0.9,55.0,101210.0
1990-10-07 02:00:00+00:00,17.52,67.95,0.0,0.0,0.0,331.5,1.03,46.0,101200.0
1990-10-07 03:00:00+00:00,16.06,75.25,0.0,0.0,0.0,329.0,1.45,31.0,101180.0
1990-10-07 04:00:00+00:00,15.49,77.85,0.0,0.0,0.0,326.65,1.79,26.0,101180.0
1990-10-07 05:00:00+00:00,15.45,80.6,0.0,0.0,0.0,325.1,2.07,30.0,101180.0
1990-10-07 06:00:00+00:00,15.43,77.8,0.0,0.0,0.0,323.55,2.07,34.0,101210.0
1990-10-07 07:00:00+00:00,15.68,72.55,101.0,398.54,45.0,324.15,2.14,40.0,101260.0
1990-10-07 08:00:00+00:00,19.09,61.3,297.0,627.57,89.0,325.7,2.0,43.0,101290.0
1990-10-07 09:00:00+00:00,23.07,45.35,486.0,756.67,111.0,332.5,2.41,47.0,101290.0
1990-10-07 10:00:00+00:00,26.02,39.95,640.0,834.69,121.0,342.15,2.9,51.0,101300.0
1990-10-07 11:00:00+00:00,28.22,32.9,729.0,848.27,134.0,349.7,2.97,55.0,101280.0
1990-10-07 12:00:00+00:00,29.86,28.75,759.0,847.64,141.0,356.5,2.48,56.0,101250.0
1990-10-07 13:00:00+00:00,30.95,26.05,728.0,837.99,139.0,361.7,1.93,56.0,101130.0
1990-10-07 14:00:00+00:00,31.65,23.65,638.0,816.55,128.0,364.8,1.38,56.0,101060.0
1990-10-07 15:00:00+00:00,31.89,22.8,493.0,762.7,112.0,366.35,0.83,59.0,101000.0
1990-10-07 16:00:00+00:00,31.73,22.0,307.0,648.27,89.0,365.75,0.55,48.0,100980.0
1990-10-07 17:00:00+00:00,31.05,24.25,110.0,431.76,47.0,363.25,0.62,14.0,100970.0
1990-10-07 18:00:00+00:00,29.47,27.6,0.0,0.0,0.0,357.05,1.31,350.0,101000.0
1990-10-07 19:00:00+00:00,27.03,33.7,0.0,0.0,0.0,352.6,1.17,314.0,101020.0
1990-10-07 20:00:00+00:00,25.04,38.3,0.0,0.0,0.0,348.95,1.1,256.0,101030.0
1990-10-07 21:00:00+00:00,22.36,46.75,0.0,0.0,0.0,345.85,1.38,225.0,101090.0
1990-10-07 22:00:00+00:00,20.7,55.45,0.0,0.0,0.0,343.5,1.52,211.0,101100.0
1990-10-07 23:00:00+00:00,19.69,61.4,0.0,0.0,0.0,340.8,1.52,203.0,101110.0
1990-10-08 00:00:00+00:00,19.58,61.4,0.0,0.0,0.0,338.1,1.24,184.0,101080.0
1990-10-08 01:00:00+00:00,18.79,68.05,0.0,0.0,0.0,336.25,1.31,143.0,101080.0
1990-10-08 02:00:00+00:00,18.61,65.65,0.0,0.0,0.0,333.85,1.1,130.0,101070.0
1990-10-08 03:00:00+00:00,19.67,61.4,0.0,0.0,0.0,332.65,0.48,114.0,101070.0
1990-10-08 04:00:00+00:00,17.69,67.95,0.0,0.0,0.0,330.95,1.17,53.0,101060.0
1990-10-08 05:00:00+00:00,16.4,72.65,0.0,0.0,0.0,334.2,1.52,54.0,101090.0
1990-10-08 06:00:00+00:00,15.93,75.15,0.0,0.0,0.0,338.85,1.59,56.0,101120.0
1990-10-08 07:00:00+00:00,15.64,67.55,95.0,357.01,46.0,331.5,1.59,48.0,101170.0
1990-10-08 08:00:00+00:00,18.81,53.0,285.0,576.31,96.0,336.95,1.31,52.0,101220.0
1990-10-08 09:00:00+00:00,22.27,40.5,455.0,634.35,143.0,344.5,1.17,55.0,101250.0
1990-10-08 10:00:00+00:00,25.74,32.25,624.0,802.91,128.0,345.25,1.03,58.0,101270.0
1990-10-08 11:00:00+00:00,28.39,28.5,716.0,827.69,139.0,351.25,0.69,70.0,101230.0
1990-10-08 12:00:00+00:00,30.17,24.1,733.0,778.45,169.0,359.0,0.62,115.0,101180.0
1990-10-08 13:00:00+00:00,31.28,22.65,722.0,840.87,135.0,363.65,0.9,145.0,101110.0
1990-10-08 14:00:00+00:00,31.88,21.2,625.0,795.65,132.0,366.15,0.9,164.0,101030.0
1990-10-08 15:00:00+00:00,32.07,21.2,466.0,665.35,137.0,366.75,0.83,181.0,100990.0
1990-10-08 16:00:00+00:00,31.84,20.45,286.0,552.58,103.0,365.0,0.76,201.0,100980.0
1990-10-08 17:00:00+00:00,31.15,21.85,107.0,440.18,45.0,363.45,0.83,202.0,101010.0
1990-10-08 18:00:00+00:00,29.4,25.7,0.0,0.0,0.0,360.55,1.72,198.0,101040.0
1990-10-08 19:00:00+00:00,26.91,29.15,0.0,0.0,0.0,356.5,2.34,220.0,101080.0
1990-10-08 20:00:00+00:00,25.05,34.4,0.0,0.0,0.0,351.65,2.28,227.0,101110.0
1990-10-08 21:00:00+00:00,23.67,38.05,0.0,0.0,0.0,351.05,2.14,237.0,101190.0
1990-10-08 22:00:00+00:00,22.53,43.5,0.0,0.0,0.0,347.75,1.86,242.0,101210.0
1990-10-08 23:00:00+00:00,21.39,48.2,0.0,0.0,0.0,345.65,1.66,237.0,101200.0
1990-10-09 00:00:00+00:00,20.17,53.35,0.0,0.0,0.0,339.65,1.52,227.0,101190.0
1990-10-09 01:00:00+00:00,19.17,59.15,0.0,0.0,0.0,334.5,1.45,225.0,101160.0
1990-10-09 02:00:00+00:00,18.63,61.2,0.0,0.0,0.0,329.95,1.24,231.0,101150.0
1990-10-09 03:00:00+00:00,18.96,61.2,0.0,0.0,0.0,328.0,0.97,231.0,101130.0
1990-10-09 04:00:00+00:00,19.44,59.15,0.0,0.0,0.0,326.5,0.55,208.0,101130.0
1990-10-09 05:00:00+00:00,18.86,61.2,0.0,0.0,0.0,326.3,0.34,128.0,101140.0
1990-10-09 06:00:00+00:00,18.33,61.2,0.0,0.0,0.0,326.1,0.55,86.0,101170.0
1990-10-09 07:00:00+00:00,17.09,67.85,92.0,358.31,44.0,324.15,0.9,83.0,101200.0
1990-10-09 08:00:00+00:00,18.66,68.05,297.0,671.95,79.0,328.6,0.55,40.0,101260.0
1990-10-09 09:00:00+00:00,22.53,48.45,451.0,639.27,139.0,336.15,0.69,9.0,101300.0
1990-10-09 10:00:00+00:00,24.99,39.7,616.0,795.18,128.0,347.0,0.62,332.0,101290.0
1990-10-09 11:00:00+00:00,27.07,33.7,691.0,760.7,164.0,354.55,0.62,304.0,101270.0
1990-10-09 12:00:00+00:00,28.83,28.65,736.0,816.75,148.0,361.3,0.62,283.0,101230.0
1990-10-09 13:00:00+00:00,30.15,25.95,593.0,438.49,289.0,366.35,0.69,267.0,101150.0
1990-10-09 14:00:00+00:00,30.97,24.25,472.0,302.61,286.0,370.8,0.83,255.0,101060.0
1990-10-09 15:00:00+00:00,31.32,22.65,358.0,269.71,226.0,371.4,0.83,254.0,101020.0
1990-10-09 16:00:00+00:00,31.19,22.65,284.0,573.44,97.0,369.65,0.83,258.0,100990.0
1990-10-09 17:00:00+00:00,30.65,23.4,92.0,309.21,50.0,367.1,0.97,249.0,101020.0
1990-10-09 18:00:00+00:00,28.95,26.65,0.0,0.0,0.0,360.15,1.93,239.0,101030.0
1990-10-09 19:00:00+00:00,26.5,32.35,0.0,0.0,0.0,357.45,2.41,249.0,101060.0
1990-10-09 20:00:00+00:00,24.71,36.95,0.0,0.0,0.0,353.55,2.41,252.0,101070.0
1990-10-09 21:00:00+00:00,23.32,43.75,0.0,0.0,0.0,350.5,2.34,250.0,101110.0
1990-10-09 22:00:00+00:00,22.21,48.45,0.0,0.0,0.0,347.0,2.28,238.0,101130.0
1990-10-09 23:00:00+00:00,21.3,53.6,0.0,0.0,0.0,344.5,2.34,223.0,101140.0
1990-10-10 00:00:00+00:00,20.52,61.5,0.0,0.0,0.0,342.15,2.28,216.0,101160.0
1990-10-10 01:00:00+00:00,19.93,65.85,0.0,0.0,0.0,339.35,2.07,215.0,101130.0
1990-10-10 02:00:00+00:00,19.38,70.55,0.0,0.0,0.0,336.55,1.79,215.0,101120.0
1990-10-10 03:00:00+00:00,18.67,75.55,0.0,0.0,0.0,335.2,1.52,216.0,101110.0
1990-10-10 04:00:00+00:00,17.94,78.15,0.0,0.0,0.0,333.05,1.17,210.0,101090.0
1990-10-10 05:00:00+00:00,18.65,75.55,0.0,0.0,0.0,331.5,0.76,186.0,101100.0
1990-10-10 06:00:00+00:00,18.88,75.55,0.0,0.0,0.0,332.65,0.62,141.0,101130.0
1990-10-10 07:00:00+00:00,17.35,78.1,86.0,306.15,46.0,327.05,0.9,94.0,101180.0
1990-10-10 08:00:00+00:00,19.17,73.05,281.0,598.35,89.0,330.15,0.48,79.0,101220.0
1990-10-10 09:00:00+00:00,22.27,55.8,461.0,712.45,116.0,338.3,0.28,61.0,101260.0
1990-10-10 10:00:00+00:00,24.88,44.15,610.0,790.67,128.0,347.2,0.07,306.0,101240.0
1990-10-10 11:00:00+00:00,27.09,36.3,701.0,816.36,139.0,353.2,0.62,234.0,101210.0
1990-10-10 12:00:00+00:00,28.9,31.85,725.0,798.24,154.0,361.5,1.1,242.0,101160.0
1990-10-10 13:00:00+00:00,30.15,28.9,706.0,827.91,136.0,367.5,1.52,253.0,101070.0
1990-10-10 14:00:00+00:00,30.85,27.0,592.0,713.46,157.0,371.2,1.86,260.0,101000.0
1990-10-10 15:00:00+00:00,31.0,27.0,459.0,691.59,124.0,372.75,2.14,261.0,100940.0
1990-10-10 16:00:00+00:00,30.58,27.85,270.0,513.92,105.0,372.55,2.34,260.0,100920.0
1990-10-10 17:00:00+00:00,29.46,29.7,82.0,236.92,51.0,371.2,2.48,249.0,100910.0
1990-10-10 18:00:00+00:00,27.18,33.8,0.0,0.0,0.0,366.15,2.83,240.0,100920.0
1990-10-10 19:00:00+00:00,24.15,47.25,0.0,0.0,0.0,359.75,2.97,241.0,101000.0
1990-10-10 20:00:00+00:00,22.74,52.1,0.0,0.0,0.0,354.55,2.62,243.0,101020.0
1990-10-10 21:00:00+00:00,21.64,55.65,0.0,0.0,0.0,348.35,2.34,242.0,101040.0
1990-10-10 22:00:00+00:00,20.75,61.6,0.0,0.0,0.0,344.1,2.28,238.0,101060.0
1990-10-10 23:00:00+00:00,20.0,68.2,0.0,0.0,0.0,339.65,2.21,236.0,101060.0
1990-10-11 00:00:00+00:00,19.37,73.05,0.0,0.0,0.0,336.35,2.14,234.0,101050.0
1990-10-11 01:00:00+00:00,18.79,78.25,0.0,0.0,0.0,333.15,2.0,229.0,101020.0
1990-10-11 02:00:00+00:00,18.25,78.25,0.0,0.0,0.0,330.75,1.79,224.0,100980.0
1990-10-11 03:00:00+00:00,17.64,83.75,0.0,0.0,0.0,328.05,1.45,215.0,100960.0
1990-10-11 04:00:00+00:00,16.77,92.8,0.0,0.0,0.0,326.3,1.17,198.0,100950.0
1990-10-11 05:00:00+00:00,17.13,89.7,0.0,0.0,0.0,323.75,0.83,186.0,100970.0
1990-10-11 06:00:00+00:00,17.55,86.7,0.0,0.0,0.0,321.45,0.07,121.0,101000.0
1990-10-11 07:00:00+00:00,17.29,92.85,64.0,117.81,49.0,324.35,0.55,349.0,101110.0
1990-10-11 08:00:00+00:00,18.37,86.75,205.0,195.39,143.0,327.05,0.76,10.0,101180.0
1990-10-11 09:00:00+00:00,21.07,68.5,372.0,333.05,212.0,334.0,1.24,30.0,101230.0
1990-10-11 10:00:00+00:00,23.31,58.0,610.0,792.74,130.0,342.95,1.59,52.0,101220.0
1990-10-11 11:00:00+00:00,25.17,47.5,719.0,874.21,121.0,348.95,1.59,56.0,101180.0
1990-10-11 12:00:00+00:00,26.81,41.65,0.0,0.0,0.0,354.75,1.72,45.0,101140.0
1990-10-11 13:00:00+00:00,28.15,35.3,704.0,829.35,137.0,359.75,2.28,39.0,101080.0
1990-10-11 14:00:00+00:00,29.0,31.85,610.0,793.7,130.0,362.85,2.76,40.0,101040.0
1990-10-11 15:00:00+00:00,29.35,29.7,467.0,738.46,113.0,362.65,3.03,44.0,100980.0
1990-10-11 16:00:00+00:00,29.21,26.65,284.0,626.49,86.0,358.6,3.03,50.0,100990.0
1990-10-11 17:00:00+00:00,28.48,26.5,88.0,365.34,42.0,352.8,2.48,52.0,100980.0
1990-10-11 18:00:00+00:00,26.8,28.1,0.0,0.0,0.0,343.9,2.41,47.0,101030.0
1990-10-11 19:00:00+00:00,25.5,30.95,0.0,0.0,0.0,342.15,2.07,20.0,101020.0
1990-10-11 20:00:00+00:00,24.01,30.55,0.0,0.0,0.0,333.85,2.48,21.0,101060.0
1990-10-11 21:00:00+00:00,22.97,25.1,0.0,0.0,0.0,324.75,3.1,28.0,101090.0
1990-10-11 22:00:00+00:00,22.32,19.8,0.0,0.0,0.0,317.0,3.86,39.0,101140.0
1990-10-11 23:00:00+00:00,21.71,17.5,0.0,0.0,0.0,311.2,4.34,50.0,101210.0
1990-10-12 00:00:00+00:00,20.94,18.7,0.0,0.0,0.0,305.55,4.41,55.0,101230.0
1990-10-12 01:00:00+00:00,20.16,19.35,0.0,0.0,0.0,300.65,4.34,56.0,101230.0
1990-10-12 02:00:00+00:00,19.45,22.35,0.0,0.0,0.0,296.85,4.34,54.0,101230.0
1990-10-12 03:00:00+00:00,18.81,23.15,0.0,0.0,0.0,293.95,4.62,51.0,101240.0
1990-10-12 04:00:00+00:00,18.16,25.05,0.0,0.0,0.0,291.45,4.76,51.0,101230.0
1990-10-12 05:00:00+00:00,17.51,25.9,0.0,0.0,0.0,287.55,4.76,52.0,101270.0
1990-10-12 06:00:00+00:00,16.89,27.7,0.0,0.0,0.0,285.45,4.55,52.0,101280.0
1990-10-12 07:00:00+00:00,16.11,32.2,87.0,363.0,42.0,282.95,4.55,47.0,101350.0
1990-10-12 08:00:00+00:00,16.97,32.35,283.0,618.4,89.0,285.25,4.97,48.0,101390.0
1990-10-12 09:00:00+00:00,18.46,29.2,468.0,730.26,120.0,294.55,5.66,54.0,101400.0
1990-10-12 10:00:00+00:00,20.32,25.4,616.0,794.87,138.0,298.4,5.45,58.0,101400.0
1990-10-12 11:00:00+00:00,22.23,20.6,707.0,812.19,155.0,306.55,4.76,60.0,101380.0
1990-10-12 12:00:00+00:00,23.63,17.95,722.0,760.53,185.0,312.15,4.0,58.0,101310.0
1990-10-12 13:00:00+00:00,24.91,15.55,707.0,813.13,155.0,318.75,3.45,53.0,101230.0
1990-10-12 14:00:00+00:00,25.74,14.6,612.0,781.89,143.0,318.35,3.1,46.0,101160.0
1990-10-12 15:00:00+00:00,26.03,14.6,470.0,748.33,115.0,319.7,3.03,41.0,101080.0
1990-10-12 16:00:00+00:00,25.91,14.6,285.0,633.29,88.0,317.75,2.9,39.0,101070.0
1990-10-12 17:00:00+00:00,25.24,15.65,89.0,404.88,40.0,315.45,2.28,41.0,101080.0
1990-10-12 18:00:00+00:00,23.77,17.95,0.0,0.0,0.0,310.2,1.72,51.0,101090.0
1990-10-12 19:00:00+00:00,22.15,19.8,0.0,0.0,0.0,305.2,1.79,49.0,101100.0
1990-10-12 20:00:00+00:00,20.25,23.5,0.0,0.0,0.0,302.65,1.86,49.0,101120.0
1990-10-12 21:00:00+00:00,18.36,27.05,0.0,0.0,0.0,299.75,1.93,41.0,101110.0
1990-10-12 22:00:00+00:00,16.89,29.95,0.0,0.0,0.0,297.05,2.0,29.0,101130.0
1990-10-12 23:00:00+00:00,15.79,33.35,0.0,0.0,0.0,294.35,2.07,19.0,101090.0
1990-10-13 00:00:00+00:00,14.99,34.5,0.0,0.0,0.0,292.4,2.14,13.0,101090.0
1990-10-13 01:00:00+00:00,14.5,35.75,0.0,0.0,0.0,290.6,2.28,13.0,101050.0
1990-10-13 02:00:00+00:00,14.12,37.0,0.0,0.0,0.0,289.5,2.34,20.0,100980.0
1990-10-13 03:00:00+00:00,13.7,38.3,0.0,0.0,0.0,287.75,2.28,29.0,100990.0
1990-10-13 04:00:00+00:00,13.17,39.65,0.0,0.0,0.0,285.85,2.14,37.0,100950.0
1990-10-13 05:00:00+00:00,12.5,41.1,0.0,0.0,0.0,284.85,2.0,43.0,100950.0
1990-10-13 06:00:00+00:00,11.83,45.8,0.0,0.0,0.0,284.5,1.93,45.0,100970.0
1990-10-13 07:00:00+00:00,11.34,51.25,84.0,356.58,41.0,281.75,1.93,38.0,100980.0
1990-10-13 08:00:00+00:00,14.58,41.65,276.0,596.6,91.0,287.75,1.38,42.0,101050.0
1990-10-13 09:00:00+00:00,19.19,29.35,467.0,751.08,112.0,289.1,1.66,47.0,101030.0
1990-10-13 10:00:00+00:00,22.19,23.15,609.0,788.69,138.0,299.2,2.07,50.0,101000.0
1990-10-13 11:00:00+00:00,24.2,19.55,699.0,807.13,154.0,307.3,1.86,48.0,100930.0
1990-10-13 12:00:00+00:00,25.67,17.7,723.0,785.52,172.0,313.9,1.24,38.0,100870.0
1990-10-13 13:00:00+00:00,26.7,16.6,698.0,807.06,154.0,318.95,0.76,0.0,100740.0
1990-10-13 14:00:00+00:00,27.44,16.1,611.0,805.16,132.0,322.0,1.03,309.0,100630.0
1990-10-13 15:00:00+00:00,27.81,15.0,465.0,754.11,111.0,323.4,1.52,292.0,100590.0
1990-10-13 16:00:00+00:00,27.72,14.45,279.0,633.7,85.0,323.4,1.86,278.0,100550.0
1990-10-13 17:00:00+00:00,26.92,15.4,84.0,387.32,39.0,322.05,1.86,249.0,100520.0
1990-10-13 18:00:00+00:00,24.59,18.2,0.0,0.0,0.0,318.15,2.76,226.0,100530.0
1990-10-13 19:00:00+00:00,22.7,26.05,0.0,0.0,0.0,320.85,3.1,232.0,100520.0
1990-10-13 20:00:00+00:00,21.15,32.2,0.0,0.0,0.0,317.0,3.17,234.0,100540.0
1990-10-13 21:00:00+00:00,19.99,39.8,0.0,0.0,0.0,314.85,2.97,235.0,100540.0
1990-10-13 22:00:00+00:00,19.23,44.3,0.0,0.0,0.0,315.25,2.69,237.0,100540.0
1990-10-13 23:00:00+00:00,18.71,47.55,0.0,0.0,0.0,317.4,2.28,246.0,100530.0
1990-10-14 00:00:00+00:00,18.25,49.3,0.0,0.0,0.0,319.7,2.07,260.0,100520.0
1990-10-14 01:00:00+00:00,17.7,54.85,0.0,0.0,0.0,321.95,2.0,272.0,100490.0
1990-10-14 02:00:00+00:00,16.9,58.7,0.0,0.0,0.0,315.45,2.07,283.0,100460.0
1990-10-14 03:00:00+00:00,16.02,58.6,0.0,0.0,0.0,306.55,2.14,291.0,100440.0
1990-10-14 04:00:00+00:00,15.12,60.5,0.0,0.0,0.0,298.6,2.14,294.0,100430.0
1990-10-14 05:00:00+00:00,14.27,64.85,0.0,0.0,0.0,292.2,2.07,294.0,100430.0
1990-10-14 06:00:00+00:00,13.55,67.15,0.0,0.0,0.0,289.5,2.07,293.0,100460.0
1990-10-14 07:00:00+00:00,13.08,72.1,79.0,332.79,40.0,290.65,1.86,291.0,100520.0
1990-10-14 08:00:00+00:00,14.93,67.35,270.0,597.18,87.0,294.35,2.14,301.0,100590.0
1990-10-14 09:00:00+00:00,16.71,56.6,457.0,740.29,110.0,300.55,2.28,317.0,100620.0
1990-10-14 10:00:00+00:00,18.55,49.3,601.0,797.63,128.0,305.4,2.34,312.0,100640.0
1990-10-14 11:00:00+00:00,20.37,43.0,687.0,803.52,148.0,310.6,2.62,307.0,100600.0
1990-10-14 12:00:00+00:00,21.99,36.15,715.0,799.37,158.0,314.3,2.9,303.0,100540.0
1990-10-14 13:00:00+00:00,23.25,29.3,690.0,818.83,142.0,316.4,3.17,302.0,100470.0
1990-10-14 14:00:00+00:00,24.03,26.35,596.0,784.73,133.0,318.15,3.38,303.0,100410.0
1990-10-14 15:00:00+00:00,24.32,22.75,449.0,719.07,115.0,318.55,3.59,306.0,100400.0
1990-10-14 16:00:00+00:00,24.13,21.1,269.0,607.48,86.0,317.4,3.59,310.0,100430.0
1990-10-14 17:00:00+00:00,23.45,21.65,74.0,305.22,40.0,314.65,3.17,312.0,100480.0
1990-10-14 18:00:00+00:00,21.82,23.9,0.0,0.0,0.0,310.8,2.34,300.0,100520.0
1990-10-14 19:00:00+00:00,20.51,27.45,0.0,0.0,0.0,306.15,2.34,298.0,100580.0
1990-10-14 20:00:00+00:00,19.3,29.35,0.0,0.0,0.0,301.9,2.41,309.0,100640.0
1990-10-14 21:00:00+00:00,18.33,30.35,0.0,0.0,0.0,298.8,2.34,317.0,100700.0
1990-10-14 22:00:00+00:00,17.41,33.75,0.0,0.0,0.0,295.1,2.28,317.0,100730.0
1990-10-14 23:00:00+00:00,16.46,36.15,0.0,0.0,0.0,293.0,2.21,312.0,100740.0
1990-10-15 00:00:00+00:00,15.5,37.4,0.0,0.0,0.0,290.85,2.14,305.0,100760.0
1990-10-15 01:00:00+00:00,14.63,41.65,0.0,0.0,0.0,289.05,2.21,305.0,100740.0
1990-10-15 02:00:00+00:00,13.95,46.35,0.0,0.0,0.0,287.4,2.21,312.0,100740.0
1990-10-15 03:00:00+00:00,13.28,49.85,0.0,0.0,0.0,286.05,2.0,319.0,100730.0
1990-10-15 04:00:00+00:00,12.93,53.6,0.0,0.0,0.0,284.1,1.72,324.0,100720.0
1990-10-15 05:00:00+00:00,12.92,55.65,0.0,0.0,0.0,282.95,1.24,328.0,100740.0
1990-10-15 06:00:00+00:00,13.13,53.7,0.0,0.0,0.0,281.75,0.83,328.0,100770.0
1990-10-15 07:00:00+00:00,11.9,64.35,77.0,334.0,39.0,279.25,1.03,351.0,100860.0
1990-10-15 08:00:00+00:00,13.21,62.3,269.0,591.21,90.0,281.6,0.55,348.0,100920.0
1990-10-15 09:00:00+00:00,16.79,43.8,453.0,720.75,118.0,287.2,0.83,7.0,100960.0
1990-10-15 10:00:00+00:00,18.99,38.1,600.0,786.34,137.0,294.95,0.34,354.0,100950.0
1990-10-15 11:00:00+00:00,20.79,32.1,686.0,789.37,160.0,302.1,0.69,265.0,100930.0
1990-10-15 12:00:00+00:00,22.1,26.95,749.0,908.76,120.0,306.55,1.31,274.0,100840.0
1990-10-15 13:00:00+00:00,22.98,25.1,692.0,820.23,147.0,309.65,1.72,274.0,100770.0
1990-10-15 14:00:00+00:00,23.5,23.4,600.0,801.54,131.0,311.0,2.07,273.0,100690.0
1990-10-15 15:00:00+00:00,23.69,22.65,449.0,722.39,117.0,311.75,2.14,272.0,100660.0
1990-10-15 16:00:00+00:00,23.49,23.4,267.0,617.43,84.0,311.95,2.14,269.0,100640.0
1990-10-15 17:00:00+00:00,22.85,24.15,74.0,346.89,37.0,312.55,2.14,251.0,100650.0
1990-10-15 18:00:00+00:00,20.95,29.75,0.0,0.0,0.0,310.05,2.83,225.0,100680.0
1990-10-15 19:00:00+00:00,19.21,41.15,0.0,0.0,0.0,308.85,3.45,226.0,100730.0
1990-10-15 20:00:00+00:00,17.86,51.0,0.0,0.0,0.0,307.3,3.31,226.0,100780.0
1990-10-15 21:00:00+00:00,16.9,58.7,0.0,0.0,0.0,302.1,2.69,226.0,100810.0
1990-10-15 22:00:00+00:00,16.17,62.95,0.0,0.0,0.0,300.95,1.93,223.0,100840.0
1990-10-15 23:00:00+00:00,15.08,69.9,0.0,0.0,0.0,297.25,1.17,211.0,100820.0
1990-10-16 00:00:00+00:00,14.8,72.4,0.0,0.0,0.0,293.75,0.9,178.0,100820.0
1990-10-16 01:00:00+00:00,14.32,74.95,0.0,0.0,0.0,290.6,0.83,156.0,100800.0
1990-10-16 02:00:00+00:00,14.04,72.3,0.0,0.0,0.0,288.75,0.76,149.0,100780.0
1990-10-16 03:00:00+00:00,13.81,74.85,0.0,0.0,0.0,287.0,0.62,140.0,100740.0
1990-10-16 04:00:00+00:00,13.42,77.5,0.0,0.0,0.0,285.65,0.55,124.0,100750.0
1990-10-16 05:00:00+00:00,13.04,77.5,0.0,0.0,0.0,284.5,0.62,95.0,100760.0
1990-10-16 06:00:00+00:00,12.27,80.2,0.0,0.0,0.0,283.7,0.9,69.0,100780.0
1990-10-16 07:00:00+00:00,9.45,89.15,74.0,326.28,38.0,280.6,1.72,45.0,100880.0
1990-10-16 08:00:00+00:00,12.67,72.05,263.0,581.8,89.0,282.55,1.31,44.0,100930.0
1990-10-16 09:00:00+00:00,16.62,50.75,451.0,737.8,111.0,288.75,1.66,50.0,100980.0
1990-10-16 10:00:00+00:00,19.09,41.15,598.0,805.7,127.0,296.3,1.72,64.0,101010.0
1990-10-16 11:00:00+00:00,21.06,33.45,680.0,796.2,153.0,303.45,1.24,73.0,100980.0
1990-10-16 12:00:00+00:00,22.55,27.05,707.0,791.27,163.0,308.85,0.48,66.0,100930.0
1990-10-16 13:00:00+00:00,23.43,24.3,682.0,812.54,146.0,312.55,0.28,315.0,100820.0
1990-10-16 14:00:00+00:00,23.97,21.8,591.0,792.75,131.0,316.05,0.76,287.0,100760.0
1990-10-16 15:00:00+00:00,24.15,20.3,443.0,725.73,113.0,313.1,0.97,282.0,100730.0
1990-10-16 16:00:00+00:00,23.9,20.95,262.0,613.89,83.0,312.35,1.1,281.0,100710.0
1990-10-16 17:00:00+00:00,23.29,21.65,69.0,333.39,35.0,309.85,1.1,278.0,100710.0
1990-10-16 18:00:00+00:00,21.97,24.85,0.0,0.0,0.0,305.75,1.45,258.0,100730.0
1990-10-16 19:00:00+00:00,19.89,34.3,0.0,0.0,0.0,308.3,2.28,245.0,100780.0
1990-10-16 20:00:00+00:00,18.34,42.6,0.0,0.0,0.0,305.4,2.48,244.0,100800.0
1990-10-16 21:00:00+00:00,17.09,50.85,0.0,0.0,0.0,302.5,2.41,248.0,100850.0
1990-10-16 22:00:00+00:00,16.1,56.5,0.0,0.0,0.0,299.95,2.14,245.0,100850.0
1990-10-16 23:00:00+00:00,15.27,62.75,0.0,0.0,0.0,297.65,1.86,227.0,100840.0
1990-10-17 00:00:00+00:00,14.45,69.75,0.0,0.0,0.0,296.5,1.86,202.0,100800.0
1990-10-17 01:00:00+00:00,13.62,74.85,0.0,0.0,0.0,292.9,1.86,194.0,100780.0
1990-10-17 02:00:00+00:00,12.82,83.25,0.0,0.0,0.0,291.25,1.79,190.0,100770.0
1990-10-17 03:00:00+00:00,11.95,89.35,0.0,0.0,0.0,290.3,1.66,182.0,100760.0
1990-10-17 04:00:00+00:00,11.4,92.55,0.0,0.0,0.0,289.5,1.52,171.0,100750.0
1990-10-17 05:00:00+00:00,11.17,92.55,0.0,0.0,0.0,288.15,1.45,159.0,100770.0
1990-10-17 06:00:00+00:00,11.21,89.3,0.0,0.0,0.0,287.2,1.24,143.0,100780.0
1990-10-17 07:00:00+00:00,11.42,89.3,70.0,318.12,36.0,284.65,0.97,99.0,100870.0
1990-10-17 08:00:00+00:00,12.82,83.25,259.0,582.35,87.0,287.0,0.48,90.0,100930.0
1990-10-17 09:00:00+00:00,16.51,63.05,444.0,731.1,110.0,293.75,0.48,147.0,100980.0
1990-10-17 10:00:00+00:00,19.08,51.25,587.0,785.74,131.0,301.7,0.9,191.0,101000.0
1990-10-17 11:00:00+00:00,21.08,40.2,672.0,790.96,152.0,309.25,1.03,195.0,100970.0
1990-10-17 12:00:00+00:00,22.41,33.7,699.0,784.94,163.0,314.65,1.17,189.0,100910.0
1990-10-17 13:00:00+00:00,23.33,30.4,670.0,790.99,152.0,318.75,1.24,196.0,100820.0
1990-10-17 14:00:00+00:00,23.88,28.35,579.0,771.61,135.0,320.5,1.24,209.0,100770.0
1990-10-17 15:00:00+00:00,24.04,28.35,426.0,664.62,127.0,322.2,1.24,225.0,100730.0
1990-10-17 16:00:00+00:00,23.77,28.35,241.0,498.56,98.0,321.65,1.31,243.0,100740.0
1990-10-17 17:00:00+00:00,23.02,30.3,63.0,287.58,35.0,319.3,1.45,258.0,100760.0
1990-10-17 18:00:00+00:00,21.4,36.0,0.0,0.0,0.0,314.65,1.93,260.0,100790.0
1990-10-17 19:00:00+00:00,19.49,42.7,0.0,0.0,0.0,311.55,2.28,261.0,100870.0
1990-10-17 20:00:00+00:00,17.99,49.15,0.0,0.0,0.0,308.3,2.28,265.0,100870.0
1990-10-17 21:00:00+00:00,16.85,54.6,0.0,0.0,0.0,304.6,1.93,269.0,100920.0
1990-10-17 22:00:00+00:00,15.64,58.45,0.0,0.0,0.0,300.75,1.38,275.0,100920.0
1990-10-17 23:00:00+00:00,15.77,58.45,0.0,0.0,0.0,298.05,0.62,277.0,100940.0
1990-10-18 00:00:00+00:00,15.45,60.5,0.0,0.0,0.0,295.9,0.21,112.0,100900.0
1990-10-18 01:00:00+00:00,14.7,62.65,0.0,0.0,0.0,293.9,0.83,97.0,100910.0
1990-10-18 02:00:00+00:00,13.87,67.15,0.0,0.0,0.0,292.05,0.9,93.0,100880.0
1990-10-18 03:00:00+00:00,13.79,67.15,0.0,0.0,0.0,290.85,0.76,80.0,100860.0
1990-10-18 04:00:00+00:00,11.98,74.6,0.0,0.0,0.0,289.5,1.17,57.0,100850.0
1990-10-18 05:00:00+00:00,10.52,83.0,0.0,0.0,0.0,288.35,1.66,53.0,100860.0
1990-10-18 06:00:00+00:00,10.05,86.0,0.0,0.0,0.0,287.75,1.79,52.0,100880.0
1990-10-18 07:00:00+00:00,10.49,80.05,61.0,222.43,38.0,287.55,2.41,55.0,100920.0
1990-10-18 08:00:00+00:00,13.47,62.45,249.0,531.52,94.0,290.5,2.28,63.0,100960.0
1990-10-18 09:00:00+00:00,17.47,47.3,439.0,719.9,113.0,295.9,2.48,69.0,100970.0
1990-10-18 10:00:00+00:00,20.79,38.65,578.0,758.57,141.0,302.5,2.21,71.0,100970.0
1990-10-18 11:00:00+00:00,23.38,31.55,658.0,747.37,170.0,310.4,1.38,66.0,100940.0
1990-10-18 12:00:00+00:00,25.18,26.7,692.0,772.63,168.0,318.35,0.48,50.0,100910.0
1990-10-18 13:00:00+00:00,26.32,24.15,663.0,776.79,158.0,324.35,0.21,213.0,100840.0
1990-10-18 14:00:00+00:00,27.04,23.4,569.0,743.07,145.0,328.4,0.69,190.0,100760.0
1990-10-18 15:00:00+00:00,27.42,22.65,429.0,705.48,115.0,329.95,1.1,169.0,100700.0
1990-10-18 16:00:00+00:00,27.42,21.8,243.0,538.78,91.0,329.0,1.45,158.0,100690.0
1990-10-18 17:00:00+00:00,26.6,23.4,60.0,301.7,32.0,326.85,1.38,156.0,100700.0
1990-10-18 18:00:00+00:00,24.62,26.6,0.0,0.0,0.0,321.05,1.79,153.0,100740.0
1990-10-18 19:00:00+00:00,22.03,31.15,0.0,0.0,0.0,317.0,2.21,157.0,100760.0
1990-10-18 20:00:00+00:00,20.38,33.15,0.0,0.0,0.0,312.55,1.86,152.0,100780.0
1990-10-18 21:00:00+00:00,18.57,36.7,0.0,0.0,0.0,308.65,1.52,123.0,100820.0
1990-10-18 22:00:00+00:00,16.97,39.15,0.0,0.0,0.0,305.95,1.93,76.0,100820.0
1990-10-18 23:00:00+00:00,15.79,41.9,0.0,0.0,0.0,303.25,2.07,56.0,100810.0
1990-10-19 00:00:00+00:00,14.88,44.9,0.0,0.0,0.0,302.65,2.0,42.0,100800.0
1990-10-19 01:00:00+00:00,14.22,46.5,0.0,0.0,0.0,302.4,2.0,36.0,100780.0
1990-10-19 02:00:00+00:00,13.72,48.15,0.0,0.0,0.0,303.25,1.93,35.0,100740.0
1990-10-19 03:00:00+00:00,13.48,50.0,0.0,0.0,0.0,304.6,1.66,28.0,100710.0
1990-10-19 04:00:00+00:00,13.15,51.75,0.0,0.0,0.0,305.4,1.66,26.0,100710.0
1990-10-19 05:00:00+00:00,12.77,55.65,0.0,0.0,0.0,305.95,1.72,34.0,100680.0
1990-10-19 06:00:00+00:00,12.58,55.65,0.0,0.0,0.0,306.35,1.86,50.0,100660.0
1990-10-19 07:00:00+00:00,12.81,53.6,57.0,210.19,36.0,306.15,2.21,59.0,100670.0
1990-10-19 08:00:00+00:00,15.77,50.5,240.0,510.66,93.0,309.25,1.38,55.0,100690.0
1990-10-19 09:00:00+00:00,21.22,31.05,422.0,677.33,118.0,317.4,1.1,68.0,100720.0
1990-10-19 10:00:00+00:00,24.56,24.55,569.0,772.97,127.0,329.0,0.9,115.0,100740.0
1990-10-19 11:00:00+00:00,27.12,21.0,625.0,669.27,191.0,338.5,1.52,170.0,100700.0
1990-10-19 12:00:00+00:00,28.85,19.85,688.0,807.66,144.0,355.3,2.55,187.0,100670.0
1990-10-19 13:00:00+00:00,29.66,20.7,651.0,780.96,147.0,352.4,3.66,190.0,100560.0
1990-10-19 14:00:00+00:00,29.71,21.5,536.0,650.39,168.0,350.85,4.55,192.0,100490.0
1990-10-19 15:00:00+00:00,28.89,23.85,152.0,4.54,150.0,357.45,5.03,201.0,100490.0
1990-10-19 16:00:00+00:00,27.38,28.25,250.0,637.92,73.0,360.35,4.83,208.0,100550.0
1990-10-19 17:00:00+00:00,25.65,33.4,41.0,90.59,33.0,368.45,4.14,208.0,100590.0
1990-10-19 18:00:00+00:00,23.8,38.05,0.0,0.0,0.0,370.4,3.45,200.0,100620.0
1990-10-19 19:00:00+00:00,22.82,37.75,0.0,0.0,0.0,369.65,3.24,187.0,100570.0
1990-10-19 20:00:00+00:00,21.75,40.35,0.0,0.0,0.0,356.5,3.24,177.0,100550.0
1990-10-19 21:00:00+00:00,20.99,43.1,0.0,0.0,0.0,351.05,3.38,181.0,100550.0
1990-10-19 22:00:00+00:00,20.56,44.7,0.0,0.0,0.0,354.75,3.86,179.0,100560.0
1990-10-19 23:00:00+00:00,20.52,47.9,0.0,0.0,0.0,368.45,3.72,180.0,100510.0
1990-10-20 00:00:00+00:00,20.78,48.05,0.0,0.0,0.0,386.85,3.72,185.0,100520.0
1990-10-20 01:00:00+00:00,20.73,49.8,0.0,0.0,0.0,384.65,3.86,191.0,100480.0
1990-10-20 02:00:00+00:00,20.47,53.35,0.0,0.0,0.0,375.05,3.93,188.0,100420.0
1990-10-20 03:00:00+00:00,20.41,55.3,0.0,0.0,0.0,381.65,3.93,188.0,100400.0
1990-10-20 04:00:00+00:00,20.14,57.3,0.0,0.0,0.0,379.9,3.93,183.0,100350.0
1990-10-20 05:00:00+00:00,20.05,57.3,0.0,0.0,0.0,377.55,3.93,181.0,100320.0
1990-10-20 06:00:00+00:00,20.05,59.35,0.0,0.0,0.0,383.0,3.72,181.0,100290.0
1990-10-20 07:00:00+00:00,20.14,59.35,34.0,31.12,31.0,389.2,4.21,177.0,100200.0
1990-10-20 08:00:00+00:00,21.15,53.6,118.0,28.16,110.0,392.3,4.62,178.0,100200.0
1990-10-20 09:00:00+00:00,22.42,50.2,335.0,335.0,186.0,391.7,4.28,178.0,100200.0
1990-10-20 10:00:00+00:00,24.52,42.5,289.0,54.62,258.0,385.7,5.24,175.0,100150.0
1990-10-20 11:00:00+00:00,26.63,36.2,340.0,60.56,301.0,383.95,6.9,180.0,100060.0
1990-10-20 12:00:00+00:00,27.03,36.2,331.0,41.86,303.0,397.1,7.03,188.0,100010.0
1990-10-20 13:00:00+00:00,26.84,36.2,186.0,0.0,186.0,400.8,6.76,193.0,99950.0
1990-10-20 14:00:00+00:00,26.26,37.35,130.0,0.0,130.0,403.3,6.48,197.0,99920.0
1990-10-20 15:00:00+00:00,25.09,41.25,64.0,0.0,64.0,404.65,5.79,197.0,99860.0
1990-10-20 16:00:00+00:00,23.75,48.8,86.0,3.66,85.0,404.3,5.24,193.0,99840.0
1990-10-20 17:00:00+00:00,22.49,57.75,10.0,0.0,10.0,400.2,5.38,186.0,99800.0
1990-10-20 18:00:00+00:00,20.68,68.4,0.0,0.0,0.0,398.1,5.86,180.0,99770.0
1990-10-20 19:00:00+00:00,19.2,86.8,0.0,0.0,0.0,398.65,9.03,183.0,99620.0
1990-10-20 20:00:00+00:00,19.39,92.9,0.0,0.0,0.0,399.25,9.45,192.0,99620.0
1990-10-20 21:00:00+00:00,19.04,92.9,0.0,0.0,0.0,404.45,7.93,211.0,99780.0
1990-10-20 22:00:00+00:00,18.41,92.85,0.0,0.0,0.0,384.75,5.45,213.0,99880.0
1990-10-20 23:00:00+00:00,18.11,89.75,0.0,0.0,0.0,365.2,4.21,212.0,99960.0
1990-10-21 00:00:00+00:00,17.95,92.85,0.0,0.0,0.0,353.75,3.72,208.0,99960.0
1990-10-21 01:00:00+00:00,17.62,89.75,0.0,0.0,0.0,361.25,4.28,211.0,99980.0
1990-10-21 02:00:00+00:00,17.6,89.75,0.0,0.0,0.0,379.1,3.66,207.0,99950.0
1990-10-21 03:00:00+00:00,18.0,92.85,0.0,0.0,0.0,400.4,4.07,205.0,99950.0
1990-10-21 04:00:00+00:00,17.76,92.85,0.0,0.0,0.0,399.45,4.62,210.0,99960.0
1990-10-21 05:00:00+00:00,17.74,92.85,0.0,0.0,0.0,395.0,4.14,207.0,99990.0
1990-10-21 06:00:00+00:00,17.29,92.85,0.0,0.0,0.0,387.25,4.07,211.0,100050.0
1990-10-21 07:00:00+00:00,17.57,89.75,13.0,0.0,13.0,373.9,3.24,211.0,100110.0
1990-10-21 08:00:00+00:00,18.08,86.75,192.0,260.44,119.0,361.9,2.55,207.0,100190.0
1990-10-21 09:00:00+00:00,19.0,86.75,386.0,542.29,147.0,357.45,3.03,202.0,100250.0
1990-10-21 10:00:00+00:00,20.08,78.45,473.0,433.21,229.0,361.5,3.52,204.0,100300.0
1990-10-21 11:00:00+00:00,20.97,73.3,369.0,87.57,313.0,364.0,3.72,206.0,100300.0
1990-10-21 12:00:00+00:00,21.58,68.6,564.0,430.54,278.0,388.4,3.79,207.0,100310.0
1990-10-21 13:00:00+00:00,21.65,66.25,547.0,454.46,258.0,396.55,3.72,209.0,100250.0
1990-10-21 14:00:00+00:00,21.56,64.0,387.0,210.31,270.0,395.2,4.0,206.0,100230.0
1990-10-21 15:00:00+00:00,20.86,66.05,368.0,496.58,154.0,381.25,4.14,210.0,100240.0
1990-10-21 16:00:00+00:00,20.37,68.3,63.0,0.0,63.0,379.5,3.03,212.0,100250.0
1990-10-21 17:00:00+00:00,19.54,70.65,19.0,0.0,19.0,378.95,3.24,202.0,100290.0
1990-10-21 18:00:00+00:00,18.59,78.25,0.0,0.0,0.0,370.6,2.62,186.0,100340.0
1990-10-21 19:00:00+00:00,18.66,81.0,0.0,0.0,0.0,365.55,2.62,207.0,100340.0
1990-10-21 20:00:00+00:00,17.92,86.7,0.0,0.0,0.0,370.4,2.34,198.0,100360.0
1990-10-21 21:00:00+00:00,17.75,86.7,0.0,0.0,0.0,375.65,2.48,189.0,100390.0
1990-10-21 22:00:00+00:00,17.15,92.85,0.0,0.0,0.0,384.55,2.34,186.0,100420.0
1990-10-21 23:00:00+00:00,16.83,96.05,0.0,0.0,0.0,393.25,3.03,185.0,100410.0
1990-10-22 00:00:00+00:00,16.24,99.4,0.0,0.0,0.0,392.85,2.69,189.0,100440.0
1990-10-22 01:00:00+00:00,16.07,96.05,0.0,0.0,0.0,390.65,2.62,189.0,100420.0
1990-10-22 02:00:00+00:00,16.04,96.05,0.0,0.0,0.0,390.55,2.34,185.0,100380.0
1990-10-22 03:00:00+00:00,16.14,96.05,0.0,0.0,0.0,387.25,2.14,183.0,100360.0
1990-10-22 04:00:00+00:00,16.33,96.05,0.0,0.0,0.0,386.85,2.55,188.0,100300.0
1990-10-22 05:00:00+00:00,16.29,96.05,0.0,0.0,0.0,385.9,2.69,192.0,100330.0
1990-10-22 06:00:00+00:00,16.26,92.8,0.0,0.0,0.0,387.05,2.9,194.0,100340.0
1990-10-22 07:00:00+00:00,16.13,96.05,55.0,279.86,30.0,389.95,1.45,176.0,100370.0
1990-10-22 08:00:00+00:00,16.39,96.05,243.0,611.25,74.0,388.4,1.86,177.0,100420.0
1990-10-22 09:00:00+00:00,17.02,92.85,317.0,274.81,197.0,389.95,2.07,177.0,100490.0
1990-10-22 10:00:00+00:00,17.78,92.85,261.0,32.2,243.0,393.25,2.21,178.0,100530.0
1990-10-22 11:00:00+00:00,18.63,89.75,242.0,6.3,238.0,394.0,2.28,180.0,100520.0
1990-10-22 12:00:00+00:00,19.1,89.8,60.0,0.0,60.0,400.0,2.55,185.0,100510.0
1990-10-22 13:00:00+00:00,19.58,86.85,397.0,131.49,314.0,401.0,2.76,191.0,100470.0
1990-10-22 14:00:00+00:00,19.62,78.35,426.0,320.86,249.0,399.05,3.31,195.0,100430.0
1990-10-22 15:00:00+00:00,19.37,81.05,364.0,504.3,149.0,384.35,3.66,205.0,100470.0
1990-10-22 16:00:00+00:00,19.16,81.05,219.0,526.84,80.0,356.85,3.52,219.0,100530.0
1990-10-22 17:00:00+00:00,17.62,80.9,40.0,172.81,27.0,377.95,2.97,225.0,100610.0
1990-10-22 18:00:00+00:00,16.85,83.65,0.0,0.0,0.0,339.85,2.28,219.0,100710.0
1990-10-22 19:00:00+00:00,17.43,80.85,0.0,0.0,0.0,342.95,2.76,206.0,100770.0
1990-10-22 20:00:00+00:00,16.89,86.6,0.0,0.0,0.0,338.1,2.55,201.0,100860.0
1990-10-22 21:00:00+00:00,16.46,89.65,0.0,0.0,0.0,336.95,2.48,201.0,100940.0
1990-10-22 22:00:00+00:00,15.93,92.75,0.0,0.0,0.0,327.85,2.34,205.0,101000.0
1990-10-22 23:00:00+00:00,15.47,92.75,0.0,0.0,0.0,325.3,2.28,200.0,101050.0
1990-10-23 00:00:00+00:00,15.24,92.75,0.0,0.0,0.0,332.85,2.21,199.0,101100.0
1990-10-23 01:00:00+00:00,14.92,96.0,0.0,0.0,0.0,332.0,2.07,201.0,101110.0
1990-10-23 02:00:00+00:00,14.71,92.7,0.0,0.0,0.0,333.25,1.86,199.0,101150.0
1990-10-23 03:00:00+00:00,14.44,96.0,0.0,0.0,0.0,332.65,1.72,194.0,101160.0
1990-10-23 04:00:00+00:00,14.05,92.7,0.0,0.0,0.0,321.25,1.72,188.0,101160.0
1990-10-23 05:00:00+00:00,13.96,95.95,0.0,0.0,0.0,330.55,1.59,184.0,101210.0
1990-10-23 06:00:00+00:00,13.53,95.95,0.0,0.0,0.0,310.6,1.59,183.0,101270.0
1990-10-23 07:00:00+00:00,13.42,99.4,48.0,209.85,30.0,342.75,1.17,171.0,101380.0
1990-10-23 08:00:00+00:00,14.59,92.7,224.0,491.46,90.0,338.1,1.1,180.0,101440.0
1990-10-23 09:00:00+00:00,16.16,83.6,387.0,573.31,139.0,347.75,1.17,202.0,101520.0
1990-10-23 10:00:00+00:00,17.3,80.85,554.0,778.89,122.0,360.75,1.03,226.0,101550.0
1990-10-23 11:00:00+00:00,18.4,72.95,666.0,884.99,108.0,352.2,1.17,240.0,101540.0
1990-10-23 12:00:00+00:00,19.56,65.85,686.0,862.53,121.0,341.75,1.66,247.0,101520.0
1990-10-23 13:00:00+00:00,20.23,61.5,648.0,837.91,123.0,337.1,2.28,256.0,101470.0
1990-10-23 14:00:00+00:00,20.59,57.45,508.0,606.96,176.0,346.0,2.62,262.0,101440.0
1990-10-23 15:00:00+00:00,20.5,59.35,368.0,526.36,146.0,353.95,2.69,267.0,101460.0
1990-10-23 16:00:00+00:00,20.11,57.3,225.0,582.08,74.0,347.0,2.55,266.0,101490.0
1990-10-23 17:00:00+00:00,19.55,59.25,13.0,0.0,13.0,349.5,2.14,261.0,101520.0
1990-10-23 18:00:00+00:00,18.4,65.65,0.0,0.0,0.0,335.2,1.86,251.0,101560.0
1990-10-23 19:00:00+00:00,17.82,67.95,0.0,0.0,0.0,325.3,1.86,238.0,101620.0
1990-10-23 20:00:00+00:00,16.94,72.7,0.0,0.0,0.0,328.6,1.93,236.0,101660.0
1990-10-23 21:00:00+00:00,16.06,77.95,0.0,0.0,0.0,320.1,1.86,237.0,101720.0
1990-10-23 22:00:00+00:00,15.16,86.5,0.0,0.0,0.0,317.0,1.72,239.0,101750.0
1990-10-23 23:00:00+00:00,14.15,92.7,0.0,0.0,0.0,315.25,1.45,246.0,101750.0
1990-10-24 00:00:00+00:00,13.94,92.65,0.0,0.0,0.0,313.1,1.1,256.0,101770.0
1990-10-24 01:00:00+00:00,14.8,89.5,0.0,0.0,0.0,306.45,0.62,259.0,101760.0
1990-10-24 02:00:00+00:00,14.32,92.7,0.0,0.0,0.0,305.0,0.14,190.0,101740.0
1990-10-24 03:00:00+00:00,13.84,95.95,0.0,0.0,0.0,302.65,0.41,113.0,101710.0
1990-10-24 04:00:00+00:00,13.42,99.4,0.0,0.0,0.0,301.7,0.55,95.0,101700.0
1990-10-24 05:00:00+00:00,13.11,95.95,0.0,0.0,0.0,299.55,0.69,84.0,101700.0
1990-10-24 06:00:00+00:00,12.79,99.4,0.0,0.0,0.0,298.6,0.76,80.0,101720.0
1990-10-24 07:00:00+00:00,11.07,99.35,37.0,85.15,30.0,320.3,0.97,76.0,101750.0
1990-10-24 08:00:00+00:00,12.83,95.95,152.0,119.04,120.0,314.85,0.62,74.0,101820.0
1990-10-24 09:00:00+00:00,15.58,86.5,154.0,4.67,152.0,314.5,0.55,92.0,101830.0
1990-10-24 10:00:00+00:00,17.99,75.45,210.0,7.27,206.0,310.05,0.41,140.0,101850.0
1990-10-24 11:00:00+00:00,19.71,65.85,506.0,353.02,285.0,317.95,0.62,213.0,101800.0
1990-10-24 12:00:00+00:00,21.01,57.45,682.0,862.47,121.0,324.95,1.38,246.0,101760.0
1990-10-24 13:00:00+00:00,21.59,50.05,640.0,826.47,126.0,355.5,1.93,251.0,101680.0
1990-10-24 14:00:00+00:00,21.96,48.3,545.0,787.27,118.0,362.85,2.34,253.0,101600.0
1990-10-24 15:00:00+00:00,21.8,46.6,386.0,639.91,119.0,359.95,2.69,257.0,101580.0
1990-10-24 16:00:00+00:00,21.19,48.2,218.0,556.74,76.0,349.7,2.76,260.0,101560.0
1990-10-24 17:00:00+00:00,20.25,53.35,35.0,179.49,23.0,332.5,2.41,258.0,101570.0
1990-10-24 18:00:00+00:00,18.48,61.2,0.0,0.0,0.0,318.75,2.34,254.0,101550.0
1990-10-24 19:00:00+00:00,17.64,65.55,0.0,0.0,0.0,320.65,2.07,252.0,101590.0
1990-10-24 20:00:00+00:00,16.56,72.7,0.0,0.0,0.0,319.3,2.14,249.0,101590.0
1990-10-24 21:00:00+00:00,15.62,77.85,0.0,0.0,0.0,311.95,2.14,245.0,101600.0
1990-10-24 22:00:00+00:00,14.81,83.45,0.0,0.0,0.0,306.55,1.93,238.0,101590.0
1990-10-24 23:00:00+00:00,14.07,86.4,0.0,0.0,0.0,303.85,1.79,240.0,101570.0
1990-10-25 00:00:00+00:00,13.23,92.65,0.0,0.0,0.0,300.75,1.66,248.0,101570.0
1990-10-25 01:00:00+00:00,12.38,95.95,0.0,0.0,0.0,299.1,1.45,232.0,101520.0
1990-10-25 02:00:00+00:00,11.65,95.9,0.0,0.0,0.0,298.6,1.45,194.0,101460.0
1990-10-25 03:00:00+00:00,11.05,95.9,0.0,0.0,0.0,295.7,1.45,185.0,101380.0
1990-10-25 04:00:00+00:00,10.83,99.4,0.0,0.0,0.0,299.0,1.17,198.0,101350.0
1990-10-25 05:00:00+00:00,10.53,99.4,0.0,0.0,0.0,299.0,1.17,224.0,101350.0
1990-10-25 06:00:00+00:00,10.1,99.4,0.0,0.0,0.0,307.7,1.17,220.0,101380.0
1990-10-25 07:00:00+00:00,10.56,99.4,33.0,76.31,27.0,324.15,1.31,204.0,101370.0
1990-10-25 08:00:00+00:00,12.32,99.4,146.0,109.45,117.0,354.75,1.31,206.0,101410.0
1990-10-25 09:00:00+00:00,13.85,92.65,324.0,325.18,186.0,357.25,1.38,214.0,101430.0
1990-10-25 10:00:00+00:00,16.15,77.95,496.0,567.75,186.0,355.9,1.93,213.0,101410.0
1990-10-25 11:00:00+00:00,18.67,65.65,599.0,674.11,180.0,331.7,4.0,235.0,101340.0
1990-10-25 12:00:00+00:00,19.95,57.2,624.0,670.41,191.0,358.8,5.1,240.0,101250.0
1990-10-25 13:00:00+00:00,20.29,55.3,338.0,66.42,297.0,386.3,5.45,241.0,101170.0
1990-10-25 14:00:00+00:00,20.12,57.3,250.0,29.75,234.0,390.95,5.59,237.0,101090.0
1990-10-25 15:00:00+00:00,19.91,61.4,166.0,14.54,160.0,391.1,5.86,233.0,101020.0
1990-10-25 16:00:00+00:00,19.82,61.4,95.0,15.95,91.0,379.9,5.86,232.0,100990.0
1990-10-25 17:00:00+00:00,19.32,65.75,20.0,15.93,19.0,377.0,5.38,229.0,100960.0
1990-10-25 18:00:00+00:00,18.75,72.95,0.0,0.0,0.0,375.05,5.1,227.0,100960.0
1990-10-25 19:00:00+00:00,18.27,78.25,0.0,0.0,0.0,369.25,5.17,224.0,100970.0
1990-10-25 20:00:00+00:00,18.27,78.25,0.0,0.0,0.0,376.0,5.31,228.0,100900.0
1990-10-25 21:00:00+00:00,17.63,83.75,0.0,0.0,0.0,391.1,4.9,237.0,100890.0
1990-10-25 22:00:00+00:00,17.12,89.7,0.0,0.0,0.0,390.35,4.14,254.0,100890.0
1990-10-25 23:00:00+00:00,16.8,89.65,0.0,0.0,0.0,381.45,3.66,272.0,100920.0
1990-10-26 00:00:00+00:00,16.07,86.55,0.0,0.0,0.0,359.95,3.45,282.0,100970.0
1990-10-26 01:00:00+00:00,15.12,86.5,0.0,0.0,0.0,338.8,3.17,287.0,100980.0
1990-10-26 02:00:00+00:00,14.28,86.4,0.0,0.0,0.0,326.65,2.9,289.0,101010.0
1990-10-26 03:00:00+00:00,13.6,86.35,0.0,0.0,0.0,317.75,2.55,287.0,101030.0
1990-10-26 04:00:00+00:00,12.86,86.25,0.0,0.0,0.0,301.9,2.34,280.0,101050.0
1990-10-26 05:00:00+00:00,12.43,89.35,0.0,0.0,0.0,305.55,2.34,281.0,101090.0
1990-10-26 06:00:00+00:00,11.94,86.2,0.0,0.0,0.0,296.5,2.41,287.0,101160.0
1990-10-26 07:00:00+00:00,11.9,86.15,42.0,226.55,25.0,290.85,2.14,296.0,101160.0
1990-10-26 08:00:00+00:00,12.78,83.25,225.0,566.81,77.0,283.3,2.0,300.0,101230.0
1990-10-26 09:00:00+00:00,14.41,69.75,411.0,744.74,98.0,288.15,2.97,309.0,101300.0
1990-10-26 10:00:00+00:00,15.78,58.45,500.0,581.51,185.0,287.95,3.17,313.0,101320.0
1990-10-26 11:00:00+00:00,17.02,49.05,656.0,884.8,110.0,294.75,3.24,314.0,101310.0
1990-10-26 12:00:00+00:00,17.85,45.7,665.0,827.98,134.0,301.1,3.31,314.0,101270.0
1990-10-26 13:00:00+00:00,18.45,42.6,651.0,882.93,110.0,310.8,3.38,313.0,101230.0
1990-10-26 14:00:00+00:00,18.72,41.05,533.0,763.2,126.0,312.95,3.45,314.0,101180.0
1990-10-26 15:00:00+00:00,18.65,38.1,358.0,521.57,145.0,314.1,3.31,315.0,101170.0
1990-10-26 16:00:00+00:00,18.41,36.7,189.0,381.28,95.0,310.05,2.97,317.0,101180.0
1990-10-26 17:00:00+00:00,17.69,37.95,33.0,221.16,20.0,294.35,2.14,312.0,101200.0
1990-10-26 18:00:00+00:00,16.36,43.65,0.0,0.0,0.0,290.5,2.0,300.0,101260.0
1990-10-26 19:00:00+00:00,15.35,50.35,0.0,0.0,0.0,292.4,1.79,293.0,101320.0
1990-10-26 20:00:00+00:00,13.79,60.2,0.0,0.0,0.0,290.65,1.72,296.0,101350.0
1990-10-26 21:00:00+00:00,12.4,69.35,0.0,0.0,0.0,289.1,1.66,303.0,101390.0
1990-10-26 22:00:00+00:00,11.51,69.25,0.0,0.0,0.0,288.15,1.52,310.0,101420.0
1990-10-26 23:00:00+00:00,10.83,74.4,0.0,0.0,0.0,287.2,1.52,317.0,101430.0
1990-10-27 00:00:00+00:00,10.2,77.1,0.0,0.0,0.0,286.2,1.59,326.0,101390.0
1990-10-27 01:00:00+00:00,9.71,79.9,0.0,0.0,0.0,284.2,1.66,334.0,101370.0
1990-10-27 02:00:00+00:00,9.27,82.85,0.0,0.0,0.0,281.95,1.66,342.0,101340.0
1990-10-27 03:00:00+00:00,8.9,82.75,0.0,0.0,0.0,281.0,1.66,347.0,101290.0
1990-10-27 04:00:00+00:00,8.57,82.75,0.0,0.0,0.0,280.05,1.66,351.0,101270.0
1990-10-27 05:00:00+00:00,8.48,82.75,0.0,0.0,0.0,279.45,1.52,356.0,101290.0
1990-10-27 06:00:00+00:00,8.47,82.75,0.0,0.0,0.0,279.45,1.38,1.0,101320.0
1990-10-27 07:00:00+00:00,7.84,89.05,28.0,55.99,24.0,277.7,1.38,24.0,101360.0
1990-10-27 08:00:00+00:00,9.7,89.15,169.0,217.69,113.0,278.85,0.9,23.0,101410.0
1990-10-27 09:00:00+00:00,13.18,69.55,374.0,581.5,132.0,287.0,1.03,31.0,101440.0
1990-10-27 10:00:00+00:00,15.15,58.35,410.0,294.02,252.0,298.6,1.31,39.0,101430.0
1990-10-27 11:00:00+00:00,16.72,50.75,617.0,775.34,142.0,300.95,1.17,37.0,101390.0
1990-10-27 12:00:00+00:00,17.88,45.7,650.0,800.9,140.0,304.6,1.03,8.0,101370.0
1990-10-27 13:00:00+00:00,18.65,42.6,623.0,813.89,128.0,306.75,1.17,342.0,101270.0
1990-10-27 14:00:00+00:00,19.15,41.15,528.0,773.44,119.0,309.45,1.38,330.0,101230.0
1990-10-27 15:00:00+00:00,19.3,41.15,383.0,693.01,103.0,311.2,1.45,328.0,101170.0
1990-10-27 16:00:00+00:00,19.22,41.15,204.0,536.35,74.0,312.15,1.45,323.0,101170.0
1990-10-27 17:00:00+00:00,18.7,44.2,25.0,127.59,18.0,313.5,0.9,303.0,101170.0
1990-10-27 18:00:00+00:00,17.08,52.75,0.0,0.0,0.0,310.05,1.03,247.0,101180.0
1990-10-27 19:00:00+00:00,16.15,56.5,0.0,0.0,0.0,309.05,1.03,243.0,101230.0
1990-10-27 20:00:00+00:00,15.27,60.5,0.0,0.0,0.0,308.3,1.03,242.0,101250.0
1990-10-27 21:00:00+00:00,14.89,62.65,0.0,0.0,0.0,307.3,0.83,255.0,101270.0
1990-10-27 22:00:00+00:00,13.96,67.15,0.0,0.0,0.0,306.55,0.83,290.0,101310.0
1990-10-27 23:00:00+00:00,13.16,69.55,0.0,0.0,0.0,305.0,0.83,327.0,101270.0
1990-10-28 00:00:00+00:00,12.13,74.6,0.0,0.0,0.0,303.05,1.1,356.0,101270.0
1990-10-28 01:00:00+00:00,10.85,83.0,0.0,0.0,0.0,304.15,1.52,3.0,101240.0
1990-10-28 02:00:00+00:00,10.25,86.0,0.0,0.0,0.0,299.55,1.72,8.0,101220.0
1990-10-28 03:00:00+00:00,9.91,89.15,0.0,0.0,0.0,298.2,1.72,12.0,101200.0
1990-10-28 04:00:00+00:00,9.83,89.15,0.0,0.0,0.0,300.35,1.86,15.0,101210.0
1990-10-28 05:00:00+00:00,9.83,89.15,0.0,0.0,0.0,297.85,2.0,19.0,101260.0
1990-10-28 06:00:00+00:00,9.79,89.15,0.0,0.0,0.0,298.4,2.0,27.0,101290.0
1990-10-28 07:00:00+00:00,9.85,89.15,32.0,132.69,23.0,305.95,1.93,46.0,101330.0
1990-10-28 08:00:00+00:00,12.06,77.35,205.0,477.57,84.0,313.7,1.66,46.0,101400.0
1990-10-28 09:00:00+00:00,15.07,62.75,322.0,361.6,173.0,317.75,1.93,47.0,101450.0
1990-10-28 10:00:00+00:00,17.36,56.75,502.0,647.19,157.0,322.2,2.48,48.0,101460.0
1990-10-28 11:00:00+00:00,19.08,51.25,640.0,881.3,104.0,329.55,2.62,44.0,101460.0
1990-10-28 12:00:00+00:00,20.39,49.7,643.0,803.45,135.0,339.25,2.69,38.0,101430.0
1990-10-28 13:00:00+00:00,21.56,48.3,609.0,790.15,132.0,338.5,2.69,31.0,101360.0
1990-10-28 14:00:00+00:00,22.12,48.45,510.0,722.76,131.0,342.35,2.55,27.0,101320.0
1990-10-28 15:00:00+00:00,22.54,50.2,378.0,697.94,99.0,346.2,2.55,25.0,101300.0
1990-10-28 16:00:00+00:00,22.58,48.55,178.0,365.09,91.0,341.4,2.48,26.0,101310.0
1990-10-28 17:00:00+00:00,21.65,53.75,21.0,78.4,17.0,339.25,1.86,26.0,101320.0
1990-10-28 18:00:00+00:00,20.16,59.35,0.0,0.0,0.0,334.8,2.0,29.0,101360.0
1990-10-28 19:00:00+00:00,18.54,68.05,0.0,0.0,0.0,328.4,1.31,12.0,101380.0
1990-10-28 20:00:00+00:00,16.82,72.7,0.0,0.0,0.0,330.15,1.72,6.0,101430.0
1990-10-28 21:00:00+00:00,15.41,80.6,0.0,0.0,0.0,323.75,1.86,9.0,101460.0
1990-10-28 22:00:00+00:00,14.67,83.45,0.0,0.0,0.0,320.1,2.07,17.0,101470.0
1990-10-28 23:00:00+00:00,14.49,83.45,0.0,0.0,0.0,320.1,2.21,23.0,101450.0
1990-10-29 00:00:00+00:00,14.18,83.4,0.0,0.0,0.0,316.6,2.21,27.0,101430.0
1990-10-29 01:00:00+00:00,13.88,86.35,0.0,0.0,0.0,314.0,2.28,28.0,101430.0
1990-10-29 02:00:00+00:00,13.66,86.35,0.0,0.0,0.0,311.95,2.28,31.0,101420.0
1990-10-29 03:00:00+00:00,13.56,86.35,0.0,0.0,0.0,311.2,2.34,37.0,101420.0
1990-10-29 04:00:00+00:00,13.5,86.35,0.0,0.0,0.0,310.05,2.48,42.0,101410.0
1990-10-29 05:00:00+00:00,13.49,86.35,0.0,0.0,0.0,308.65,2.69,44.0,101430.0
1990-10-29 06:00:00+00:00,13.53,86.35,0.0,0.0,0.0,308.1,2.83,46.0,101470.0
1990-10-29 07:00:00+00:00,13.61,86.35,31.0,140.16,22.0,308.3,2.76,47.0,101500.0
1990-10-29 08:00:00+00:00,14.98,77.8,210.0,537.11,76.0,307.1,2.62,48.0,101550.0
1990-10-29 09:00:00+00:00,17.7,65.55,391.0,708.44,102.0,310.05,3.17,52.0,101610.0
1990-10-29 10:00:00+00:00,20.26,57.3,527.0,765.92,122.0,316.6,3.24,59.0,101590.0
1990-10-29 11:00:00+00:00,22.56,48.55,617.0,804.95,131.0,322.6,2.97,62.0,101560.0
1990-10-29 12:00:00+00:00,24.4,41.0,656.0,850.61,122.0,329.0,2.55,62.0,101490.0
1990-10-29 13:00:00+00:00,25.63,35.9,615.0,814.39,127.0,334.2,2.21,62.0,101420.0
1990-10-29 14:00:00+00:00,26.32,33.55,520.0,773.08,118.0,337.5,2.07,58.0,101380.0
1990-10-29 15:00:00+00:00,26.51,33.55,373.0,682.64,103.0,339.85,2.07,54.0,101340.0
1990-10-29 16:00:00+00:00,26.21,34.8,193.0,503.66,75.0,339.65,1.79,48.0,101340.0
1990-10-29 17:00:00+00:00,24.71,41.15,20.0,84.64,16.0,338.1,2.0,30.0,101340.0
1990-10-29 18:00:00+00:00,22.32,46.75,0.0,0.0,0.0,331.9,2.14,38.0,101360.0
1990-10-29 19:00:00+00:00,20.4,55.3,0.0,0.0,0.0,324.95,1.45,61.0,101380.0
1990-10-29 20:00:00+00:00,18.43,61.2,0.0,0.0,0.0,321.65,1.38,94.0,101420.0
1990-10-29 21:00:00+00:00,16.93,65.35,0.0,0.0,0.0,318.75,1.45,100.0,101490.0
1990-10-29 22:00:00+00:00,15.46,69.9,0.0,0.0,0.0,316.4,1.66,85.0,101460.0
1990-10-29 23:00:00+00:00,14.4,74.95,0.0,0.0,0.0,314.5,1.93,70.0,101490.0
1990-10-30 00:00:00+00:00,13.75,74.85,0.0,0.0,0.0,313.5,2.0,61.0,101460.0
1990-10-30 01:00:00+00:00,13.41,77.5,0.0,0.0,0.0,311.9,2.14,54.0,101460.0
1990-10-30 02:00:00+00:00,13.33,77.5,0.0,0.0,0.0,310.8,2.28,52.0,101460.0
1990-10-30 03:00:00+00:00,13.37,77.5,0.0,0.0,0.0,309.45,2.41,53.0,101440.0
1990-10-30 04:00:00+00:00,13.45,77.5,0.0,0.0,0.0,308.3,2.48,54.0,101430.0
1990-10-30 05:00:00+00:00,13.54,74.85,0.0,0.0,0.0,307.3,2.55,55.0,101430.0
1990-10-30 06:00:00+00:00,13.57,74.85,0.0,0.0,0.0,305.95,2.55,54.0,101460.0
1990-10-30 07:00:00+00:00,13.5,77.6,27.0,115.52,20.0,304.4,2.48,53.0,101480.0
1990-10-30 08:00:00+00:00,14.89,75.0,204.0,517.11,77.0,305.0,2.14,49.0,101520.0
1990-10-30 09:00:00+00:00,18.08,61.2,384.0,700.81,101.0,309.45,2.14,49.0,101540.0
1990-10-30 10:00:00+00:00,20.82,53.5,520.0,758.85,122.0,317.2,1.86,46.0,101530.0
1990-10-30 11:00:00+00:00,23.05,45.25,612.0,809.21,127.0,324.75,1.52,40.0,101500.0
1990-10-30 12:00:00+00:00,24.65,36.95,638.0,808.56,134.0,332.1,1.1,31.0,101450.0
1990-10-30 13:00:00+00:00,25.69,34.65,587.0,724.62,156.0,338.65,0.9,18.0,101390.0
1990-10-30 14:00:00+00:00,26.32,32.35,256.0,42.66,234.0,343.9,0.97,1.0,101330.0
1990-10-30 15:00:00+00:00,26.49,32.35,219.0,91.98,183.0,348.75,1.17,349.0,101320.0
1990-10-30 16:00:00+00:00,26.19,33.55,144.0,182.33,102.0,351.85,1.31,339.0,101320.0
1990-10-30 17:00:00+00:00,24.71,39.7,15.0,45.89,13.0,349.1,1.86,326.0,101350.0
1990-10-30 18:00:00+00:00,22.83,43.65,0.0,0.0,0.0,346.2,2.0,335.0,101350.0
1990-10-30 19:00:00+00:00,21.14,51.75,0.0,0.0,0.0,346.8,1.66,295.0,101360.0
1990-10-30 20:00:00+00:00,19.98,59.25,0.0,0.0,0.0,338.65,1.03,272.0,101400.0
1990-10-30 21:00:00+00:00,18.63,63.4,0.0,0.0,0.0,334.05,0.83,221.0,101420.0
1990-10-30 22:00:00+00:00,16.97,67.75,0.0,0.0,0.0,326.3,1.03,219.0,101460.0
1990-10-30 23:00:00+00:00,15.99,70.1,0.0,0.0,0.0,323.2,1.17,226.0,101460.0
1990-10-31 00:00:00+00:00,15.53,72.55,0.0,0.0,0.0,320.5,1.1,224.0,101500.0
1990-10-31 01:00:00+00:00,15.61,72.55,0.0,0.0,0.0,315.15,0.97,213.0,101470.0
1990-10-31 02:00:00+00:00,16.19,70.1,0.0,0.0,0.0,312.55,0.83,191.0,101480.0
1990-10-31 03:00:00+00:00,15.94,72.55,0.0,0.0,0.0,310.05,0.34,161.0,101450.0
1990-10-31 04:00:00+00:00,15.58,72.55,0.0,0.0,0.0,307.9,0.34,19.0,101460.0
1990-10-31 05:00:00+00:00,14.43,77.65,0.0,0.0,0.0,306.75,1.1,1.0,101480.0
1990-10-31 06:00:00+00:00,12.66,83.25,0.0,0.0,0.0,305.75,1.38,9.0,101520.0
1990-10-31 07:00:00+00:00,12.45,83.25,28.0,157.98,19.0,303.45,1.17,44.0,101580.0
1990-10-31 08:00:00+00:00,14.47,77.65,202.0,533.7,73.0,304.05,0.55,31.0,101620.0
1990-10-31 09:00:00+00:00,17.53,63.3,379.0,698.01,100.0,308.85,0.41,24.0,101690.0
1990-10-31 10:00:00+00:00,20.25,55.3,520.0,776.63,116.0,317.0,0.41,1.0,101670.0
1990-10-31 11:00:00+00:00,22.37,48.45,617.0,840.39,117.0,324.15,0.55,301.0,101660.0
1990-10-31 12:00:00+00:00,23.95,43.9,639.0,828.88,126.0,330.55,1.03,291.0,101620.0
1990-10-31 13:00:00+00:00,24.95,41.15,605.0,816.38,123.0,335.0,1.03,288.0,101530.0
1990-10-31 14:00:00+00:00,25.56,39.85,508.0,762.6,118.0,337.9,0.76,290.0,101450.0
1990-10-31 15:00:00+00:00,25.78,37.2,364.0,679.1,101.0,338.65,1.03,298.0,101410.0
1990-10-31 16:00:00+00:00,23.59,51.92,184.0,490.09,73.0,341.77,1.57,304.0,101460.0
1990-10-31 17:00:00+00:00,22.56,54.12,15.0,75.01,12.0,337.04,1.64,287.0,101490.0
1990-10-31 18:00:00+00:00,21.52,56.31,0.0,0.0,0.0,332.3,1.7,253.0,101520.0
1990-10-31 19:00:00+00:00,20.48,58.51,0.0,0.0,0.0,327.57,1.77,252.0,101500.0
1990-10-31 20:00:00+00:00,19.45,60.7,0.0,0.0,0.0,322.83,1.84,260.0,101550.0
1990-10-31 21:00:00+00:00,18.41,62.89,0.0,0.0,0.0,318.1,1.91,257.0,101560.0
1990-10-31 22:00:00+00:00,17.37,65.09,0.0,0.0,0.0,313.36,1.98,229.0,101550.0
1990-10-31 23:00:00+00:00,16.34,67.28,0.0,0.0,0.0,308.63,2.04,222.0,101540.0
1990-11-01 00:00:00+00:00,15.3,69.47,0.0,0.0,0.0,303.9,2.11,290.0,100760.0
1990-11-01 01:00:00+00:00,14.27,71.67,0.0,0.0,0.0,299.16,2.18,290.0,100740.0
1990-11-01 02:00:00+00:00,13.23,73.86,0.0,0.0,0.0,294.43,2.25,290.0,100720.0
1990-11-01 03:00:00+00:00,12.19,76.06,0.0,0.0,0.0,289.69,2.32,289.0,100720.0
1990-11-01 04:00:00+00:00,11.16,78.25,0.0,0.0,0.0,284.96,2.38,285.0,100740.0
1990-11-01 05:00:00+00:00,10.12,80.44,0.0,0.0,0.0,280.22,2.45,275.0,100800.0
1990-11-01 06:00:00+00:00,9.08,82.64,0.0,0.0,0.0,275.49,2.52,269.0,100880.0
1990-11-01 07:00:00+00:00,8.05,84.83,23.0,70.21,19.0,270.75,2.59,266.0,100920.0
1990-11-01 08:00:00+00:00,11.29,83.05,207.0,583.34,66.0,285.65,1.45,254.0,100970.0
1990-11-01 09:00:00+00:00,13.99,67.25,383.0,728.03,92.0,290.65,1.59,275.0,101040.0
1990-11-01 10:00:00+00:00,15.68,60.65,521.0,792.01,109.0,298.05,1.59,301.0,101040.0
1990-11-01 11:00:00+00:00,17.49,54.7,613.0,840.39,113.0,304.4,2.21,336.0,101040.0
1990-11-01 12:00:00+00:00,19.09,49.45,645.0,862.81,111.0,329.95,2.9,355.0,101020.0
1990-11-01 13:00:00+00:00,20.08,44.6,614.0,862.11,105.0,329.2,2.41,356.0,100920.0
1990-11-01 14:00:00+00:00,20.49,43.1,516.0,809.53,102.0,359.55,2.41,344.0,100880.0
1990-11-01 15:00:00+00:00,20.9,41.55,369.0,720.41,90.0,356.85,2.48,343.0,100870.0
1990-11-01 16:00:00+00:00,20.73,41.55,192.0,569.56,63.0,368.85,2.34,344.0,100870.0
1990-11-01 17:00:00+00:00,19.77,46.1,13.0,50.01,11.0,352.6,1.72,332.0,100940.0
1990-11-01 18:00:00+00:00,18.66,47.55,0.0,0.0,0.0,349.9,1.93,322.0,100990.0
1990-11-01 19:00:00+00:00,17.81,54.7,0.0,0.0,0.0,351.05,1.66,328.0,101040.0
1990-11-01 20:00:00+00:00,16.69,56.6,0.0,0.0,0.0,339.45,1.86,324.0,101070.0
1990-11-01 21:00:00+00:00,15.8,60.65,0.0,0.0,0.0,333.45,1.86,328.0,101100.0
1990-11-01 22:00:00+00:00,14.78,64.95,0.0,0.0,0.0,315.45,2.0,332.0,101110.0
1990-11-01 23:00:00+00:00,14.12,64.85,0.0,0.0,0.0,305.75,2.41,339.0,101130.0
1990-11-02 00:00:00+00:00,13.91,67.15,0.0,0.0,0.0,303.25,2.62,350.0,101130.0
1990-11-02 01:00:00+00:00,13.69,67.15,0.0,0.0,0.0,301.05,2.69,360.0,101100.0
1990-11-02 02:00:00+00:00,13.36,69.55,0.0,0.0,0.0,299.4,2.48,11.0,101080.0
1990-11-02 03:00:00+00:00,12.87,72.05,0.0,0.0,0.0,297.85,2.28,20.0,101070.0
1990-11-02 04:00:00+00:00,12.34,74.6,0.0,0.0,0.0,296.65,2.14,28.0,101090.0
1990-11-02 05:00:00+00:00,11.87,77.3,0.0,0.0,0.0,295.9,2.14,34.0,101130.0
1990-11-02 06:00:00+00:00,11.51,77.3,0.0,0.0,0.0,294.95,2.21,36.0,101170.0
1990-11-02 07:00:00+00:00,10.5,86.05,21.0,74.99,17.0,293.0,1.72,38.0,101220.0
1990-11-02 08:00:00+00:00,11.65,86.15,204.0,584.47,65.0,293.75,1.38,36.0,101290.0
1990-11-02 09:00:00+00:00,15.38,67.45,380.0,733.07,90.0,298.4,1.79,37.0,101360.0
1990-11-02 10:00:00+00:00,17.88,58.8,516.0,788.88,109.0,305.95,2.34,43.0,101380.0
1990-11-02 11:00:00+00:00,19.67,49.55,605.0,826.29,117.0,312.95,2.9,56.0,101360.0
1990-11-02 12:00:00+00:00,20.84,44.7,637.0,849.45,115.0,317.55,3.03,57.0,101300.0
1990-11-02 13:00:00+00:00,21.63,41.85,606.0,848.02,109.0,320.5,2.83,47.0,101240.0
1990-11-02 14:00:00+00:00,22.12,40.5,509.0,796.54,105.0,323.0,2.62,31.0,101200.0
1990-11-02 15:00:00+00:00,22.34,40.5,365.0,717.53,90.0,324.35,2.55,22.0,101170.0
1990-11-02 16:00:00+00:00,22.23,41.95,187.0,556.78,63.0,324.35,2.07,24.0,101190.0
1990-11-02 17:00:00+00:00,21.12,51.75,10.0,0.0,10.0,323.0,0.97,46.0,101210.0
1990-11-02 18:00:00+00:00,20.69,46.35,0.0,0.0,0.0,318.35,0.48,102.0,101250.0
1990-11-02 19:00:00+00:00,17.19,60.95,0.0,0.0,0.0,313.9,1.31,55.0,101250.0
1990-11-02 20:00:00+00:00,15.14,69.9,0.0,0.0,0.0,310.8,1.59,48.0,101280.0
1990-11-02 21:00:00+00:00,13.68,74.85,0.0,0.0,0.0,307.7,1.86,40.0,101320.0
1990-11-02 22:00:00+00:00,12.86,77.45,0.0,0.0,0.0,305.2,1.93,31.0,101380.0
1990-11-02 23:00:00+00:00,12.27,80.2,0.0,0.0,0.0,303.85,1.93,28.0,101370.0
1990-11-03 00:00:00+00:00,11.87,83.1,0.0,0.0,0.0,303.45,2.0,30.0,101380.0
1990-11-03 01:00:00+00:00,11.56,83.1,0.0,0.0,0.0,300.05,2.14,29.0,101350.0
1990-11-03 02:00:00+00:00,11.45,83.1,0.0,0.0,0.0,298.4,2.28,28.0,101320.0
1990-11-03 03:00:00+00:00,11.42,80.15,0.0,0.0,0.0,296.85,2.34,31.0,101310.0
1990-11-03 04:00:00+00:00,11.44,80.15,0.0,0.0,0.0,295.5,2.41,38.0,101280.0
1990-11-03 05:00:00+00:00,11.47,80.15,0.0,0.0,0.0,294.35,2.41,46.0,101320.0
1990-11-03 06:00:00+00:00,11.42,80.15,0.0,0.0,0.0,293.75,2.41,50.0,101340.0
1990-11-03 07:00:00+00:00,11.75,80.15,18.0,60.34,15.0,292.4,2.69,53.0,101440.0
1990-11-03 08:00:00+00:00,13.12,74.75,201.0,585.63,64.0,292.6,2.41,54.0,101490.0
1990-11-03 09:00:00+00:00,16.24,62.95,372.0,707.54,95.0,296.65,2.83,55.0,101550.0
1990-11-03 10:00:00+00:00,18.87,54.95,509.0,768.08,116.0,303.25,3.24,56.0,101570.0
1990-11-03 11:00:00+00:00,20.82,48.05,594.0,788.06,132.0,309.65,3.45,55.0,101560.0
1990-11-03 12:00:00+00:00,22.25,41.95,622.0,799.78,134.0,315.25,3.45,53.0,101530.0
1990-11-03 13:00:00+00:00,23.22,39.3,599.0,831.92,115.0,319.7,3.31,50.0,101470.0
1990-11-03 14:00:00+00:00,23.75,36.7,505.0,791.18,107.0,322.6,3.24,49.0,101410.0
1990-11-03 15:00:00+00:00,23.88,36.7,361.0,711.82,91.0,324.35,3.17,50.0,101390.0
1990-11-03 16:00:00+00:00,23.48,37.9,184.0,552.49,63.0,325.1,2.76,52.0,101420.0
1990-11-03 17:00:00+00:00,21.82,43.4,9.0,0.0,9.0,323.4,2.28,55.0,101440.0
1990-11-03 18:00:00+00:00,19.95,49.55,0.0,0.0,0.0,318.55,2.48,60.0,101470.0
1990-11-03 19:00:00+00:00,19.03,51.25,0.0,0.0,0.0,316.05,2.55,61.0,101510.0
1990-11-03 20:00:00+00:00,18.0,54.85,0.0,0.0,0.0,313.7,2.48,60.0,101530.0
1990-11-03 21:00:00+00:00,16.95,56.75,0.0,0.0,0.0,311.0,2.34,54.0,101590.0
1990-11-03 22:00:00+00:00,15.87,62.85,0.0,0.0,0.0,308.85,2.21,47.0,101600.0
1990-11-03 23:00:00+00:00,14.88,69.85,0.0,0.0,0.0,306.55,2.14,44.0,101620.0
1990-11-04 00:00:00+00:00,14.02,72.3,0.0,0.0,0.0,304.4,2.14,47.0,101620.0
1990-11-04 01:00:00+00:00,13.33,77.5,0.0,0.0,0.0,302.2,2.14,54.0,101600.0
1990-11-04 02:00:00+00:00,12.7,77.45,0.0,0.0,0.0,300.35,2.14,58.0,101600.0
1990-11-04 03:00:00+00:00,12.21,80.2,0.0,0.0,0.0,298.6,2.21,59.0,101610.0
1990-11-04 04:00:00+00:00,11.88,80.15,0.0,0.0,0.0,297.05,2.28,57.0,101620.0
1990-11-04 05:00:00+00:00,11.69,80.15,0.0,0.0,0.0,295.7,2.34,57.0,101640.0
1990-11-04 06:00:00+00:00,11.57,77.3,0.0,0.0,0.0,294.35,2.41,56.0,101660.0
1990-11-04 07:00:00+00:00,11.68,77.3,17.0,65.09,14.0,292.8,2.55,53.0,101720.0
1990-11-04 08:00:00+00:00,13.0,72.1,195.0,565.09,65.0,293.2,2.34,53.0,101770.0
1990-11-04 09:00:00+00:00,16.15,58.6,366.0,694.37,97.0,297.05,2.62,56.0,101840.0
1990-11-04 10:00:00+00:00,19.05,49.45,502.0,752.82,120.0,303.85,2.76,58.0,101850.0
1990-11-04 11:00:00+00:00,21.42,43.25,589.0,788.75,130.0,311.2,2.76,58.0,101820.0
1990-11-04 12:00:00+00:00,23.22,37.9,618.0,798.88,134.0,317.55,2.62,60.0,101800.0
1990-11-04 13:00:00+00:00,24.33,34.25,591.0,817.25,119.0,322.6,2.48,64.0,101720.0
1990-11-04 14:00:00+00:00,24.88,33.15,501.0,791.65,106.0,325.5,2.48,66.0,101650.0
1990-11-04 15:00:00+00:00,24.98,33.15,357.0,711.18,90.0,326.85,2.55,67.0,101640.0
1990-11-04 16:00:00+00:00,24.49,34.25,180.0,538.56,64.0,326.1,2.28,67.0,101650.0
1990-11-04 17:00:00+00:00,22.59,37.75,8.0,0.0,8.0,322.8,2.34,63.0,101680.0
1990-11-04 18:00:00+00:00,20.35,43.0,0.0,0.0,0.0,315.85,2.62,72.0,101710.0
1990-11-04 19:00:00+00:00,19.34,45.95,0.0,0.0,0.0,313.3,2.62,87.0,101710.0
1990-11-04 20:00:00+00:00,18.02,45.7,0.0,0.0,0.0,307.3,2.55,92.0,101730.0
1990-11-04 21:00:00+00:00,16.77,43.8,0.0,0.0,0.0,301.3,2.34,88.0,101760.0
1990-11-04 22:00:00+00:00,15.55,45.15,0.0,0.0,0.0,297.05,2.21,75.0,101750.0
1990-11-04 23:00:00+00:00,14.36,50.1,0.0,0.0,0.0,294.55,2.14,60.0,101740.0
1990-11-05 00:00:00+00:00,13.42,51.9,0.0,0.0,0.0,293.75,2.21,50.0,101730.0
1990-11-05 01:00:00+00:00,12.86,57.75,0.0,0.0,0.0,293.9,2.34,45.0,101710.0
1990-11-05 02:00:00+00:00,12.61,57.75,0.0,0.0,0.0,294.35,2.48,42.0,101660.0
1990-11-05 03:00:00+00:00,12.58,59.95,0.0,0.0,0.0,294.95,2.55,44.0,101640.0
1990-11-05 04:00:00+00:00,12.61,64.55,0.0,0.0,0.0,294.95,2.62,46.0,101610.0
1990-11-05 05:00:00+00:00,12.64,66.95,0.0,0.0,0.0,294.95,2.69,48.0,101630.0
1990-11-05 06:00:00+00:00,12.62,69.45,0.0,0.0,0.0,294.35,2.69,48.0,101630.0
1990-11-05 07:00:00+00:00,12.74,74.7,15.0,47.1,13.0,293.55,2.76,49.0,101650.0
1990-11-05 08:00:00+00:00,13.93,72.3,190.0,543.83,67.0,294.75,2.55,48.0,101700.0
1990-11-05 09:00:00+00:00,16.81,63.05,361.0,688.72,97.0,299.75,2.83,50.0,101740.0
1990-11-05 10:00:00+00:00,19.34,57.1,493.0,733.3,124.0,308.3,2.97,54.0,101740.0
1990-11-05 11:00:00+00:00,21.33,49.95,576.0,753.06,141.0,315.65,2.83,63.0,101740.0
1990-11-05 12:00:00+00:00,22.74,45.25,608.0,777.96,140.0,322.8,2.69,69.0,101690.0
1990-11-05 13:00:00+00:00,23.68,42.35,581.0,797.05,124.0,328.6,2.62,69.0,101590.0
1990-11-05 14:00:00+00:00,24.16,39.55,494.0,785.96,105.0,332.3,2.55,69.0,101520.0
1990-11-05 15:00:00+00:00,24.2,39.55,352.0,705.0,90.0,334.2,2.41,69.0,101490.0
1990-11-05 16:00:00+00:00,23.77,39.45,176.0,538.1,62.0,334.2,2.28,69.0,101480.0
1990-11-05 17:00:00+00:00,22.29,45.1,6.0,0.0,6.0,331.3,2.0,66.0,101520.0
1990-11-05 18:00:00+00:00,20.32,51.5,0.0,0.0,0.0,326.1,2.07,79.0,101580.0
1990-11-05 19:00:00+00:00,18.88,56.95,0.0,0.0,0.0,321.85,1.93,121.0,101550.0
1990-11-05 20:00:00+00:00,17.34,60.95,0.0,0.0,0.0,319.1,2.0,140.0,101580.0
1990-11-05 21:00:00+00:00,15.87,67.55,0.0,0.0,0.0,315.85,1.86,150.0,101630.0
1990-11-05 22:00:00+00:00,14.94,72.45,0.0,0.0,0.0,313.3,1.31,145.0,101640.0
1990-11-05 23:00:00+00:00,16.05,62.95,0.0,0.0,0.0,310.8,0.76,70.0,101650.0
1990-11-06 00:00:00+00:00,12.76,83.25,0.0,0.0,0.0,309.45,1.72,27.0,101650.0
1990-11-06 01:00:00+00:00,12.07,86.2,0.0,0.0,0.0,307.25,1.79,28.0,101630.0
1990-11-06 02:00:00+00:00,11.75,89.3,0.0,0.0,0.0,305.95,1.93,35.0,101600.0
1990-11-06 03:00:00+00:00,11.54,86.15,0.0,0.0,0.0,304.05,2.0,43.0,101570.0
1990-11-06 04:00:00+00:00,11.33,89.3,0.0,0.0,0.0,302.3,2.07,46.0,101540.0
1990-11-06 05:00:00+00:00,11.18,89.3,0.0,0.0,0.0,300.75,2.07,45.0,101540.0
1990-11-06 06:00:00+00:00,11.11,92.55,0.0,0.0,0.0,299.4,2.14,42.0,101540.0
1990-11-06 07:00:00+00:00,11.3,92.55,11.0,0.0,11.0,298.6,2.21,43.0,101560.0
1990-11-06 08:00:00+00:00,12.59,89.4,184.0,526.31,67.0,300.35,1.93,45.0,101600.0
1990-11-06 09:00:00+00:00,15.84,75.15,355.0,682.92,96.0,302.3,2.28,52.0,101620.0
1990-11-06 10:00:00+00:00,18.25,65.55,487.0,727.45,124.0,309.85,2.34,59.0,101630.0
1990-11-06 11:00:00+00:00,20.15,57.3,570.0,748.18,141.0,315.85,2.14,59.0,101570.0
1990-11-06 12:00:00+00:00,21.46,51.75,608.0,805.23,127.0,321.85,1.86,55.0,101530.0
1990-11-06 13:00:00+00:00,22.17,46.75,575.0,792.29,124.0,326.3,1.52,44.0,101390.0
1990-11-06 14:00:00+00:00,22.6,43.65,478.0,723.04,123.0,328.4,1.24,27.0,101320.0
1990-11-06 15:00:00+00:00,22.63,42.1,341.0,660.49,98.0,328.8,1.17,14.0,101260.0
1990-11-06 16:00:00+00:00,22.3,43.5,167.0,484.63,66.0,333.45,1.1,8.0,101240.0
1990-11-06 17:00:00+00:00,21.28,53.6,5.0,0.0,5.0,327.05,0.62,16.0,101230.0
1990-11-06 18:00:00+00:00,20.49,48.05,0.0,0.0,0.0,321.45,0.28,65.0,101210.0
1990-11-06 19:00:00+00:00,19.84,51.4,0.0,0.0,0.0,318.15,0.62,168.0,101140.0
1990-11-06 20:00:00+00:00,16.9,63.05,0.0,0.0,0.0,316.05,1.38,192.0,101120.0
1990-11-06 21:00:00+00:00,15.13,69.9,0.0,0.0,0.0,313.9,1.52,214.0,101110.0
1990-11-06 22:00:00+00:00,14.25,74.95,0.0,0.0,0.0,311.2,1.45,231.0,101090.0
1990-11-06 23:00:00+00:00,13.63,77.6,0.0,0.0,0.0,309.85,1.38,233.0,101050.0
1990-11-07 00:00:00+00:00,13.04,83.25,0.0,0.0,0.0,308.85,1.38,226.0,101000.0
1990-11-07 01:00:00+00:00,12.57,86.25,0.0,0.0,0.0,307.6,1.38,225.0,100920.0
1990-11-07 02:00:00+00:00,12.53,86.25,0.0,0.0,0.0,305.2,1.17,232.0,100830.0
1990-11-07 03:00:00+00:00,12.67,89.4,0.0,0.0,0.0,303.25,1.03,233.0,100790.0
1990-11-07 04:00:00+00:00,12.35,89.35,0.0,0.0,0.0,305.4,1.03,234.0,100720.0
1990-11-07 05:00:00+00:00,11.78,92.55,0.0,0.0,0.0,308.3,0.97,236.0,100690.0
1990-11-07 06:00:00+00:00,11.08,95.9,0.0,0.0,0.0,317.0,1.1,246.0,100670.0
1990-11-07 07:00:00+00:00,10.68,95.9,6.0,0.0,6.0,316.8,1.24,248.0,100650.0
1990-11-07 08:00:00+00:00,11.45,95.9,115.0,91.56,95.0,319.7,1.24,248.0,100660.0
1990-11-07 09:00:00+00:00,14.61,77.75,339.0,605.01,112.0,323.2,1.59,267.0,100650.0
1990-11-07 10:00:00+00:00,16.18,65.25,129.0,0.0,129.0,318.35,1.93,279.0,100630.0
1990-11-07 11:00:00+00:00,17.49,58.8,509.0,514.79,216.0,323.0,2.28,276.0,100570.0
1990-11-07 12:00:00+00:00,18.81,53.0,567.0,647.38,183.0,313.1,2.62,278.0,100470.0
1990-11-07 13:00:00+00:00,19.97,46.1,564.0,760.84,134.0,310.05,3.03,281.0,100380.0
1990-11-07 14:00:00+00:00,20.66,41.55,466.0,681.6,134.0,310.2,3.24,285.0,100270.0
1990-11-07 15:00:00+00:00,20.97,40.1,209.0,104.32,171.0,313.5,3.45,289.0,100190.0
1990-11-07 16:00:00+00:00,20.59,40.1,104.0,82.91,87.0,326.3,3.45,294.0,100180.0
1990-11-07 17:00:00+00:00,19.6,44.45,0.0,0.0,0.0,322.4,2.62,290.0,100190.0
1990-11-07 18:00:00+00:00,18.11,49.15,0.0,0.0,0.0,318.95,2.34,286.0,100220.0
1990-11-07 19:00:00+00:00,17.36,52.75,0.0,0.0,0.0,325.7,2.28,280.0,100240.0
1990-11-07 20:00:00+00:00,16.45,54.6,0.0,0.0,0.0,318.55,2.48,289.0,100280.0
1990-11-07 21:00:00+00:00,15.66,62.85,0.0,0.0,0.0,313.9,2.41,289.0,100290.0
1990-11-07 22:00:00+00:00,14.85,69.85,0.0,0.0,0.0,308.65,2.34,284.0,100300.0
1990-11-07 23:00:00+00:00,14.1,72.3,0.0,0.0,0.0,305.0,2.41,281.0,100290.0
1990-11-08 00:00:00+00:00,13.4,77.5,0.0,0.0,0.0,298.6,2.48,283.0,100290.0
1990-11-08 01:00:00+00:00,12.69,80.3,0.0,0.0,0.0,294.85,2.34,286.0,100240.0
1990-11-08 02:00:00+00:00,11.98,80.2,0.0,0.0,0.0,290.65,2.07,282.0,100180.0
1990-11-08 03:00:00+00:00,11.3,86.1,0.0,0.0,0.0,288.15,2.07,274.0,100180.0
1990-11-08 04:00:00+00:00,10.7,86.05,0.0,0.0,0.0,285.85,2.07,275.0,100170.0
1990-11-08 05:00:00+00:00,10.21,86.0,0.0,0.0,0.0,284.1,2.07,275.0,100170.0
1990-11-08 06:00:00+00:00,9.92,82.95,0.0,0.0,0.0,287.4,2.14,269.0,100160.0
1990-11-08 07:00:00+00:00,10.0,79.95,7.0,0.0,7.0,295.3,2.28,275.0,100170.0
1990-11-08 08:00:00+00:00,10.78,77.15,133.0,191.06,92.0,295.3,2.14,264.0,100200.0
1990-11-08 09:00:00+00:00,12.4,64.55,245.0,191.29,174.0,294.55,3.03,266.0,100230.0
1990-11-08 10:00:00+00:00,14.18,58.1,384.0,336.27,219.0,290.3,3.72,266.0,100220.0
1990-11-08 11:00:00+00:00,15.99,52.5,355.0,129.21,282.0,297.25,4.76,268.0,100180.0
1990-11-08 12:00:00+00:00,17.0,50.85,395.0,169.77,295.0,331.1,5.66,266.0,100090.0
1990-11-08 13:00:00+00:00,16.87,52.65,87.0,0.0,87.0,357.85,5.79,263.0,99980.0
1990-11-08 14:00:00+00:00,16.77,56.6,282.0,101.39,233.0,372.55,5.38,250.0,99880.0
1990-11-08 15:00:00+00:00,16.9,58.7,183.0,60.99,161.0,374.1,5.52,243.0,99800.0
1990-11-08 16:00:00+00:00,17.17,58.8,80.0,24.78,75.0,358.4,5.52,246.0,99740.0
1990-11-08 17:00:00+00:00,16.87,65.35,0.0,0.0,0.0,363.45,5.72,241.0,99730.0
1990-11-08 18:00:00+00:00,16.6,67.75,0.0,0.0,0.0,358.2,5.66,243.0,99750.0
1990-11-08 19:00:00+00:00,16.5,70.2,0.0,0.0,0.0,370.6,5.72,244.0,99690.0
1990-11-08 20:00:00+00:00,16.45,70.2,0.0,0.0,0.0,369.05,5.59,246.0,99680.0
1990-11-08 21:00:00+00:00,16.34,72.65,0.0,0.0,0.0,374.65,5.66,246.0,99680.0
1990-11-08 22:00:00+00:00,16.18,75.25,0.0,0.0,0.0,369.85,5.86,243.0,99640.0
1990-11-08 23:00:00+00:00,15.98,77.95,0.0,0.0,0.0,366.35,6.07,245.0,99610.0
1990-11-09 00:00:00+00:00,15.87,80.65,0.0,0.0,0.0,367.1,5.79,248.0,99550.0
1990-11-09 01:00:00+00:00,15.86,80.65,0.0,0.0,0.0,366.65,5.38,250.0,99480.0
1990-11-09 02:00:00+00:00,15.83,77.85,0.0,0.0,0.0,367.5,5.1,253.0,99390.0
1990-11-09 03:00:00+00:00,15.78,77.85,0.0,0.0,0.0,365.2,4.9,254.0,99350.0
1990-11-09 04:00:00+00:00,15.73,75.15,0.0,0.0,0.0,367.1,4.9,253.0,99320.0
1990-11-09 05:00:00+00:00,15.53,75.15,0.0,0.0,0.0,359.4,4.83,254.0,99280.0
1990-11-09 06:00:00+00:00,15.48,75.15,0.0,0.0,0.0,363.45,4.55,254.0,99290.0
1990-11-09 07:00:00+00:00,15.76,77.85,6.0,0.0,6.0,363.65,4.83,248.0,99190.0
1990-11-09 08:00:00+00:00,16.15,75.25,180.0,583.63,57.0,373.1,5.24,250.0,99200.0
1990-11-09 09:00:00+00:00,16.47,72.7,323.0,571.98,113.0,377.0,5.38,255.0,99230.0
1990-11-09 10:00:00+00:00,16.53,72.7,232.0,36.99,214.0,377.75,5.31,255.0,99260.0
1990-11-09 11:00:00+00:00,16.62,72.7,121.0,0.0,121.0,374.3,4.97,250.0,99250.0
1990-11-09 12:00:00+00:00,16.53,72.7,215.0,5.13,212.0,376.6,5.79,265.0,99230.0
1990-11-09 13:00:00+00:00,15.84,77.85,323.0,91.53,272.0,370.6,5.03,281.0,99220.0
1990-11-09 14:00:00+00:00,15.49,75.15,175.0,6.26,172.0,372.15,4.21,279.0,99220.0
1990-11-09 15:00:00+00:00,15.54,70.0,295.0,461.91,130.0,366.55,4.0,266.0,99230.0
1990-11-09 16:00:00+00:00,15.85,65.15,157.0,478.4,62.0,341.95,4.14,262.0,99270.0
1990-11-09 17:00:00+00:00,15.63,62.85,0.0,0.0,0.0,333.05,3.86,268.0,99350.0
1990-11-09 18:00:00+00:00,15.02,60.5,0.0,0.0,0.0,321.45,3.52,272.0,99440.0
1990-11-09 19:00:00+00:00,14.65,62.65,0.0,0.0,0.0,308.1,3.59,274.0,99430.0
1990-11-09 20:00:00+00:00,14.31,60.3,0.0,0.0,0.0,312.15,3.52,280.0,99510.0
1990-11-09 21:00:00+00:00,13.53,62.45,0.0,0.0,0.0,289.9,3.38,279.0,99590.0
1990-11-09 22:00:00+00:00,12.81,66.95,0.0,0.0,0.0,283.5,3.24,276.0,99660.0
1990-11-09 23:00:00+00:00,12.22,69.35,0.0,0.0,0.0,281.4,3.1,274.0,99720.0
1990-11-10 00:00:00+00:00,11.72,71.85,0.0,0.0,0.0,279.25,2.97,272.0,99770.0
1990-11-10 01:00:00+00:00,11.27,77.2,0.0,0.0,0.0,277.05,2.83,270.0,99820.0
1990-11-10 02:00:00+00:00,10.85,80.05,0.0,0.0,0.0,277.3,2.62,268.0,99830.0
1990-11-10 03:00:00+00:00,10.46,80.05,0.0,0.0,0.0,276.35,2.48,262.0,99860.0
1990-11-10 04:00:00+00:00,10.19,86.0,0.0,0.0,0.0,278.85,2.48,258.0,99880.0
1990-11-10 05:00:00+00:00,9.95,86.0,0.0,0.0,0.0,278.1,2.41,254.0,99920.0
1990-11-10 06:00:00+00:00,9.72,89.15,0.0,0.0,0.0,277.7,2.34,253.0,100000.0
1990-11-10 07:00:00+00:00,9.53,89.15,5.0,0.0,5.0,279.45,2.21,254.0,100090.0
1990-11-10 08:00:00+00:00,10.39,83.0,174.0,555.75,59.0,284.5,1.93,257.0,100190.0
1990-11-10 09:00:00+00:00,12.99,72.1,343.0,693.92,91.0,286.05,2.55,266.0,100300.0
1990-11-10 10:00:00+00:00,14.83,64.95,473.0,729.58,121.0,294.15,3.17,274.0,100370.0
1990-11-10 11:00:00+00:00,16.41,56.5,556.0,750.8,138.0,303.65,3.66,278.0,100390.0
1990-11-10 12:00:00+00:00,17.58,49.05,0.0,0.0,0.0,312.15,4.41,287.0,100400.0
1990-11-10 13:00:00+00:00,18.27,45.7,559.0,780.74,127.0,323.4,4.55,291.0,100390.0
1990-11-10 14:00:00+00:00,18.77,41.05,356.0,275.29,225.0,328.2,4.69,294.0,100370.0
1990-11-10 15:00:00+00:00,18.82,39.55,325.0,635.93,100.0,335.2,4.28,295.0,100410.0
1990-11-10 16:00:00+00:00,18.63,38.1,139.0,312.05,78.0,329.75,3.79,298.0,100480.0
1990-11-10 17:00:00+00:00,17.68,40.75,0.0,0.0,0.0,321.65,2.62,299.0,100590.0
1990-11-10 18:00:00+00:00,16.14,43.65,0.0,0.0,0.0,306.55,2.21,295.0,100690.0
1990-11-10 19:00:00+00:00,15.07,48.55,0.0,0.0,0.0,299.6,1.93,294.0,100830.0
1990-11-10 20:00:00+00:00,13.63,55.9,0.0,0.0,0.0,290.1,1.93,295.0,100890.0
1990-11-10 21:00:00+00:00,12.17,62.1,0.0,0.0,0.0,286.4,1.86,301.0,100990.0
1990-11-10 22:00:00+00:00,11.0,69.15,0.0,0.0,0.0,284.1,1.72,307.0,101060.0
1990-11-10 23:00:00+00:00,10.34,74.3,0.0,0.0,0.0,283.3,1.52,308.0,101140.0
1990-11-11 00:00:00+00:00,10.17,71.6,0.0,0.0,0.0,279.65,1.31,312.0,101170.0
1990-11-11 01:00:00+00:00,10.37,71.6,0.0,0.0,0.0,277.45,1.1,317.0,101220.0
1990-11-11 02:00:00+00:00,10.06,71.6,0.0,0.0,0.0,276.15,0.9,332.0,101240.0
1990-11-11 03:00:00+00:00,9.72,74.2,0.0,0.0,0.0,275.2,0.83,349.0,101280.0
1990-11-11 04:00:00+00:00,9.46,74.2,0.0,0.0,0.0,274.05,0.83,5.0,101310.0
1990-11-11 05:00:00+00:00,8.59,79.75,0.0,0.0,0.0,273.45,1.03,1.0,101340.0
1990-11-11 06:00:00+00:00,7.53,85.8,0.0,0.0,0.0,272.5,1.17,8.0,101420.0
1990-11-11 07:00:00+00:00,6.21,88.95,0.0,0.0,0.0,272.1,1.45,26.0,101500.0
1990-11-11 08:00:00+00:00,7.47,89.0,166.0,512.01,62.0,272.3,1.03,23.0,101580.0
1990-11-11 09:00:00+00:00,11.34,74.45,337.0,693.24,88.0,276.95,0.83,36.0,101670.0
1990-11-11 10:00:00+00:00,14.03,60.3,464.0,716.96,121.0,283.3,0.69,60.0,101680.0
1990-11-11 11:00:00+00:00,15.97,52.5,553.0,770.79,127.0,290.85,0.48,43.0,101700.0
1990-11-11 12:00:00+00:00,17.3,47.3,582.0,781.73,131.0,297.05,0.55,354.0,101700.0
1990-11-11 13:00:00+00:00,18.14,44.05,556.0,798.91,117.0,301.1,0.62,320.0,101620.0
1990-11-11 14:00:00+00:00,18.67,41.05,465.0,755.92,108.0,304.05,0.9,306.0,101590.0
1990-11-11 15:00:00+00:00,18.9,41.05,324.0,661.92,92.0,305.75,1.24,312.0,101580.0
1990-11-11 16:00:00+00:00,18.77,39.55,156.0,509.14,58.0,306.75,1.03,314.0,101600.0
1990-11-11 17:00:00+00:00,18.03,44.05,0.0,0.0,0.0,306.35,0.83,210.0,101610.0
1990-11-11 18:00:00+00:00,15.78,50.5,0.0,0.0,0.0,303.65,1.66,208.0,101660.0
1990-11-11 19:00:00+00:00,14.47,60.4,0.0,0.0,0.0,304.4,1.17,227.0,101690.0
1990-11-11 20:00:00+00:00,13.85,62.45,0.0,0.0,0.0,304.2,1.03,244.0,101730.0
1990-11-11 21:00:00+00:00,13.51,62.45,0.0,0.0,0.0,302.65,0.83,268.0,101740.0
1990-11-11 22:00:00+00:00,12.79,66.95,0.0,0.0,0.0,301.3,0.76,311.0,101760.0
1990-11-11 23:00:00+00:00,11.86,71.85,0.0,0.0,0.0,299.4,1.03,349.0,101740.0
1990-11-12 00:00:00+00:00,10.66,77.15,0.0,0.0,0.0,297.25,1.31,11.0,101750.0
1990-11-12 01:00:00+00:00,9.86,82.9,0.0,0.0,0.0,295.45,1.45,23.0,101730.0
1990-11-12 02:00:00+00:00,9.14,85.95,0.0,0.0,0.0,293.2,1.59,26.0,101670.0
1990-11-12 03:00:00+00:00,8.56,89.1,0.0,0.0,0.0,291.85,1.66,23.0,101660.0
1990-11-12 04:00:00+00:00,8.16,89.05,0.0,0.0,0.0,290.85,1.79,19.0,101610.0
1990-11-12 05:00:00+00:00,7.93,89.05,0.0,0.0,0.0,289.5,1.86,18.0,101590.0
1990-11-12 06:00:00+00:00,7.73,92.35,0.0,0.0,0.0,288.35,1.79,20.0,101610.0
1990-11-12 07:00:00+00:00,7.57,92.35,0.0,0.0,0.0,287.2,1.79,24.0,101630.0
1990-11-12 08:00:00+00:00,8.91,89.1,154.0,441.47,66.0,289.1,1.38,29.0,101660.0
1990-11-12 09:00:00+00:00,13.05,69.55,317.0,602.41,103.0,291.05,1.45,39.0,101680.0
1990-11-12 10:00:00+00:00,15.51,60.65,457.0,716.71,117.0,297.45,1.86,46.0,101670.0
1990-11-12 11:00:00+00:00,17.25,54.7,543.0,756.38,128.0,305.75,2.0,45.0,101620.0
1990-11-12 12:00:00+00:00,18.5,51.15,568.0,753.92,136.0,310.8,1.72,34.0,101560.0
1990-11-12 13:00:00+00:00,19.41,49.45,545.0,784.24,117.0,314.5,1.45,17.0,101480.0
1990-11-12 14:00:00+00:00,19.98,44.6,478.0,840.52,84.0,317.4,1.24,0.0,101370.0
1990-11-12 15:00:00+00:00,20.2,44.6,319.0,668.07,87.0,318.35,1.1,346.0,101310.0
1990-11-12 16:00:00+00:00,19.97,46.1,151.0,495.86,57.0,317.75,0.9,330.0,101260.0
1990-11-12 17:00:00+00:00,19.04,55.05,0.0,0.0,0.0,315.05,0.62,271.0,101230.0
1990-11-12 18:00:00+00:00,16.61,58.7,0.0,0.0,0.0,311.2,1.31,238.0,101220.0
1990-11-12 19:00:00+00:00,14.8,67.35,0.0,0.0,0.0,308.65,1.45,245.0,101250.0
1990-11-12 20:00:00+00:00,13.5,72.2,0.0,0.0,0.0,306.75,1.59,242.0,101240.0
1990-11-12 21:00:00+00:00,12.5,77.45,0.0,0.0,0.0,305.0,1.66,241.0,101210.0
1990-11-12 22:00:00+00:00,12.3,80.2,0.0,0.0,0.0,302.85,1.31,239.0,101180.0
1990-11-12 23:00:00+00:00,13.15,77.5,0.0,0.0,0.0,300.55,0.83,233.0,101130.0
1990-11-13 00:00:00+00:00,12.77,80.3,0.0,0.0,0.0,298.4,0.48,217.0,101090.0
1990-11-13 01:00:00+00:00,12.1,83.15,0.0,0.0,0.0,296.0,0.21,192.0,101030.0
1990-11-13 02:00:00+00:00,11.58,86.15,0.0,0.0,0.0,293.55,0.14,66.0,100980.0
1990-11-13 03:00:00+00:00,11.16,89.3,0.0,0.0,0.0,291.65,0.41,77.0,100940.0
1990-11-13 04:00:00+00:00,10.52,92.5,0.0,0.0,0.0,291.65,0.69,85.0,100900.0
1990-11-13 05:00:00+00:00,9.73,95.85,0.0,0.0,0.0,293.0,0.55,75.0,100870.0
1990-11-13 06:00:00+00:00,8.98,95.85,0.0,0.0,0.0,296.5,0.34,27.0,100860.0
1990-11-13 07:00:00+00:00,8.27,95.8,0.0,0.0,0.0,294.35,1.1,14.0,100900.0
1990-11-13 08:00:00+00:00,9.5,92.45,159.0,516.45,58.0,290.1,0.76,12.0,100930.0
1990-11-13 09:00:00+00:00,12.11,80.2,323.0,657.51,92.0,295.3,0.41,17.0,100930.0
1990-11-13 10:00:00+00:00,14.89,69.85,453.0,710.02,119.0,304.4,0.21,26.0,100960.0
1990-11-13 11:00:00+00:00,16.75,63.05,542.0,761.88,127.0,304.4,0.21,209.0,100890.0
1990-11-13 12:00:00+00:00,18.22,58.9,571.0,774.84,130.0,306.95,0.9,228.0,100790.0
1990-11-13 13:00:00+00:00,19.16,53.15,548.0,804.32,112.0,309.25,1.31,231.0,100670.0
1990-11-13 14:00:00+00:00,19.67,49.55,455.0,747.87,107.0,310.8,1.66,228.0,100560.0
1990-11-13 15:00:00+00:00,19.75,49.55,317.0,665.45,88.0,310.6,2.07,228.0,100480.0
1990-11-13 16:00:00+00:00,19.31,49.45,148.0,487.27,57.0,309.65,2.41,228.0,100470.0
1990-11-13 17:00:00+00:00,17.92,56.75,0.0,0.0,0.0,306.15,2.28,223.0,100470.0
1990-11-13 18:00:00+00:00,16.12,62.95,0.0,0.0,0.0,304.4,2.62,223.0,100480.0
1990-11-13 19:00:00+00:00,15.15,67.45,0.0,0.0,0.0,300.15,2.48,230.0,100500.0
1990-11-13 20:00:00+00:00,14.05,74.95,0.0,0.0,0.0,297.05,2.48,235.0,100520.0
1990-11-13 21:00:00+00:00,13.21,83.25,0.0,0.0,0.0,295.7,2.28,231.0,100540.0
1990-11-13 22:00:00+00:00,12.53,89.4,0.0,0.0,0.0,295.9,2.07,219.0,100530.0
1990-11-13 23:00:00+00:00,11.84,95.9,0.0,0.0,0.0,293.0,2.0,207.0,100490.0
1990-11-14 00:00:00+00:00,11.39,92.55,0.0,0.0,0.0,292.8,1.93,202.0,100470.0
1990-11-14 01:00:00+00:00,11.03,95.9,0.0,0.0,0.0,295.6,1.93,194.0,100440.0
1990-11-14 02:00:00+00:00,10.82,99.4,0.0,0.0,0.0,298.4,1.93,184.0,100380.0
1990-11-14 03:00:00+00:00,10.84,99.4,0.0,0.0,0.0,308.3,1.93,179.0,100340.0
1990-11-14 04:00:00+00:00,10.9,95.9,0.0,0.0,0.0,311.55,1.93,173.0,100330.0
1990-11-14 05:00:00+00:00,11.16,99.35,0.0,0.0,0.0,324.35,2.0,169.0,100270.0
1990-11-14 06:00:00+00:00,11.33,99.35,0.0,0.0,0.0,316.6,2.14,167.0,100260.0
1990-11-14 07:00:00+00:00,12.03,92.6,0.0,0.0,0.0,323.0,2.34,169.0,100250.0
1990-11-14 08:00:00+00:00,12.85,89.4,112.0,156.39,82.0,330.95,2.34,175.0,100270.0
1990-11-14 09:00:00+00:00,15.3,77.8,262.0,330.99,147.0,343.9,2.83,179.0,100260.0
1990-11-14 10:00:00+00:00,17.18,67.85,69.0,0.0,69.0,351.25,3.45,192.0,100290.0
1990-11-14 11:00:00+00:00,18.19,65.55,59.0,0.0,59.0,361.9,4.62,210.0,100270.0
1990-11-14 12:00:00+00:00,18.68,63.4,201.0,3.54,199.0,381.05,5.1,220.0,100230.0
1990-11-14 13:00:00+00:00,17.55,72.8,124.0,0.0,124.0,383.4,4.21,210.0,100150.0
1990-11-14 14:00:00+00:00,16.7,83.65,65.0,0.0,65.0,381.65,4.9,206.0,100120.0
1990-11-14 15:00:00+00:00,16.18,89.65,77.0,0.0,77.0,386.85,4.9,220.0,100110.0
1990-11-14 16:00:00+00:00,15.75,92.75,23.0,0.0,23.0,387.85,3.72,242.0,100170.0
1990-11-14 17:00:00+00:00,15.33,89.55,0.0,0.0,0.0,376.4,2.9,265.0,100230.0
1990-11-14 18:00:00+00:00,14.75,86.45,0.0,0.0,0.0,354.95,2.48,272.0,100360.0
1990-11-14 19:00:00+00:00,14.09,83.4,0.0,0.0,0.0,336.75,2.55,288.0,100380.0
1990-11-14 20:00:00+00:00,12.79,83.25,0.0,0.0,0.0,304.6,2.48,284.0,100480.0
1990-11-14 21:00:00+00:00,11.56,83.1,0.0,0.0,0.0,284.65,2.48,286.0,100600.0
1990-11-14 22:00:00+00:00,10.71,83.0,0.0,0.0,0.0,278.85,2.41,290.0,100670.0
1990-11-14 23:00:00+00:00,10.03,79.95,0.0,0.0,0.0,275.0,2.41,293.0,100750.0
1990-11-15 00:00:00+00:00,9.55,82.9,0.0,0.0,0.0,275.0,2.34,296.0,100800.0
1990-11-15 01:00:00+00:00,9.09,82.85,0.0,0.0,0.0,272.0,2.41,298.0,100860.0
1990-11-15 02:00:00+00:00,8.63,85.9,0.0,0.0,0.0,266.65,2.41,300.0,100920.0
1990-11-15 03:00:00+00:00,8.16,85.85,0.0,0.0,0.0,262.05,2.41,299.0,100980.0
1990-11-15 04:00:00+00:00,7.74,85.8,0.0,0.0,0.0,259.7,2.34,296.0,101070.0
1990-11-15 05:00:00+00:00,7.34,89.0,0.0,0.0,0.0,258.35,2.34,294.0,101110.0
1990-11-15 06:00:00+00:00,7.02,85.75,0.0,0.0,0.0,257.0,2.28,295.0,101210.0
1990-11-15 07:00:00+00:00,6.89,85.75,0.0,0.0,0.0,258.55,2.07,291.0,101280.0
1990-11-15 08:00:00+00:00,7.08,89.0,159.0,558.19,54.0,258.75,1.52,289.0,101410.0
1990-11-15 09:00:00+00:00,10.18,77.1,336.0,750.89,78.0,261.65,1.52,298.0,101480.0
1990-11-15 10:00:00+00:00,12.13,66.85,476.0,825.82,94.0,266.5,1.93,307.0,101560.0
1990-11-15 11:00:00+00:00,13.83,55.9,573.0,893.96,93.0,272.5,2.14,312.0,101580.0
1990-11-15 12:00:00+00:00,15.18,46.75,600.0,893.85,98.0,278.3,2.41,314.0,101560.0
1990-11-15 13:00:00+00:00,16.07,40.5,540.0,758.98,134.0,281.2,2.62,313.0,101510.0
1990-11-15 14:00:00+00:00,16.48,37.65,314.0,187.49,228.0,283.3,2.62,312.0,101490.0
1990-11-15 15:00:00+00:00,16.57,36.3,278.0,422.92,135.0,283.9,2.48,313.0,101470.0
1990-11-15 16:00:00+00:00,16.23,37.55,147.0,496.12,57.0,284.3,2.14,314.0,101500.0
1990-11-15 17:00:00+00:00,15.29,40.2,0.0,0.0,0.0,285.65,1.52,304.0,101540.0
1990-11-15 18:00:00+00:00,13.59,46.35,0.0,0.0,0.0,279.45,1.66,297.0,101620.0
1990-11-15 19:00:00+00:00,11.83,57.55,0.0,0.0,0.0,277.3,1.45,319.0,101730.0
1990-11-15 20:00:00+00:00,10.29,61.65,0.0,0.0,0.0,275.0,1.66,330.0,101780.0
1990-11-15 21:00:00+00:00,9.05,66.25,0.0,0.0,0.0,273.05,1.79,344.0,101830.0
1990-11-15 22:00:00+00:00,8.21,71.25,0.0,0.0,0.0,270.75,1.79,357.0,101840.0
1990-11-15 23:00:00+00:00,7.78,73.9,0.0,0.0,0.0,268.4,1.59,5.0,101840.0
1990-11-16 00:00:00+00:00,7.08,76.65,0.0,0.0,0.0,266.5,1.59,7.0,101850.0
1990-11-16 01:00:00+00:00,6.51,76.65,0.0,0.0,0.0,265.05,1.59,8.0,101820.0
1990-11-16 02:00:00+00:00,5.8,82.5,0.0,0.0,0.0,263.4,1.66,14.0,101770.0
1990-11-16 03:00:00+00:00,5.37,82.5,0.0,0.0,0.0,262.05,1.66,21.0,101740.0
1990-11-16 04:00:00+00:00,4.88,82.4,0.0,0.0,0.0,260.85,1.79,20.0,101720.0
1990-11-16 05:00:00+00:00,4.52,85.55,0.0,0.0,0.0,259.9,1.93,14.0,101740.0
1990-11-16 06:00:00+00:00,4.35,85.55,0.0,0.0,0.0,258.95,1.86,18.0,101780.0
1990-11-16 07:00:00+00:00,4.03,88.8,0.0,0.0,0.0,257.95,1.86,32.0,101780.0
1990-11-16 08:00:00+00:00,5.09,85.6,149.0,488.01,59.0,256.8,1.52,38.0,101800.0
1990-11-16 09:00:00+00:00,9.53,71.5,332.0,750.49,77.0,259.7,1.66,48.0,101820.0
1990-11-16 10:00:00+00:00,12.44,57.75,426.0,592.96,154.0,265.1,2.21,50.0,101840.0
1990-11-16 11:00:00+00:00,14.39,50.1,539.0,759.66,134.0,271.1,2.55,52.0,101810.0
1990-11-16 12:00:00+00:00,15.71,41.9,584.0,847.75,111.0,276.95,2.48,56.0,101720.0
1990-11-16 13:00:00+00:00,16.58,37.65,552.0,833.53,109.0,279.05,2.14,48.0,101580.0
1990-11-16 14:00:00+00:00,17.02,35.05,453.0,748.59,112.0,286.2,1.72,36.0,101510.0
1990-11-16 15:00:00+00:00,16.83,34.9,327.0,745.7,77.0,296.1,1.24,38.0,101410.0
1990-11-16 16:00:00+00:00,16.29,37.55,151.0,559.03,51.0,306.75,1.03,360.0,101400.0
1990-11-16 17:00:00+00:00,15.02,41.75,0.0,0.0,0.0,311.75,1.45,331.0,101400.0
1990-11-16 18:00:00+00:00,13.27,51.75,0.0,0.0,0.0,304.6,1.45,319.0,101410.0
1990-11-16 19:00:00+00:00,11.77,59.7,0.0,0.0,0.0,277.7,1.24,287.0,101350.0
1990-11-16 20:00:00+00:00,10.7,61.75,0.0,0.0,0.0,274.6,1.31,268.0,101320.0
1990-11-16 21:00:00+00:00,9.76,66.35,0.0,0.0,0.0,271.9,1.38,258.0,101320.0
1990-11-16 22:00:00+00:00,8.82,74.05,0.0,0.0,0.0,274.05,1.38,255.0,101260.0
1990-11-16 23:00:00+00:00,7.87,76.8,0.0,0.0,0.0,277.1,1.45,247.0,101230.0
1990-11-17 00:00:00+00:00,7.55,79.65,0.0,0.0,0.0,275.2,1.38,252.0,101200.0
1990-11-17 01:00:00+00:00,7.33,82.6,0.0,0.0,0.0,270.05,1.24,244.0,101120.0
1990-11-17 02:00:00+00:00,6.61,82.6,0.0,0.0,0.0,269.75,1.31,263.0,101070.0
1990-11-17 03:00:00+00:00,7.0,85.75,0.0,0.0,0.0,271.3,1.1,208.0,101040.0
1990-11-17 04:00:00+00:00,6.21,88.95,0.0,0.0,0.0,292.2,1.31,206.0,100980.0
1990-11-17 05:00:00+00:00,6.39,89.0,0.0,0.0,0.0,317.2,1.59,201.0,100920.0
1990-11-17 06:00:00+00:00,7.17,92.35,0.0,0.0,0.0,328.6,1.17,218.0,100940.0
1990-11-17 07:00:00+00:00,8.32,92.4,0.0,0.0,0.0,350.1,1.24,187.0,100930.0
1990-11-17 08:00:00+00:00,9.12,92.45,52.0,0.0,52.0,353.75,1.52,172.0,100940.0
1990-11-17 09:00:00+00:00,9.64,95.85,161.0,44.64,146.0,356.3,1.24,169.0,100930.0
1990-11-17 10:00:00+00:00,10.34,95.9,150.0,2.2,149.0,357.65,1.66,183.0,100930.0
1990-11-17 11:00:00+00:00,11.2,95.9,217.0,11.33,211.0,360.55,1.86,192.0,100890.0
1990-11-17 12:00:00+00:00,12.37,95.95,120.0,0.0,120.0,364.2,2.28,201.0,100820.0
1990-11-17 13:00:00+00:00,13.29,89.4,122.0,0.0,122.0,368.65,2.83,213.0,100730.0
1990-11-17 14:00:00+00:00,13.79,92.65,102.0,0.0,102.0,371.95,3.24,218.0,100650.0
1990-11-17 15:00:00+00:00,14.2,92.7,127.0,12.03,123.0,377.55,3.24,218.0,100610.0
1990-11-17 16:00:00+00:00,14.47,89.5,115.0,249.36,71.0,381.65,2.69,225.0,100600.0
1990-11-17 17:00:00+00:00,14.43,92.7,0.0,0.0,0.0,381.25,1.66,258.0,100630.0
1990-11-17 18:00:00+00:00,14.12,92.7,0.0,0.0,0.0,376.6,1.72,317.0,100670.0
1990-11-17 19:00:00+00:00,12.5,86.25,0.0,0.0,0.0,318.95,2.41,337.0,100770.0
1990-11-17 20:00:00+00:00,11.27,83.05,0.0,0.0,0.0,303.45,2.0,338.0,100830.0
1990-11-17 21:00:00+00:00,9.86,85.95,0.0,0.0,0.0,282.55,1.72,332.0,100870.0
1990-11-17 22:00:00+00:00,8.08,89.05,0.0,0.0,0.0,267.25,1.66,325.0,100900.0
1990-11-17 23:00:00+00:00,6.87,89.0,0.0,0.0,0.0,265.7,1.72,319.0,100950.0
1990-11-18 00:00:00+00:00,6.18,88.95,0.0,0.0,0.0,263.6,1.93,317.0,100980.0
1990-11-18 01:00:00+00:00,5.86,85.7,0.0,0.0,0.0,264.25,2.07,317.0,100960.0
1990-11-18 02:00:00+00:00,5.64,88.9,0.0,0.0,0.0,262.4,2.07,322.0,100940.0
1990-11-18 03:00:00+00:00,5.32,88.85,0.0,0.0,0.0,262.05,1.86,326.0,100930.0
1990-11-18 04:00:00+00:00,5.61,88.9,0.0,0.0,0.0,260.85,1.45,325.0,100930.0
1990-11-18 05:00:00+00:00,6.52,82.6,0.0,0.0,0.0,259.7,0.97,319.0,100920.0
1990-11-18 06:00:00+00:00,7.1,85.75,0.0,0.0,0.0,259.7,0.41,310.0,100960.0
1990-11-18 07:00:00+00:00,6.6,82.6,0.0,0.0,0.0,259.1,0.41,223.0,101050.0
1990-11-18 08:00:00+00:00,6.5,85.75,143.0,502.44,54.0,260.1,0.34,168.0,101090.0
1990-11-18 09:00:00+00:00,8.71,92.4,326.0,761.43,73.0,263.95,0.21,127.0,101160.0
1990-11-18 10:00:00+00:00,11.15,77.2,457.0,800.16,96.0,269.6,0.83,96.0,101210.0
1990-11-18 11:00:00+00:00,12.61,66.95,558.0,890.23,90.0,275.4,1.52,96.0,101200.0
1990-11-18 12:00:00+00:00,13.83,62.45,593.0,916.81,88.0,281.95,1.52,76.0,101150.0
1990-11-18 13:00:00+00:00,14.49,56.15,554.0,878.42,93.0,301.3,1.24,48.0,101110.0
1990-11-18 14:00:00+00:00,14.92,54.25,452.0,787.68,98.0,330.55,0.76,49.0,101050.0
1990-11-18 15:00:00+00:00,14.96,52.25,0.0,0.0,0.0,339.45,0.62,96.0,101020.0
1990-11-18 16:00:00+00:00,14.78,54.1,146.0,557.09,49.0,332.3,0.83,130.0,100990.0
1990-11-18 17:00:00+00:00,14.05,56.0,0.0,0.0,0.0,316.6,0.76,132.0,101020.0
1990-11-18 18:00:00+00:00,12.33,71.95,0.0,0.0,0.0,310.6,1.1,122.0,101040.0
1990-11-18 19:00:00+00:00,11.0,71.75,0.0,0.0,0.0,306.95,1.79,107.0,101120.0
1990-11-18 20:00:00+00:00,9.84,79.9,0.0,0.0,0.0,296.85,1.72,99.0,101110.0
1990-11-18 21:00:00+00:00,9.04,79.85,0.0,0.0,0.0,295.3,1.86,96.0,101100.0
1990-11-18 22:00:00+00:00,8.58,82.75,0.0,0.0,0.0,300.35,1.79,88.0,101090.0
1990-11-18 23:00:00+00:00,8.59,79.75,0.0,0.0,0.0,306.35,1.93,75.0,101070.0
1990-11-19 00:00:00+00:00,8.76,79.75,0.0,0.0,0.0,313.1,2.0,67.0,101000.0
1990-11-19 01:00:00+00:00,8.72,79.75,0.0,0.0,0.0,310.15,1.93,51.0,100910.0
1990-11-19 02:00:00+00:00,8.57,76.85,0.0,0.0,0.0,300.95,2.14,29.0,100830.0
1990-11-19 03:00:00+00:00,8.5,76.85,0.0,0.0,0.0,298.4,2.28,12.0,100820.0
1990-11-19 04:00:00+00:00,8.77,76.85,0.0,0.0,0.0,316.05,2.0,13.0,100800.0
1990-11-19 05:00:00+00:00,8.78,79.75,0.0,0.0,0.0,320.65,1.72,15.0,100770.0
1990-11-19 06:00:00+00:00,8.64,79.75,0.0,0.0,0.0,320.1,1.52,12.0,100870.0
1990-11-19 07:00:00+00:00,8.67,82.75,0.0,0.0,0.0,322.2,1.52,45.0,100900.0
1990-11-19 08:00:00+00:00,8.74,85.9,0.0,0.0,0.0,324.35,1.38,62.0,100930.0
1990-11-19 09:00:00+00:00,10.28,77.1,238.0,273.91,148.0,318.75,1.17,85.0,100920.0
1990-11-19 10:00:00+00:00,11.77,69.25,462.0,851.47,81.0,311.55,0.9,103.0,100960.0
1990-11-19 11:00:00+00:00,14.03,56.0,546.0,865.76,94.0,309.25,0.41,199.0,100960.0
1990-11-19 12:00:00+00:00,15.55,50.5,574.0,867.78,99.0,294.95,1.52,240.0,100950.0
1990-11-19 13:00:00+00:00,16.57,48.9,545.0,864.66,94.0,293.2,2.34,239.0,100880.0
1990-11-19 14:00:00+00:00,16.93,47.15,449.0,795.06,94.0,304.6,2.48,243.0,100850.0
1990-11-19 15:00:00+00:00,16.88,47.15,304.0,675.37,83.0,312.55,2.21,251.0,100850.0
1990-11-19 16:00:00+00:00,16.54,47.15,135.0,471.23,54.0,295.1,1.79,249.0,100890.0
1990-11-19 17:00:00+00:00,15.37,52.25,0.0,0.0,0.0,300.15,1.66,223.0,100940.0
1990-11-19 18:00:00+00:00,13.73,60.2,0.0,0.0,0.0,294.15,2.07,219.0,101000.0
1990-11-19 19:00:00+00:00,12.84,69.45,0.0,0.0,0.0,295.9,2.07,229.0,101000.0
1990-11-19 20:00:00+00:00,11.61,77.3,0.0,0.0,0.0,294.15,1.79,226.0,101000.0
1990-11-19 21:00:00+00:00,10.33,89.2,0.0,0.0,0.0,296.5,1.52,221.0,101000.0
1990-11-19 22:00:00+00:00,9.83,89.15,0.0,0.0,0.0,296.85,1.31,210.0,101000.0
1990-11-19 23:00:00+00:00,9.67,89.15,0.0,0.0,0.0,304.4,1.24,189.0,101000.0
1990-11-20 00:00:00+00:00,9.6,92.45,0.0,0.0,0.0,323.0,1.24,174.0,100960.0
1990-11-20 01:00:00+00:00,10.29,92.5,0.0,0.0,0.0,352.9,1.03,172.0,100920.0
1990-11-20 02:00:00+00:00,10.62,92.5,0.0,0.0,0.0,353.55,1.03,175.0,100870.0
1990-11-20 03:00:00+00:00,11.1,89.3,0.0,0.0,0.0,359.0,1.31,173.0,100830.0
1990-11-20 04:00:00+00:00,11.46,89.3,0.0,0.0,0.0,351.85,1.72,173.0,100770.0
1990-11-20 05:00:00+00:00,11.98,86.2,0.0,0.0,0.0,357.85,2.07,173.0,100720.0
1990-11-20 06:00:00+00:00,12.5,86.25,0.0,0.0,0.0,363.85,2.21,177.0,100700.0
1990-11-20 07:00:00+00:00,13.22,89.4,0.0,0.0,0.0,367.1,3.03,184.0,100680.0
1990-11-20 08:00:00+00:00,13.87,86.35,47.0,0.0,47.0,373.3,3.52,186.0,100650.0
1990-11-20 09:00:00+00:00,14.66,83.45,47.0,0.0,47.0,375.25,4.14,191.0,100630.0
1990-11-20 10:00:00+00:00,15.53,80.65,51.0,0.0,51.0,377.55,4.97,196.0,100570.0
1990-11-20 11:00:00+00:00,16.58,78.0,79.0,0.0,79.0,382.0,5.59,204.0,100520.0
1990-11-20 12:00:00+00:00,16.63,83.65,49.0,0.0,49.0,389.4,5.93,216.0,100470.0
1990-11-20 13:00:00+00:00,16.59,89.65,46.0,0.0,46.0,382.0,4.14,242.0,100410.0
1990-11-20 14:00:00+00:00,16.43,89.65,149.0,2.25,148.0,384.35,2.48,289.0,100400.0
1990-11-20 15:00:00+00:00,16.41,75.25,256.0,400.31,126.0,351.45,2.69,321.0,100420.0
1990-11-20 16:00:00+00:00,16.4,67.65,120.0,341.66,62.0,328.2,2.69,320.0,100470.0
1990-11-20 17:00:00+00:00,15.0,65.05,0.0,0.0,0.0,302.3,2.28,309.0,100560.0
1990-11-20 18:00:00+00:00,13.44,67.15,0.0,0.0,0.0,286.05,2.34,294.0,100630.0
1990-11-20 19:00:00+00:00,12.53,69.45,0.0,0.0,0.0,287.2,2.41,274.0,100620.0
1990-11-20 20:00:00+00:00,11.7,71.85,0.0,0.0,0.0,281.95,2.62,276.0,100660.0
1990-11-20 21:00:00+00:00,11.13,71.75,0.0,0.0,0.0,281.4,2.69,277.0,100680.0
1990-11-20 22:00:00+00:00,10.65,71.7,0.0,0.0,0.0,278.1,2.76,280.0,100710.0
1990-11-20 23:00:00+00:00,10.32,74.3,0.0,0.0,0.0,278.65,2.83,288.0,100720.0
1990-11-21 00:00:00+00:00,9.95,77.1,0.0,0.0,0.0,273.85,2.76,287.0,100740.0
1990-11-21 01:00:00+00:00,9.48,79.9,0.0,0.0,0.0,272.2,2.69,282.0,100700.0
1990-11-21 02:00:00+00:00,9.0,85.95,0.0,0.0,0.0,268.4,2.62,277.0,100640.0
1990-11-21 03:00:00+00:00,8.63,89.1,0.0,0.0,0.0,266.3,2.69,273.0,100640.0
1990-11-21 04:00:00+00:00,8.4,89.1,0.0,0.0,0.0,265.5,2.62,271.0,100650.0
1990-11-21 05:00:00+00:00,8.14,92.4,0.0,0.0,0.0,265.5,2.34,263.0,100650.0
1990-11-21 06:00:00+00:00,7.86,92.4,0.0,0.0,0.0,264.95,2.34,253.0,100680.0
1990-11-21 07:00:00+00:00,8.43,89.1,0.0,0.0,0.0,271.7,2.62,262.0,100740.0
1990-11-21 08:00:00+00:00,8.88,89.1,136.0,522.61,49.0,267.85,2.69,260.0,100770.0
1990-11-21 09:00:00+00:00,10.89,80.1,309.0,728.22,75.0,272.1,2.97,258.0,100810.0
1990-11-21 10:00:00+00:00,12.88,69.45,448.0,813.22,90.0,277.7,3.86,264.0,100810.0
1990-11-21 11:00:00+00:00,14.52,56.15,544.0,881.48,90.0,285.45,4.76,275.0,100790.0
1990-11-21 12:00:00+00:00,15.44,50.5,527.0,682.46,158.0,317.55,5.38,289.0,100720.0
1990-11-21 13:00:00+00:00,15.89,48.65,473.0,556.82,186.0,304.4,5.03,286.0,100620.0
1990-11-21 14:00:00+00:00,16.28,47.0,407.0,598.7,143.0,319.3,4.97,283.0,100550.0
1990-11-21 15:00:00+00:00,16.26,45.3,304.0,701.07,78.0,330.15,4.69,280.0,100500.0
1990-11-21 16:00:00+00:00,15.92,46.9,79.0,65.58,68.0,323.75,3.66,273.0,100500.0
1990-11-21 17:00:00+00:00,15.05,46.75,0.0,0.0,0.0,318.95,3.24,268.0,100510.0
1990-11-21 18:00:00+00:00,13.94,50.1,0.0,0.0,0.0,309.05,2.9,267.0,100560.0
1990-11-21 19:00:00+00:00,12.97,57.9,0.0,0.0,0.0,293.75,2.76,262.0,100540.0
1990-11-21 20:00:00+00:00,12.37,62.1,0.0,0.0,0.0,298.6,2.83,269.0,100550.0
1990-11-21 21:00:00+00:00,11.79,66.75,0.0,0.0,0.0,293.75,2.9,270.0,100590.0
1990-11-21 22:00:00+00:00,11.47,69.25,0.0,0.0,0.0,300.35,2.97,269.0,100620.0
1990-11-21 23:00:00+00:00,11.14,71.75,0.0,0.0,0.0,301.1,2.9,266.0,100630.0
1990-11-22 00:00:00+00:00,10.83,77.15,0.0,0.0,0.0,302.5,2.83,264.0,100630.0
1990-11-22 01:00:00+00:00,10.49,80.05,0.0,0.0,0.0,300.05,2.76,264.0,100600.0
1990-11-22 02:00:00+00:00,10.14,82.95,0.0,0.0,0.0,297.65,2.62,264.0,100540.0
1990-11-22 03:00:00+00:00,9.72,85.95,0.0,0.0,0.0,290.85,2.41,265.0,100510.0
1990-11-22 04:00:00+00:00,9.36,89.1,0.0,0.0,0.0,289.5,2.34,266.0,100490.0
1990-11-22 05:00:00+00:00,8.87,89.1,0.0,0.0,0.0,277.3,2.28,269.0,100490.0
1990-11-22 06:00:00+00:00,8.45,92.4,0.0,0.0,0.0,273.05,2.14,273.0,100530.0
1990-11-22 07:00:00+00:00,8.56,92.4,0.0,0.0,0.0,279.65,2.21,271.0,100560.0
1990-11-22 08:00:00+00:00,8.67,92.4,130.0,496.95,49.0,279.05,1.86,275.0,100580.0
1990-11-22 09:00:00+00:00,10.79,83.0,289.0,626.21,90.0,276.55,1.86,279.0,100610.0
1990-11-22 10:00:00+00:00,12.54,72.05,422.0,707.58,113.0,281.2,2.34,287.0,100610.0
1990-11-22 11:00:00+00:00,13.96,62.55,515.0,777.91,117.0,284.5,2.41,284.0,100610.0
1990-11-22 12:00:00+00:00,15.05,54.25,552.0,820.51,111.0,286.05,2.76,285.0,100560.0
1990-11-22 13:00:00+00:00,15.86,48.65,490.0,653.7,155.0,294.35,3.45,295.0,100490.0
1990-11-22 14:00:00+00:00,16.02,45.3,57.0,0.0,57.0,310.05,3.31,293.0,100430.0
1990-11-22 15:00:00+00:00,15.81,45.15,158.0,53.11,141.0,344.5,3.03,291.0,100450.0
1990-11-22 16:00:00+00:00,15.43,45.15,126.0,428.2,55.0,325.3,2.14,286.0,100450.0
1990-11-22 17:00:00+00:00,14.67,48.4,0.0,0.0,0.0,332.1,1.59,267.0,100480.0
1990-11-22 18:00:00+00:00,13.83,53.85,0.0,0.0,0.0,337.7,1.66,249.0,100510.0
1990-11-22 19:00:00+00:00,12.86,64.55,0.0,0.0,0.0,309.05,1.86,233.0,100500.0
1990-11-22 20:00:00+00:00,11.96,69.35,0.0,0.0,0.0,309.05,1.86,229.0,100530.0
1990-11-22 21:00:00+00:00,11.28,80.1,0.0,0.0,0.0,312.15,1.86,229.0,100520.0
1990-11-22 22:00:00+00:00,10.75,86.05,0.0,0.0,0.0,310.4,1.86,238.0,100560.0
1990-11-22 23:00:00+00:00,10.4,89.25,0.0,0.0,0.0,323.55,1.38,225.0,100550.0
1990-11-23 00:00:00+00:00,10.18,92.5,0.0,0.0,0.0,322.6,1.17,214.0,100560.0
1990-11-23 01:00:00+00:00,10.28,92.5,0.0,0.0,0.0,315.95,0.97,196.0,100540.0
1990-11-23 02:00:00+00:00,9.76,95.85,0.0,0.0,0.0,318.75,1.03,182.0,100500.0
1990-11-23 03:00:00+00:00,10.82,92.5,0.0,0.0,0.0,322.05,0.62,139.0,100550.0
1990-11-23 04:00:00+00:00,9.46,95.85,0.0,0.0,0.0,333.05,1.1,133.0,100510.0
1990-11-23 05:00:00+00:00,9.67,95.85,0.0,0.0,0.0,337.5,0.97,129.0,100510.0
1990-11-23 06:00:00+00:00,9.99,95.9,0.0,0.0,0.0,352.4,0.9,125.0,100510.0
1990-11-23 07:00:00+00:00,10.26,95.9,0.0,0.0,0.0,352.4,1.03,105.0,100540.0
1990-11-23 08:00:00+00:00,10.47,95.9,107.0,294.56,60.0,352.0,0.97,96.0,100550.0
1990-11-23 09:00:00+00:00,11.15,95.9,170.0,89.09,142.0,354.15,0.97,82.0,100590.0
1990-11-23 10:00:00+00:00,11.55,92.55,67.0,0.0,67.0,356.3,1.17,71.0,100640.0
1990-11-23 11:00:00+00:00,12.13,92.6,87.0,0.0,87.0,360.55,1.38,73.0,100630.0
1990-11-23 12:00:00+00:00,12.46,89.4,222.0,13.1,215.0,362.85,1.45,76.0,100600.0
1990-11-23 13:00:00+00:00,12.73,92.6,98.0,0.0,98.0,366.35,1.45,74.0,100530.0
1990-11-23 14:00:00+00:00,12.72,92.6,167.0,9.18,163.0,367.5,1.38,81.0,100470.0
1990-11-23 15:00:00+00:00,12.98,89.4,183.0,116.39,146.0,368.85,1.17,90.0,100430.0
1990-11-23 16:00:00+00:00,13.15,92.65,49.0,6.1,48.0,367.1,1.31,119.0,100430.0
1990-11-23 17:00:00+00:00,13.19,92.65,0.0,0.0,0.0,369.85,1.52,140.0,100400.0
1990-11-23 18:00:00+00:00,13.19,92.65,0.0,0.0,0.0,367.9,1.72,159.0,100390.0
1990-11-23 19:00:00+00:00,13.72,92.65,0.0,0.0,0.0,375.85,2.21,164.0,100350.0
1990-11-23 20:00:00+00:00,13.76,92.65,0.0,0.0,0.0,376.6,2.28,164.0,100340.0
1990-11-23 21:00:00+00:00,13.81,92.65,0.0,0.0,0.0,377.75,2.34,172.0,100350.0
1990-11-23 22:00:00+00:00,13.88,92.65,0.0,0.0,0.0,379.1,2.0,182.0,100340.0
1990-11-23 23:00:00+00:00,13.97,92.7,0.0,0.0,0.0,380.85,1.59,193.0,100360.0
1990-11-24 00:00:00+00:00,13.99,92.7,0.0,0.0,0.0,381.25,1.31,194.0,100380.0
1990-11-24 01:00:00+00:00,13.97,96.0,0.0,0.0,0.0,381.95,0.9,200.0,100340.0
1990-11-24 02:00:00+00:00,13.98,96.0,0.0,0.0,0.0,381.25,0.55,209.0,100330.0
1990-11-24 03:00:00+00:00,14.17,96.0,0.0,0.0,0.0,380.65,0.0,195.0,100320.0
1990-11-24 04:00:00+00:00,14.04,96.0,0.0,0.0,0.0,380.85,0.21,78.0,100320.0
1990-11-24 05:00:00+00:00,13.74,99.4,0.0,0.0,0.0,378.55,0.48,77.0,100340.0
1990-11-24 06:00:00+00:00,13.46,95.95,0.0,0.0,0.0,374.85,0.83,94.0,100340.0
1990-11-24 07:00:00+00:00,13.68,95.95,0.0,0.0,0.0,380.45,0.48,100.0,100380.0
1990-11-24 08:00:00+00:00,13.84,99.4,73.0,70.43,62.0,380.45,0.41,142.0,100400.0
1990-11-24 09:00:00+00:00,14.55,96.0,92.0,0.0,92.0,380.85,0.76,182.0,100470.0
1990-11-24 10:00:00+00:00,15.54,89.6,80.0,0.0,80.0,377.75,0.9,172.0,100470.0
1990-11-24 11:00:00+00:00,16.54,83.65,125.0,0.0,125.0,381.25,1.52,185.0,100460.0
1990-11-24 12:00:00+00:00,16.74,86.6,152.0,0.0,152.0,387.25,1.24,211.0,100440.0
1990-11-24 13:00:00+00:00,17.03,86.65,97.0,0.0,97.0,387.45,0.62,227.0,100380.0
1990-11-24 14:00:00+00:00,17.44,86.65,126.0,0.0,126.0,389.95,0.83,207.0,100350.0
1990-11-24 15:00:00+00:00,17.73,89.7,201.0,180.48,144.0,393.85,1.03,222.0,100310.0
1990-11-24 16:00:00+00:00,17.45,89.7,127.0,486.85,48.0,384.55,1.45,224.0,100330.0
1990-11-24 17:00:00+00:00,16.76,89.65,0.0,0.0,0.0,389.75,1.38,234.0,100370.0
1990-11-24 18:00:00+00:00,16.31,89.65,0.0,0.0,0.0,382.4,1.45,215.0,100400.0
1990-11-24 19:00:00+00:00,15.98,89.65,0.0,0.0,0.0,383.2,1.79,219.0,100350.0
1990-11-24 20:00:00+00:00,15.66,92.75,0.0,0.0,0.0,379.3,1.86,217.0,100370.0
1990-11-24 21:00:00+00:00,15.56,92.75,0.0,0.0,0.0,380.3,1.93,219.0,100380.0
1990-11-24 22:00:00+00:00,15.41,96.0,0.0,0.0,0.0,374.1,2.0,224.0,100410.0
1990-11-24 23:00:00+00:00,15.23,96.0,0.0,0.0,0.0,375.65,1.93,228.0,100390.0
1990-11-25 00:00:00+00:00,14.67,96.0,0.0,0.0,0.0,350.65,1.79,228.0,100420.0
1990-11-25 01:00:00+00:00,14.19,99.35,0.0,0.0,0.0,353.3,1.52,222.0,100370.0
1990-11-25 02:00:00+00:00,14.17,99.35,0.0,0.0,0.0,372.75,1.24,216.0,100330.0
1990-11-25 03:00:00+00:00,14.19,99.35,0.0,0.0,0.0,381.25,1.1,217.0,100320.0
1990-11-25 04:00:00+00:00,14.17,99.35,0.0,0.0,0.0,383.75,1.17,219.0,100290.0
1990-11-25 05:00:00+00:00,14.04,96.0,0.0,0.0,0.0,378.95,1.24,214.0,100280.0
1990-11-25 06:00:00+00:00,13.99,96.0,0.0,0.0,0.0,382.0,1.38,209.0,100270.0
1990-11-25 07:00:00+00:00,13.83,99.4,0.0,0.0,0.0,385.3,1.31,228.0,100340.0
1990-11-25 08:00:00+00:00,13.89,99.4,78.0,98.15,63.0,385.1,1.45,236.0,100360.0
1990-11-25 09:00:00+00:00,14.3,96.0,154.0,58.54,136.0,371.2,1.66,244.0,100420.0
1990-11-25 10:00:00+00:00,15.49,83.55,188.0,23.45,178.0,365.2,1.93,253.0,100430.0
1990-11-25 11:00:00+00:00,16.2,77.95,223.0,21.92,212.0,343.1,2.21,250.0,100410.0
1990-11-25 12:00:00+00:00,16.89,72.7,217.0,11.36,211.0,350.65,2.55,251.0,100370.0
1990-11-25 13:00:00+00:00,17.11,67.85,275.0,69.42,240.0,346.8,2.34,252.0,100290.0
1990-11-25 14:00:00+00:00,17.48,67.85,365.0,457.07,168.0,346.0,2.28,247.0,100230.0
1990-11-25 15:00:00+00:00,17.43,67.85,253.0,426.96,119.0,345.65,2.28,244.0,100200.0
1990-11-25 16:00:00+00:00,16.97,63.2,71.0,56.02,62.0,334.0,2.14,237.0,100190.0
1990-11-25 17:00:00+00:00,15.94,67.65,0.0,0.0,0.0,333.85,1.86,224.0,100190.0
1990-11-25 18:00:00+00:00,15.06,69.9,0.0,0.0,0.0,342.95,1.93,218.0,100210.0
1990-11-25 19:00:00+00:00,14.64,75.0,0.0,0.0,0.0,335.55,2.0,221.0,100160.0
1990-11-25 20:00:00+00:00,13.9,80.4,0.0,0.0,0.0,328.0,1.86,215.0,100180.0
1990-11-25 21:00:00+00:00,13.35,83.25,0.0,0.0,0.0,331.9,1.66,221.0,100160.0
1990-11-25 22:00:00+00:00,12.58,86.25,0.0,0.0,0.0,330.35,1.17,225.0,100190.0
1990-11-25 23:00:00+00:00,12.57,86.25,0.0,0.0,0.0,336.55,0.69,191.0,100150.0
1990-11-26 00:00:00+00:00,12.41,86.25,0.0,0.0,0.0,331.3,0.62,150.0,100140.0
1990-11-26 01:00:00+00:00,12.13,89.35,0.0,0.0,0.0,338.8,0.62,98.0,100100.0
1990-11-26 02:00:00+00:00,11.22,95.9,0.0,0.0,0.0,347.2,0.9,70.0,100050.0
1990-11-26 03:00:00+00:00,11.37,95.9,0.0,0.0,0.0,347.2,1.03,63.0,100040.0
1990-11-26 04:00:00+00:00,11.51,92.55,0.0,0.0,0.0,350.5,1.1,56.0,100020.0
1990-11-26 05:00:00+00:00,11.53,89.3,0.0,0.0,0.0,344.65,1.24,55.0,100000.0
1990-11-26 06:00:00+00:00,11.13,92.55,0.0,0.0,0.0,335.4,1.38,55.0,100010.0
1990-11-26 07:00:00+00:00,11.84,86.15,0.0,0.0,0.0,340.0,2.28,53.0,99960.0
1990-11-26 08:00:00+00:00,12.0,80.2,55.0,20.06,52.0,337.7,2.62,55.0,99940.0
1990-11-26 09:00:00+00:00,12.43,74.7,127.0,23.02,120.0,335.4,2.76,59.0,99940.0
1990-11-26 10:00:00+00:00,13.01,69.55,247.0,103.96,203.0,337.5,2.97,64.0,99960.0
1990-11-26 11:00:00+00:00,13.65,67.15,313.0,134.35,246.0,345.85,2.9,63.0,99920.0
1990-11-26 12:00:00+00:00,13.87,67.15,402.0,295.0,247.0,344.85,2.76,58.0,99800.0
1990-11-26 13:00:00+00:00,14.47,64.95,331.0,167.47,247.0,349.3,2.62,59.0,99730.0
1990-11-26 14:00:00+00:00,14.56,69.85,322.0,296.2,195.0,349.5,2.34,57.0,99640.0
1990-11-26 15:00:00+00:00,14.19,77.65,141.0,35.26,130.0,350.65,1.93,43.0,99590.0
1990-11-26 16:00:00+00:00,13.32,89.4,57.0,18.85,54.0,355.1,2.07,38.0,99570.0
1990-11-26 17:00:00+00:00,12.9,92.6,0.0,0.0,0.0,358.2,2.34,42.0,99570.0
1990-11-26 18:00:00+00:00,12.59,92.6,0.0,0.0,0.0,358.6,2.48,48.0,99560.0
1990-11-26 19:00:00+00:00,12.4,92.6,0.0,0.0,0.0,357.85,2.76,49.0,99540.0
1990-11-26 20:00:00+00:00,12.21,92.6,0.0,0.0,0.0,358.4,2.83,54.0,99500.0
1990-11-26 21:00:00+00:00,12.05,92.6,0.0,0.0,0.0,358.6,2.83,53.0,99480.0
1990-11-26 22:00:00+00:00,11.85,95.9,0.0,0.0,0.0,355.3,2.9,50.0,99450.0
1990-11-26 23:00:00+00:00,11.68,92.55,0.0,0.0,0.0,355.9,2.97,48.0,99420.0
1990-11-27 00:00:00+00:00,11.57,92.55,0.0,0.0,0.0,356.5,3.1,49.0,99380.0
1990-11-27 01:00:00+00:00,11.38,95.9,0.0,0.0,0.0,354.85,3.1,48.0,99310.0
1990-11-27 02:00:00+00:00,11.2,92.55,0.0,0.0,0.0,347.0,3.17,49.0,99250.0
1990-11-27 03:00:00+00:00,11.23,92.55,0.0,0.0,0.0,358.0,3.31,50.0,99220.0
1990-11-27 04:00:00+00:00,11.21,92.55,0.0,0.0,0.0,359.0,3.52,52.0,99160.0
1990-11-27 05:00:00+00:00,11.18,92.55,0.0,0.0,0.0,355.9,3.72,55.0,99110.0
1990-11-27 06:00:00+00:00,11.23,92.55,0.0,0.0,0.0,356.1,3.72,57.0,99080.0
1990-11-27 07:00:00+00:00,10.95,89.3,0.0,0.0,0.0,352.0,3.86,51.0,99050.0
1990-11-27 08:00:00+00:00,11.05,92.55,48.0,13.67,46.0,356.1,3.93,48.0,99020.0
1990-11-27 09:00:00+00:00,11.24,92.55,52.0,0.0,52.0,356.3,4.0,48.0,99050.0
1990-11-27 10:00:00+00:00,11.51,89.3,46.0,0.0,46.0,358.4,4.0,50.0,99050.0
1990-11-27 11:00:00+00:00,11.7,92.55,44.0,0.0,44.0,359.55,4.07,52.0,99010.0
1990-11-27 12:00:00+00:00,11.88,92.55,50.0,0.0,50.0,358.4,4.07,53.0,98950.0
1990-11-27 13:00:00+00:00,11.77,92.55,78.0,0.0,78.0,361.9,3.86,52.0,98830.0
1990-11-27 14:00:00+00:00,11.69,92.55,69.0,0.0,69.0,358.4,4.07,47.0,98740.0
1990-11-27 15:00:00+00:00,11.6,92.55,74.0,0.0,74.0,365.0,4.21,40.0,98690.0
1990-11-27 16:00:00+00:00,11.56,89.3,79.0,101.43,63.0,364.8,4.34,31.0,98680.0
1990-11-27 17:00:00+00:00,11.37,92.55,0.0,0.0,0.0,367.5,4.41,21.0,98720.0
1990-11-27 18:00:00+00:00,11.06,89.3,0.0,0.0,0.0,365.0,4.69,14.0,98780.0
1990-11-27 19:00:00+00:00,10.45,86.05,0.0,0.0,0.0,353.55,2.41,11.0,98960.0
1990-11-27 20:00:00+00:00,10.25,89.2,0.0,0.0,0.0,344.65,2.21,341.0,99050.0
1990-11-27 21:00:00+00:00,9.61,85.95,0.0,0.0,0.0,317.55,2.55,314.0,99190.0
1990-11-27 22:00:00+00:00,8.68,85.9,0.0,0.0,0.0,288.35,2.62,310.0,99290.0
1990-11-27 23:00:00+00:00,7.79,82.65,0.0,0.0,0.0,273.65,2.41,312.0,99350.0
1990-11-28 00:00:00+00:00,7.04,79.55,0.0,0.0,0.0,262.8,2.14,310.0,99390.0
1990-11-28 01:00:00+00:00,6.3,76.55,0.0,0.0,0.0,257.5,1.86,279.0,99450.0
1990-11-28 02:00:00+00:00,5.5,76.5,0.0,0.0,0.0,251.4,1.86,263.0,99500.0
1990-11-28 03:00:00+00:00,4.7,79.3,0.0,0.0,0.0,247.7,1.93,267.0,99580.0
1990-11-28 04:00:00+00:00,3.97,79.2,0.0,0.0,0.0,242.65,1.86,269.0,99630.0
1990-11-28 05:00:00+00:00,3.34,82.25,0.0,0.0,0.0,241.7,1.79,263.0,99700.0
1990-11-28 06:00:00+00:00,2.65,88.65,0.0,0.0,0.0,241.7,1.66,259.0,99760.0
1990-11-28 07:00:00+00:00,2.35,88.65,0.0,0.0,0.0,250.4,1.45,261.0,99850.0
1990-11-28 08:00:00+00:00,2.74,88.65,114.0,496.1,43.0,248.3,1.17,248.0,99930.0
1990-11-28 09:00:00+00:00,5.79,79.4,286.0,722.29,71.0,249.45,0.76,238.0,99990.0
1990-11-28 10:00:00+00:00,7.96,71.25,435.0,853.91,79.0,254.1,0.97,239.0,100060.0
1990-11-28 11:00:00+00:00,9.81,66.35,534.0,923.44,79.0,255.85,1.38,239.0,100110.0
1990-11-28 12:00:00+00:00,11.39,57.55,552.0,871.26,99.0,263.2,1.93,244.0,100100.0
1990-11-28 13:00:00+00:00,12.54,55.65,528.0,881.81,90.0,267.85,2.21,252.0,100040.0
1990-11-28 14:00:00+00:00,13.22,53.7,359.0,426.28,178.0,271.5,2.55,260.0,100000.0
1990-11-28 15:00:00+00:00,13.43,50.0,224.0,272.25,140.0,281.6,2.9,266.0,100020.0
1990-11-28 16:00:00+00:00,13.22,51.75,108.0,300.43,61.0,317.2,2.34,262.0,100050.0
1990-11-28 17:00:00+00:00,12.26,57.65,0.0,0.0,0.0,311.75,1.86,224.0,100080.0
1990-11-28 18:00:00+00:00,11.22,64.25,0.0,0.0,0.0,310.4,2.14,209.0,100090.0
1990-11-28 19:00:00+00:00,10.64,69.1,0.0,0.0,0.0,302.1,2.07,211.0,100110.0
1990-11-28 20:00:00+00:00,10.05,74.3,0.0,0.0,0.0,304.8,1.72,199.0,100070.0
1990-11-28 21:00:00+00:00,9.34,79.85,0.0,0.0,0.0,298.05,1.86,192.0,100070.0
1990-11-28 22:00:00+00:00,9.25,79.85,0.0,0.0,0.0,317.75,1.72,181.0,100050.0
1990-11-28 23:00:00+00:00,9.21,79.85,0.0,0.0,0.0,325.9,1.59,160.0,100010.0
1990-11-29 00:00:00+00:00,9.03,79.85,0.0,0.0,0.0,327.05,1.38,128.0,99940.0
1990-11-29 01:00:00+00:00,9.08,79.85,0.0,0.0,0.0,332.95,1.45,93.0,99820.0
1990-11-29 02:00:00+00:00,9.15,76.95,0.0,0.0,0.0,333.45,1.72,80.0,99720.0
1990-11-29 03:00:00+00:00,9.03,79.85,0.0,0.0,0.0,335.75,2.07,71.0,99610.0
1990-11-29 04:00:00+00:00,8.36,85.9,0.0,0.0,0.0,333.05,2.48,71.0,99500.0
1990-11-29 05:00:00+00:00,8.11,89.05,0.0,0.0,0.0,336.55,2.83,71.0,99390.0
1990-11-29 06:00:00+00:00,7.87,89.05,0.0,0.0,0.0,332.85,3.38,67.0,99280.0
1990-11-29 07:00:00+00:00,7.78,92.35,0.0,0.0,0.0,340.2,3.45,64.0,99220.0
1990-11-29 08:00:00+00:00,7.84,92.35,25.0,0.0,25.0,340.4,3.66,75.0,99130.0
1990-11-29 09:00:00+00:00,8.18,92.4,96.0,3.4,95.0,343.5,3.31,78.0,99080.0
1990-11-29 10:00:00+00:00,8.56,89.1,106.0,0.0,106.0,344.65,3.31,56.0,98960.0
1990-11-29 11:00:00+00:00,9.04,92.45,77.0,0.0,77.0,340.8,3.31,37.0,98820.0
1990-11-29 12:00:00+00:00,9.08,92.45,93.0,0.0,93.0,346.4,3.59,18.0,98700.0
1990-11-29 13:00:00+00:00,9.41,89.15,75.0,0.0,75.0,347.0,3.52,8.0,98720.0
1990-11-29 14:00:00+00:00,9.46,85.95,133.0,0.0,133.0,352.6,3.59,10.0,98710.0
1990-11-29 15:00:00+00:00,9.58,85.95,132.0,26.06,124.0,350.3,2.97,14.0,98730.0
1990-11-29 16:00:00+00:00,9.54,82.9,58.0,25.77,54.0,354.55,2.07,13.0,98820.0
1990-11-29 17:00:00+00:00,9.31,85.95,0.0,0.0,0.0,351.45,1.59,26.0,98920.0
1990-11-29 18:00:00+00:00,9.15,85.95,0.0,0.0,0.0,342.35,1.03,50.0,99000.0
1990-11-29 19:00:00+00:00,8.71,89.1,0.0,0.0,0.0,332.3,1.59,18.0,99060.0
1990-11-29 20:00:00+00:00,8.38,92.4,0.0,0.0,0.0,334.6,1.1,13.0,99110.0
1990-11-29 21:00:00+00:00,8.16,95.8,0.0,0.0,0.0,332.85,0.83,2.0,99150.0
1990-11-29 22:00:00+00:00,8.68,95.85,0.0,0.0,0.0,352.4,0.41,36.0,99170.0
1990-11-29 23:00:00+00:00,8.73,95.85,0.0,0.0,0.0,346.2,0.62,141.0,99210.0
1990-11-30 00:00:00+00:00,8.17,95.8,0.0,0.0,0.0,318.35,0.9,177.0,99250.0
1990-11-30 01:00:00+00:00,7.49,99.4,0.0,0.0,0.0,310.35,0.83,208.0,99240.0
1990-11-30 02:00:00+00:00,7.27,99.4,0.0,0.0,0.0,310.2,0.69,193.0,99220.0
1990-11-30 03:00:00+00:00,6.79,99.4,0.0,0.0,0.0,312.15,1.03,152.0,99170.0
1990-11-30 04:00:00+00:00,6.63,99.4,0.0,0.0,0.0,310.8,1.03,136.0,99140.0
1990-11-30 05:00:00+00:00,6.59,95.8,0.0,0.0,0.0,312.35,1.17,116.0,99110.0
1990-11-30 06:00:00+00:00,6.5,95.8,0.0,0.0,0.0,311.2,1.1,99.0,99090.0
1990-11-30 07:00:00+00:00,8.78,95.85,0.0,0.0,0.0,339.45,0.48,97.0,99040.0
1990-11-30 08:00:00+00:00,8.66,95.85,83.0,204.51,55.0,320.3,0.55,125.0,99020.0
1990-11-30 09:00:00+00:00,9.87,99.4,122.0,20.59,116.0,308.1,0.69,171.0,99060.0
1990-11-30 10:00:00+00:00,11.86,92.55,199.0,38.94,183.0,316.05,1.45,206.0,99140.0
1990-11-30 11:00:00+00:00,12.22,89.35,392.0,355.18,219.0,332.5,2.14,222.0,99120.0
1990-11-30 12:00:00+00:00,12.62,86.25,305.0,97.12,255.0,342.95,2.55,229.0,99090.0
1990-11-30 13:00:00+00:00,13.39,83.25,230.0,28.44,216.0,340.4,2.83,237.0,99050.0
1990-11-30 14:00:00+00:00,13.79,77.6,0.0,0.0,0.0,323.75,3.45,240.0,99010.0
1990-11-30 15:00:00+00:00,12.78,74.7,219.0,271.65,136.0,303.05,3.66,237.0,98980.0
1990-11-30 16:00:00+00:00,11.59,84.68,23.0,0.0,23.0,300.54,2.48,224.0,99000.0
1990-11-30 17:00:00+00:00,11.26,82.1,0.0,0.0,0.0,296.53,2.6,224.0,99070.0
1990-11-30 18:00:00+00:00,10.93,79.52,0.0,0.0,0.0,292.53,2.72,239.0,99180.0
1990-11-30 19:00:00+00:00,10.6,76.94,0.0,0.0,0.0,288.52,2.84,242.0,99240.0
1990-11-30 20:00:00+00:00,10.28,74.36,0.0,0.0,0.0,284.52,2.96,235.0,99340.0
1990-11-30 21:00:00+00:00,9.95,71.77,0.0,0.0,0.0,280.52,3.09,241.0,99440.0
1990-11-30 22:00:00+00:00,9.62,69.19,0.0,0.0,0.0,276.51,3.21,239.0,99530.0
1990-11-30 23:00:00+00:00,9.29,66.61,0.0,0.0,0.0,272.51,3.33,228.0,99600.0
1990-12-01 00:00:00+00:00,8.96,64.03,0.0,0.0,0.0,268.5,3.45,23.0,100690.0
1990-12-01 01:00:00+00:00,8.63,61.45,0.0,0.0,0.0,264.5,3.58,34.0,100710.0
1990-12-01 02:00:00+00:00,8.3,58.87,0.0,0.0,0.0,260.5,3.7,39.0,100740.0
1990-12-01 03:00:00+00:00,7.97,56.29,0.0,0.0,0.0,256.49,3.82,40.0,100750.0
1990-12-01 04:00:00+00:00,7.65,53.71,0.0,0.0,0.0,252.49,3.94,39.0,100760.0
1990-12-01 05:00:00+00:00,7.32,51.13,0.0,0.0,0.0,248.48,4.06,40.0,100770.0
1990-12-01 06:00:00+00:00,6.99,48.55,0.0,0.0,0.0,244.48,4.19,38.0,100790.0
1990-12-01 07:00:00+00:00,6.66,45.96,0.0,0.0,0.0,240.48,4.31,36.0,100800.0
1990-12-01 08:00:00+00:00,6.17,46.25,106.0,500.37,39.0,238.8,3.79,41.0,100880.0
1990-12-01 09:00:00+00:00,7.38,43.0,268.0,658.68,78.0,240.95,3.86,41.0,100950.0
1990-12-01 10:00:00+00:00,8.92,38.55,411.0,786.76,90.0,247.15,4.9,46.0,100960.0
1990-12-01 11:00:00+00:00,10.52,34.6,502.0,829.92,100.0,252.35,5.03,50.0,100960.0
1990-12-01 12:00:00+00:00,11.99,33.55,538.0,860.65,97.0,257.2,4.97,52.0,100890.0
1990-12-01 13:00:00+00:00,13.17,31.4,514.0,863.01,91.0,262.05,4.69,51.0,100830.0
1990-12-01 14:00:00+00:00,14.0,31.55,432.0,842.22,79.0,264.75,4.41,50.0,100790.0
1990-12-01 15:00:00+00:00,14.38,31.65,294.0,742.93,68.0,267.25,4.21,48.0,100790.0
1990-12-01 16:00:00+00:00,14.2,31.65,125.0,535.31,43.0,267.45,3.59,47.0,100800.0
1990-12-01 17:00:00+00:00,12.84,35.15,0.0,0.0,0.0,266.5,2.76,48.0,100830.0
1990-12-01 18:00:00+00:00,11.27,37.75,0.0,0.0,0.0,263.75,2.48,48.0,100870.0
1990-12-01 19:00:00+00:00,10.43,42.15,0.0,0.0,0.0,261.25,2.14,41.0,100880.0
1990-12-01 20:00:00+00:00,9.22,45.25,0.0,0.0,0.0,260.1,2.0,32.0,100920.0
1990-12-01 21:00:00+00:00,7.92,52.45,0.0,0.0,0.0,259.3,2.14,26.0,100960.0
1990-12-01 22:00:00+00:00,6.99,56.45,0.0,0.0,0.0,258.95,2.28,31.0,100990.0
1990-12-01 23:00:00+00:00,6.43,58.55,0.0,0.0,0.0,258.15,2.41,38.0,100990.0
1990-12-02 00:00:00+00:00,6.22,58.55,0.0,0.0,0.0,257.75,2.55,41.0,100980.0
1990-12-02 01:00:00+00:00,6.19,58.55,0.0,0.0,0.0,257.3,2.69,43.0,100980.0
1990-12-02 02:00:00+00:00,6.11,56.3,0.0,0.0,0.0,256.8,2.62,47.0,100960.0
1990-12-02 03:00:00+00:00,5.92,58.45,0.0,0.0,0.0,256.4,2.62,52.0,100960.0
1990-12-02 04:00:00+00:00,5.65,58.45,0.0,0.0,0.0,256.2,2.48,57.0,100980.0
1990-12-02 05:00:00+00:00,5.33,63.05,0.0,0.0,0.0,256.05,2.41,56.0,100990.0
1990-12-02 06:00:00+00:00,4.93,65.4,0.0,0.0,0.0,255.05,2.28,57.0,101010.0
1990-12-02 07:00:00+00:00,4.48,67.9,0.0,0.0,0.0,252.15,2.62,52.0,101020.0
1990-12-02 08:00:00+00:00,4.8,65.4,103.0,496.38,38.0,251.2,2.69,51.0,101050.0
1990-12-02 09:00:00+00:00,7.23,56.55,265.0,665.43,75.0,252.95,2.69,55.0,101110.0
1990-12-02 10:00:00+00:00,10.18,47.35,408.0,794.69,86.0,258.75,2.97,59.0,101140.0
1990-12-02 11:00:00+00:00,12.66,41.1,499.0,838.55,95.0,264.35,2.83,57.0,101130.0
1990-12-02 12:00:00+00:00,14.6,38.45,536.0,868.48,93.0,270.35,2.69,56.0,101080.0
1990-12-02 13:00:00+00:00,15.76,34.65,509.0,856.26,91.0,275.6,2.34,58.0,101010.0
1990-12-02 14:00:00+00:00,16.38,33.5,428.0,835.88,79.0,278.65,2.21,57.0,100980.0
1990-12-02 15:00:00+00:00,16.49,33.5,293.0,745.95,67.0,280.4,2.28,54.0,100970.0
1990-12-02 16:00:00+00:00,16.04,34.65,124.0,544.95,41.0,280.2,2.07,43.0,100990.0
1990-12-02 17:00:00+00:00,14.17,38.45,0.0,0.0,0.0,279.65,2.48,29.0,101030.0
1990-12-02 18:00:00+00:00,12.5,42.55,0.0,0.0,0.0,277.1,2.83,37.0,101100.0
1990-12-02 19:00:00+00:00,11.97,44.1,0.0,0.0,0.0,275.95,2.62,46.0,101090.0
1990-12-02 20:00:00+00:00,11.03,45.7,0.0,0.0,0.0,274.4,2.62,59.0,101140.0
1990-12-02 21:00:00+00:00,10.18,51.1,0.0,0.0,0.0,272.5,2.62,68.0,101180.0
1990-12-02 22:00:00+00:00,9.45,61.55,0.0,0.0,0.0,270.95,2.55,70.0,101230.0
1990-12-02 23:00:00+00:00,8.81,68.8,0.0,0.0,0.0,270.15,2.48,67.0,101260.0
1990-12-03 00:00:00+00:00,8.32,74.05,0.0,0.0,0.0,269.4,2.55,61.0,101290.0
1990-12-03 01:00:00+00:00,7.99,79.7,0.0,0.0,0.0,269.1,2.62,57.0,101300.0
1990-12-03 02:00:00+00:00,7.75,82.7,0.0,0.0,0.0,268.8,2.69,55.0,101290.0
1990-12-03 03:00:00+00:00,7.6,85.85,0.0,0.0,0.0,268.4,2.76,54.0,101300.0
1990-12-03 04:00:00+00:00,7.49,89.0,0.0,0.0,0.0,268.2,2.76,52.0,101320.0
1990-12-03 05:00:00+00:00,7.37,85.8,0.0,0.0,0.0,267.65,2.83,50.0,101340.0
1990-12-03 06:00:00+00:00,7.3,85.8,0.0,0.0,0.0,268.4,2.9,50.0,101340.0
1990-12-03 07:00:00+00:00,7.04,82.6,0.0,0.0,0.0,264.35,3.1,51.0,101400.0
1990-12-03 08:00:00+00:00,7.25,76.7,99.0,484.14,37.0,263.75,3.1,52.0,101420.0
1990-12-03 09:00:00+00:00,9.26,66.35,258.0,647.39,75.0,265.5,2.97,52.0,101490.0
1990-12-03 10:00:00+00:00,11.95,59.7,397.0,762.8,90.0,271.1,3.38,56.0,101520.0
1990-12-03 11:00:00+00:00,14.26,53.95,490.0,824.16,95.0,277.3,3.59,61.0,101530.0
1990-12-03 12:00:00+00:00,15.94,50.5,524.0,838.8,98.0,285.45,3.59,72.0,101470.0
1990-12-03 13:00:00+00:00,17.02,47.15,500.0,839.0,92.0,288.95,3.45,80.0,101390.0
1990-12-03 14:00:00+00:00,17.7,44.05,421.0,819.67,80.0,293.0,3.31,85.0,101380.0
1990-12-03 15:00:00+00:00,17.91,42.45,287.0,728.85,67.0,299.0,3.31,91.0,101380.0
1990-12-03 16:00:00+00:00,17.43,43.9,121.0,521.31,42.0,298.6,2.76,89.0,101400.0
1990-12-03 17:00:00+00:00,15.62,50.35,0.0,0.0,0.0,296.65,2.34,80.0,101440.0
1990-12-03 18:00:00+00:00,13.78,53.85,0.0,0.0,0.0,289.3,2.41,82.0,101510.0
1990-12-03 19:00:00+00:00,12.93,57.75,0.0,0.0,0.0,287.4,2.41,84.0,101500.0
1990-12-03 20:00:00+00:00,11.92,62.0,0.0,0.0,0.0,284.85,2.41,78.0,101530.0
1990-12-03 21:00:00+00:00,11.01,66.65,0.0,0.0,0.0,281.75,2.34,73.0,101570.0
1990-12-03 22:00:00+00:00,10.26,71.7,0.0,0.0,0.0,279.85,2.34,68.0,101610.0
1990-12-03 23:00:00+00:00,9.64,74.3,0.0,0.0,0.0,279.05,2.34,65.0,101620.0
1990-12-04 00:00:00+00:00,9.14,79.9,0.0,0.0,0.0,277.7,2.34,60.0,101640.0
1990-12-04 01:00:00+00:00,8.78,82.85,0.0,0.0,0.0,277.8,2.41,54.0,101630.0
1990-12-04 02:00:00+00:00,8.59,82.85,0.0,0.0,0.0,277.7,2.55,50.0,101620.0
1990-12-04 03:00:00+00:00,8.51,85.9,0.0,0.0,0.0,278.1,2.76,48.0,101620.0
1990-12-04 04:00:00+00:00,8.49,82.75,0.0,0.0,0.0,278.3,2.9,49.0,101610.0
1990-12-04 05:00:00+00:00,8.46,82.75,0.0,0.0,0.0,278.85,2.97,50.0,101590.0
1990-12-04 06:00:00+00:00,8.44,79.75,0.0,0.0,0.0,280.8,2.97,50.0,101630.0
1990-12-04 07:00:00+00:00,8.21,76.85,0.0,0.0,0.0,278.85,3.1,51.0,101640.0
1990-12-04 08:00:00+00:00,8.45,74.05,94.0,447.14,38.0,279.05,3.1,50.0,101700.0
1990-12-04 09:00:00+00:00,10.49,64.1,252.0,632.38,75.0,281.2,2.97,49.0,101760.0
1990-12-04 10:00:00+00:00,13.24,53.7,392.0,762.83,87.0,289.9,3.38,52.0,101800.0
1990-12-04 11:00:00+00:00,15.51,50.35,482.0,809.46,96.0,293.55,3.59,52.0,101780.0
1990-12-04 12:00:00+00:00,17.12,48.9,519.0,838.36,95.0,305.95,3.52,62.0,101730.0
1990-12-04 13:00:00+00:00,18.05,47.4,493.0,827.61,92.0,313.5,3.17,72.0,101660.0
1990-12-04 14:00:00+00:00,18.63,45.85,412.0,795.89,82.0,322.6,2.97,73.0,101620.0
1990-12-04 15:00:00+00:00,18.87,44.3,275.0,658.17,77.0,330.75,2.83,69.0,101590.0
1990-12-04 16:00:00+00:00,18.56,44.2,108.0,364.52,53.0,325.1,2.34,62.0,101600.0
1990-12-04 17:00:00+00:00,16.87,48.9,0.0,0.0,0.0,320.1,2.28,47.0,101630.0
1990-12-04 18:00:00+00:00,15.02,56.15,0.0,0.0,0.0,305.55,2.34,48.0,101660.0
1990-12-04 19:00:00+00:00,14.05,60.2,0.0,0.0,0.0,299.75,2.34,63.0,101670.0
1990-12-04 20:00:00+00:00,13.07,64.55,0.0,0.0,0.0,296.65,2.34,69.0,101700.0
1990-12-04 21:00:00+00:00,12.22,69.35,0.0,0.0,0.0,294.95,2.28,73.0,101730.0
1990-12-04 22:00:00+00:00,11.39,71.85,0.0,0.0,0.0,291.25,2.21,75.0,101740.0
1990-12-04 23:00:00+00:00,10.59,80.05,0.0,0.0,0.0,289.1,2.07,72.0,101760.0
1990-12-05 00:00:00+00:00,9.78,82.95,0.0,0.0,0.0,287.75,2.0,64.0,101780.0
1990-12-05 01:00:00+00:00,9.12,85.95,0.0,0.0,0.0,286.5,2.0,53.0,101750.0
1990-12-05 02:00:00+00:00,8.66,85.95,0.0,0.0,0.0,285.25,2.07,48.0,101720.0
1990-12-05 03:00:00+00:00,8.43,89.1,0.0,0.0,0.0,283.9,2.14,46.0,101720.0
1990-12-05 04:00:00+00:00,8.25,89.1,0.0,0.0,0.0,282.95,2.21,44.0,101730.0
1990-12-05 05:00:00+00:00,8.13,89.1,0.0,0.0,0.0,281.75,2.28,44.0,101720.0
1990-12-05 06:00:00+00:00,8.07,92.4,0.0,0.0,0.0,281.0,2.41,46.0,101740.0
1990-12-05 07:00:00+00:00,8.13,89.1,0.0,0.0,0.0,278.5,2.62,51.0,101770.0
1990-12-05 08:00:00+00:00,8.27,89.1,92.0,440.87,38.0,277.7,2.62,52.0,101830.0
1990-12-05 09:00:00+00:00,10.04,82.95,249.0,613.29,79.0,279.85,2.62,55.0,101890.0
1990-12-05 10:00:00+00:00,12.71,72.05,391.0,757.66,90.0,283.7,2.97,58.0,101910.0
1990-12-05 11:00:00+00:00,15.16,60.5,481.0,802.88,100.0,290.3,2.97,60.0,101880.0
1990-12-05 12:00:00+00:00,17.11,52.65,518.0,833.77,98.0,295.1,2.83,60.0,101790.0
1990-12-05 13:00:00+00:00,18.43,44.2,493.0,822.18,96.0,299.0,2.55,63.0,101710.0
1990-12-05 14:00:00+00:00,19.1,42.7,415.0,805.61,82.0,302.1,2.28,60.0,101650.0
1990-12-05 15:00:00+00:00,19.25,39.8,281.0,706.84,69.0,302.3,2.14,53.0,101630.0
1990-12-05 16:00:00+00:00,18.78,41.15,119.0,512.21,42.0,301.9,2.14,40.0,101620.0
1990-12-05 17:00:00+00:00,16.84,47.15,0.0,0.0,0.0,297.25,2.48,27.0,101640.0
1990-12-05 18:00:00+00:00,15.14,50.35,0.0,0.0,0.0,293.4,2.69,35.0,101680.0
1990-12-05 19:00:00+00:00,14.43,52.0,0.0,0.0,0.0,290.65,2.62,47.0,101650.0
1990-12-05 20:00:00+00:00,13.36,55.75,0.0,0.0,0.0,287.2,2.55,58.0,101660.0
1990-12-05 21:00:00+00:00,12.36,59.85,0.0,0.0,0.0,283.5,2.41,64.0,101690.0
1990-12-05 22:00:00+00:00,11.35,64.35,0.0,0.0,0.0,279.05,2.34,67.0,101680.0
1990-12-05 23:00:00+00:00,10.39,69.1,0.0,0.0,0.0,275.4,2.21,65.0,101700.0
1990-12-06 00:00:00+00:00,9.44,74.2,0.0,0.0,0.0,271.9,2.14,59.0,101710.0
1990-12-06 01:00:00+00:00,8.58,76.95,0.0,0.0,0.0,268.7,2.14,51.0,101670.0
1990-12-06 02:00:00+00:00,7.82,79.7,0.0,0.0,0.0,265.9,2.14,48.0,101640.0
1990-12-06 03:00:00+00:00,7.21,82.65,0.0,0.0,0.0,263.0,2.21,46.0,101630.0
1990-12-06 04:00:00+00:00,6.8,82.6,0.0,0.0,0.0,260.5,2.34,45.0,101590.0
1990-12-06 05:00:00+00:00,6.6,79.55,0.0,0.0,0.0,259.1,2.48,47.0,101570.0
1990-12-06 06:00:00+00:00,6.57,79.55,0.0,0.0,0.0,257.75,2.62,49.0,101570.0
1990-12-06 07:00:00+00:00,6.68,82.6,0.0,0.0,0.0,257.0,2.9,52.0,101610.0
1990-12-06 08:00:00+00:00,6.96,79.55,93.0,467.44,37.0,255.85,2.9,53.0,101620.0
1990-12-06 09:00:00+00:00,9.21,66.35,254.0,644.64,77.0,257.0,2.83,53.0,101660.0
1990-12-06 10:00:00+00:00,12.28,57.65,397.0,775.06,91.0,260.5,3.24,56.0,101670.0
1990-12-06 11:00:00+00:00,15.01,48.4,486.0,802.42,107.0,266.5,3.45,55.0,101640.0
1990-12-06 12:00:00+00:00,17.18,40.75,525.0,832.96,107.0,272.65,3.59,56.0,101560.0
1990-12-06 13:00:00+00:00,18.66,36.7,499.0,822.75,103.0,277.5,3.45,57.0,101440.0
1990-12-06 14:00:00+00:00,19.53,31.8,421.0,812.75,86.0,280.4,3.17,58.0,101360.0
1990-12-06 15:00:00+00:00,19.73,29.6,288.0,728.77,70.0,282.35,2.83,57.0,101330.0
1990-12-06 16:00:00+00:00,19.08,31.65,122.0,527.07,43.0,282.35,2.21,47.0,101320.0
1990-12-06 17:00:00+00:00,16.8,33.6,0.0,0.0,0.0,279.25,2.62,34.0,101320.0
1990-12-06 18:00:00+00:00,14.9,37.15,0.0,0.0,0.0,276.55,2.83,40.0,101350.0
1990-12-06 19:00:00+00:00,13.68,39.8,0.0,0.0,0.0,274.6,2.48,51.0,101360.0
1990-12-06 20:00:00+00:00,12.41,45.95,0.0,0.0,0.0,273.85,2.41,65.0,101380.0
1990-12-06 21:00:00+00:00,11.22,53.35,0.0,0.0,0.0,272.5,2.21,75.0,101420.0
1990-12-06 22:00:00+00:00,10.02,66.45,0.0,0.0,0.0,271.9,2.07,74.0,101420.0
1990-12-06 23:00:00+00:00,8.89,76.95,0.0,0.0,0.0,270.75,2.07,67.0,101450.0
1990-12-07 00:00:00+00:00,8.03,85.85,0.0,0.0,0.0,271.5,2.07,59.0,101440.0
1990-12-07 01:00:00+00:00,7.34,89.0,0.0,0.0,0.0,271.25,2.0,52.0,101420.0
1990-12-07 02:00:00+00:00,6.79,92.35,0.0,0.0,0.0,269.4,2.0,48.0,101400.0
1990-12-07 03:00:00+00:00,6.4,95.8,0.0,0.0,0.0,268.05,2.0,48.0,101410.0
1990-12-07 04:00:00+00:00,6.04,95.75,0.0,0.0,0.0,267.25,2.07,49.0,101390.0
1990-12-07 05:00:00+00:00,5.92,95.75,0.0,0.0,0.0,270.95,2.14,49.0,101390.0
1990-12-07 06:00:00+00:00,6.31,95.8,0.0,0.0,0.0,284.5,2.21,46.0,101420.0
1990-12-07 07:00:00+00:00,6.09,92.3,0.0,0.0,0.0,283.1,2.28,42.0,101490.0
1990-12-07 08:00:00+00:00,6.27,95.8,88.0,435.2,37.0,273.25,2.21,44.0,101530.0
1990-12-07 09:00:00+00:00,8.24,85.9,248.0,632.28,76.0,298.05,2.14,47.0,101590.0
1990-12-07 10:00:00+00:00,10.19,74.4,390.0,761.91,91.0,281.4,2.14,46.0,101620.0
1990-12-07 11:00:00+00:00,12.21,66.85,482.0,806.04,103.0,279.65,1.86,41.0,101650.0
1990-12-07 12:00:00+00:00,14.04,58.0,520.0,835.96,102.0,275.95,1.52,35.0,101620.0
1990-12-07 13:00:00+00:00,15.45,50.35,495.0,825.22,99.0,278.85,1.24,31.0,101540.0
1990-12-07 14:00:00+00:00,16.37,45.3,418.0,814.85,83.0,282.15,1.03,29.0,101470.0
1990-12-07 15:00:00+00:00,16.67,42.15,285.0,727.09,68.0,283.5,0.83,19.0,101450.0
1990-12-07 16:00:00+00:00,16.35,42.05,118.0,481.46,46.0,282.95,0.69,0.0,101460.0
1990-12-07 17:00:00+00:00,15.04,54.1,0.0,0.0,0.0,280.2,0.69,334.0,101500.0
1990-12-07 18:00:00+00:00,13.7,51.9,0.0,0.0,0.0,277.1,0.76,336.0,101530.0
1990-12-07 19:00:00+00:00,10.77,64.25,0.0,0.0,0.0,275.2,1.52,353.0,101510.0
1990-12-07 20:00:00+00:00,9.24,71.5,0.0,0.0,0.0,273.65,1.66,352.0,101560.0
1990-12-07 21:00:00+00:00,8.66,71.4,0.0,0.0,0.0,271.9,1.45,350.0,101610.0
1990-12-07 22:00:00+00:00,9.06,71.4,0.0,0.0,0.0,269.6,1.03,346.0,101640.0
1990-12-07 23:00:00+00:00,9.15,68.9,0.0,0.0,0.0,267.65,0.55,352.0,101680.0
1990-12-08 00:00:00+00:00,8.36,74.05,0.0,0.0,0.0,265.7,0.34,42.0,101680.0
1990-12-08 01:00:00+00:00,7.67,76.8,0.0,0.0,0.0,263.5,0.69,65.0,101650.0
1990-12-08 02:00:00+00:00,6.65,79.55,0.0,0.0,0.0,260.85,0.97,62.0,101630.0
1990-12-08 03:00:00+00:00,4.82,88.85,0.0,0.0,0.0,259.9,1.31,46.0,101610.0
1990-12-08 04:00:00+00:00,3.8,92.15,0.0,0.0,0.0,258.95,1.52,35.0,101600.0
1990-12-08 05:00:00+00:00,3.29,92.15,0.0,0.0,0.0,257.2,1.52,33.0,101620.0
1990-12-08 06:00:00+00:00,2.91,95.7,0.0,0.0,0.0,257.95,1.59,36.0,101660.0
1990-12-08 07:00:00+00:00,2.37,95.65,0.0,0.0,0.0,257.6,1.93,44.0,101720.0
1990-12-08 08:00:00+00:00,2.45,95.65,87.0,444.85,36.0,257.75,1.79,42.0,101780.0
1990-12-08 09:00:00+00:00,5.64,79.4,246.0,630.63,76.0,272.1,1.52,47.0,101820.0
1990-12-08 10:00:00+00:00,8.99,66.25,388.0,761.23,91.0,262.4,1.66,51.0,101870.0
1990-12-08 11:00:00+00:00,11.77,57.55,480.0,807.38,102.0,272.3,1.59,52.0,101870.0
1990-12-08 12:00:00+00:00,13.89,51.9,519.0,838.81,101.0,272.1,1.45,49.0,101810.0
1990-12-08 13:00:00+00:00,15.33,46.75,495.0,827.52,99.0,276.75,1.24,44.0,101710.0
1990-12-08 14:00:00+00:00,16.08,43.5,418.0,816.73,83.0,279.45,1.17,36.0,101670.0
1990-12-08 15:00:00+00:00,16.28,39.0,285.0,728.48,68.0,280.05,1.24,37.0,101630.0
1990-12-08 16:00:00+00:00,15.94,38.85,118.0,488.9,45.0,278.5,1.24,43.0,101640.0
1990-12-08 17:00:00+00:00,14.58,43.1,0.0,0.0,0.0,275.4,1.45,41.0,101660.0
1990-12-08 18:00:00+00:00,12.36,51.5,0.0,0.0,0.0,271.7,1.79,38.0,101700.0
1990-12-08 19:00:00+00:00,10.13,61.75,0.0,0.0,0.0,270.15,1.86,42.0,101690.0
1990-12-08 20:00:00+00:00,8.61,66.25,0.0,0.0,0.0,267.65,1.93,39.0,101740.0
1990-12-08 21:00:00+00:00,7.28,73.9,0.0,0.0,0.0,266.3,1.86,40.0,101760.0
1990-12-08 22:00:00+00:00,6.23,79.5,0.0,0.0,0.0,265.1,1.79,46.0,101790.0
1990-12-08 23:00:00+00:00,5.54,85.6,0.0,0.0,0.0,263.95,1.72,56.0,101820.0
1990-12-09 00:00:00+00:00,5.14,85.6,0.0,0.0,0.0,263.95,1.59,64.0,101840.0
1990-12-09 01:00:00+00:00,4.85,85.55,0.0,0.0,0.0,263.3,1.52,67.0,101860.0
1990-12-09 02:00:00+00:00,4.31,88.8,0.0,0.0,0.0,263.75,1.66,66.0,101850.0
1990-12-09 03:00:00+00:00,3.83,92.15,0.0,0.0,0.0,266.85,1.86,62.0,101820.0
1990-12-09 04:00:00+00:00,3.71,92.15,0.0,0.0,0.0,263.75,2.07,59.0,101820.0
1990-12-09 05:00:00+00:00,4.12,95.75,0.0,0.0,0.0,271.7,2.21,59.0,101750.0
1990-12-09 06:00:00+00:00,4.27,95.75,0.0,0.0,0.0,262.2,2.21,51.0,101770.0
1990-12-09 07:00:00+00:00,4.7,92.25,0.0,0.0,0.0,265.9,2.48,41.0,101890.0
1990-12-09 08:00:00+00:00,5.47,95.75,84.0,445.71,34.0,272.5,2.48,41.0,101940.0
1990-12-09 09:00:00+00:00,8.08,82.75,243.0,632.49,74.0,279.25,2.21,48.0,102000.0
1990-12-09 10:00:00+00:00,11.61,69.25,382.0,750.06,91.0,274.8,2.62,57.0,102020.0
1990-12-09 11:00:00+00:00,14.06,62.45,477.0,812.85,98.0,277.1,2.76,68.0,101980.0
1990-12-09 12:00:00+00:00,15.65,52.4,516.0,843.51,97.0,284.3,2.55,78.0,101900.0
1990-12-09 13:00:00+00:00,16.69,48.9,489.0,817.06,99.0,292.4,2.28,79.0,101820.0
1990-12-09 14:00:00+00:00,17.39,47.3,395.0,691.36,112.0,293.75,2.07,77.0,101750.0
1990-12-09 15:00:00+00:00,17.61,45.55,281.0,706.08,71.0,297.05,2.0,75.0,101720.0
1990-12-09 16:00:00+00:00,17.3,43.9,118.0,496.01,44.0,293.2,1.72,68.0,101720.0
1990-12-09 17:00:00+00:00,15.58,50.35,0.0,0.0,0.0,297.65,2.21,50.0,101760.0
1990-12-09 18:00:00+00:00,13.5,55.75,0.0,0.0,0.0,289.5,2.34,61.0,101830.0
1990-12-09 19:00:00+00:00,12.43,55.5,0.0,0.0,0.0,284.1,2.62,67.0,101880.0
1990-12-09 20:00:00+00:00,11.54,57.55,0.0,0.0,0.0,281.2,2.76,71.0,101910.0
1990-12-09 21:00:00+00:00,10.84,61.85,0.0,0.0,0.0,278.85,2.83,70.0,101920.0
1990-12-09 22:00:00+00:00,10.32,66.55,0.0,0.0,0.0,277.5,2.9,67.0,101920.0
1990-12-09 23:00:00+00:00,9.93,69.0,0.0,0.0,0.0,278.85,2.97,61.0,101930.0
1990-12-10 00:00:00+00:00,9.54,74.2,0.0,0.0,0.0,273.85,3.03,56.0,101920.0
1990-12-10 01:00:00+00:00,9.3,74.2,0.0,0.0,0.0,273.15,2.97,51.0,101880.0
1990-12-10 02:00:00+00:00,8.97,76.95,0.0,0.0,0.0,272.65,2.83,43.0,101870.0
1990-12-10 03:00:00+00:00,8.72,74.15,0.0,0.0,0.0,273.65,2.83,43.0,101860.0
1990-12-10 04:00:00+00:00,8.58,71.4,0.0,0.0,0.0,275.2,2.97,50.0,101840.0
1990-12-10 05:00:00+00:00,8.49,74.05,0.0,0.0,0.0,273.45,3.24,58.0,101830.0
1990-12-10 06:00:00+00:00,8.54,74.05,0.0,0.0,0.0,278.5,3.31,60.0,101830.0
1990-12-10 07:00:00+00:00,8.15,74.05,0.0,0.0,0.0,271.9,3.31,60.0,101880.0
1990-12-10 08:00:00+00:00,8.09,74.05,81.0,428.09,34.0,269.95,3.38,57.0,101890.0
1990-12-10 09:00:00+00:00,9.78,69.0,241.0,641.72,71.0,271.7,3.17,55.0,101940.0
1990-12-10 10:00:00+00:00,12.6,64.45,378.0,735.98,94.0,280.05,3.52,54.0,101960.0
1990-12-10 11:00:00+00:00,15.09,56.15,466.0,764.35,111.0,280.05,3.66,60.0,101910.0
1990-12-10 12:00:00+00:00,16.95,50.75,511.0,827.85,101.0,286.8,3.45,80.0,101850.0
1990-12-10 13:00:00+00:00,18.4,44.2,499.0,869.36,85.0,293.0,3.17,99.0,101780.0
1990-12-10 14:00:00+00:00,19.29,41.3,407.0,775.79,90.0,297.65,3.03,114.0,101730.0
1990-12-10 15:00:00+00:00,19.35,38.35,266.0,592.46,90.0,305.95,3.17,118.0,101700.0
1990-12-10 16:00:00+00:00,18.63,41.05,124.0,576.52,38.0,299.0,2.83,109.0,101690.0
1990-12-10 17:00:00+00:00,16.52,47.0,0.0,0.0,0.0,294.15,2.69,94.0,101710.0
1990-12-10 18:00:00+00:00,14.54,53.95,0.0,0.0,0.0,287.4,2.69,80.0,101750.0
1990-12-10 19:00:00+00:00,13.54,57.9,0.0,0.0,0.0,284.5,2.55,73.0,101760.0
1990-12-10 20:00:00+00:00,12.45,64.45,0.0,0.0,0.0,280.6,2.76,64.0,101750.0
1990-12-10 21:00:00+00:00,11.75,66.75,0.0,0.0,0.0,280.6,2.83,59.0,101750.0
1990-12-10 22:00:00+00:00,11.26,69.25,0.0,0.0,0.0,280.4,2.83,53.0,101760.0
1990-12-10 23:00:00+00:00,10.79,71.75,0.0,0.0,0.0,278.65,2.76,46.0,101750.0
1990-12-11 00:00:00+00:00,10.6,71.75,0.0,0.0,0.0,288.55,2.76,41.0,101760.0
1990-12-11 01:00:00+00:00,10.29,71.7,0.0,0.0,0.0,284.6,2.76,41.0,101740.0
1990-12-11 02:00:00+00:00,10.05,74.3,0.0,0.0,0.0,282.35,2.9,44.0,101710.0
1990-12-11 03:00:00+00:00,9.84,71.6,0.0,0.0,0.0,275.75,3.1,48.0,101660.0
1990-12-11 04:00:00+00:00,9.8,69.0,0.0,0.0,0.0,277.7,3.24,49.0,101620.0
1990-12-11 05:00:00+00:00,9.55,68.9,0.0,0.0,0.0,270.75,3.24,48.0,101620.0
1990-12-11 06:00:00+00:00,9.31,66.35,0.0,0.0,0.0,275.2,3.1,45.0,101640.0
1990-12-11 07:00:00+00:00,8.78,68.8,0.0,0.0,0.0,267.25,3.03,39.0,101710.0
1990-12-11 08:00:00+00:00,8.75,68.8,67.0,232.6,42.0,267.45,3.24,44.0,101750.0
1990-12-11 09:00:00+00:00,10.52,59.5,239.0,639.48,71.0,267.45,3.03,49.0,101780.0
1990-12-11 10:00:00+00:00,13.36,49.85,377.0,747.62,90.0,275.0,3.1,49.0,101820.0
1990-12-11 11:00:00+00:00,15.74,43.5,470.0,795.27,102.0,280.2,2.76,48.0,101800.0
1990-12-11 12:00:00+00:00,17.28,39.25,492.0,737.01,128.0,295.7,2.21,62.0,101740.0
1990-12-11 13:00:00+00:00,18.44,38.1,286.0,101.01,238.0,299.2,1.93,85.0,101700.0
1990-12-11 14:00:00+00:00,19.21,35.6,210.0,51.47,189.0,302.1,1.72,101.0,101650.0
1990-12-11 15:00:00+00:00,19.46,35.6,160.0,77.49,137.0,309.85,1.72,112.0,101640.0
1990-12-11 16:00:00+00:00,18.94,36.8,97.0,247.89,60.0,309.05,1.31,113.0,101660.0
1990-12-11 17:00:00+00:00,17.28,39.25,0.0,0.0,0.0,311.0,1.59,98.0,101700.0
1990-12-11 18:00:00+00:00,15.19,48.55,0.0,0.0,0.0,314.85,1.52,89.0,101760.0
1990-12-11 19:00:00+00:00,15.3,45.05,0.0,0.0,0.0,319.7,0.69,48.0,101830.0
1990-12-11 20:00:00+00:00,12.27,55.5,0.0,0.0,0.0,308.5,1.72,54.0,101870.0
1990-12-11 21:00:00+00:00,11.38,57.55,0.0,0.0,0.0,317.55,1.79,59.0,101890.0
1990-12-11 22:00:00+00:00,10.23,59.5,0.0,0.0,0.0,294.75,1.79,42.0,101940.0
1990-12-11 23:00:00+00:00,9.02,66.25,0.0,0.0,0.0,283.1,2.0,43.0,101980.0
1990-12-12 00:00:00+00:00,8.42,68.7,0.0,0.0,0.0,286.4,2.07,64.0,101960.0
1990-12-12 01:00:00+00:00,8.17,68.7,0.0,0.0,0.0,293.3,2.0,59.0,101940.0
1990-12-12 02:00:00+00:00,8.03,73.95,0.0,0.0,0.0,296.1,2.0,55.0,101920.0
1990-12-12 03:00:00+00:00,8.26,74.05,0.0,0.0,0.0,308.85,2.0,43.0,101900.0
1990-12-12 04:00:00+00:00,8.74,71.4,0.0,0.0,0.0,315.65,2.07,45.0,101910.0
1990-12-12 05:00:00+00:00,9.24,68.9,0.0,0.0,0.0,320.5,2.14,45.0,101890.0
1990-12-12 06:00:00+00:00,9.85,64.0,0.0,0.0,0.0,328.8,2.28,46.0,101890.0
1990-12-12 07:00:00+00:00,9.24,68.9,0.0,0.0,0.0,313.9,2.34,48.0,101960.0
1990-12-12 08:00:00+00:00,9.24,68.9,61.0,199.53,40.0,306.95,2.55,50.0,101990.0
1990-12-12 09:00:00+00:00,10.33,64.1,245.0,729.07,55.0,313.7,2.48,54.0,101990.0
1990-12-12 10:00:00+00:00,12.0,59.7,322.0,463.36,145.0,317.2,2.55,55.0,102020.0
1990-12-12 11:00:00+00:00,13.88,51.9,470.0,839.25,83.0,311.95,2.41,54.0,102020.0
1990-12-12 12:00:00+00:00,15.46,45.05,356.0,237.5,239.0,324.75,2.28,54.0,101960.0
1990-12-12 13:00:00+00:00,16.66,40.6,395.0,413.21,199.0,323.4,2.14,50.0,101880.0
1990-12-12 14:00:00+00:00,17.71,36.55,299.0,272.38,188.0,316.6,1.86,48.0,101830.0
1990-12-12 15:00:00+00:00,18.04,36.55,210.0,269.63,130.0,320.65,1.79,42.0,101810.0
1990-12-12 16:00:00+00:00,17.63,36.4,119.0,528.59,40.0,322.2,1.59,33.0,101810.0
1990-12-12 17:00:00+00:00,16.26,39.0,0.0,0.0,0.0,316.6,1.93,33.0,101840.0
1990-12-12 18:00:00+00:00,14.85,41.65,0.0,0.0,0.0,315.85,1.86,32.0,101890.0
1990-12-12 19:00:00+00:00,13.71,51.9,0.0,0.0,0.0,325.3,1.31,25.0,101870.0
1990-12-12 20:00:00+00:00,13.05,55.65,0.0,0.0,0.0,327.25,1.03,15.0,101880.0
1990-12-12 21:00:00+00:00,12.62,53.6,0.0,0.0,0.0,320.5,0.97,1.0,101940.0
1990-12-12 22:00:00+00:00,11.07,61.85,0.0,0.0,0.0,314.65,1.31,349.0,101960.0
1990-12-12 23:00:00+00:00,10.25,66.55,0.0,0.0,0.0,321.65,1.17,359.0,102000.0
1990-12-13 00:00:00+00:00,9.49,71.5,0.0,0.0,0.0,317.55,1.24,6.0,101970.0
1990-12-13 01:00:00+00:00,8.82,76.95,0.0,0.0,0.0,317.1,1.45,33.0,101970.0
1990-12-13 02:00:00+00:00,8.6,79.85,0.0,0.0,0.0,321.45,1.45,32.0,101920.0
1990-12-13 03:00:00+00:00,8.32,82.75,0.0,0.0,0.0,319.5,1.24,45.0,101890.0
1990-12-13 04:00:00+00:00,8.63,82.85,0.0,0.0,0.0,336.15,1.1,33.0,101860.0
1990-12-13 05:00:00+00:00,8.2,85.9,0.0,0.0,0.0,318.55,1.31,27.0,101830.0
1990-12-13 06:00:00+00:00,8.15,85.9,0.0,0.0,0.0,317.2,1.52,359.0,101880.0
1990-12-13 07:00:00+00:00,7.95,85.85,0.0,0.0,0.0,306.95,1.38,14.0,101930.0
1990-12-13 08:00:00+00:00,7.9,85.85,57.0,174.59,39.0,308.5,1.24,16.0,101960.0
1990-12-13 09:00:00+00:00,10.14,77.15,205.0,433.12,93.0,304.4,0.55,33.0,101990.0
1990-12-13 10:00:00+00:00,12.83,64.55,367.0,757.51,79.0,312.15,0.41,43.0,102020.0
1990-12-13 11:00:00+00:00,15.01,56.15,462.0,822.4,84.0,329.2,0.55,32.0,102030.0
1990-12-13 12:00:00+00:00,15.38,54.25,492.0,807.77,95.0,349.3,0.76,5.0,101970.0
1990-12-13 13:00:00+00:00,15.68,52.4,298.0,137.25,233.0,357.25,0.9,347.0,101900.0
1990-12-13 14:00:00+00:00,15.7,54.35,393.0,754.06,86.0,367.7,0.9,336.0,101880.0
1990-12-13 15:00:00+00:00,14.92,62.65,131.0,30.34,122.0,362.65,0.97,337.0,101840.0
1990-12-13 16:00:00+00:00,14.55,67.25,71.0,73.45,60.0,362.65,0.55,33.0,101850.0
1990-12-13 17:00:00+00:00,13.88,69.65,0.0,0.0,0.0,351.85,0.97,78.0,101870.0
1990-12-13 18:00:00+00:00,12.81,74.7,0.0,0.0,0.0,336.35,1.31,85.0,101910.0
1990-12-13 19:00:00+00:00,13.31,72.1,0.0,0.0,0.0,347.4,1.59,100.0,101830.0
1990-12-13 20:00:00+00:00,12.37,74.6,0.0,0.0,0.0,336.75,1.52,87.0,101850.0
1990-12-13 21:00:00+00:00,11.51,77.3,0.0,0.0,0.0,329.2,1.52,60.0,101910.0
1990-12-13 22:00:00+00:00,10.48,80.05,0.0,0.0,0.0,314.1,1.66,42.0,101910.0
1990-12-13 23:00:00+00:00,10.14,83.0,0.0,0.0,0.0,318.35,1.79,27.0,101940.0
1990-12-14 00:00:00+00:00,9.5,85.95,0.0,0.0,0.0,296.85,2.14,25.0,101940.0
1990-12-14 01:00:00+00:00,9.29,89.15,0.0,0.0,0.0,297.95,2.21,31.0,101930.0
1990-12-14 02:00:00+00:00,9.0,92.45,0.0,0.0,0.0,289.1,2.28,38.0,101890.0
1990-12-14 03:00:00+00:00,8.83,92.45,0.0,0.0,0.0,290.1,2.21,34.0,101860.0
1990-12-14 04:00:00+00:00,8.63,89.1,0.0,0.0,0.0,284.1,2.34,25.0,101850.0
1990-12-14 05:00:00+00:00,8.91,89.1,0.0,0.0,0.0,293.0,2.41,26.0,101880.0
1990-12-14 06:00:00+00:00,8.98,89.1,0.0,0.0,0.0,283.3,2.55,29.0,101930.0
1990-12-14 07:00:00+00:00,9.37,85.95,0.0,0.0,0.0,284.65,2.83,36.0,101920.0
1990-12-14 08:00:00+00:00,9.65,82.95,71.0,395.93,31.0,285.85,2.97,39.0,101980.0
1990-12-14 09:00:00+00:00,11.41,71.85,228.0,635.07,65.0,288.95,2.97,47.0,102050.0
1990-12-14 10:00:00+00:00,13.76,60.2,368.0,763.54,79.0,292.6,3.72,55.0,102080.0
1990-12-14 11:00:00+00:00,15.74,52.4,459.0,805.26,90.0,298.05,3.59,57.0,102090.0
1990-12-14 12:00:00+00:00,17.38,47.3,502.0,844.13,88.0,304.2,3.1,57.0,102040.0
1990-12-14 13:00:00+00:00,18.52,44.2,481.0,833.12,87.0,312.15,2.55,62.0,101970.0
1990-12-14 14:00:00+00:00,19.24,42.85,402.0,791.42,80.0,311.75,2.07,75.0,101930.0
1990-12-14 15:00:00+00:00,19.52,42.85,274.0,690.76,69.0,314.5,1.79,87.0,101920.0
1990-12-14 16:00:00+00:00,19.26,42.85,115.0,479.5,43.0,313.1,1.38,86.0,101930.0
1990-12-14 17:00:00+00:00,17.97,47.4,0.0,0.0,0.0,312.35,1.66,65.0,101990.0
1990-12-14 18:00:00+00:00,15.75,54.35,0.0,0.0,0.0,306.35,1.86,75.0,102060.0
1990-12-14 19:00:00+00:00,14.36,62.55,0.0,0.0,0.0,313.7,2.0,82.0,102080.0
1990-12-14 20:00:00+00:00,13.14,67.05,0.0,0.0,0.0,302.65,2.21,101.0,102140.0
1990-12-14 21:00:00+00:00,12.26,71.95,0.0,0.0,0.0,303.65,2.21,111.0,102180.0
1990-12-14 22:00:00+00:00,11.27,74.55,0.0,0.0,0.0,297.25,2.0,108.0,102200.0
1990-12-14 23:00:00+00:00,10.12,80.05,0.0,0.0,0.0,292.2,1.72,85.0,102230.0
1990-12-15 00:00:00+00:00,9.11,85.95,0.0,0.0,0.0,290.85,1.79,50.0,102240.0
1990-12-15 01:00:00+00:00,8.7,85.95,0.0,0.0,0.0,294.85,1.93,32.0,102200.0
1990-12-15 02:00:00+00:00,8.38,89.1,0.0,0.0,0.0,287.0,2.21,28.0,102180.0
1990-12-15 03:00:00+00:00,8.5,89.1,0.0,0.0,0.0,289.1,2.28,35.0,102170.0
1990-12-15 04:00:00+00:00,8.69,89.1,0.0,0.0,0.0,287.0,2.41,41.0,102160.0
1990-12-15 05:00:00+00:00,8.89,89.1,0.0,0.0,0.0,283.7,2.55,47.0,102160.0
1990-12-15 06:00:00+00:00,9.07,92.45,0.0,0.0,0.0,283.1,2.62,50.0,102170.0
1990-12-15 07:00:00+00:00,9.28,89.15,0.0,0.0,0.0,283.5,2.9,54.0,102220.0
1990-12-15 08:00:00+00:00,9.49,92.45,70.0,403.86,30.0,282.55,2.83,52.0,102250.0
1990-12-15 09:00:00+00:00,11.15,83.1,226.0,620.02,68.0,284.3,2.62,50.0,102290.0
1990-12-15 10:00:00+00:00,13.7,72.2,366.0,750.84,83.0,290.3,3.1,55.0,102310.0
1990-12-15 11:00:00+00:00,15.77,62.85,462.0,814.08,90.0,294.95,3.24,65.0,102280.0
1990-12-15 12:00:00+00:00,17.26,54.7,500.0,831.42,93.0,300.95,3.17,72.0,102180.0
1990-12-15 13:00:00+00:00,18.37,49.3,480.0,821.36,92.0,305.95,2.9,78.0,102070.0
1990-12-15 14:00:00+00:00,19.0,45.95,404.0,791.71,82.0,317.55,2.55,80.0,101980.0
1990-12-15 15:00:00+00:00,19.31,42.85,275.0,693.65,69.0,310.4,2.21,84.0,101980.0
1990-12-15 16:00:00+00:00,18.89,42.7,117.0,497.78,42.0,308.5,1.86,78.0,101970.0
1990-12-15 17:00:00+00:00,17.17,47.3,0.0,0.0,0.0,305.75,2.21,66.0,101990.0
1990-12-15 18:00:00+00:00,15.18,54.25,0.0,0.0,0.0,298.05,2.55,75.0,102030.0
1990-12-15 19:00:00+00:00,14.14,58.1,0.0,0.0,0.0,293.0,2.48,83.0,102050.0
1990-12-15 20:00:00+00:00,13.13,62.3,0.0,0.0,0.0,290.5,2.48,91.0,102090.0
1990-12-15 21:00:00+00:00,12.21,66.85,0.0,0.0,0.0,287.95,2.34,84.0,102110.0
1990-12-15 22:00:00+00:00,11.36,71.85,0.0,0.0,0.0,283.9,2.34,70.0,102090.0
1990-12-15 23:00:00+00:00,10.71,74.45,0.0,0.0,0.0,282.15,2.41,60.0,102050.0
1990-12-16 00:00:00+00:00,10.22,80.05,0.0,0.0,0.0,280.6,2.41,55.0,101990.0
1990-12-16 01:00:00+00:00,9.84,86.0,0.0,0.0,0.0,279.75,2.41,52.0,101930.0
1990-12-16 02:00:00+00:00,9.54,89.15,0.0,0.0,0.0,278.5,2.41,49.0,101880.0
1990-12-16 03:00:00+00:00,9.34,89.15,0.0,0.0,0.0,278.3,2.48,48.0,101870.0
1990-12-16 04:00:00+00:00,9.16,89.15,0.0,0.0,0.0,277.9,2.48,49.0,101850.0
1990-12-16 05:00:00+00:00,9.04,89.1,0.0,0.0,0.0,278.65,2.55,52.0,101840.0
1990-12-16 06:00:00+00:00,9.05,92.45,0.0,0.0,0.0,286.4,2.62,54.0,101850.0
1990-12-16 07:00:00+00:00,8.58,89.1,0.0,0.0,0.0,278.3,2.62,50.0,101880.0
1990-12-16 08:00:00+00:00,8.59,89.1,66.0,360.28,31.0,278.5,2.62,51.0,101900.0
1990-12-16 09:00:00+00:00,10.09,83.0,225.0,620.32,68.0,281.4,2.34,53.0,101910.0
1990-12-16 10:00:00+00:00,12.72,74.7,371.0,783.12,77.0,286.05,2.62,55.0,101930.0
1990-12-16 11:00:00+00:00,14.9,64.95,461.0,813.98,90.0,292.6,2.41,56.0,101890.0
1990-12-16 12:00:00+00:00,16.59,58.6,497.0,818.47,97.0,298.4,2.0,58.0,101790.0
1990-12-16 13:00:00+00:00,17.76,52.9,446.0,639.88,144.0,305.95,1.52,63.0,101700.0
1990-12-16 14:00:00+00:00,18.55,51.15,382.0,659.0,114.0,309.05,0.9,65.0,101630.0
1990-12-16 15:00:00+00:00,18.86,47.65,265.0,605.46,85.0,312.95,0.55,55.0,101600.0
1990-12-16 16:00:00+00:00,18.65,49.3,104.0,317.29,56.0,317.2,0.28,8.0,101600.0
1990-12-16 17:00:00+00:00,17.47,56.75,0.0,0.0,0.0,312.75,0.83,311.0,101630.0
1990-12-16 18:00:00+00:00,16.19,58.6,0.0,0.0,0.0,318.55,0.55,282.0,101660.0
1990-12-16 19:00:00+00:00,13.87,67.15,0.0,0.0,0.0,322.6,1.1,169.0,101670.0
1990-12-16 20:00:00+00:00,13.66,67.15,0.0,0.0,0.0,323.55,0.9,158.0,101700.0
1990-12-16 21:00:00+00:00,14.07,67.15,0.0,0.0,0.0,331.5,0.41,141.0,101720.0
1990-12-16 22:00:00+00:00,13.51,69.55,0.0,0.0,0.0,321.45,0.41,53.0,101750.0
1990-12-16 23:00:00+00:00,10.44,83.0,0.0,0.0,0.0,307.1,1.45,29.0,101740.0
1990-12-17 00:00:00+00:00,9.62,82.95,0.0,0.0,0.0,310.2,1.79,34.0,101700.0
1990-12-17 01:00:00+00:00,9.36,85.95,0.0,0.0,0.0,314.2,1.72,41.0,101680.0
1990-12-17 02:00:00+00:00,9.4,85.95,0.0,0.0,0.0,318.95,1.79,43.0,101650.0
1990-12-17 03:00:00+00:00,9.58,89.15,0.0,0.0,0.0,326.5,1.72,43.0,101670.0
1990-12-17 04:00:00+00:00,9.53,89.15,0.0,0.0,0.0,325.1,1.66,42.0,101690.0
1990-12-17 05:00:00+00:00,9.17,89.15,0.0,0.0,0.0,317.75,1.52,33.0,101710.0
1990-12-17 06:00:00+00:00,8.94,92.45,0.0,0.0,0.0,320.5,1.52,22.0,101750.0
1990-12-17 07:00:00+00:00,9.3,89.15,0.0,0.0,0.0,328.05,1.72,40.0,101820.0
1990-12-17 08:00:00+00:00,9.47,92.45,32.0,20.98,30.0,331.5,1.52,48.0,101860.0
1990-12-17 09:00:00+00:00,10.79,86.1,123.0,59.65,108.0,338.85,1.31,59.0,101890.0
1990-12-17 10:00:00+00:00,12.49,83.15,172.0,32.08,160.0,347.95,1.24,55.0,101940.0
1990-12-17 11:00:00+00:00,14.02,74.85,94.0,0.0,94.0,350.85,1.1,58.0,101930.0
1990-12-17 12:00:00+00:00,14.72,69.85,291.0,106.55,239.0,358.2,0.76,70.0,101860.0
1990-12-17 13:00:00+00:00,15.16,69.9,153.0,2.12,152.0,371.75,0.28,70.0,101790.0
1990-12-17 14:00:00+00:00,15.18,69.9,194.0,39.34,178.0,366.75,0.21,191.0,101750.0
1990-12-17 15:00:00+00:00,14.94,75.0,98.0,3.36,97.0,367.1,0.76,189.0,101750.0
1990-12-17 16:00:00+00:00,14.53,83.4,32.0,0.0,32.0,359.75,0.69,175.0,101770.0
1990-12-17 17:00:00+00:00,14.28,83.4,0.0,0.0,0.0,365.75,0.69,159.0,101820.0
1990-12-17 18:00:00+00:00,13.47,89.4,0.0,0.0,0.0,348.55,0.76,164.0,101870.0
1990-12-17 19:00:00+00:00,12.66,89.4,0.0,0.0,0.0,344.3,1.1,155.0,101860.0
1990-12-17 20:00:00+00:00,11.94,92.55,0.0,0.0,0.0,335.55,1.59,142.0,101870.0
1990-12-17 21:00:00+00:00,10.95,92.55,0.0,0.0,0.0,316.05,1.59,142.0,101890.0
1990-12-17 22:00:00+00:00,10.25,92.5,0.0,0.0,0.0,311.0,1.72,148.0,101910.0
1990-12-17 23:00:00+00:00,9.84,95.9,0.0,0.0,0.0,314.3,1.59,156.0,101890.0
1990-12-18 00:00:00+00:00,9.9,95.9,0.0,0.0,0.0,329.4,1.38,163.0,101890.0
1990-12-18 01:00:00+00:00,9.53,95.85,0.0,0.0,0.0,320.0,1.38,166.0,101860.0
1990-12-18 02:00:00+00:00,9.47,95.85,0.0,0.0,0.0,328.4,1.38,160.0,101820.0
1990-12-18 03:00:00+00:00,10.05,99.4,0.0,0.0,0.0,350.3,1.24,162.0,101810.0
1990-12-18 04:00:00+00:00,10.47,95.9,0.0,0.0,0.0,356.1,1.1,165.0,101810.0
1990-12-18 05:00:00+00:00,10.81,95.9,0.0,0.0,0.0,359.55,1.1,164.0,101800.0
1990-12-18 06:00:00+00:00,11.12,95.9,0.0,0.0,0.0,362.85,1.1,166.0,101810.0
1990-12-18 07:00:00+00:00,10.56,99.4,0.0,0.0,0.0,344.3,0.69,195.0,101840.0
1990-12-18 08:00:00+00:00,10.8,95.9,53.0,192.28,35.0,348.55,0.41,224.0,101880.0
1990-12-18 09:00:00+00:00,11.76,95.9,74.0,0.0,74.0,354.75,0.21,246.0,101960.0
1990-12-18 10:00:00+00:00,12.81,92.6,136.0,5.37,134.0,357.85,0.55,211.0,102000.0
1990-12-18 11:00:00+00:00,14.18,86.4,461.0,839.61,80.0,361.7,1.38,225.0,101960.0
1990-12-18 12:00:00+00:00,15.15,75.1,395.0,375.42,212.0,346.6,2.48,232.0,101850.0
1990-12-18 13:00:00+00:00,15.79,70.0,458.0,731.75,113.0,345.45,2.69,247.0,101780.0
1990-12-18 14:00:00+00:00,16.41,58.6,411.0,837.95,70.0,333.45,2.9,251.0,101740.0
1990-12-18 15:00:00+00:00,16.34,50.6,272.0,673.91,71.0,337.5,3.24,254.0,101730.0
1990-12-18 16:00:00+00:00,15.63,52.25,103.0,301.01,57.0,346.0,2.97,257.0,101750.0
1990-12-18 17:00:00+00:00,14.85,52.15,0.0,0.0,0.0,354.75,2.41,252.0,101800.0
1990-12-18 18:00:00+00:00,14.27,53.95,0.0,0.0,0.0,358.6,2.28,254.0,101840.0
1990-12-18 19:00:00+00:00,13.65,60.2,0.0,0.0,0.0,350.1,1.86,262.0,101880.0
1990-12-18 20:00:00+00:00,13.29,62.3,0.0,0.0,0.0,350.65,1.52,260.0,101880.0
1990-12-18 21:00:00+00:00,12.51,66.85,0.0,0.0,0.0,330.55,1.38,235.0,101880.0
1990-12-18 22:00:00+00:00,12.05,69.25,0.0,0.0,0.0,342.75,1.38,208.0,101840.0
1990-12-18 23:00:00+00:00,11.34,71.85,0.0,0.0,0.0,329.2,1.38,220.0,101810.0
1990-12-19 00:00:00+00:00,10.31,77.15,0.0,0.0,0.0,310.05,1.52,239.0,101820.0
1990-12-19 01:00:00+00:00,10.27,77.15,0.0,0.0,0.0,335.9,1.31,222.0,101780.0
1990-12-19 02:00:00+00:00,10.66,74.45,0.0,0.0,0.0,348.95,1.45,188.0,101690.0
1990-12-19 03:00:00+00:00,11.22,74.55,0.0,0.0,0.0,356.5,1.52,184.0,101650.0
1990-12-19 04:00:00+00:00,11.17,74.55,0.0,0.0,0.0,340.8,1.72,193.0,101600.0
1990-12-19 05:00:00+00:00,10.93,77.2,0.0,0.0,0.0,326.3,2.0,194.0,101560.0
1990-12-19 06:00:00+00:00,11.01,80.1,0.0,0.0,0.0,330.35,2.07,200.0,101520.0
1990-12-19 07:00:00+00:00,11.44,77.3,0.0,0.0,0.0,329.95,2.07,206.0,101530.0
1990-12-19 08:00:00+00:00,12.06,83.1,34.0,32.62,31.0,351.45,2.28,205.0,101490.0
1990-12-19 09:00:00+00:00,13.33,80.35,20.0,0.0,20.0,366.15,2.83,210.0,101470.0
1990-12-19 10:00:00+00:00,14.57,80.45,364.0,785.81,72.0,366.15,3.79,219.0,101450.0
1990-12-19 11:00:00+00:00,15.5,80.6,137.0,0.0,137.0,373.7,4.28,215.0,101360.0
1990-12-19 12:00:00+00:00,15.9,80.65,60.0,0.0,60.0,376.6,5.45,222.0,101210.0
1990-12-19 13:00:00+00:00,15.88,83.55,42.0,0.0,42.0,373.1,6.28,225.0,101040.0
1990-12-19 14:00:00+00:00,15.08,92.7,35.0,0.0,35.0,379.9,6.76,234.0,100890.0
1990-12-19 15:00:00+00:00,14.17,86.4,174.0,123.79,137.0,378.15,5.72,287.0,100900.0
1990-12-19 16:00:00+00:00,12.99,83.25,44.0,6.5,43.0,355.3,4.28,300.0,100970.0
1990-12-19 17:00:00+00:00,12.22,77.35,0.0,0.0,0.0,306.95,3.79,293.0,101060.0
1990-12-19 18:00:00+00:00,11.25,71.85,0.0,0.0,0.0,280.05,4.07,300.0,101180.0
1990-12-19 19:00:00+00:00,10.71,71.75,0.0,0.0,0.0,273.65,3.79,306.0,101230.0
1990-12-19 20:00:00+00:00,10.12,69.1,0.0,0.0,0.0,269.0,3.66,304.0,101270.0
1990-12-19 21:00:00+00:00,9.65,69.0,0.0,0.0,0.0,265.7,3.79,304.0,101370.0
1990-12-19 22:00:00+00:00,9.22,66.35,0.0,0.0,0.0,262.4,4.0,308.0,101400.0
1990-12-19 23:00:00+00:00,8.9,68.8,0.0,0.0,0.0,260.65,4.21,311.0,101450.0
1990-12-20 00:00:00+00:00,8.67,66.25,0.0,0.0,0.0,257.95,4.48,317.0,101490.0
1990-12-20 01:00:00+00:00,8.41,63.7,0.0,0.0,0.0,255.15,4.62,324.0,101490.0
1990-12-20 02:00:00+00:00,8.15,59.0,0.0,0.0,0.0,251.75,4.62,334.0,101540.0
1990-12-20 03:00:00+00:00,7.87,56.7,0.0,0.0,0.0,251.0,4.55,343.0,101590.0
1990-12-20 04:00:00+00:00,7.53,56.55,0.0,0.0,0.0,248.3,4.34,348.0,101620.0
1990-12-20 05:00:00+00:00,7.14,52.35,0.0,0.0,0.0,245.95,3.93,348.0,101670.0
1990-12-20 06:00:00+00:00,6.78,52.2,0.0,0.0,0.0,243.85,3.45,346.0,101750.0
1990-12-20 07:00:00+00:00,6.82,52.2,0.0,0.0,0.0,244.6,3.59,350.0,101850.0
1990-12-20 08:00:00+00:00,6.69,52.2,66.0,431.23,27.0,244.4,3.31,353.0,101940.0
1990-12-20 09:00:00+00:00,7.71,52.45,233.0,704.08,59.0,245.6,2.69,359.0,102010.0
1990-12-20 10:00:00+00:00,9.56,47.05,385.0,858.23,67.0,248.5,3.52,8.0,102100.0
1990-12-20 11:00:00+00:00,11.27,40.8,488.0,926.54,69.0,252.75,4.0,16.0,102090.0
1990-12-20 12:00:00+00:00,12.52,37.9,526.0,920.59,78.0,256.4,4.62,23.0,102040.0
1990-12-20 13:00:00+00:00,13.3,33.95,501.0,886.63,83.0,259.5,4.76,24.0,101980.0
1990-12-20 14:00:00+00:00,13.77,31.55,422.0,846.27,77.0,261.25,4.62,24.0,101940.0
1990-12-20 15:00:00+00:00,13.91,31.55,288.0,727.5,70.0,262.2,4.28,26.0,101950.0
1990-12-20 16:00:00+00:00,13.57,32.65,126.0,523.36,45.0,262.2,3.38,24.0,101990.0
1990-12-20 17:00:00+00:00,12.25,35.05,0.0,0.0,0.0,260.85,2.69,14.0,102070.0
1990-12-20 18:00:00+00:00,10.66,37.6,0.0,0.0,0.0,258.35,2.69,9.0,102130.0
1990-12-20 19:00:00+00:00,9.93,42.0,0.0,0.0,0.0,258.55,2.69,7.0,102170.0
1990-12-20 20:00:00+00:00,9.15,45.25,0.0,0.0,0.0,257.2,2.83,10.0,102200.0
1990-12-20 21:00:00+00:00,8.59,46.95,0.0,0.0,0.0,256.05,2.9,12.0,102210.0
1990-12-20 22:00:00+00:00,8.1,48.65,0.0,0.0,0.0,255.45,2.76,16.0,102200.0
1990-12-20 23:00:00+00:00,7.62,52.45,0.0,0.0,0.0,255.05,2.62,15.0,102210.0
1990-12-21 00:00:00+00:00,7.22,54.4,0.0,0.0,0.0,256.05,2.69,11.0,102210.0
1990-12-21 01:00:00+00:00,7.02,54.3,0.0,0.0,0.0,256.7,2.69,12.0,102210.0
1990-12-21 02:00:00+00:00,6.85,54.3,0.0,0.0,0.0,257.2,2.62,24.0,102180.0
1990-12-21 03:00:00+00:00,6.62,54.3,0.0,0.0,0.0,257.4,2.55,45.0,102150.0
1990-12-21 04:00:00+00:00,6.31,56.3,0.0,0.0,0.0,257.4,2.55,61.0,102130.0
1990-12-21 05:00:00+00:00,5.89,58.45,0.0,0.0,0.0,256.8,2.28,57.0,102100.0
1990-12-21 06:00:00+00:00,5.41,60.65,0.0,0.0,0.0,256.2,2.28,33.0,102160.0
1990-12-21 07:00:00+00:00,4.95,62.95,0.0,0.0,0.0,254.1,2.48,42.0,102240.0
1990-12-21 08:00:00+00:00,4.89,65.4,63.0,415.78,26.0,253.7,2.48,42.0,102280.0
1990-12-21 09:00:00+00:00,6.55,60.85,220.0,618.16,68.0,255.05,2.28,42.0,102330.0
1990-12-21 10:00:00+00:00,9.3,48.95,368.0,787.39,77.0,258.75,2.76,43.0,102350.0
1990-12-21 11:00:00+00:00,11.48,44.1,468.0,852.5,83.0,264.95,2.9,44.0,102360.0
1990-12-21 12:00:00+00:00,13.16,39.65,508.0,861.4,89.0,271.5,2.62,44.0,102290.0
1990-12-21 13:00:00+00:00,14.44,38.45,487.0,839.68,91.0,277.1,2.21,46.0,102210.0
1990-12-21 14:00:00+00:00,15.19,37.25,406.0,771.68,91.0,280.8,1.72,51.0,102140.0
1990-12-21 15:00:00+00:00,15.45,37.25,283.0,705.45,71.0,282.95,1.38,59.0,102120.0
1990-12-21 16:00:00+00:00,15.15,38.7,123.0,500.34,45.0,283.1,0.97,72.0,102130.0
1990-12-21 17:00:00+00:00,13.85,55.9,0.0,0.0,0.0,281.4,0.69,70.0,102160.0
1990-12-21 18:00:00+00:00,13.4,44.5,0.0,0.0,0.0,278.5,0.48,26.0,102230.0
1990-12-21 19:00:00+00:00,12.31,49.6,0.0,0.0,0.0,280.8,0.62,37.0,102270.0
1990-12-21 20:00:00+00:00,11.55,53.35,0.0,0.0,0.0,283.5,0.48,29.0,102270.0
1990-12-21 21:00:00+00:00,10.84,55.3,0.0,0.0,0.0,281.0,0.48,44.0,102290.0
1990-12-21 22:00:00+00:00,10.02,59.35,0.0,0.0,0.0,280.6,0.69,52.0,102310.0
1990-12-21 23:00:00+00:00,7.93,68.6,0.0,0.0,0.0,276.15,1.1,48.0,102290.0
1990-12-22 00:00:00+00:00,6.13,76.55,0.0,0.0,0.0,271.1,1.31,47.0,102320.0
1990-12-22 01:00:00+00:00,5.12,82.4,0.0,0.0,0.0,269.7,1.38,49.0,102280.0
1990-12-22 02:00:00+00:00,4.59,85.55,0.0,0.0,0.0,268.2,1.31,47.0,102240.0
1990-12-22 03:00:00+00:00,4.11,88.8,0.0,0.0,0.0,266.5,1.31,39.0,102250.0
1990-12-22 04:00:00+00:00,3.49,92.15,0.0,0.0,0.0,265.7,1.45,30.0,102220.0
1990-12-22 05:00:00+00:00,3.17,92.15,0.0,0.0,0.0,264.35,1.45,31.0,102230.0
1990-12-22 06:00:00+00:00,2.87,92.15,0.0,0.0,0.0,263.6,1.52,35.0,102240.0
1990-12-22 07:00:00+00:00,2.4,95.65,0.0,0.0,0.0,261.85,1.79,43.0,102330.0
1990-12-22 08:00:00+00:00,2.36,95.65,60.0,387.98,26.0,261.45,1.72,42.0,102370.0
1990-12-22 09:00:00+00:00,5.01,92.25,221.0,645.55,63.0,262.8,1.24,38.0,102390.0
1990-12-22 10:00:00+00:00,9.47,68.9,365.0,781.06,77.0,267.05,1.38,37.0,102410.0
1990-12-22 11:00:00+00:00,12.15,62.1,465.0,846.78,83.0,273.65,1.45,37.0,102370.0
1990-12-22 12:00:00+00:00,14.11,55.9,505.0,853.38,90.0,279.05,1.38,33.0,102300.0
1990-12-22 13:00:00+00:00,15.31,48.55,484.0,832.83,91.0,281.95,1.24,23.0,102200.0
1990-12-22 14:00:00+00:00,15.94,45.15,409.0,794.91,84.0,284.85,1.24,14.0,102140.0
1990-12-22 15:00:00+00:00,16.09,45.15,282.0,696.55,72.0,287.0,1.17,11.0,102110.0
1990-12-22 16:00:00+00:00,15.77,45.15,124.0,502.8,45.0,292.4,0.9,12.0,102120.0
1990-12-22 17:00:00+00:00,14.4,58.1,0.0,0.0,0.0,284.5,0.83,11.0,102150.0
1990-12-22 18:00:00+00:00,13.16,55.75,0.0,0.0,0.0,280.6,0.9,25.0,102180.0
1990-12-22 19:00:00+00:00,12.59,59.85,0.0,0.0,0.0,278.3,0.76,58.0,102170.0
1990-12-22 20:00:00+00:00,11.41,62.0,0.0,0.0,0.0,276.75,0.9,60.0,102180.0
1990-12-22 21:00:00+00:00,10.18,66.55,0.0,0.0,0.0,275.2,0.97,50.0,102160.0
1990-12-22 22:00:00+00:00,7.64,76.8,0.0,0.0,0.0,273.25,1.31,40.0,102150.0
1990-12-22 23:00:00+00:00,6.31,85.7,0.0,0.0,0.0,271.1,1.38,39.0,102140.0
1990-12-23 00:00:00+00:00,5.46,88.85,0.0,0.0,0.0,268.6,1.38,34.0,102120.0
1990-12-23 01:00:00+00:00,4.68,92.25,0.0,0.0,0.0,267.15,1.52,29.0,102080.0
1990-12-23 02:00:00+00:00,3.96,95.7,0.0,0.0,0.0,264.35,1.66,33.0,102030.0
1990-12-23 03:00:00+00:00,3.49,95.7,0.0,0.0,0.0,269.4,1.52,37.0,102010.0
1990-12-23 04:00:00+00:00,3.17,95.7,0.0,0.0,0.0,266.3,1.52,39.0,101980.0
1990-12-23 05:00:00+00:00,2.87,99.4,0.0,0.0,0.0,267.85,1.45,37.0,101960.0
1990-12-23 06:00:00+00:00,2.64,99.4,0.0,0.0,0.0,271.7,1.45,32.0,101960.0
1990-12-23 07:00:00+00:00,2.42,99.4,0.0,0.0,0.0,272.85,1.59,38.0,102000.0
1990-12-23 08:00:00+00:00,2.49,99.4,57.0,324.18,29.0,275.6,1.45,39.0,102030.0
1990-12-23 09:00:00+00:00,5.35,92.25,231.0,738.56,51.0,278.1,1.17,43.0,102050.0
1990-12-23 10:00:00+00:00,8.91,76.95,364.0,779.9,77.0,271.7,1.1,47.0,102070.0
1990-12-23 11:00:00+00:00,11.73,66.75,457.0,809.78,92.0,273.25,0.97,53.0,102040.0
1990-12-23 12:00:00+00:00,13.85,60.2,504.0,853.37,89.0,280.05,0.55,68.0,101940.0
1990-12-23 13:00:00+00:00,15.19,52.25,487.0,844.84,88.0,283.3,0.14,219.0,101840.0
1990-12-23 14:00:00+00:00,15.94,48.65,411.0,805.65,81.0,285.85,1.03,258.0,101750.0
1990-12-23 15:00:00+00:00,16.14,48.65,285.0,710.59,70.0,286.8,1.38,242.0,101730.0
1990-12-23 16:00:00+00:00,15.68,48.65,124.0,485.98,47.0,285.65,1.45,233.0,101670.0
1990-12-23 17:00:00+00:00,14.29,53.95,0.0,0.0,0.0,282.15,1.86,243.0,101660.0
1990-12-23 18:00:00+00:00,12.35,62.1,0.0,0.0,0.0,281.2,2.0,243.0,101650.0
1990-12-23 19:00:00+00:00,10.82,69.15,0.0,0.0,0.0,277.3,2.07,250.0,101670.0
1990-12-23 20:00:00+00:00,9.53,79.9,0.0,0.0,0.0,275.4,2.07,258.0,101700.0
1990-12-23 21:00:00+00:00,8.33,85.9,0.0,0.0,0.0,275.0,1.86,253.0,101710.0
1990-12-23 22:00:00+00:00,7.17,89.0,0.0,0.0,0.0,273.05,1.59,235.0,101670.0
1990-12-23 23:00:00+00:00,6.37,95.8,0.0,0.0,0.0,271.3,1.52,213.0,101630.0
1990-12-24 00:00:00+00:00,5.85,95.75,0.0,0.0,0.0,272.1,1.45,195.0,101570.0
1990-12-24 01:00:00+00:00,5.42,99.4,0.0,0.0,0.0,268.5,1.45,183.0,101510.0
1990-12-24 02:00:00+00:00,5.01,99.4,0.0,0.0,0.0,272.1,1.38,180.0,101430.0
1990-12-24 03:00:00+00:00,4.71,99.4,0.0,0.0,0.0,278.1,1.59,177.0,101390.0
1990-12-24 04:00:00+00:00,4.67,99.4,0.0,0.0,0.0,286.8,1.59,180.0,101340.0
1990-12-24 05:00:00+00:00,5.72,99.4,0.0,0.0,0.0,312.75,1.93,175.0,101310.0
1990-12-24 06:00:00+00:00,7.62,95.8,0.0,0.0,0.0,334.6,2.62,175.0,101220.0
1990-12-24 07:00:00+00:00,9.27,92.45,0.0,0.0,0.0,346.6,2.9,173.0,101230.0
1990-12-24 08:00:00+00:00,10.01,92.5,20.0,0.0,20.0,348.35,3.17,176.0,101180.0
1990-12-24 09:00:00+00:00,11.01,86.1,138.0,119.45,109.0,344.5,3.59,182.0,101130.0
1990-12-24 10:00:00+00:00,12.64,80.3,300.0,421.92,145.0,356.65,3.52,200.0,101140.0
1990-12-24 11:00:00+00:00,14.02,77.6,278.0,126.53,221.0,359.95,4.28,211.0,101170.0
1990-12-24 12:00:00+00:00,14.65,72.4,246.0,45.23,224.0,370.6,4.97,214.0,101090.0
1990-12-24 13:00:00+00:00,14.58,77.65,167.0,4.23,165.0,367.5,5.38,207.0,100900.0
1990-12-24 14:00:00+00:00,14.74,75.0,70.0,0.0,70.0,356.85,5.86,212.0,100780.0
1990-12-24 15:00:00+00:00,14.81,75.0,99.0,3.29,98.0,358.8,6.07,220.0,100780.0
1990-12-24 16:00:00+00:00,14.54,80.45,85.0,118.85,66.0,356.5,6.07,219.0,100750.0
1990-12-24 17:00:00+00:00,14.51,80.45,0.0,0.0,0.0,356.3,6.28,218.0,100700.0
1990-12-24 18:00:00+00:00,14.24,83.4,0.0,0.0,0.0,353.55,6.48,216.0,100660.0
1990-12-24 19:00:00+00:00,14.65,83.45,0.0,0.0,0.0,372.95,7.72,220.0,100540.0
1990-12-24 20:00:00+00:00,14.36,89.5,0.0,0.0,0.0,368.1,8.0,217.0,100480.0
1990-12-24 21:00:00+00:00,14.41,92.7,0.0,0.0,0.0,366.15,8.28,217.0,100440.0
1990-12-24 22:00:00+00:00,14.56,92.7,0.0,0.0,0.0,375.65,8.76,217.0,100330.0
1990-12-24 23:00:00+00:00,14.63,92.7,0.0,0.0,0.0,376.6,8.9,218.0,100260.0
1990-12-25 00:00:00+00:00,14.74,92.7,0.0,0.0,0.0,379.9,9.24,218.0,100160.0
1990-12-25 01:00:00+00:00,14.95,92.7,0.0,0.0,0.0,382.35,9.52,218.0,100030.0
1990-12-25 02:00:00+00:00,14.95,92.7,0.0,0.0,0.0,382.6,8.83,225.0,99960.0
1990-12-25 03:00:00+00:00,15.1,96.0,0.0,0.0,0.0,384.95,7.31,238.0,99950.0
1990-12-25 04:00:00+00:00,14.94,92.7,0.0,0.0,0.0,382.6,6.0,250.0,99930.0
1990-12-25 05:00:00+00:00,14.43,92.7,0.0,0.0,0.0,363.05,4.48,249.0,99890.0
1990-12-25 06:00:00+00:00,13.82,89.45,0.0,0.0,0.0,357.65,4.21,242.0,99880.0
1990-12-25 07:00:00+00:00,14.16,89.5,0.0,0.0,0.0,358.2,5.03,242.0,99770.0
1990-12-25 08:00:00+00:00,13.92,92.65,42.0,130.75,31.0,355.9,5.31,245.0,99770.0
1990-12-25 09:00:00+00:00,13.98,89.45,199.0,512.49,75.0,359.2,5.72,247.0,99770.0
1990-12-25 10:00:00+00:00,14.63,89.5,229.0,149.92,174.0,344.1,6.62,253.0,99830.0
1990-12-25 11:00:00+00:00,14.48,86.4,168.0,6.66,165.0,358.6,7.24,267.0,99910.0
1990-12-25 12:00:00+00:00,13.46,83.25,87.0,0.0,87.0,361.3,5.72,275.0,99930.0
1990-12-25 13:00:00+00:00,13.67,77.6,416.0,521.74,169.0,344.1,5.86,274.0,99900.0
1990-12-25 14:00:00+00:00,13.6,80.35,168.0,14.58,162.0,330.35,5.86,271.0,99930.0
1990-12-25 15:00:00+00:00,13.04,77.45,95.0,3.28,94.0,344.65,5.93,278.0,100030.0
1990-12-25 16:00:00+00:00,12.61,74.6,130.0,545.27,42.0,329.4,5.59,277.0,100100.0
1990-12-25 17:00:00+00:00,12.15,69.35,0.0,0.0,0.0,325.5,5.17,276.0,100210.0
1990-12-25 18:00:00+00:00,11.45,69.25,0.0,0.0,0.0,296.65,4.76,269.0,100280.0
1990-12-25 19:00:00+00:00,12.39,62.1,0.0,0.0,0.0,333.45,3.86,275.0,100340.0
1990-12-25 20:00:00+00:00,12.37,59.85,0.0,0.0,0.0,340.6,3.66,271.0,100420.0
1990-12-25 21:00:00+00:00,12.06,64.35,0.0,0.0,0.0,333.25,3.38,266.0,100520.0
1990-12-25 22:00:00+00:00,11.56,64.35,0.0,0.0,0.0,313.9,3.31,262.0,100610.0
1990-12-25 23:00:00+00:00,11.3,66.75,0.0,0.0,0.0,318.55,3.24,260.0,100690.0
1990-12-26 00:00:00+00:00,11.0,69.15,0.0,0.0,0.0,316.2,3.17,257.0,100740.0
1990-12-26 01:00:00+00:00,10.43,71.7,0.0,0.0,0.0,297.35,3.1,252.0,100800.0
1990-12-26 02:00:00+00:00,9.83,77.1,0.0,0.0,0.0,282.95,3.1,250.0,100830.0
1990-12-26 03:00:00+00:00,9.24,79.9,0.0,0.0,0.0,272.85,2.97,248.0,100900.0
1990-12-26 04:00:00+00:00,8.8,82.85,0.0,0.0,0.0,272.5,2.76,247.0,100960.0
1990-12-26 05:00:00+00:00,8.51,85.9,0.0,0.0,0.0,274.2,2.69,248.0,101020.0
1990-12-26 06:00:00+00:00,8.33,85.9,0.0,0.0,0.0,277.7,2.48,248.0,101080.0
1990-12-26 07:00:00+00:00,9.62,82.95,0.0,0.0,0.0,305.4,2.41,257.0,101080.0
1990-12-26 08:00:00+00:00,9.14,82.9,56.0,384.81,24.0,284.3,2.41,255.0,101140.0
1990-12-26 09:00:00+00:00,10.09,82.95,219.0,671.54,57.0,277.1,2.14,259.0,101230.0
1990-12-26 10:00:00+00:00,12.02,74.55,366.0,813.19,68.0,281.6,2.9,270.0,101350.0
1990-12-26 11:00:00+00:00,13.19,64.65,470.0,886.09,71.0,284.85,3.31,289.0,101420.0
1990-12-26 12:00:00+00:00,14.02,60.2,504.0,860.32,85.0,310.6,3.24,297.0,101400.0
1990-12-26 13:00:00+00:00,14.46,56.0,493.0,875.24,78.0,334.0,3.31,303.0,101330.0
1990-12-26 14:00:00+00:00,14.75,52.15,407.0,780.5,85.0,344.1,3.24,305.0,101300.0
1990-12-26 15:00:00+00:00,14.99,52.15,220.0,274.13,136.0,349.7,2.83,302.0,101290.0
1990-12-26 16:00:00+00:00,14.73,56.15,120.0,392.63,56.0,348.35,1.72,286.0,101300.0
1990-12-26 17:00:00+00:00,14.14,58.1,0.0,0.0,0.0,353.2,1.59,254.0,101340.0
1990-12-26 18:00:00+00:00,13.25,62.3,0.0,0.0,0.0,343.7,1.93,236.0,101400.0
1990-12-26 19:00:00+00:00,12.81,72.05,0.0,0.0,0.0,330.75,2.07,227.0,101450.0
1990-12-26 20:00:00+00:00,12.0,80.15,0.0,0.0,0.0,307.9,2.21,223.0,101480.0
1990-12-26 21:00:00+00:00,11.5,83.1,0.0,0.0,0.0,309.05,2.14,216.0,101510.0
1990-12-26 22:00:00+00:00,11.03,89.3,0.0,0.0,0.0,306.15,2.07,211.0,101500.0
1990-12-26 23:00:00+00:00,10.57,92.5,0.0,0.0,0.0,299.2,1.93,210.0,101490.0
1990-12-27 00:00:00+00:00,10.17,92.5,0.0,0.0,0.0,304.2,1.79,209.0,101460.0
1990-12-27 01:00:00+00:00,9.44,95.85,0.0,0.0,0.0,296.95,1.66,203.0,101420.0
1990-12-27 02:00:00+00:00,8.62,95.85,0.0,0.0,0.0,293.2,1.52,197.0,101370.0
1990-12-27 03:00:00+00:00,8.41,95.85,0.0,0.0,0.0,294.55,1.38,190.0,101330.0
1990-12-27 04:00:00+00:00,8.66,95.85,0.0,0.0,0.0,307.1,1.17,180.0,101290.0
1990-12-27 05:00:00+00:00,8.31,95.85,0.0,0.0,0.0,298.6,1.24,165.0,101260.0
1990-12-27 06:00:00+00:00,8.32,99.4,0.0,0.0,0.0,313.1,1.1,148.0,101230.0
1990-12-27 07:00:00+00:00,9.0,99.4,0.0,0.0,0.0,322.2,1.03,150.0,101230.0
1990-12-27 08:00:00+00:00,9.04,99.4,30.0,36.46,27.0,324.75,0.97,135.0,101210.0
1990-12-27 09:00:00+00:00,10.21,95.9,69.0,0.0,69.0,335.2,0.83,144.0,101240.0
1990-12-27 10:00:00+00:00,12.37,92.6,158.0,21.85,150.0,342.75,1.1,164.0,101250.0
1990-12-27 11:00:00+00:00,13.88,86.35,209.0,28.86,196.0,356.3,1.66,185.0,101230.0
1990-12-27 12:00:00+00:00,14.75,83.45,124.0,0.0,124.0,351.45,1.86,205.0,101130.0
1990-12-27 13:00:00+00:00,15.55,77.8,243.0,48.42,220.0,372.75,2.34,215.0,101020.0
1990-12-27 14:00:00+00:00,16.21,70.1,223.0,70.09,194.0,372.15,3.17,219.0,100930.0
1990-12-27 15:00:00+00:00,16.36,70.1,158.0,64.95,138.0,373.7,3.31,220.0,100860.0
1990-12-27 16:00:00+00:00,16.02,75.15,91.0,139.64,68.0,369.25,3.17,220.0,100840.0
1990-12-27 17:00:00+00:00,15.23,77.8,0.0,0.0,0.0,353.4,3.03,221.0,100850.0
1990-12-27 18:00:00+00:00,14.39,86.4,0.0,0.0,0.0,349.9,3.1,219.0,100850.0
1990-12-27 19:00:00+00:00,14.19,86.4,0.0,0.0,0.0,349.5,3.38,221.0,100870.0
1990-12-27 20:00:00+00:00,13.96,89.45,0.0,0.0,0.0,349.5,3.52,220.0,100850.0
1990-12-27 21:00:00+00:00,13.81,89.45,0.0,0.0,0.0,362.3,3.45,215.0,100810.0
1990-12-27 22:00:00+00:00,13.73,89.45,0.0,0.0,0.0,355.5,3.66,213.0,100780.0
1990-12-27 23:00:00+00:00,13.85,89.45,0.0,0.0,0.0,361.1,3.86,216.0,100770.0
1990-12-28 00:00:00+00:00,13.96,92.65,0.0,0.0,0.0,366.15,4.21,219.0,100730.0
1990-12-28 01:00:00+00:00,13.95,92.65,0.0,0.0,0.0,361.8,4.34,222.0,100680.0
1990-12-28 02:00:00+00:00,14.11,92.65,0.0,0.0,0.0,375.85,4.21,224.0,100610.0
1990-12-28 03:00:00+00:00,14.18,89.5,0.0,0.0,0.0,376.6,4.21,230.0,100620.0
1990-12-28 04:00:00+00:00,13.99,92.65,0.0,0.0,0.0,377.55,4.0,253.0,100620.0
1990-12-28 05:00:00+00:00,13.44,92.65,0.0,0.0,0.0,377.2,3.52,283.0,100660.0
1990-12-28 06:00:00+00:00,12.63,86.25,0.0,0.0,0.0,365.75,3.24,292.0,100770.0
1990-12-28 07:00:00+00:00,12.16,83.15,0.0,0.0,0.0,339.65,3.03,290.0,100830.0
1990-12-28 08:00:00+00:00,11.4,83.1,57.0,404.88,24.0,325.1,2.9,299.0,100940.0
1990-12-28 09:00:00+00:00,11.26,77.3,210.0,603.89,65.0,293.95,2.62,309.0,101090.0
1990-12-28 10:00:00+00:00,12.02,71.85,355.0,754.11,79.0,271.9,2.69,316.0,101200.0
1990-12-28 11:00:00+00:00,12.8,64.55,449.0,781.23,97.0,278.3,2.97,324.0,101220.0
1990-12-28 12:00:00+00:00,13.53,57.9,485.0,756.01,116.0,277.3,3.31,325.0,101210.0
1990-12-28 13:00:00+00:00,13.95,53.85,447.0,626.08,149.0,281.75,3.45,325.0,101180.0
1990-12-28 14:00:00+00:00,14.25,48.25,371.0,549.3,143.0,291.25,3.45,325.0,101160.0
1990-12-28 15:00:00+00:00,14.12,46.35,297.0,749.54,65.0,289.3,3.38,326.0,101200.0
1990-12-28 16:00:00+00:00,13.85,44.65,128.0,456.41,52.0,295.7,3.17,328.0,101240.0
1990-12-28 17:00:00+00:00,12.79,46.1,0.0,0.0,0.0,280.2,2.28,324.0,101320.0
1990-12-28 18:00:00+00:00,11.48,49.45,0.0,0.0,0.0,272.85,2.14,317.0,101400.0
1990-12-28 19:00:00+00:00,10.53,53.1,0.0,0.0,0.0,267.65,2.34,319.0,101470.0
1990-12-28 20:00:00+00:00,9.62,55.05,0.0,0.0,0.0,265.3,2.41,322.0,101570.0
1990-12-28 21:00:00+00:00,8.83,61.45,0.0,0.0,0.0,263.4,2.34,323.0,101620.0
1990-12-28 22:00:00+00:00,8.12,63.7,0.0,0.0,0.0,261.25,2.34,324.0,101710.0
1990-12-28 23:00:00+00:00,7.47,68.5,0.0,0.0,0.0,259.9,2.28,324.0,101760.0
1990-12-29 00:00:00+00:00,6.81,73.8,0.0,0.0,0.0,257.75,2.21,327.0,101770.0
1990-12-29 01:00:00+00:00,6.28,76.55,0.0,0.0,0.0,255.75,2.21,328.0,101780.0
1990-12-29 02:00:00+00:00,5.8,79.4,0.0,0.0,0.0,253.9,2.28,329.0,101800.0
1990-12-29 03:00:00+00:00,5.34,82.4,0.0,0.0,0.0,252.75,2.14,334.0,101840.0
1990-12-29 04:00:00+00:00,4.84,82.35,0.0,0.0,0.0,251.2,2.0,339.0,101840.0
1990-12-29 05:00:00+00:00,4.63,82.35,0.0,0.0,0.0,249.25,1.66,349.0,101870.0
1990-12-29 06:00:00+00:00,5.08,79.35,0.0,0.0,0.0,248.5,1.17,30.0,101870.0
1990-12-29 07:00:00+00:00,4.39,85.5,0.0,0.0,0.0,247.15,1.24,73.0,101950.0
1990-12-29 08:00:00+00:00,4.3,85.5,56.0,395.9,24.0,246.35,1.17,60.0,102050.0
1990-12-29 09:00:00+00:00,5.81,85.65,221.0,675.82,59.0,247.7,0.83,25.0,102140.0
1990-12-29 10:00:00+00:00,8.76,68.8,377.0,844.43,68.0,251.6,1.59,34.0,102200.0
1990-12-29 11:00:00+00:00,10.08,64.0,481.0,904.89,73.0,255.65,2.21,33.0,102220.0
1990-12-29 12:00:00+00:00,11.22,57.55,525.0,914.5,78.0,259.7,2.41,28.0,102180.0
1990-12-29 13:00:00+00:00,12.19,53.5,505.0,882.49,84.0,262.8,2.48,23.0,102150.0
1990-12-29 14:00:00+00:00,12.82,51.65,428.0,833.14,81.0,265.7,2.28,28.0,102110.0
1990-12-29 15:00:00+00:00,13.0,49.7,301.0,742.23,70.0,266.85,1.93,47.0,102060.0
1990-12-29 16:00:00+00:00,12.76,49.7,138.0,534.39,48.0,265.9,1.45,39.0,102080.0
1990-12-29 17:00:00+00:00,11.69,59.7,0.0,0.0,0.0,264.15,1.03,32.0,102150.0
1990-12-29 18:00:00+00:00,9.6,64.0,0.0,0.0,0.0,261.45,1.17,75.0,102160.0
1990-12-29 19:00:00+00:00,8.02,71.25,0.0,0.0,0.0,258.55,1.38,67.0,102200.0
1990-12-29 20:00:00+00:00,6.76,76.65,0.0,0.0,0.0,256.8,1.45,50.0,102230.0
1990-12-29 21:00:00+00:00,5.65,79.4,0.0,0.0,0.0,254.65,1.52,37.0,102230.0
1990-12-29 22:00:00+00:00,4.3,85.5,0.0,0.0,0.0,252.75,1.79,20.0,102270.0
1990-12-29 23:00:00+00:00,3.64,85.45,0.0,0.0,0.0,251.0,1.86,25.0,102240.0
1990-12-30 00:00:00+00:00,3.17,88.7,0.0,0.0,0.0,249.25,1.86,36.0,102190.0
1990-12-30 01:00:00+00:00,2.79,88.65,0.0,0.0,0.0,247.8,1.86,36.0,102150.0
1990-12-30 02:00:00+00:00,2.32,88.65,0.0,0.0,0.0,246.75,2.0,20.0,102130.0
1990-12-30 03:00:00+00:00,2.14,88.65,0.0,0.0,0.0,245.75,2.14,23.0,102150.0
1990-12-30 04:00:00+00:00,2.09,88.65,0.0,0.0,0.0,245.0,2.21,37.0,102100.0
1990-12-30 05:00:00+00:00,1.98,92.05,0.0,0.0,0.0,244.4,2.14,40.0,102080.0
1990-12-30 06:00:00+00:00,1.79,92.05,0.0,0.0,0.0,243.65,2.14,40.0,102090.0
1990-12-30 07:00:00+00:00,1.69,92.05,0.0,0.0,0.0,243.85,2.21,40.0,102170.0
1990-12-30 08:00:00+00:00,1.75,92.05,48.0,249.22,28.0,245.95,2.21,43.0,102200.0
1990-12-30 09:00:00+00:00,3.67,88.75,230.0,756.01,49.0,253.9,1.66,47.0,102230.0
1990-12-30 10:00:00+00:00,7.31,73.9,366.0,786.94,78.0,256.2,1.72,54.0,102240.0
1990-12-30 11:00:00+00:00,9.51,66.35,447.0,724.55,120.0,260.85,1.52,66.0,102190.0
1990-12-30 12:00:00+00:00,11.42,57.55,525.0,910.93,79.0,261.05,1.03,67.0,102090.0
1990-12-30 13:00:00+00:00,12.74,51.65,494.0,825.92,99.0,265.5,0.34,26.0,102000.0
1990-12-30 14:00:00+00:00,13.45,48.0,419.0,775.07,95.0,269.6,0.41,329.0,101930.0
1990-12-30 15:00:00+00:00,13.62,46.2,302.0,737.96,71.0,273.25,0.55,339.0,101870.0
1990-12-30 16:00:00+00:00,13.3,48.0,133.0,446.0,57.0,271.5,0.62,5.0,101860.0
1990-12-30 17:00:00+00:00,11.84,66.75,0.0,0.0,0.0,268.4,0.9,44.0,101870.0
1990-12-30 18:00:00+00:00,9.59,64.0,0.0,0.0,0.0,266.1,1.1,71.0,101880.0
1990-12-30 19:00:00+00:00,7.98,71.25,0.0,0.0,0.0,264.15,1.38,19.0,101890.0
1990-12-30 20:00:00+00:00,6.99,76.65,0.0,0.0,0.0,267.85,1.38,27.0,101900.0
1990-12-30 21:00:00+00:00,6.42,79.5,0.0,0.0,0.0,288.35,1.38,38.0,101890.0
1990-12-30 22:00:00+00:00,6.16,79.5,0.0,0.0,0.0,292.4,1.31,46.0,101900.0
1990-12-30 23:00:00+00:00,5.71,82.5,0.0,0.0,0.0,278.1,1.17,51.0,101860.0
1990-12-31 00:00:00+00:00,4.7,85.55,0.0,0.0,0.0,265.1,1.31,33.0,101830.0
1990-12-31 01:00:00+00:00,3.74,88.75,0.0,0.0,0.0,260.6,1.38,22.0,101780.0
1990-12-31 02:00:00+00:00,3.11,88.7,0.0,0.0,0.0,252.15,1.38,29.0,101710.0
1990-12-31 03:00:00+00:00,2.59,92.15,0.0,0.0,0.0,257.95,1.24,38.0,101660.0
1990-12-31 04:00:00+00:00,2.28,95.65,0.0,0.0,0.0,264.35,1.24,40.0,101640.0
1990-12-31 05:00:00+00:00,2.29,95.65,0.0,0.0,0.0,271.1,1.24,44.0,101600.0
1990-12-31 06:00:00+00:00,2.66,92.15,0.0,0.0,0.0,285.05,1.17,41.0,101620.0
1990-12-31 07:00:00+00:00,3.23,92.15,0.0,0.0,0.0,290.85,1.17,58.0,101640.0
1990-12-31 08:00:00+00:00,3.73,92.15,56.0,413.67,23.0,300.55,0.97,69.0,101640.0
1990-12-31 09:00:00+00:00,5.29,88.85,214.0,643.74,60.0,295.1,0.55,53.0,101670.0
1990-12-31 10:00:00+00:00,8.37,74.05,350.0,707.38,91.0,277.7,0.21,355.0,101690.0
1990-12-31 11:00:00+00:00,11.02,64.25,468.0,863.1,78.0,276.15,0.55,284.0,101710.0
1990-12-31 12:00:00+00:00,11.93,62.0,510.0,862.31,87.0,301.7,0.97,255.0,101670.0
1990-12-31 13:00:00+00:00,12.81,59.95,453.0,633.91,149.0,302.5,1.45,238.0,101560.0
1990-12-31 14:00:00+00:00,13.7,55.9,410.0,738.69,100.0,288.15,2.14,238.0,101520.0
1990-12-31 15:00:00+00:00,13.76,60.2,279.0,577.92,97.0,292.8,2.48,235.0,101470.0
1990-12-31 16:00:00+00:00,12.56,67.64,95.0,127.55,73.0,324.76,1.94,227.0,101470.0
1990-12-31 17:00:00+00:00,12.09,69.88,0.0,0.0,0.0,321.59,1.94,212.0,101470.0
1990-12-31 18:00:00+00:00,11.63,72.13,0.0,0.0,0.0,318.42,1.94,206.0,101510.0
1990-12-31 19:00:00+00:00,11.16,74.37,0.0,0.0,0.0,315.25,1.94,189.0,101540.0
1990-12-31 20:00:00+00:00,10.7,76.62,0.0,0.0,0.0,312.08,1.93,171.0,101550.0
1990-12-31 21:00:00+00:00,10.23,78.87,0.0,0.0,0.0,308.91,1.93,160.0,101560.0
1990-12-31 22:00:00+00:00,9.77,81.11,0.0,0.0,0.0,305.74,1.93,162.0,101550.0
1990-12-31 23:00:00+00:00,9.3,83.36,0.0,0.0,0.0,302.57,1.92,168.0,101540.0
